date,code,name,condition,judgment,score,time,price,change_pct,volume,momentum
2026-03-31,4167,ココペリ,WEAK,CAUTION,10.0,09:00:03,332.0,-7.52,0,→
2026-03-31,4167,ココペリ,WEAK,CAUTION,10.0,09:00:21,332.0,-7.52,0,→
2026-03-31,4167,ココペリ,WEAK,CAUTION,10.0,09:00:39,332.0,-7.52,0,→
2026-03-31,4167,ココペリ,WEAK,CAUTION,10.0,09:00:57,332.0,-7.52,0,→
2026-03-31,4167,ココペリ,WEAK,CAUTION,10.0,09:01:15,332.0,-7.52,0,→
2026-03-31,4167,ココペリ,WEAK,CAUTION,10.0,09:01:33,332.0,-7.52,0,→
2026-03-31,4167,ココペリ,WEAK,CAUTION,10.0,09:01:51,332.0,-7.52,0,→
2026-03-31,4167,ココペリ,WEAK,CAUTION,10.0,09:02:09,332.0,-7.52,0,→
2026-03-31,4167,ココペリ,WEAK,CAUTION,10.0,09:02:27,332.0,-7.52,0,→
2026-03-31,4167,ココペリ,WEAK,CAUTION,10.0,09:02:45,332.0,-7.52,0,→
2026-03-31,4167,ココペリ,WEAK,CAUTION,10.0,09:03:03,332.0,-7.52,0,→
2026-03-31,4167,ココペリ,WEAK,CAUTION,10.0,09:03:21,332.0,-7.52,0,→
2026-03-31,4167,ココペリ,WEAK,CAUTION,10.0,09:03:39,332.0,-7.52,0,→
2026-03-31,4167,ココペリ,WEAK,CAUTION,10.0,09:03:57,332.0,-7.52,0,→
2026-03-31,4167,ココペリ,WEAK,CAUTION,10.0,09:04:15,332.0,-7.52,0,→
2026-03-31,4167,ココペリ,WEAK,CAUTION,10.0,09:04:33,332.0,-7.52,0,→
2026-03-31,4167,ココペリ,WEAK,CAUTION,10.0,09:04:51,332.0,-7.52,0,→
2026-03-31,4167,ココペリ,WEAK,CAUTION,10.0,09:05:09,332.0,-7.52,0,→
2026-03-31,4167,ココペリ,WEAK,CAUTION,10.0,09:05:26,332.0,-7.52,0,→
2026-03-31,4167,ココペリ,WEAK,CAUTION,10.0,09:05:44,332.0,-7.52,0,→
2026-03-31,4167,ココペリ,WEAK,CAUTION,10.0,09:06:02,332.0,-7.52,0,→
2026-03-31,4167,ココペリ,WEAK,CAUTION,10.0,09:06:20,332.0,-7.52,0,→
2026-03-31,4167,ココペリ,WEAK,CAUTION,10.0,09:06:38,332.0,-7.52,0,→
2026-03-31,4167,ココペリ,WEAK,CAUTION,10.0,09:06:56,332.0,-7.52,0,→
2026-03-31,4167,ココペリ,WEAK,CAUTION,10.0,09:07:14,332.0,-7.52,0,→
2026-03-31,4167,ココペリ,WEAK,CAUTION,10.0,09:07:32,332.0,-7.52,0,→
2026-03-31,4167,ココペリ,WEAK,CAUTION,10.0,09:07:50,332.0,-7.52,0,→
2026-03-31,4167,ココペリ,WEAK,CAUTION,10.0,09:08:08,332.0,-7.52,0,→
2026-03-31,4167,ココペリ,WEAK,CAUTION,10.0,09:08:26,332.0,-7.52,0,→
2026-03-31,4167,ココペリ,WEAK,CAUTION,10.0,09:08:44,332.0,-7.52,0,→
2026-03-31,4167,ココペリ,WEAK,CAUTION,10.0,09:09:02,332.0,-7.52,0,→
2026-03-31,4167,ココペリ,WEAK,CAUTION,10.0,09:09:19,332.0,-7.52,0,→
2026-03-31,4167,ココペリ,WEAK,CAUTION,10.0,09:09:37,332.0,-7.52,0,→
2026-03-31,4167,ココペリ,WEAK,CAUTION,10.0,09:09:55,332.0,-7.52,0,→
2026-03-31,4167,ココペリ,WEAK,CAUTION,10.0,09:10:13,332.0,-7.52,0,→
2026-03-31,4167,ココペリ,WEAK,CAUTION,10.0,09:10:31,332.0,-7.52,0,→
2026-03-31,4167,ココペリ,WEAK,CAUTION,10.0,09:10:49,332.0,-7.52,0,→
2026-03-31,4167,ココペリ,WEAK,CAUTION,10.0,09:11:07,332.0,-7.52,0,→
2026-03-31,4167,ココペリ,WEAK,CAUTION,10.0,09:11:26,332.0,-7.52,0,→
2026-03-31,4167,ココペリ,WEAK,CAUTION,10.0,09:11:44,332.0,-7.52,0,→
2026-03-31,4167,ココペリ,WEAK,CAUTION,10.0,09:12:02,332.0,-7.52,0,→
2026-03-31,4167,ココペリ,WEAK,CAUTION,10.0,09:12:20,332.0,-7.52,0,→
2026-03-31,4167,ココペリ,WEAK,CAUTION,10.0,09:12:38,332.0,-7.52,0,→
2026-03-31,4167,ココペリ,WEAK,CAUTION,10.0,09:12:56,332.0,-7.52,0,→
2026-03-31,4167,ココペリ,WEAK,CAUTION,10.0,09:13:14,332.0,-7.52,0,→
2026-03-31,4167,ココペリ,WEAK,CAUTION,10.0,09:13:31,332.0,-7.52,0,→
2026-03-31,4167,ココペリ,WEAK,CAUTION,10.0,09:13:49,332.0,-7.52,0,→
2026-03-31,4167,ココペリ,WEAK,CAUTION,10.0,09:14:07,332.0,-7.52,0,→
2026-03-31,4167,ココペリ,WEAK,CAUTION,10.0,09:14:26,332.0,-7.52,0,→
2026-03-31,4167,ココペリ,WEAK,CAUTION,10.0,09:14:44,332.0,-7.52,0,→
2026-03-31,4167,ココペリ,WEAK,CAUTION,10.0,09:15:02,332.0,-7.52,0,→
2026-03-31,4167,ココペリ,WEAK,CAUTION,10.0,09:15:20,332.0,-7.52,0,→
2026-03-31,4167,ココペリ,WEAK,CAUTION,10.0,09:15:38,332.0,-7.52,0,→
2026-03-31,4167,ココペリ,WEAK,CAUTION,10.0,09:15:56,332.0,-7.52,0,→
2026-03-31,4167,ココペリ,WEAK,CAUTION,10.0,09:16:14,332.0,-7.52,0,→
2026-03-31,4167,ココペリ,WEAK,CAUTION,10.0,09:16:32,332.0,-7.52,0,→
2026-03-31,4167,ココペリ,WEAK,CAUTION,10.0,09:16:50,332.0,-7.52,0,→
2026-03-31,4167,ココペリ,WEAK,CAUTION,10.0,09:17:08,332.0,-7.52,0,→
2026-03-31,4167,ココペリ,WEAK,CAUTION,10.0,09:17:26,332.0,-7.52,0,→
2026-03-31,4167,ココペリ,WEAK,CAUTION,10.0,09:17:44,332.0,-7.52,0,→
2026-03-31,4167,ココペリ,WEAK,CAUTION,10.0,09:18:02,332.0,-7.52,0,→
2026-03-31,4167,ココペリ,WEAK,CAUTION,10.0,09:18:20,332.0,-7.52,0,→
2026-03-31,4167,ココペリ,WEAK,CAUTION,10.0,09:18:38,332.0,-7.52,0,→
2026-03-31,4167,ココペリ,WEAK,CAUTION,10.0,09:18:56,332.0,-7.52,0,→
2026-03-31,4167,ココペリ,WEAK,CAUTION,10.0,09:19:14,332.0,-7.52,0,→
2026-03-31,4167,ココペリ,WEAK,CAUTION,10.0,09:19:32,332.0,-7.52,0,→
2026-03-31,4167,ココペリ,WEAK,CAUTION,10.0,09:19:50,332.0,-7.52,0,→
2026-03-31,4167,ココペリ,WEAK,CAUTION,10.0,09:20:08,348.0,4.82,0,↑↑
2026-03-31,4167,ココペリ,WEAK,CAUTION,10.0,09:20:25,344.0,3.61,0,↓↓
2026-03-31,4167,ココペリ,WEAK,CAUTION,10.0,09:20:43,350.0,5.42,0,↑↑
2026-03-31,4167,ココペリ,WEAK,CAUTION,10.0,09:21:01,353.0,6.33,0,↑↑
2026-03-31,4167,ココペリ,WEAK,CAUTION,10.0,09:21:20,353.0,6.33,0,→
2026-03-31,4167,ココペリ,WEAK,CAUTION,10.0,09:21:38,355.0,6.93,0,↑↑
2026-03-31,4167,ココペリ,WEAK,CAUTION,10.0,09:21:56,355.0,6.93,0,→
2026-03-31,4167,ココペリ,WEAK,CAUTION,10.0,09:22:14,362.0,9.04,17700,↑↑
2026-03-31,4167,ココペリ,WEAK,CAUTION,10.0,09:22:32,363.0,9.34,17700,↑↑
2026-03-31,4167,ココペリ,WEAK,CAUTION,10.0,09:22:49,370.0,11.45,17700,↑↑
2026-03-31,4167,ココペリ,WEAK,CAUTION,10.0,09:23:07,369.0,11.14,70900,↓↓
2026-03-31,4167,ココペリ,WEAK,CAUTION,10.0,09:23:26,371.0,11.75,70900,↑↑
2026-03-31,4167,ココペリ,WEAK,CAUTION,10.0,09:23:43,368.0,10.84,70900,↓↓
2026-03-31,4167,ココペリ,WEAK,CAUTION,10.0,09:24:01,367.0,10.54,102000,↓↓
2026-03-31,4167,ココペリ,WEAK,CAUTION,10.0,09:24:19,371.0,11.75,102000,↑↑
2026-03-31,4167,ココペリ,WEAK,CAUTION,10.0,09:24:37,374.0,12.65,102000,↑↑
2026-03-31,4167,ココペリ,WEAK,CAUTION,10.0,09:24:55,374.0,12.65,102000,→
2026-03-31,4167,ココペリ,WEAK,CAUTION,10.0,09:25:13,367.0,10.54,132700,↓↓
2026-03-31,4167,ココペリ,WEAK,CAUTION,10.0,09:25:31,364.0,9.64,132700,↓↓
2026-03-31,4167,ココペリ,WEAK,CAUTION,10.0,09:25:49,358.0,7.83,132700,↓↓
2026-03-31,4167,ココペリ,WEAK,CAUTION,10.0,09:26:07,355.0,6.93,162300,↓↓
2026-03-31,4167,ココペリ,WEAK,CAUTION,10.0,09:26:25,361.0,8.73,162300,↑↑
2026-03-31,4167,ココペリ,WEAK,CAUTION,10.0,09:26:43,359.0,8.13,162300,↓↓
2026-03-31,4167,ココペリ,WEAK,CAUTION,10.0,09:27:02,356.0,7.23,162300,↓↓
2026-03-31,4167,ココペリ,WEAK,CAUTION,10.0,09:27:19,362.0,9.04,174900,↑↑
2026-03-31,4167,ココペリ,WEAK,CAUTION,10.0,09:27:37,354.0,6.63,174900,↓↓
2026-03-31,4167,ココペリ,WEAK,CAUTION,10.0,09:27:55,348.0,4.82,174900,↓↓
2026-03-31,4167,ココペリ,WEAK,CAUTION,10.0,09:28:13,353.0,6.33,198700,↑↑
2026-03-31,4167,ココペリ,WEAK,CAUTION,10.0,09:28:31,357.0,7.53,198700,↑↑
2026-03-31,4167,ココペリ,WEAK,CAUTION,10.0,09:28:49,353.0,6.33,198700,↓↓
2026-03-31,4167,ココペリ,WEAK,CAUTION,10.0,09:29:07,352.0,6.02,198700,↓↓
2026-03-31,4167,ココペリ,WEAK,CAUTION,10.0,09:29:25,347.0,4.52,203300,↓↓
2026-03-31,4167,ココペリ,WEAK,CAUTION,10.0,09:29:43,345.0,3.92,203300,↓↓
2026-03-31,4840,トライアイズ,WEAK,CAUTION,9.98,09:00:03,588.0,-4.7,0,→
2026-03-31,4840,トライアイズ,WEAK,CAUTION,9.98,09:00:21,588.0,-4.7,0,→
2026-03-31,4840,トライアイズ,WEAK,CAUTION,9.98,09:00:39,588.0,-4.7,0,→
2026-03-31,4840,トライアイズ,WEAK,CAUTION,9.98,09:00:57,588.0,-4.7,0,→
2026-03-31,4840,トライアイズ,WEAK,CAUTION,9.98,09:01:15,588.0,-4.7,0,→
2026-03-31,4840,トライアイズ,WEAK,CAUTION,9.98,09:01:33,588.0,-4.7,0,→
2026-03-31,4840,トライアイズ,WEAK,CAUTION,9.98,09:01:51,588.0,-4.7,0,→
2026-03-31,4840,トライアイズ,WEAK,CAUTION,9.98,09:02:09,588.0,-4.7,0,→
2026-03-31,4840,トライアイズ,WEAK,CAUTION,9.98,09:02:27,588.0,-4.7,0,→
2026-03-31,4840,トライアイズ,WEAK,CAUTION,9.98,09:02:45,588.0,-4.7,0,→
2026-03-31,4840,トライアイズ,WEAK,CAUTION,9.98,09:03:03,588.0,-4.7,0,→
2026-03-31,4840,トライアイズ,WEAK,CAUTION,9.98,09:03:21,588.0,-4.7,0,→
2026-03-31,4840,トライアイズ,WEAK,CAUTION,9.98,09:03:39,588.0,-4.7,0,→
2026-03-31,4840,トライアイズ,WEAK,CAUTION,9.98,09:03:57,588.0,-4.7,0,→
2026-03-31,4840,トライアイズ,WEAK,CAUTION,9.98,09:04:15,588.0,-4.7,0,→
2026-03-31,4840,トライアイズ,WEAK,CAUTION,9.98,09:04:33,588.0,-4.7,0,→
2026-03-31,4840,トライアイズ,WEAK,CAUTION,9.98,09:04:51,588.0,-4.7,0,→
2026-03-31,4840,トライアイズ,WEAK,CAUTION,9.98,09:05:09,588.0,-4.7,0,→
2026-03-31,4840,トライアイズ,WEAK,CAUTION,9.98,09:05:26,588.0,-4.7,0,→
2026-03-31,4840,トライアイズ,WEAK,CAUTION,9.98,09:05:44,588.0,-4.7,0,→
2026-03-31,4840,トライアイズ,WEAK,CAUTION,9.98,09:06:02,588.0,-4.7,0,→
2026-03-31,4840,トライアイズ,WEAK,CAUTION,9.98,09:06:20,588.0,-4.7,0,→
2026-03-31,4840,トライアイズ,WEAK,CAUTION,9.98,09:06:38,588.0,-4.7,0,→
2026-03-31,4840,トライアイズ,WEAK,CAUTION,9.98,09:06:56,588.0,-4.7,0,→
2026-03-31,4840,トライアイズ,WEAK,CAUTION,9.98,09:07:14,588.0,-4.7,0,→
2026-03-31,4840,トライアイズ,WEAK,CAUTION,9.98,09:07:32,588.0,-4.7,0,→
2026-03-31,4840,トライアイズ,WEAK,CAUTION,9.98,09:07:50,588.0,-4.7,0,→
2026-03-31,4840,トライアイズ,WEAK,CAUTION,9.98,09:08:08,588.0,-4.7,0,→
2026-03-31,4840,トライアイズ,WEAK,CAUTION,9.98,09:08:26,588.0,-4.7,0,→
2026-03-31,4840,トライアイズ,WEAK,CAUTION,9.98,09:08:44,588.0,-4.7,0,→
2026-03-31,4840,トライアイズ,WEAK,CAUTION,9.98,09:09:02,588.0,-4.7,0,→
2026-03-31,4840,トライアイズ,WEAK,CAUTION,9.98,09:09:19,588.0,-4.7,0,→
2026-03-31,4840,トライアイズ,WEAK,CAUTION,9.98,09:09:37,588.0,-4.7,0,→
2026-03-31,4840,トライアイズ,WEAK,CAUTION,9.98,09:09:55,588.0,-4.7,0,→
2026-03-31,4840,トライアイズ,WEAK,CAUTION,9.98,09:10:13,588.0,-4.7,0,→
2026-03-31,4840,トライアイズ,WEAK,CAUTION,9.98,09:10:31,588.0,-4.7,0,→
2026-03-31,4840,トライアイズ,WEAK,CAUTION,9.98,09:10:49,588.0,-4.7,0,→
2026-03-31,4840,トライアイズ,WEAK,CAUTION,9.98,09:11:07,588.0,-4.7,0,→
2026-03-31,4840,トライアイズ,WEAK,CAUTION,9.98,09:11:26,588.0,-4.7,0,→
2026-03-31,4840,トライアイズ,WEAK,CAUTION,9.98,09:11:44,588.0,-4.7,0,→
2026-03-31,4840,トライアイズ,WEAK,CAUTION,9.98,09:12:02,588.0,-4.7,0,→
2026-03-31,4840,トライアイズ,WEAK,CAUTION,9.98,09:12:20,588.0,-4.7,0,→
2026-03-31,4840,トライアイズ,WEAK,CAUTION,9.98,09:12:38,588.0,-4.7,0,→
2026-03-31,4840,トライアイズ,WEAK,CAUTION,9.98,09:12:56,588.0,-4.7,0,→
2026-03-31,4840,トライアイズ,WEAK,CAUTION,9.98,09:13:14,588.0,-4.7,0,→
2026-03-31,4840,トライアイズ,WEAK,CAUTION,9.98,09:13:31,588.0,-4.7,0,→
2026-03-31,4840,トライアイズ,WEAK,CAUTION,9.98,09:13:49,588.0,-4.7,0,→
2026-03-31,4840,トライアイズ,WEAK,CAUTION,9.98,09:14:07,588.0,-4.7,0,→
2026-03-31,4840,トライアイズ,WEAK,CAUTION,9.98,09:14:26,588.0,-4.7,0,→
2026-03-31,4840,トライアイズ,WEAK,CAUTION,9.98,09:14:44,588.0,-4.7,0,→
2026-03-31,4840,トライアイズ,WEAK,CAUTION,9.98,09:15:02,588.0,-4.7,0,→
2026-03-31,4840,トライアイズ,WEAK,CAUTION,9.98,09:15:20,588.0,-4.7,0,→
2026-03-31,4840,トライアイズ,WEAK,CAUTION,9.98,09:15:38,588.0,-4.7,0,→
2026-03-31,4840,トライアイズ,WEAK,CAUTION,9.98,09:15:56,588.0,-4.7,0,→
2026-03-31,4840,トライアイズ,WEAK,CAUTION,9.98,09:16:14,588.0,-4.7,0,→
2026-03-31,4840,トライアイズ,WEAK,CAUTION,9.98,09:16:32,588.0,-4.7,0,→
2026-03-31,4840,トライアイズ,WEAK,CAUTION,9.98,09:16:50,588.0,-4.7,0,→
2026-03-31,4840,トライアイズ,WEAK,CAUTION,9.98,09:17:08,588.0,-4.7,0,→
2026-03-31,4840,トライアイズ,WEAK,CAUTION,9.98,09:17:26,588.0,-4.7,0,→
2026-03-31,4840,トライアイズ,WEAK,CAUTION,9.98,09:17:44,588.0,-4.7,0,→
2026-03-31,4840,トライアイズ,WEAK,CAUTION,9.98,09:18:02,588.0,-4.7,0,→
2026-03-31,4840,トライアイズ,WEAK,CAUTION,9.98,09:18:20,588.0,-4.7,0,→
2026-03-31,4840,トライアイズ,WEAK,CAUTION,9.98,09:18:38,588.0,-4.7,0,→
2026-03-31,4840,トライアイズ,WEAK,CAUTION,9.98,09:18:56,588.0,-4.7,0,→
2026-03-31,4840,トライアイズ,WEAK,CAUTION,9.98,09:19:14,588.0,-4.7,0,→
2026-03-31,4840,トライアイズ,WEAK,CAUTION,9.98,09:19:32,588.0,-4.7,0,→
2026-03-31,4840,トライアイズ,WEAK,CAUTION,9.98,09:19:50,588.0,-4.7,0,→
2026-03-31,4840,トライアイズ,WEAK,CAUTION,9.98,09:20:08,588.0,-4.7,0,→
2026-03-31,4840,トライアイズ,WEAK,CAUTION,9.98,09:20:25,588.0,-4.7,0,→
2026-03-31,4840,トライアイズ,WEAK,CAUTION,9.98,09:20:43,588.0,-4.7,0,→
2026-03-31,4840,トライアイズ,WEAK,CAUTION,9.98,09:21:01,588.0,-4.7,0,→
2026-03-31,4840,トライアイズ,WEAK,CAUTION,9.98,09:21:20,588.0,-4.7,0,→
2026-03-31,4840,トライアイズ,WEAK,CAUTION,9.98,09:21:38,588.0,-4.7,0,→
2026-03-31,4840,トライアイズ,WEAK,CAUTION,9.98,09:21:56,588.0,-4.7,0,→
2026-03-31,4840,トライアイズ,WEAK,CAUTION,9.98,09:22:14,588.0,0.0,0,→
2026-03-31,4840,トライアイズ,WEAK,CAUTION,9.98,09:22:32,588.0,0.0,0,→
2026-03-31,4840,トライアイズ,WEAK,CAUTION,9.98,09:22:49,588.0,0.0,0,→
2026-03-31,4840,トライアイズ,WEAK,CAUTION,9.98,09:23:07,588.0,0.0,0,→
2026-03-31,4840,トライアイズ,WEAK,CAUTION,9.98,09:23:26,588.0,0.0,0,→
2026-03-31,4840,トライアイズ,WEAK,CAUTION,9.98,09:23:43,588.0,0.0,0,→
2026-03-31,4840,トライアイズ,WEAK,CAUTION,9.98,09:24:01,588.0,0.0,0,→
2026-03-31,4840,トライアイズ,WEAK,CAUTION,9.98,09:24:19,588.0,0.0,0,→
2026-03-31,4840,トライアイズ,WEAK,CAUTION,9.98,09:24:37,588.0,0.0,0,→
2026-03-31,4840,トライアイズ,WEAK,CAUTION,9.98,09:24:55,588.0,0.0,0,→
2026-03-31,4840,トライアイズ,WEAK,CAUTION,9.98,09:25:13,626.0,6.46,0,↑↑
2026-03-31,4840,トライアイズ,WEAK,CAUTION,9.98,09:25:31,626.0,6.46,0,→
2026-03-31,4840,トライアイズ,WEAK,CAUTION,9.98,09:25:49,648.0,10.2,0,↑↑
2026-03-31,4840,トライアイズ,WEAK,CAUTION,9.98,09:26:07,648.0,10.2,0,→
2026-03-31,4840,トライアイズ,WEAK,CAUTION,9.98,09:26:25,648.0,10.2,0,→
2026-03-31,4840,トライアイズ,WEAK,CAUTION,9.98,09:26:43,648.0,10.2,0,→
2026-03-31,4840,トライアイズ,WEAK,CAUTION,9.98,09:27:02,660.0,12.24,50500,↑↑
2026-03-31,4840,トライアイズ,WEAK,CAUTION,9.98,09:27:19,654.0,11.22,50500,↓↓
2026-03-31,4840,トライアイズ,WEAK,CAUTION,9.98,09:27:37,644.0,9.52,50500,↓↓
2026-03-31,4840,トライアイズ,WEAK,CAUTION,9.98,09:27:55,638.0,8.5,50500,↓↓
2026-03-31,4840,トライアイズ,WEAK,CAUTION,9.98,09:28:13,648.0,10.2,81800,↑↑
2026-03-31,4840,トライアイズ,WEAK,CAUTION,9.98,09:28:31,644.0,9.52,81800,↓↓
2026-03-31,4840,トライアイズ,WEAK,CAUTION,9.98,09:28:49,642.0,9.18,81800,↓↓
2026-03-31,4840,トライアイズ,WEAK,CAUTION,9.98,09:29:07,631.0,7.31,95200,↓↓
2026-03-31,4840,トライアイズ,WEAK,CAUTION,9.98,09:29:25,620.0,5.44,95200,↓↓
2026-03-31,4840,トライアイズ,WEAK,CAUTION,9.98,09:29:43,629.0,6.97,95200,↑↑
2026-03-31,8835,太平洋興発,WEAK,CAUTION,9.92,09:00:03,1262.0,18.83,0,→
2026-03-31,8835,太平洋興発,WEAK,CAUTION,9.92,09:00:21,1262.0,18.83,0,→
2026-03-31,8835,太平洋興発,WEAK,CAUTION,9.92,09:00:39,1262.0,18.83,0,→
2026-03-31,8835,太平洋興発,WEAK,CAUTION,9.92,09:00:57,1262.0,18.83,0,→
2026-03-31,8835,太平洋興発,WEAK,CAUTION,9.92,09:01:15,1262.0,18.83,0,→
2026-03-31,8835,太平洋興発,WEAK,CAUTION,9.92,09:01:33,1262.0,18.83,0,→
2026-03-31,8835,太平洋興発,WEAK,CAUTION,9.92,09:01:51,1262.0,18.83,0,→
2026-03-31,8835,太平洋興発,WEAK,CAUTION,9.92,09:02:09,1262.0,18.83,0,→
2026-03-31,8835,太平洋興発,WEAK,CAUTION,9.92,09:02:27,1262.0,18.83,0,→
2026-03-31,8835,太平洋興発,WEAK,CAUTION,9.92,09:02:45,1262.0,18.83,0,→
2026-03-31,8835,太平洋興発,WEAK,CAUTION,9.92,09:03:03,1262.0,18.83,0,→
2026-03-31,8835,太平洋興発,WEAK,CAUTION,9.92,09:03:21,1262.0,18.83,0,→
2026-03-31,8835,太平洋興発,WEAK,CAUTION,9.92,09:03:39,1262.0,18.83,0,→
2026-03-31,8835,太平洋興発,WEAK,CAUTION,9.92,09:03:57,1262.0,18.83,0,→
2026-03-31,8835,太平洋興発,WEAK,CAUTION,9.92,09:04:15,1262.0,18.83,0,→
2026-03-31,8835,太平洋興発,WEAK,CAUTION,9.92,09:04:33,1262.0,18.83,0,→
2026-03-31,8835,太平洋興発,WEAK,CAUTION,9.92,09:04:51,1262.0,18.83,0,→
2026-03-31,8835,太平洋興発,WEAK,CAUTION,9.92,09:05:09,1262.0,18.83,0,→
2026-03-31,8835,太平洋興発,WEAK,CAUTION,9.92,09:05:26,1262.0,18.83,0,→
2026-03-31,8835,太平洋興発,WEAK,CAUTION,9.92,09:05:44,1262.0,18.83,0,→
2026-03-31,8835,太平洋興発,WEAK,CAUTION,9.92,09:06:02,1262.0,18.83,0,→
2026-03-31,8835,太平洋興発,WEAK,CAUTION,9.92,09:06:20,1262.0,18.83,0,→
2026-03-31,8835,太平洋興発,WEAK,CAUTION,9.92,09:06:38,1262.0,18.83,0,→
2026-03-31,8835,太平洋興発,WEAK,CAUTION,9.92,09:06:56,1262.0,18.83,0,→
2026-03-31,8835,太平洋興発,WEAK,CAUTION,9.92,09:07:14,1262.0,18.83,0,→
2026-03-31,8835,太平洋興発,WEAK,CAUTION,9.92,09:07:32,1262.0,18.83,0,→
2026-03-31,8835,太平洋興発,WEAK,CAUTION,9.92,09:07:50,1262.0,18.83,0,→
2026-03-31,8835,太平洋興発,WEAK,CAUTION,9.92,09:08:08,1262.0,18.83,0,→
2026-03-31,8835,太平洋興発,WEAK,CAUTION,9.92,09:08:26,1262.0,18.83,0,→
2026-03-31,8835,太平洋興発,WEAK,CAUTION,9.92,09:08:44,1262.0,18.83,0,→
2026-03-31,8835,太平洋興発,WEAK,CAUTION,9.92,09:09:02,1262.0,18.83,0,→
2026-03-31,8835,太平洋興発,WEAK,CAUTION,9.92,09:09:19,1262.0,18.83,0,→
2026-03-31,8835,太平洋興発,WEAK,CAUTION,9.92,09:09:37,1262.0,18.83,0,→
2026-03-31,8835,太平洋興発,WEAK,CAUTION,9.92,09:09:55,1262.0,18.83,0,→
2026-03-31,8835,太平洋興発,WEAK,CAUTION,9.92,09:10:13,1262.0,18.83,0,→
2026-03-31,8835,太平洋興発,WEAK,CAUTION,9.92,09:10:31,1262.0,18.83,0,→
2026-03-31,8835,太平洋興発,WEAK,CAUTION,9.92,09:10:49,1262.0,18.83,0,→
2026-03-31,8835,太平洋興発,WEAK,CAUTION,9.92,09:11:07,1262.0,18.83,0,→
2026-03-31,8835,太平洋興発,WEAK,CAUTION,9.92,09:11:26,1262.0,18.83,0,→
2026-03-31,8835,太平洋興発,WEAK,CAUTION,9.92,09:11:44,1262.0,18.83,0,→
2026-03-31,8835,太平洋興発,WEAK,CAUTION,9.92,09:12:02,1262.0,18.83,0,→
2026-03-31,8835,太平洋興発,WEAK,CAUTION,9.92,09:12:20,1262.0,18.83,0,→
2026-03-31,8835,太平洋興発,WEAK,CAUTION,9.92,09:12:38,1262.0,18.83,0,→
2026-03-31,8835,太平洋興発,WEAK,CAUTION,9.92,09:12:56,1262.0,18.83,0,→
2026-03-31,8835,太平洋興発,WEAK,CAUTION,9.92,09:13:14,1262.0,18.83,0,→
2026-03-31,8835,太平洋興発,WEAK,CAUTION,9.92,09:13:31,1262.0,18.83,0,→
2026-03-31,8835,太平洋興発,WEAK,CAUTION,9.92,09:13:49,1262.0,18.83,0,→
2026-03-31,8835,太平洋興発,WEAK,CAUTION,9.92,09:14:07,1262.0,18.83,0,→
2026-03-31,8835,太平洋興発,WEAK,CAUTION,9.92,09:14:26,1262.0,18.83,0,→
2026-03-31,8835,太平洋興発,WEAK,CAUTION,9.92,09:14:44,1262.0,18.83,0,→
2026-03-31,8835,太平洋興発,WEAK,CAUTION,9.92,09:15:02,1262.0,18.83,0,→
2026-03-31,8835,太平洋興発,WEAK,CAUTION,9.92,09:15:20,1262.0,18.83,0,→
2026-03-31,8835,太平洋興発,WEAK,CAUTION,9.92,09:15:38,1262.0,18.83,0,→
2026-03-31,8835,太平洋興発,WEAK,CAUTION,9.92,09:15:56,1262.0,18.83,0,→
2026-03-31,8835,太平洋興発,WEAK,CAUTION,9.92,09:16:14,1262.0,18.83,0,→
2026-03-31,8835,太平洋興発,WEAK,CAUTION,9.92,09:16:32,1262.0,18.83,0,→
2026-03-31,8835,太平洋興発,WEAK,CAUTION,9.92,09:16:50,1262.0,18.83,0,→
2026-03-31,8835,太平洋興発,WEAK,CAUTION,9.92,09:17:08,1262.0,18.83,0,→
2026-03-31,8835,太平洋興発,WEAK,CAUTION,9.92,09:17:26,1262.0,18.83,0,→
2026-03-31,8835,太平洋興発,WEAK,CAUTION,9.92,09:17:44,1262.0,18.83,0,→
2026-03-31,8835,太平洋興発,WEAK,CAUTION,9.92,09:18:02,1262.0,18.83,0,→
2026-03-31,8835,太平洋興発,WEAK,CAUTION,9.92,09:18:20,1262.0,18.83,0,→
2026-03-31,8835,太平洋興発,WEAK,CAUTION,9.92,09:18:38,1262.0,18.83,0,→
2026-03-31,8835,太平洋興発,WEAK,CAUTION,9.92,09:18:56,1262.0,18.83,0,→
2026-03-31,8835,太平洋興発,WEAK,CAUTION,9.92,09:19:14,1262.0,18.83,0,→
2026-03-31,8835,太平洋興発,WEAK,CAUTION,9.92,09:19:32,1262.0,18.83,0,→
2026-03-31,8835,太平洋興発,WEAK,CAUTION,9.92,09:19:50,1262.0,18.83,0,→
2026-03-31,8835,太平洋興発,WEAK,CAUTION,9.92,09:20:08,1402.0,11.09,0,↑↑
2026-03-31,8835,太平洋興発,WEAK,CAUTION,9.92,09:20:25,1404.0,11.25,0,↑
2026-03-31,8835,太平洋興発,WEAK,CAUTION,9.92,09:20:43,1410.0,11.73,0,↑↑
2026-03-31,8835,太平洋興発,WEAK,CAUTION,9.92,09:21:01,1411.0,11.81,0,↑
2026-03-31,8835,太平洋興発,WEAK,CAUTION,9.92,09:21:20,1389.0,10.06,0,↓↓
2026-03-31,8835,太平洋興発,WEAK,CAUTION,9.92,09:21:38,1408.0,11.57,0,↑↑
2026-03-31,8835,太平洋興発,WEAK,CAUTION,9.92,09:21:56,1412.0,11.89,0,↑↑
2026-03-31,8835,太平洋興発,WEAK,CAUTION,9.92,09:22:14,1435.0,13.71,65000,↑↑
2026-03-31,8835,太平洋興発,WEAK,CAUTION,9.92,09:22:32,1449.0,14.82,65000,↑↑
2026-03-31,8835,太平洋興発,WEAK,CAUTION,9.92,09:22:49,1446.0,14.58,65000,↓↓
2026-03-31,8835,太平洋興発,WEAK,CAUTION,9.92,09:23:07,1451.0,14.98,172400,↑↑
2026-03-31,8835,太平洋興発,WEAK,CAUTION,9.92,09:23:26,1431.0,13.39,172400,↓↓
2026-03-31,8835,太平洋興発,WEAK,CAUTION,9.92,09:23:43,1424.0,12.84,172400,↓↓
2026-03-31,8835,太平洋興発,WEAK,CAUTION,9.92,09:24:01,1447.0,14.66,253500,↑↑
2026-03-31,8835,太平洋興発,WEAK,CAUTION,9.92,09:24:19,1480.0,17.27,253500,↑↑
2026-03-31,8835,太平洋興発,WEAK,CAUTION,9.92,09:24:37,1474.0,16.8,253500,↓↓
2026-03-31,8835,太平洋興発,WEAK,CAUTION,9.92,09:24:55,1487.0,17.83,253500,↑↑
2026-03-31,8835,太平洋興発,WEAK,CAUTION,9.92,09:25:13,1496.0,18.54,368400,↑↑
2026-03-31,8835,太平洋興発,WEAK,CAUTION,9.92,09:25:31,1496.0,18.54,368400,→
2026-03-31,8835,太平洋興発,WEAK,CAUTION,9.92,09:25:49,1496.0,18.54,368400,→
2026-03-31,8835,太平洋興発,WEAK,CAUTION,9.92,09:26:07,1504.0,19.18,373700,↑↑
2026-03-31,8835,太平洋興発,WEAK,CAUTION,9.92,09:26:25,1530.0,21.24,373700,↑↑
2026-03-31,8835,太平洋興発,WEAK,CAUTION,9.92,09:26:43,1536.0,21.71,373700,↑↑
2026-03-31,8835,太平洋興発,WEAK,CAUTION,9.92,09:27:02,1530.0,21.24,553300,↓↓
2026-03-31,8835,太平洋興発,WEAK,CAUTION,9.92,09:27:19,1530.0,21.24,553300,→
2026-03-31,8835,太平洋興発,WEAK,CAUTION,9.92,09:27:37,1523.0,20.68,553300,↓↓
2026-03-31,8835,太平洋興発,WEAK,CAUTION,9.92,09:27:55,1511.0,19.73,553300,↓↓
2026-03-31,8835,太平洋興発,WEAK,CAUTION,9.92,09:28:13,1523.0,20.68,636900,↑↑
2026-03-31,8835,太平洋興発,WEAK,CAUTION,9.92,09:28:31,1490.0,18.07,636900,↓↓
2026-03-31,8835,太平洋興発,WEAK,CAUTION,9.92,09:28:49,1490.0,18.07,636900,→
2026-03-31,8835,太平洋興発,WEAK,CAUTION,9.92,09:29:07,1471.0,16.56,710100,↓↓
2026-03-31,8835,太平洋興発,WEAK,CAUTION,9.92,09:29:25,1480.0,17.27,710100,↑↑
2026-03-31,8835,太平洋興発,WEAK,CAUTION,9.92,09:29:43,1467.0,16.24,710100,↓↓
2026-03-31,2108,日本甜菜製糖,WEAK,CAUTION,8.73,09:00:03,4090.0,-1.92,0,→
2026-03-31,2108,日本甜菜製糖,WEAK,CAUTION,8.73,09:00:21,4090.0,-1.92,0,→
2026-03-31,2108,日本甜菜製糖,WEAK,CAUTION,8.73,09:00:39,4090.0,-1.92,0,→
2026-03-31,2108,日本甜菜製糖,WEAK,CAUTION,8.73,09:00:57,4090.0,-1.92,0,→
2026-03-31,2108,日本甜菜製糖,WEAK,CAUTION,8.73,09:01:15,4090.0,-1.92,0,→
2026-03-31,2108,日本甜菜製糖,WEAK,CAUTION,8.73,09:01:33,4090.0,-1.92,0,→
2026-03-31,2108,日本甜菜製糖,WEAK,CAUTION,8.73,09:01:51,4090.0,-1.92,0,→
2026-03-31,2108,日本甜菜製糖,WEAK,CAUTION,8.73,09:02:09,4090.0,-1.92,0,→
2026-03-31,2108,日本甜菜製糖,WEAK,CAUTION,8.73,09:02:27,4090.0,-1.92,0,→
2026-03-31,2108,日本甜菜製糖,WEAK,CAUTION,8.73,09:02:45,4090.0,-1.92,0,→
2026-03-31,2108,日本甜菜製糖,WEAK,CAUTION,8.73,09:03:03,4090.0,-1.92,0,→
2026-03-31,2108,日本甜菜製糖,WEAK,CAUTION,8.73,09:03:21,4090.0,-1.92,0,→
2026-03-31,2108,日本甜菜製糖,WEAK,CAUTION,8.73,09:03:39,4090.0,-1.92,0,→
2026-03-31,2108,日本甜菜製糖,WEAK,CAUTION,8.73,09:03:57,4090.0,-1.92,0,→
2026-03-31,2108,日本甜菜製糖,WEAK,CAUTION,8.73,09:04:15,4090.0,-1.92,0,→
2026-03-31,2108,日本甜菜製糖,WEAK,CAUTION,8.73,09:04:33,4090.0,-1.92,0,→
2026-03-31,2108,日本甜菜製糖,WEAK,CAUTION,8.73,09:04:51,4090.0,-1.92,0,→
2026-03-31,2108,日本甜菜製糖,WEAK,CAUTION,8.73,09:05:09,4090.0,-1.92,0,→
2026-03-31,2108,日本甜菜製糖,WEAK,CAUTION,8.73,09:05:26,4090.0,-1.92,0,→
2026-03-31,2108,日本甜菜製糖,WEAK,CAUTION,8.73,09:05:44,4090.0,-1.92,0,→
2026-03-31,2108,日本甜菜製糖,WEAK,CAUTION,8.73,09:06:02,4090.0,-1.92,0,→
2026-03-31,2108,日本甜菜製糖,WEAK,CAUTION,8.73,09:06:20,4090.0,-1.92,0,→
2026-03-31,2108,日本甜菜製糖,WEAK,CAUTION,8.73,09:06:38,4090.0,-1.92,0,→
2026-03-31,2108,日本甜菜製糖,WEAK,CAUTION,8.73,09:06:56,4090.0,-1.92,0,→
2026-03-31,2108,日本甜菜製糖,WEAK,CAUTION,8.73,09:07:14,4090.0,-1.92,0,→
2026-03-31,2108,日本甜菜製糖,WEAK,CAUTION,8.73,09:07:32,4090.0,-1.92,0,→
2026-03-31,2108,日本甜菜製糖,WEAK,CAUTION,8.73,09:07:50,4090.0,-1.92,0,→
2026-03-31,2108,日本甜菜製糖,WEAK,CAUTION,8.73,09:08:08,4090.0,-1.92,0,→
2026-03-31,2108,日本甜菜製糖,WEAK,CAUTION,8.73,09:08:26,4090.0,-1.92,0,→
2026-03-31,2108,日本甜菜製糖,WEAK,CAUTION,8.73,09:08:44,4090.0,-1.92,0,→
2026-03-31,2108,日本甜菜製糖,WEAK,CAUTION,8.73,09:09:02,4090.0,-1.92,0,→
2026-03-31,2108,日本甜菜製糖,WEAK,CAUTION,8.73,09:09:19,4090.0,-1.92,0,→
2026-03-31,2108,日本甜菜製糖,WEAK,CAUTION,8.73,09:09:37,4090.0,-1.92,0,→
2026-03-31,2108,日本甜菜製糖,WEAK,CAUTION,8.73,09:09:55,4090.0,-1.92,0,→
2026-03-31,2108,日本甜菜製糖,WEAK,CAUTION,8.73,09:10:13,4090.0,-1.92,0,→
2026-03-31,2108,日本甜菜製糖,WEAK,CAUTION,8.73,09:10:31,4090.0,-1.92,0,→
2026-03-31,2108,日本甜菜製糖,WEAK,CAUTION,8.73,09:10:49,4090.0,-1.92,0,→
2026-03-31,2108,日本甜菜製糖,WEAK,CAUTION,8.73,09:11:07,4090.0,-1.92,0,→
2026-03-31,2108,日本甜菜製糖,WEAK,CAUTION,8.73,09:11:26,4090.0,-1.92,0,→
2026-03-31,2108,日本甜菜製糖,WEAK,CAUTION,8.73,09:11:44,4090.0,-1.92,0,→
2026-03-31,2108,日本甜菜製糖,WEAK,CAUTION,8.73,09:12:02,4090.0,-1.92,0,→
2026-03-31,2108,日本甜菜製糖,WEAK,CAUTION,8.73,09:12:20,4090.0,-1.92,0,→
2026-03-31,2108,日本甜菜製糖,WEAK,CAUTION,8.73,09:12:38,4090.0,-1.92,0,→
2026-03-31,2108,日本甜菜製糖,WEAK,CAUTION,8.73,09:12:56,4090.0,-1.92,0,→
2026-03-31,2108,日本甜菜製糖,WEAK,CAUTION,8.73,09:13:14,4090.0,-1.92,0,→
2026-03-31,2108,日本甜菜製糖,WEAK,CAUTION,8.73,09:13:31,4090.0,-1.92,0,→
2026-03-31,2108,日本甜菜製糖,WEAK,CAUTION,8.73,09:13:49,4090.0,-1.92,0,→
2026-03-31,2108,日本甜菜製糖,WEAK,CAUTION,8.73,09:14:07,4090.0,-1.92,0,→
2026-03-31,2108,日本甜菜製糖,WEAK,CAUTION,8.73,09:14:26,4090.0,-1.92,0,→
2026-03-31,2108,日本甜菜製糖,WEAK,CAUTION,8.73,09:14:44,4090.0,-1.92,0,→
2026-03-31,2108,日本甜菜製糖,WEAK,CAUTION,8.73,09:15:02,4090.0,-1.92,0,→
2026-03-31,2108,日本甜菜製糖,WEAK,CAUTION,8.73,09:15:20,4090.0,-1.92,0,→
2026-03-31,2108,日本甜菜製糖,WEAK,CAUTION,8.73,09:15:38,4090.0,-1.92,0,→
2026-03-31,2108,日本甜菜製糖,WEAK,CAUTION,8.73,09:15:56,4090.0,-1.92,0,→
2026-03-31,2108,日本甜菜製糖,WEAK,CAUTION,8.73,09:16:14,4090.0,-1.92,0,→
2026-03-31,2108,日本甜菜製糖,WEAK,CAUTION,8.73,09:16:32,4090.0,-1.92,0,→
2026-03-31,2108,日本甜菜製糖,WEAK,CAUTION,8.73,09:16:50,4090.0,-1.92,0,→
2026-03-31,2108,日本甜菜製糖,WEAK,CAUTION,8.73,09:17:08,4090.0,-1.92,0,→
2026-03-31,2108,日本甜菜製糖,WEAK,CAUTION,8.73,09:17:26,4090.0,-1.92,0,→
2026-03-31,2108,日本甜菜製糖,WEAK,CAUTION,8.73,09:17:44,4090.0,-1.92,0,→
2026-03-31,2108,日本甜菜製糖,WEAK,CAUTION,8.73,09:18:02,4090.0,-1.92,0,→
2026-03-31,2108,日本甜菜製糖,WEAK,CAUTION,8.73,09:18:20,4090.0,-1.92,0,→
2026-03-31,2108,日本甜菜製糖,WEAK,CAUTION,8.73,09:18:38,4090.0,-1.92,0,→
2026-03-31,2108,日本甜菜製糖,WEAK,CAUTION,8.73,09:18:56,4090.0,-1.92,0,→
2026-03-31,2108,日本甜菜製糖,WEAK,CAUTION,8.73,09:19:14,4090.0,-1.92,0,→
2026-03-31,2108,日本甜菜製糖,WEAK,CAUTION,8.73,09:19:32,4090.0,-1.92,0,→
2026-03-31,2108,日本甜菜製糖,WEAK,CAUTION,8.73,09:19:50,4090.0,-1.92,0,→
2026-03-31,2108,日本甜菜製糖,WEAK,CAUTION,8.73,09:20:08,4090.0,-1.92,0,→
2026-03-31,2108,日本甜菜製糖,WEAK,CAUTION,8.73,09:20:25,4105.0,0.37,0,↑↑
2026-03-31,2108,日本甜菜製糖,WEAK,CAUTION,8.73,09:20:43,4110.0,0.49,0,↑
2026-03-31,2108,日本甜菜製糖,WEAK,CAUTION,8.73,09:21:01,4110.0,0.49,0,→
2026-03-31,2108,日本甜菜製糖,WEAK,CAUTION,8.73,09:21:20,4110.0,0.49,0,→
2026-03-31,2108,日本甜菜製糖,WEAK,CAUTION,8.73,09:21:38,4100.0,0.24,3000,↓↓
2026-03-31,2108,日本甜菜製糖,WEAK,CAUTION,8.73,09:21:56,4100.0,0.24,3000,→
2026-03-31,2108,日本甜菜製糖,WEAK,CAUTION,8.73,09:22:14,4100.0,0.24,3000,→
2026-03-31,2108,日本甜菜製糖,WEAK,CAUTION,8.73,09:22:32,4100.0,0.24,3000,→
2026-03-31,2108,日本甜菜製糖,WEAK,CAUTION,8.73,09:22:49,4100.0,0.24,3000,→
2026-03-31,2108,日本甜菜製糖,WEAK,CAUTION,8.73,09:23:07,4100.0,0.24,3000,→
2026-03-31,2108,日本甜菜製糖,WEAK,CAUTION,8.73,09:23:26,4100.0,0.24,3000,→
2026-03-31,2108,日本甜菜製糖,WEAK,CAUTION,8.73,09:23:43,4100.0,0.24,3000,→
2026-03-31,2108,日本甜菜製糖,WEAK,CAUTION,8.73,09:24:01,4100.0,0.24,3000,→
2026-03-31,2108,日本甜菜製糖,WEAK,CAUTION,8.73,09:24:19,4100.0,0.24,3000,→
2026-03-31,2108,日本甜菜製糖,WEAK,CAUTION,8.73,09:24:37,4100.0,0.24,3000,→
2026-03-31,2108,日本甜菜製糖,WEAK,CAUTION,8.73,09:24:55,4100.0,0.24,3000,→
2026-03-31,2108,日本甜菜製糖,WEAK,CAUTION,8.73,09:25:13,4100.0,0.24,3000,→
2026-03-31,2108,日本甜菜製糖,WEAK,CAUTION,8.73,09:25:31,4100.0,0.24,3000,→
2026-03-31,2108,日本甜菜製糖,WEAK,CAUTION,8.73,09:25:49,4100.0,0.24,3000,→
2026-03-31,2108,日本甜菜製糖,WEAK,CAUTION,8.73,09:26:07,4100.0,0.24,3000,→
2026-03-31,2108,日本甜菜製糖,WEAK,CAUTION,8.73,09:26:25,4100.0,0.24,3000,→
2026-03-31,2108,日本甜菜製糖,WEAK,CAUTION,8.73,09:26:43,4100.0,0.24,3000,→
2026-03-31,2108,日本甜菜製糖,WEAK,CAUTION,8.73,09:27:02,4100.0,0.24,3000,→
2026-03-31,2108,日本甜菜製糖,WEAK,CAUTION,8.73,09:27:19,4100.0,0.24,3000,→
2026-03-31,2108,日本甜菜製糖,WEAK,CAUTION,8.73,09:27:37,4100.0,0.24,3000,→
2026-03-31,2108,日本甜菜製糖,WEAK,CAUTION,8.73,09:27:55,4100.0,0.24,3000,→
2026-03-31,2108,日本甜菜製糖,WEAK,CAUTION,8.73,09:28:13,4100.0,0.24,3000,→
2026-03-31,2108,日本甜菜製糖,WEAK,CAUTION,8.73,09:28:31,4100.0,0.24,3000,→
2026-03-31,2108,日本甜菜製糖,WEAK,CAUTION,8.73,09:28:49,4100.0,0.24,3000,→
2026-03-31,2108,日本甜菜製糖,WEAK,CAUTION,8.73,09:29:07,4100.0,0.24,3000,→
2026-03-31,2108,日本甜菜製糖,WEAK,CAUTION,8.73,09:29:25,4100.0,0.24,3000,→
2026-03-31,2108,日本甜菜製糖,WEAK,CAUTION,8.73,09:29:43,4100.0,0.24,3000,→
2026-03-31,3137,ファンデリー,WEAK,CAUTION,8.19,09:00:03,270.0,5.06,0,→
2026-03-31,3137,ファンデリー,WEAK,CAUTION,8.19,09:00:21,270.0,5.06,0,→
2026-03-31,3137,ファンデリー,WEAK,CAUTION,8.19,09:00:39,270.0,5.06,0,→
2026-03-31,3137,ファンデリー,WEAK,CAUTION,8.19,09:00:57,270.0,5.06,0,→
2026-03-31,3137,ファンデリー,WEAK,CAUTION,8.19,09:01:15,270.0,5.06,0,→
2026-03-31,3137,ファンデリー,WEAK,CAUTION,8.19,09:01:33,270.0,5.06,0,→
2026-03-31,3137,ファンデリー,WEAK,CAUTION,8.19,09:01:51,270.0,5.06,0,→
2026-03-31,3137,ファンデリー,WEAK,CAUTION,8.19,09:02:09,270.0,5.06,0,→
2026-03-31,3137,ファンデリー,WEAK,CAUTION,8.19,09:02:27,270.0,5.06,0,→
2026-03-31,3137,ファンデリー,WEAK,CAUTION,8.19,09:02:45,270.0,5.06,0,→
2026-03-31,3137,ファンデリー,WEAK,CAUTION,8.19,09:03:03,270.0,5.06,0,→
2026-03-31,3137,ファンデリー,WEAK,CAUTION,8.19,09:03:21,270.0,5.06,0,→
2026-03-31,3137,ファンデリー,WEAK,CAUTION,8.19,09:03:39,270.0,5.06,0,→
2026-03-31,3137,ファンデリー,WEAK,CAUTION,8.19,09:03:57,270.0,5.06,0,→
2026-03-31,3137,ファンデリー,WEAK,CAUTION,8.19,09:04:15,270.0,5.06,0,→
2026-03-31,3137,ファンデリー,WEAK,CAUTION,8.19,09:04:33,270.0,5.06,0,→
2026-03-31,3137,ファンデリー,WEAK,CAUTION,8.19,09:04:51,270.0,5.06,0,→
2026-03-31,3137,ファンデリー,WEAK,CAUTION,8.19,09:05:09,270.0,5.06,0,→
2026-03-31,3137,ファンデリー,WEAK,CAUTION,8.19,09:05:26,270.0,5.06,0,→
2026-03-31,3137,ファンデリー,WEAK,CAUTION,8.19,09:05:44,270.0,5.06,0,→
2026-03-31,3137,ファンデリー,WEAK,CAUTION,8.19,09:06:02,270.0,5.06,0,→
2026-03-31,3137,ファンデリー,WEAK,CAUTION,8.19,09:06:20,270.0,5.06,0,→
2026-03-31,3137,ファンデリー,WEAK,CAUTION,8.19,09:06:38,270.0,5.06,0,→
2026-03-31,3137,ファンデリー,WEAK,CAUTION,8.19,09:06:56,270.0,5.06,0,→
2026-03-31,3137,ファンデリー,WEAK,CAUTION,8.19,09:07:14,270.0,5.06,0,→
2026-03-31,3137,ファンデリー,WEAK,CAUTION,8.19,09:07:32,270.0,5.06,0,→
2026-03-31,3137,ファンデリー,WEAK,CAUTION,8.19,09:07:50,270.0,5.06,0,→
2026-03-31,3137,ファンデリー,WEAK,CAUTION,8.19,09:08:08,270.0,5.06,0,→
2026-03-31,3137,ファンデリー,WEAK,CAUTION,8.19,09:08:26,270.0,5.06,0,→
2026-03-31,3137,ファンデリー,WEAK,CAUTION,8.19,09:08:44,270.0,5.06,0,→
2026-03-31,3137,ファンデリー,WEAK,CAUTION,8.19,09:09:02,270.0,5.06,0,→
2026-03-31,3137,ファンデリー,WEAK,CAUTION,8.19,09:09:19,270.0,5.06,0,→
2026-03-31,3137,ファンデリー,WEAK,CAUTION,8.19,09:09:37,270.0,5.06,0,→
2026-03-31,3137,ファンデリー,WEAK,CAUTION,8.19,09:09:55,270.0,5.06,0,→
2026-03-31,3137,ファンデリー,WEAK,CAUTION,8.19,09:10:13,270.0,5.06,0,→
2026-03-31,3137,ファンデリー,WEAK,CAUTION,8.19,09:10:31,270.0,5.06,0,→
2026-03-31,3137,ファンデリー,WEAK,CAUTION,8.19,09:10:49,270.0,5.06,0,→
2026-03-31,3137,ファンデリー,WEAK,CAUTION,8.19,09:11:07,270.0,5.06,0,→
2026-03-31,3137,ファンデリー,WEAK,CAUTION,8.19,09:11:26,270.0,5.06,0,→
2026-03-31,3137,ファンデリー,WEAK,CAUTION,8.19,09:11:44,270.0,5.06,0,→
2026-03-31,3137,ファンデリー,WEAK,CAUTION,8.19,09:12:02,270.0,5.06,0,→
2026-03-31,3137,ファンデリー,WEAK,CAUTION,8.19,09:12:20,270.0,5.06,0,→
2026-03-31,3137,ファンデリー,WEAK,CAUTION,8.19,09:12:38,270.0,5.06,0,→
2026-03-31,3137,ファンデリー,WEAK,CAUTION,8.19,09:12:56,270.0,5.06,0,→
2026-03-31,3137,ファンデリー,WEAK,CAUTION,8.19,09:13:14,270.0,5.06,0,→
2026-03-31,3137,ファンデリー,WEAK,CAUTION,8.19,09:13:31,270.0,5.06,0,→
2026-03-31,3137,ファンデリー,WEAK,CAUTION,8.19,09:13:49,270.0,5.06,0,→
2026-03-31,3137,ファンデリー,WEAK,CAUTION,8.19,09:14:07,270.0,5.06,0,→
2026-03-31,3137,ファンデリー,WEAK,CAUTION,8.19,09:14:26,270.0,5.06,0,→
2026-03-31,3137,ファンデリー,WEAK,CAUTION,8.19,09:14:44,270.0,5.06,0,→
2026-03-31,3137,ファンデリー,WEAK,CAUTION,8.19,09:15:02,270.0,5.06,0,→
2026-03-31,3137,ファンデリー,WEAK,CAUTION,8.19,09:15:20,270.0,5.06,0,→
2026-03-31,3137,ファンデリー,WEAK,CAUTION,8.19,09:15:38,270.0,5.06,0,→
2026-03-31,3137,ファンデリー,WEAK,CAUTION,8.19,09:15:56,270.0,5.06,0,→
2026-03-31,3137,ファンデリー,WEAK,CAUTION,8.19,09:16:14,270.0,5.06,0,→
2026-03-31,3137,ファンデリー,WEAK,CAUTION,8.19,09:16:32,270.0,5.06,0,→
2026-03-31,3137,ファンデリー,WEAK,CAUTION,8.19,09:16:50,270.0,5.06,0,→
2026-03-31,3137,ファンデリー,WEAK,CAUTION,8.19,09:17:08,270.0,5.06,0,→
2026-03-31,3137,ファンデリー,WEAK,CAUTION,8.19,09:17:26,270.0,5.06,0,→
2026-03-31,3137,ファンデリー,WEAK,CAUTION,8.19,09:17:44,270.0,5.06,0,→
2026-03-31,3137,ファンデリー,WEAK,CAUTION,8.19,09:18:02,270.0,5.06,0,→
2026-03-31,3137,ファンデリー,WEAK,CAUTION,8.19,09:18:20,270.0,5.06,0,→
2026-03-31,3137,ファンデリー,WEAK,CAUTION,8.19,09:18:38,270.0,5.06,0,→
2026-03-31,3137,ファンデリー,WEAK,CAUTION,8.19,09:18:56,270.0,5.06,0,→
2026-03-31,3137,ファンデリー,WEAK,CAUTION,8.19,09:19:14,270.0,5.06,0,→
2026-03-31,3137,ファンデリー,WEAK,CAUTION,8.19,09:19:32,270.0,5.06,0,→
2026-03-31,3137,ファンデリー,WEAK,CAUTION,8.19,09:19:50,270.0,5.06,0,→
2026-03-31,3137,ファンデリー,WEAK,CAUTION,8.19,09:20:08,317.0,17.41,0,↑↑
2026-03-31,3137,ファンデリー,WEAK,CAUTION,8.19,09:20:25,315.0,16.67,0,↓↓
2026-03-31,3137,ファンデリー,WEAK,CAUTION,8.19,09:20:43,313.0,15.93,0,↓↓
2026-03-31,3137,ファンデリー,WEAK,CAUTION,8.19,09:21:01,310.0,14.81,0,↓↓
2026-03-31,3137,ファンデリー,WEAK,CAUTION,8.19,09:21:20,311.0,15.19,0,↑↑
2026-03-31,3137,ファンデリー,WEAK,CAUTION,8.19,09:21:38,308.0,14.07,0,↓↓
2026-03-31,3137,ファンデリー,WEAK,CAUTION,8.19,09:21:56,307.0,13.7,0,↓↓
2026-03-31,3137,ファンデリー,WEAK,CAUTION,8.19,09:22:14,321.0,18.89,49400,↑↑
2026-03-31,3137,ファンデリー,WEAK,CAUTION,8.19,09:22:32,322.0,19.26,49400,↑↑
2026-03-31,3137,ファンデリー,WEAK,CAUTION,8.19,09:22:49,322.0,19.26,49400,→
2026-03-31,3137,ファンデリー,WEAK,CAUTION,8.19,09:23:07,322.0,19.26,49400,→
2026-03-31,3137,ファンデリー,WEAK,CAUTION,8.19,09:23:26,320.0,18.52,144100,↓↓
2026-03-31,3137,ファンデリー,WEAK,CAUTION,8.19,09:23:43,315.0,16.67,144100,↓↓
2026-03-31,3137,ファンデリー,WEAK,CAUTION,8.19,09:24:01,311.0,15.19,229100,↓↓
2026-03-31,3137,ファンデリー,WEAK,CAUTION,8.19,09:24:19,311.0,15.19,229100,→
2026-03-31,3137,ファンデリー,WEAK,CAUTION,8.19,09:24:37,308.0,14.07,229100,↓↓
2026-03-31,3137,ファンデリー,WEAK,CAUTION,8.19,09:24:55,309.0,14.44,229100,↑↑
2026-03-31,3137,ファンデリー,WEAK,CAUTION,8.19,09:25:13,307.0,13.7,276000,↓↓
2026-03-31,3137,ファンデリー,WEAK,CAUTION,8.19,09:25:31,303.0,12.22,276000,↓↓
2026-03-31,3137,ファンデリー,WEAK,CAUTION,8.19,09:25:49,304.0,12.59,276000,↑↑
2026-03-31,3137,ファンデリー,WEAK,CAUTION,8.19,09:26:07,309.0,14.44,340300,↑↑
2026-03-31,3137,ファンデリー,WEAK,CAUTION,8.19,09:26:25,314.0,16.3,340300,↑↑
2026-03-31,3137,ファンデリー,WEAK,CAUTION,8.19,09:26:43,313.0,15.93,340300,↓↓
2026-03-31,3137,ファンデリー,WEAK,CAUTION,8.19,09:27:02,313.0,15.93,397300,→
2026-03-31,3137,ファンデリー,WEAK,CAUTION,8.19,09:27:19,306.0,13.33,397300,↓↓
2026-03-31,3137,ファンデリー,WEAK,CAUTION,8.19,09:27:37,306.0,13.33,397300,→
2026-03-31,3137,ファンデリー,WEAK,CAUTION,8.19,09:27:55,310.0,14.81,397300,↑↑
2026-03-31,3137,ファンデリー,WEAK,CAUTION,8.19,09:28:13,308.0,14.07,429900,↓↓
2026-03-31,3137,ファンデリー,WEAK,CAUTION,8.19,09:28:31,308.0,14.07,429900,→
2026-03-31,3137,ファンデリー,WEAK,CAUTION,8.19,09:28:49,310.0,14.81,429900,↑↑
2026-03-31,3137,ファンデリー,WEAK,CAUTION,8.19,09:29:07,311.0,15.19,454000,↑↑
2026-03-31,3137,ファンデリー,WEAK,CAUTION,8.19,09:29:25,312.0,15.56,454000,↑↑
2026-03-31,3137,ファンデリー,WEAK,CAUTION,8.19,09:29:43,310.0,14.81,454000,↓↓
2026-03-31,7375,リファインバースグループ,WEAK,CAUTION,8.18,09:00:03,1379.0,13.13,0,→
2026-03-31,7375,リファインバースグループ,WEAK,CAUTION,8.18,09:00:21,1379.0,13.13,0,→
2026-03-31,7375,リファインバースグループ,WEAK,CAUTION,8.18,09:00:39,1379.0,13.13,0,→
2026-03-31,7375,リファインバースグループ,WEAK,CAUTION,8.18,09:00:57,1379.0,13.13,0,→
2026-03-31,7375,リファインバースグループ,WEAK,CAUTION,8.18,09:01:15,1379.0,13.13,0,→
2026-03-31,7375,リファインバースグループ,WEAK,CAUTION,8.18,09:01:33,1379.0,13.13,0,→
2026-03-31,7375,リファインバースグループ,WEAK,CAUTION,8.18,09:01:51,1379.0,13.13,0,→
2026-03-31,7375,リファインバースグループ,WEAK,CAUTION,8.18,09:02:09,1379.0,13.13,0,→
2026-03-31,7375,リファインバースグループ,WEAK,CAUTION,8.18,09:02:27,1379.0,13.13,0,→
2026-03-31,7375,リファインバースグループ,WEAK,CAUTION,8.18,09:02:45,1379.0,13.13,0,→
2026-03-31,7375,リファインバースグループ,WEAK,CAUTION,8.18,09:03:03,1379.0,13.13,0,→
2026-03-31,7375,リファインバースグループ,WEAK,CAUTION,8.18,09:03:21,1379.0,13.13,0,→
2026-03-31,7375,リファインバースグループ,WEAK,CAUTION,8.18,09:03:39,1379.0,13.13,0,→
2026-03-31,7375,リファインバースグループ,WEAK,CAUTION,8.18,09:03:57,1379.0,13.13,0,→
2026-03-31,7375,リファインバースグループ,WEAK,CAUTION,8.18,09:04:15,1379.0,13.13,0,→
2026-03-31,7375,リファインバースグループ,WEAK,CAUTION,8.18,09:04:33,1379.0,13.13,0,→
2026-03-31,7375,リファインバースグループ,WEAK,CAUTION,8.18,09:04:51,1379.0,13.13,0,→
2026-03-31,7375,リファインバースグループ,WEAK,CAUTION,8.18,09:05:09,1379.0,13.13,0,→
2026-03-31,7375,リファインバースグループ,WEAK,CAUTION,8.18,09:05:26,1379.0,13.13,0,→
2026-03-31,7375,リファインバースグループ,WEAK,CAUTION,8.18,09:05:44,1379.0,13.13,0,→
2026-03-31,7375,リファインバースグループ,WEAK,CAUTION,8.18,09:06:02,1379.0,13.13,0,→
2026-03-31,7375,リファインバースグループ,WEAK,CAUTION,8.18,09:06:20,1379.0,13.13,0,→
2026-03-31,7375,リファインバースグループ,WEAK,CAUTION,8.18,09:06:38,1379.0,13.13,0,→
2026-03-31,7375,リファインバースグループ,WEAK,CAUTION,8.18,09:06:56,1379.0,13.13,0,→
2026-03-31,7375,リファインバースグループ,WEAK,CAUTION,8.18,09:07:14,1379.0,13.13,0,→
2026-03-31,7375,リファインバースグループ,WEAK,CAUTION,8.18,09:07:32,1379.0,13.13,0,→
2026-03-31,7375,リファインバースグループ,WEAK,CAUTION,8.18,09:07:50,1379.0,13.13,0,→
2026-03-31,7375,リファインバースグループ,WEAK,CAUTION,8.18,09:08:08,1379.0,13.13,0,→
2026-03-31,7375,リファインバースグループ,WEAK,CAUTION,8.18,09:08:26,1379.0,13.13,0,→
2026-03-31,7375,リファインバースグループ,WEAK,CAUTION,8.18,09:08:44,1379.0,13.13,0,→
2026-03-31,7375,リファインバースグループ,WEAK,CAUTION,8.18,09:09:02,1379.0,13.13,0,→
2026-03-31,7375,リファインバースグループ,WEAK,CAUTION,8.18,09:09:19,1379.0,13.13,0,→
2026-03-31,7375,リファインバースグループ,WEAK,CAUTION,8.18,09:09:37,1379.0,13.13,0,→
2026-03-31,7375,リファインバースグループ,WEAK,CAUTION,8.18,09:09:55,1379.0,13.13,0,→
2026-03-31,7375,リファインバースグループ,WEAK,CAUTION,8.18,09:10:13,1379.0,13.13,0,→
2026-03-31,7375,リファインバースグループ,WEAK,CAUTION,8.18,09:10:31,1379.0,13.13,0,→
2026-03-31,7375,リファインバースグループ,WEAK,CAUTION,8.18,09:10:49,1379.0,13.13,0,→
2026-03-31,7375,リファインバースグループ,WEAK,CAUTION,8.18,09:11:07,1379.0,13.13,0,→
2026-03-31,7375,リファインバースグループ,WEAK,CAUTION,8.18,09:11:26,1379.0,13.13,0,→
2026-03-31,7375,リファインバースグループ,WEAK,CAUTION,8.18,09:11:44,1379.0,13.13,0,→
2026-03-31,7375,リファインバースグループ,WEAK,CAUTION,8.18,09:12:02,1379.0,13.13,0,→
2026-03-31,7375,リファインバースグループ,WEAK,CAUTION,8.18,09:12:20,1379.0,13.13,0,→
2026-03-31,7375,リファインバースグループ,WEAK,CAUTION,8.18,09:12:38,1379.0,13.13,0,→
2026-03-31,7375,リファインバースグループ,WEAK,CAUTION,8.18,09:12:56,1379.0,13.13,0,→
2026-03-31,7375,リファインバースグループ,WEAK,CAUTION,8.18,09:13:14,1379.0,13.13,0,→
2026-03-31,7375,リファインバースグループ,WEAK,CAUTION,8.18,09:13:31,1379.0,13.13,0,→
2026-03-31,7375,リファインバースグループ,WEAK,CAUTION,8.18,09:13:49,1379.0,13.13,0,→
2026-03-31,7375,リファインバースグループ,WEAK,CAUTION,8.18,09:14:07,1379.0,13.13,0,→
2026-03-31,7375,リファインバースグループ,WEAK,CAUTION,8.18,09:14:26,1379.0,13.13,0,→
2026-03-31,7375,リファインバースグループ,WEAK,CAUTION,8.18,09:14:44,1379.0,13.13,0,→
2026-03-31,7375,リファインバースグループ,WEAK,CAUTION,8.18,09:15:02,1379.0,13.13,0,→
2026-03-31,7375,リファインバースグループ,WEAK,CAUTION,8.18,09:15:20,1379.0,13.13,0,→
2026-03-31,7375,リファインバースグループ,WEAK,CAUTION,8.18,09:15:38,1379.0,13.13,0,→
2026-03-31,7375,リファインバースグループ,WEAK,CAUTION,8.18,09:15:56,1379.0,13.13,0,→
2026-03-31,7375,リファインバースグループ,WEAK,CAUTION,8.18,09:16:14,1379.0,13.13,0,→
2026-03-31,7375,リファインバースグループ,WEAK,CAUTION,8.18,09:16:32,1379.0,13.13,0,→
2026-03-31,7375,リファインバースグループ,WEAK,CAUTION,8.18,09:16:50,1379.0,13.13,0,→
2026-03-31,7375,リファインバースグループ,WEAK,CAUTION,8.18,09:17:08,1379.0,13.13,0,→
2026-03-31,7375,リファインバースグループ,WEAK,CAUTION,8.18,09:17:26,1379.0,13.13,0,→
2026-03-31,7375,リファインバースグループ,WEAK,CAUTION,8.18,09:17:44,1379.0,13.13,0,→
2026-03-31,7375,リファインバースグループ,WEAK,CAUTION,8.18,09:18:02,1379.0,13.13,0,→
2026-03-31,7375,リファインバースグループ,WEAK,CAUTION,8.18,09:18:20,1379.0,13.13,0,→
2026-03-31,7375,リファインバースグループ,WEAK,CAUTION,8.18,09:18:38,1379.0,13.13,0,→
2026-03-31,7375,リファインバースグループ,WEAK,CAUTION,8.18,09:18:56,1379.0,13.13,0,→
2026-03-31,7375,リファインバースグループ,WEAK,CAUTION,8.18,09:19:14,1379.0,13.13,0,→
2026-03-31,7375,リファインバースグループ,WEAK,CAUTION,8.18,09:19:32,1379.0,13.13,0,→
2026-03-31,7375,リファインバースグループ,WEAK,CAUTION,8.18,09:19:50,1379.0,13.13,0,→
2026-03-31,7375,リファインバースグループ,WEAK,CAUTION,8.18,09:20:08,1430.0,3.7,0,↑↑
2026-03-31,7375,リファインバースグループ,WEAK,CAUTION,8.18,09:20:25,1429.0,3.63,0,↓
2026-03-31,7375,リファインバースグループ,WEAK,CAUTION,8.18,09:20:43,1434.0,3.99,0,↑↑
2026-03-31,7375,リファインバースグループ,WEAK,CAUTION,8.18,09:21:01,1430.0,3.7,0,↓↓
2026-03-31,7375,リファインバースグループ,WEAK,CAUTION,8.18,09:21:20,1413.0,2.47,0,↓↓
2026-03-31,7375,リファインバースグループ,WEAK,CAUTION,8.18,09:21:38,1401.0,1.6,0,↓↓
2026-03-31,7375,リファインバースグループ,WEAK,CAUTION,8.18,09:21:56,1398.0,1.38,0,↓↓
2026-03-31,7375,リファインバースグループ,WEAK,CAUTION,8.18,09:22:14,1389.0,0.73,23000,↓↓
2026-03-31,7375,リファインバースグループ,WEAK,CAUTION,8.18,09:22:32,1375.0,-0.29,23000,↓↓
2026-03-31,7375,リファインバースグループ,WEAK,CAUTION,8.18,09:22:49,1392.0,0.94,23000,↑↑
2026-03-31,7375,リファインバースグループ,WEAK,CAUTION,8.18,09:23:07,1408.0,2.1,47200,↑↑
2026-03-31,7375,リファインバースグループ,WEAK,CAUTION,8.18,09:23:26,1400.0,1.52,47200,↓↓
2026-03-31,7375,リファインバースグループ,WEAK,CAUTION,8.18,09:23:43,1400.0,1.52,47200,→
2026-03-31,7375,リファインバースグループ,WEAK,CAUTION,8.18,09:24:01,1392.0,0.94,62400,↓↓
2026-03-31,7375,リファインバースグループ,WEAK,CAUTION,8.18,09:24:19,1387.0,0.58,62400,↓↓
2026-03-31,7375,リファインバースグループ,WEAK,CAUTION,8.18,09:24:37,1371.0,-0.58,62400,↓↓
2026-03-31,7375,リファインバースグループ,WEAK,CAUTION,8.18,09:24:55,1370.0,-0.65,62400,↓
2026-03-31,7375,リファインバースグループ,WEAK,CAUTION,8.18,09:25:13,1383.0,0.29,77400,↑↑
2026-03-31,7375,リファインバースグループ,WEAK,CAUTION,8.18,09:25:31,1375.0,-0.29,77400,↓↓
2026-03-31,7375,リファインバースグループ,WEAK,CAUTION,8.18,09:25:49,1356.0,-1.67,77400,↓↓
2026-03-31,7375,リファインバースグループ,WEAK,CAUTION,8.18,09:26:07,1363.0,-1.16,91100,↑↑
2026-03-31,7375,リファインバースグループ,WEAK,CAUTION,8.18,09:26:25,1352.0,-1.96,91100,↓↓
2026-03-31,7375,リファインバースグループ,WEAK,CAUTION,8.18,09:26:43,1355.0,-1.74,91100,↑↑
2026-03-31,7375,リファインバースグループ,WEAK,CAUTION,8.18,09:27:02,1352.0,-1.96,95100,↓↓
2026-03-31,7375,リファインバースグループ,WEAK,CAUTION,8.18,09:27:19,1348.0,-2.25,95100,↓↓
2026-03-31,7375,リファインバースグループ,WEAK,CAUTION,8.18,09:27:37,1330.0,-3.55,95100,↓↓
2026-03-31,7375,リファインバースグループ,WEAK,CAUTION,8.18,09:27:55,1339.0,-2.9,95100,↑↑
2026-03-31,7375,リファインバースグループ,WEAK,CAUTION,8.18,09:28:13,1340.0,-2.83,112000,↑
2026-03-31,7375,リファインバースグループ,WEAK,CAUTION,8.18,09:28:31,1345.0,-2.47,112000,↑↑
2026-03-31,7375,リファインバースグループ,WEAK,CAUTION,8.18,09:28:49,1347.0,-2.32,112000,↑
2026-03-31,7375,リファインバースグループ,WEAK,CAUTION,8.18,09:29:07,1374.0,-0.36,116700,↑↑
2026-03-31,7375,リファインバースグループ,WEAK,CAUTION,8.18,09:29:25,1354.0,-1.81,116700,↓↓
2026-03-31,7375,リファインバースグループ,WEAK,CAUTION,8.18,09:29:43,1350.0,-2.1,116700,↓↓
2026-05-18,4367,広栄化学,WEAK,CAUTION,10.0,09:00:03,2995.0,-1.16,4100,→
2026-05-18,4367,広栄化学,WEAK,CAUTION,10.0,09:00:18,2984.0,-1.52,5200,↓↓
2026-05-18,4367,広栄化学,WEAK,CAUTION,10.0,09:00:33,2980.0,-1.65,6200,↓
2026-05-18,4367,広栄化学,WEAK,CAUTION,10.0,09:00:48,2977.0,-1.75,6300,↓
2026-05-18,4367,広栄化学,WEAK,CAUTION,10.0,09:01:04,2977.0,-1.75,6300,→
2026-05-18,4367,広栄化学,WEAK,CAUTION,10.0,09:01:19,2988.0,-1.39,6400,↑↑
2026-05-18,4367,広栄化学,WEAK,CAUTION,10.0,09:01:34,2988.0,-1.39,6400,→
2026-05-18,4367,広栄化学,WEAK,CAUTION,10.0,09:01:49,2988.0,-1.39,6400,→
2026-05-18,4367,広栄化学,WEAK,CAUTION,10.0,09:02:04,2988.0,-1.39,6400,→
2026-05-18,4367,広栄化学,WEAK,CAUTION,10.0,09:02:20,2988.0,-1.39,6500,→
2026-05-18,4367,広栄化学,WEAK,CAUTION,10.0,09:02:35,2975.0,-1.82,6600,↓↓
2026-05-18,4367,広栄化学,WEAK,CAUTION,10.0,09:02:50,2944.0,-2.84,8800,↓↓
2026-05-18,4367,広栄化学,WEAK,CAUTION,10.0,09:03:05,2944.0,-2.84,8800,→
2026-05-18,4367,広栄化学,WEAK,CAUTION,10.0,09:03:20,2944.0,-2.84,8800,→
2026-05-18,4367,広栄化学,WEAK,CAUTION,10.0,09:03:36,2944.0,-2.84,8800,→
2026-05-18,4367,広栄化学,WEAK,CAUTION,10.0,09:03:51,2944.0,-2.84,8800,→
2026-05-18,4367,広栄化学,WEAK,CAUTION,10.0,09:04:06,2944.0,-2.84,8800,→
2026-05-18,4367,広栄化学,WEAK,CAUTION,10.0,09:04:21,2944.0,-2.84,8800,→
2026-05-18,4367,広栄化学,WEAK,CAUTION,10.0,09:04:37,2944.0,-2.84,8800,→
2026-05-18,4367,広栄化学,WEAK,CAUTION,10.0,09:04:52,2944.0,-2.84,8800,→
2026-05-18,4367,広栄化学,WEAK,CAUTION,10.0,09:05:07,2960.0,-2.31,8900,↑↑
2026-05-18,4367,広栄化学,WEAK,CAUTION,10.0,09:05:22,2956.0,-2.44,9000,↓
2026-05-18,4367,広栄化学,WEAK,CAUTION,10.0,09:05:38,2959.0,-2.34,9100,↑
2026-05-18,4367,広栄化学,WEAK,CAUTION,10.0,09:05:53,2959.0,-2.34,9100,→
2026-05-18,4367,広栄化学,WEAK,CAUTION,10.0,09:06:08,2959.0,-2.34,9100,→
2026-05-18,4367,広栄化学,WEAK,CAUTION,10.0,09:06:23,2944.0,-2.84,9200,↓↓
2026-05-18,4367,広栄化学,WEAK,CAUTION,10.0,09:06:39,2955.0,-2.48,9300,↑↑
2026-05-18,4367,広栄化学,WEAK,CAUTION,10.0,09:06:54,2955.0,-2.48,9300,→
2026-05-18,4367,広栄化学,WEAK,CAUTION,10.0,09:07:09,2955.0,-2.48,9300,→
2026-05-18,4367,広栄化学,WEAK,CAUTION,10.0,09:07:24,2944.0,-2.84,9400,↓↓
2026-05-18,4367,広栄化学,WEAK,CAUTION,10.0,09:07:40,2944.0,-2.84,9500,→
2026-05-18,4367,広栄化学,WEAK,CAUTION,10.0,09:07:55,2944.0,-2.84,9600,→
2026-05-18,4367,広栄化学,WEAK,CAUTION,10.0,09:08:10,2944.0,-2.84,9600,→
2026-05-18,4367,広栄化学,WEAK,CAUTION,10.0,09:08:25,2944.0,-2.84,9900,→
2026-05-18,4367,広栄化学,WEAK,CAUTION,10.0,09:08:41,2945.0,-2.81,10400,↑
2026-05-18,4367,広栄化学,WEAK,CAUTION,10.0,09:08:56,2945.0,-2.81,10400,→
2026-05-18,4367,広栄化学,WEAK,CAUTION,10.0,09:09:11,2945.0,-2.81,10400,→
2026-05-18,4367,広栄化学,WEAK,CAUTION,10.0,09:09:26,2939.0,-3.0,10500,↓↓
2026-05-18,4367,広栄化学,WEAK,CAUTION,10.0,09:09:42,2939.0,-3.0,10500,→
2026-05-18,4367,広栄化学,WEAK,CAUTION,10.0,09:09:57,2939.0,-3.0,10500,→
2026-05-18,4367,広栄化学,WEAK,CAUTION,10.0,09:10:12,2923.0,-3.53,10600,↓↓
2026-05-18,4367,広栄化学,WEAK,CAUTION,10.0,09:10:27,2923.0,-3.53,10600,→
2026-05-18,4367,広栄化学,WEAK,CAUTION,10.0,09:10:42,2923.0,-3.53,10600,→
2026-05-18,4367,広栄化学,WEAK,CAUTION,10.0,09:10:58,2923.0,-3.53,10600,→
2026-05-18,4367,広栄化学,WEAK,CAUTION,10.0,09:11:13,2923.0,-3.53,10600,→
2026-05-18,4367,広栄化学,WEAK,CAUTION,10.0,09:11:28,2923.0,-3.53,10600,→
2026-05-18,4367,広栄化学,WEAK,CAUTION,10.0,09:11:43,2922.0,-3.56,10700,↓
2026-05-18,4367,広栄化学,WEAK,CAUTION,10.0,09:11:58,2922.0,-3.56,10700,→
2026-05-18,4367,広栄化学,WEAK,CAUTION,10.0,09:12:14,2922.0,-3.56,10700,→
2026-05-18,4367,広栄化学,WEAK,CAUTION,10.0,09:12:29,2922.0,-3.56,10700,→
2026-05-18,4367,広栄化学,WEAK,CAUTION,10.0,09:12:44,2922.0,-3.56,10700,→
2026-05-18,4367,広栄化学,WEAK,CAUTION,10.0,09:12:59,2922.0,-3.56,10700,→
2026-05-18,4367,広栄化学,WEAK,CAUTION,10.0,09:13:15,2922.0,-3.56,10700,→
2026-05-18,4367,広栄化学,WEAK,CAUTION,10.0,09:13:30,2923.0,-3.53,10900,↑
2026-05-18,4367,広栄化学,WEAK,CAUTION,10.0,09:13:45,2923.0,-3.53,11100,→
2026-05-18,4367,広栄化学,WEAK,CAUTION,10.0,09:14:00,2919.0,-3.66,11300,↓
2026-05-18,4367,広栄化学,WEAK,CAUTION,10.0,09:14:16,2918.0,-3.7,11500,↓
2026-05-18,4367,広栄化学,WEAK,CAUTION,10.0,09:14:31,2918.0,-3.7,11500,→
2026-05-18,4367,広栄化学,WEAK,CAUTION,10.0,09:14:46,2918.0,-3.7,11500,→
2026-05-18,4367,広栄化学,WEAK,CAUTION,10.0,09:15:01,2920.0,-3.63,11700,↑
2026-05-18,4367,広栄化学,WEAK,CAUTION,10.0,09:15:16,2920.0,-3.63,11900,→
2026-05-18,4367,広栄化学,WEAK,CAUTION,10.0,09:15:32,2920.0,-3.63,12700,→
2026-05-18,4367,広栄化学,WEAK,CAUTION,10.0,09:15:47,2928.0,-3.37,12800,↑↑
2026-05-18,4367,広栄化学,WEAK,CAUTION,10.0,09:16:02,2916.0,-3.76,12900,↓↓
2026-05-18,4367,広栄化学,WEAK,CAUTION,10.0,09:16:17,2916.0,-3.76,12900,→
2026-05-18,4367,広栄化学,WEAK,CAUTION,10.0,09:16:32,2916.0,-3.76,12900,→
2026-05-18,4367,広栄化学,WEAK,CAUTION,10.0,09:16:48,2918.0,-3.7,13100,↑
2026-05-18,4367,広栄化学,WEAK,CAUTION,10.0,09:17:03,2918.0,-3.7,13100,→
2026-05-18,4367,広栄化学,WEAK,CAUTION,10.0,09:17:18,2918.0,-3.7,13100,→
2026-05-18,4367,広栄化学,WEAK,CAUTION,10.0,09:17:33,2918.0,-3.7,13100,→
2026-05-18,4367,広栄化学,WEAK,CAUTION,10.0,09:17:48,2918.0,-3.7,13100,→
2026-05-18,4367,広栄化学,WEAK,CAUTION,10.0,09:18:04,2918.0,-3.7,13200,→
2026-05-18,4367,広栄化学,WEAK,CAUTION,10.0,09:18:19,2918.0,-3.7,13200,→
2026-05-18,4367,広栄化学,WEAK,CAUTION,10.0,09:18:34,2913.0,-3.86,13500,↓
2026-05-18,4367,広栄化学,WEAK,CAUTION,10.0,09:18:49,2913.0,-3.86,13500,→
2026-05-18,4367,広栄化学,WEAK,CAUTION,10.0,09:19:04,2913.0,-3.86,13500,→
2026-05-18,4367,広栄化学,WEAK,CAUTION,10.0,09:19:20,2913.0,-3.86,13500,→
2026-05-18,4367,広栄化学,WEAK,CAUTION,10.0,09:19:35,2913.0,-3.86,13500,→
2026-05-18,4367,広栄化学,WEAK,CAUTION,10.0,09:19:50,2913.0,-3.86,13500,→
2026-05-18,4367,広栄化学,WEAK,CAUTION,10.0,09:20:05,2913.0,-3.86,13500,→
2026-05-18,4367,広栄化学,WEAK,CAUTION,10.0,09:20:20,2913.0,-3.86,13500,→
2026-05-18,4367,広栄化学,WEAK,CAUTION,10.0,09:20:36,2908.0,-4.03,13600,↓
2026-05-18,4367,広栄化学,WEAK,CAUTION,10.0,09:20:51,2908.0,-4.03,13600,→
2026-05-18,4367,広栄化学,WEAK,CAUTION,10.0,09:21:06,2908.0,-4.03,13600,→
2026-05-18,4367,広栄化学,WEAK,CAUTION,10.0,09:21:21,2908.0,-4.03,13600,→
2026-05-18,4367,広栄化学,WEAK,CAUTION,10.0,09:21:36,2908.0,-4.03,13600,→
2026-05-18,4367,広栄化学,WEAK,CAUTION,10.0,09:21:52,2907.0,-4.06,13700,↓
2026-05-18,4367,広栄化学,WEAK,CAUTION,10.0,09:22:07,2903.0,-4.19,13800,↓
2026-05-18,4367,広栄化学,WEAK,CAUTION,10.0,09:22:22,2903.0,-4.19,13800,→
2026-05-18,4367,広栄化学,WEAK,CAUTION,10.0,09:22:37,2903.0,-4.19,13800,→
2026-05-18,4367,広栄化学,WEAK,CAUTION,10.0,09:22:53,2894.0,-4.49,14400,↓↓
2026-05-18,4367,広栄化学,WEAK,CAUTION,10.0,09:23:08,2894.0,-4.49,14400,→
2026-05-18,4367,広栄化学,WEAK,CAUTION,10.0,09:23:23,2907.0,-4.06,14500,↑↑
2026-05-18,4367,広栄化学,WEAK,CAUTION,10.0,09:23:38,2907.0,-4.06,14500,→
2026-05-18,4367,広栄化学,WEAK,CAUTION,10.0,09:23:53,2907.0,-4.06,14500,→
2026-05-18,4367,広栄化学,WEAK,CAUTION,10.0,09:24:09,2907.0,-4.06,14600,→
2026-05-18,4367,広栄化学,WEAK,CAUTION,10.0,09:24:24,2907.0,-4.06,14600,→
2026-05-18,4367,広栄化学,WEAK,CAUTION,10.0,09:24:40,2907.0,-4.06,14600,→
2026-05-18,4367,広栄化学,WEAK,CAUTION,10.0,09:24:55,2907.0,-4.06,14600,→
2026-05-18,4367,広栄化学,WEAK,CAUTION,10.0,09:25:10,2895.0,-4.46,14700,↓↓
2026-05-18,4367,広栄化学,WEAK,CAUTION,10.0,09:25:25,2895.0,-4.46,14700,→
2026-05-18,4367,広栄化学,WEAK,CAUTION,10.0,09:25:41,2895.0,-4.46,14700,→
2026-05-18,4367,広栄化学,WEAK,CAUTION,10.0,09:25:56,2895.0,-4.46,14700,→
2026-05-18,4367,広栄化学,WEAK,CAUTION,10.0,09:26:11,2895.0,-4.46,14700,→
2026-05-18,4367,広栄化学,WEAK,CAUTION,10.0,09:26:26,2895.0,-4.46,14700,→
2026-05-18,4367,広栄化学,WEAK,CAUTION,10.0,09:26:42,2895.0,-4.46,14700,→
2026-05-18,4367,広栄化学,WEAK,CAUTION,10.0,09:26:57,2895.0,-4.46,14700,→
2026-05-18,4367,広栄化学,WEAK,CAUTION,10.0,09:27:12,2895.0,-4.46,14700,→
2026-05-18,4367,広栄化学,WEAK,CAUTION,10.0,09:27:27,2895.0,-4.46,14700,→
2026-05-18,4367,広栄化学,WEAK,CAUTION,10.0,09:27:42,2905.0,-4.13,14800,↑↑
2026-05-18,4367,広栄化学,WEAK,CAUTION,10.0,09:27:58,2905.0,-4.13,14800,→
2026-05-18,4367,広栄化学,WEAK,CAUTION,10.0,09:28:13,2894.0,-4.49,14900,↓↓
2026-05-18,4367,広栄化学,WEAK,CAUTION,10.0,09:28:28,2894.0,-4.49,14900,→
2026-05-18,4367,広栄化学,WEAK,CAUTION,10.0,09:28:43,2906.0,-4.09,15000,↑↑
2026-05-18,4367,広栄化学,WEAK,CAUTION,10.0,09:28:58,2915.0,-3.8,15100,↑↑
2026-05-18,4367,広栄化学,WEAK,CAUTION,10.0,09:29:14,2915.0,-3.8,15100,→
2026-05-18,4367,広栄化学,WEAK,CAUTION,10.0,09:29:29,2915.0,-3.8,15100,→
2026-05-18,4367,広栄化学,WEAK,CAUTION,10.0,09:29:44,2915.0,-3.8,15100,→
2026-05-18,4367,広栄化学,WEAK,CAUTION,10.0,09:29:59,2915.0,-3.8,15100,→
2026-05-18,9256,サクシード,WEAK,CAUTION,10.0,09:00:03,1724.0,0.0,0,→
2026-05-18,9256,サクシード,WEAK,CAUTION,10.0,09:00:18,1700.0,-1.39,13800,↓↓
2026-05-18,9256,サクシード,WEAK,CAUTION,10.0,09:00:33,1700.0,-1.39,13800,→
2026-05-18,9256,サクシード,WEAK,CAUTION,10.0,09:00:48,1656.0,-3.94,15800,↓↓
2026-05-18,9256,サクシード,WEAK,CAUTION,10.0,09:01:04,1656.0,-3.94,16000,→
2026-05-18,9256,サクシード,WEAK,CAUTION,10.0,09:01:19,1655.0,-4.0,16100,↓
2026-05-18,9256,サクシード,WEAK,CAUTION,10.0,09:01:34,1655.0,-4.0,16100,→
2026-05-18,9256,サクシード,WEAK,CAUTION,10.0,09:01:49,1575.0,-8.64,19000,↓↓
2026-05-18,9256,サクシード,WEAK,CAUTION,10.0,09:02:04,1575.0,-8.64,19000,→
2026-05-18,9256,サクシード,WEAK,CAUTION,10.0,09:02:20,1575.0,-8.64,19000,→
2026-05-18,9256,サクシード,WEAK,CAUTION,10.0,09:02:35,1575.0,-8.64,19000,→
2026-05-18,9256,サクシード,WEAK,CAUTION,10.0,09:02:50,1575.0,-8.64,19000,→
2026-05-18,9256,サクシード,WEAK,CAUTION,10.0,09:03:05,1575.0,-8.64,19000,→
2026-05-18,9256,サクシード,WEAK,CAUTION,10.0,09:03:20,1575.0,-8.64,19000,→
2026-05-18,9256,サクシード,WEAK,CAUTION,10.0,09:03:36,1550.0,-10.09,19800,↓↓
2026-05-18,9256,サクシード,WEAK,CAUTION,10.0,09:03:51,1550.0,-10.09,19800,→
2026-05-18,9256,サクシード,WEAK,CAUTION,10.0,09:04:06,1550.0,-10.09,19800,→
2026-05-18,9256,サクシード,WEAK,CAUTION,10.0,09:04:21,1550.0,-10.09,19800,→
2026-05-18,9256,サクシード,WEAK,CAUTION,10.0,09:04:37,1550.0,-10.09,19800,→
2026-05-18,9256,サクシード,WEAK,CAUTION,10.0,09:04:52,1551.0,-10.03,19900,↑
2026-05-18,9256,サクシード,WEAK,CAUTION,10.0,09:05:07,1551.0,-10.03,19900,→
2026-05-18,9256,サクシード,WEAK,CAUTION,10.0,09:05:22,1551.0,-10.03,20000,→
2026-05-18,9256,サクシード,WEAK,CAUTION,10.0,09:05:38,1551.0,-10.03,20000,→
2026-05-18,9256,サクシード,WEAK,CAUTION,10.0,09:05:53,1551.0,-10.03,20000,→
2026-05-18,9256,サクシード,WEAK,CAUTION,10.0,09:06:08,1551.0,-10.03,20000,→
2026-05-18,9256,サクシード,WEAK,CAUTION,10.0,09:06:23,1551.0,-10.03,20000,→
2026-05-18,9256,サクシード,WEAK,CAUTION,10.0,09:06:39,1551.0,-10.03,20000,→
2026-05-18,9256,サクシード,WEAK,CAUTION,10.0,09:06:54,1551.0,-10.03,20000,→
2026-05-18,9256,サクシード,WEAK,CAUTION,10.0,09:07:09,1551.0,-10.03,20000,→
2026-05-18,9256,サクシード,WEAK,CAUTION,10.0,09:07:24,1551.0,-10.03,20000,→
2026-05-18,9256,サクシード,WEAK,CAUTION,10.0,09:07:40,1551.0,-10.03,20000,→
2026-05-18,9256,サクシード,WEAK,CAUTION,10.0,09:07:55,1551.0,-10.03,20000,→
2026-05-18,9256,サクシード,WEAK,CAUTION,10.0,09:08:10,1551.0,-10.03,20000,→
2026-05-18,9256,サクシード,WEAK,CAUTION,10.0,09:08:25,1551.0,-10.03,20000,→
2026-05-18,9256,サクシード,WEAK,CAUTION,10.0,09:08:41,1551.0,-10.03,20000,→
2026-05-18,9256,サクシード,WEAK,CAUTION,10.0,09:08:56,1551.0,-10.03,20000,→
2026-05-18,9256,サクシード,WEAK,CAUTION,10.0,09:09:11,1551.0,-10.03,20000,→
2026-05-18,9256,サクシード,WEAK,CAUTION,10.0,09:09:26,1551.0,-10.03,20000,→
2026-05-18,9256,サクシード,WEAK,CAUTION,10.0,09:09:42,1566.0,-9.16,20100,↑↑
2026-05-18,9256,サクシード,WEAK,CAUTION,10.0,09:09:57,1556.0,-9.74,20600,↓↓
2026-05-18,9256,サクシード,WEAK,CAUTION,10.0,09:10:12,1556.0,-9.74,20600,→
2026-05-18,9256,サクシード,WEAK,CAUTION,10.0,09:10:27,1556.0,-9.74,20600,→
2026-05-18,9256,サクシード,WEAK,CAUTION,10.0,09:10:42,1556.0,-9.74,20600,→
2026-05-18,9256,サクシード,WEAK,CAUTION,10.0,09:10:58,1556.0,-9.74,20600,→
2026-05-18,9256,サクシード,WEAK,CAUTION,10.0,09:11:13,1556.0,-9.74,20600,→
2026-05-18,9256,サクシード,WEAK,CAUTION,10.0,09:11:28,1556.0,-9.74,20600,→
2026-05-18,9256,サクシード,WEAK,CAUTION,10.0,09:11:43,1556.0,-9.74,20600,→
2026-05-18,9256,サクシード,WEAK,CAUTION,10.0,09:11:58,1556.0,-9.74,20600,→
2026-05-18,9256,サクシード,WEAK,CAUTION,10.0,09:12:14,1556.0,-9.74,20600,→
2026-05-18,9256,サクシード,WEAK,CAUTION,10.0,09:12:29,1556.0,-9.74,20600,→
2026-05-18,9256,サクシード,WEAK,CAUTION,10.0,09:12:44,1556.0,-9.74,20600,→
2026-05-18,9256,サクシード,WEAK,CAUTION,10.0,09:12:59,1556.0,-9.74,20600,→
2026-05-18,9256,サクシード,WEAK,CAUTION,10.0,09:13:15,1556.0,-9.74,20600,→
2026-05-18,9256,サクシード,WEAK,CAUTION,10.0,09:13:30,1556.0,-9.74,20600,→
2026-05-18,9256,サクシード,WEAK,CAUTION,10.0,09:13:45,1556.0,-9.74,20600,→
2026-05-18,9256,サクシード,WEAK,CAUTION,10.0,09:14:00,1636.0,-5.1,21200,↑↑
2026-05-18,9256,サクシード,WEAK,CAUTION,10.0,09:14:16,1636.0,-5.1,21200,→
2026-05-18,9256,サクシード,WEAK,CAUTION,10.0,09:14:31,1634.0,-5.22,21500,↓
2026-05-18,9256,サクシード,WEAK,CAUTION,10.0,09:14:46,1598.0,-7.31,21600,↓↓
2026-05-18,9256,サクシード,WEAK,CAUTION,10.0,09:15:01,1598.0,-7.31,21600,→
2026-05-18,9256,サクシード,WEAK,CAUTION,10.0,09:15:16,1598.0,-7.31,21600,→
2026-05-18,9256,サクシード,WEAK,CAUTION,10.0,09:15:32,1598.0,-7.31,21600,→
2026-05-18,9256,サクシード,WEAK,CAUTION,10.0,09:15:47,1598.0,-7.31,21600,→
2026-05-18,9256,サクシード,WEAK,CAUTION,10.0,09:16:02,1598.0,-7.31,21600,→
2026-05-18,9256,サクシード,WEAK,CAUTION,10.0,09:16:17,1598.0,-7.31,21600,→
2026-05-18,9256,サクシード,WEAK,CAUTION,10.0,09:16:32,1598.0,-7.31,21600,→
2026-05-18,9256,サクシード,WEAK,CAUTION,10.0,09:16:48,1598.0,-7.31,21600,→
2026-05-18,9256,サクシード,WEAK,CAUTION,10.0,09:17:03,1604.0,-6.96,21700,↑↑
2026-05-18,9256,サクシード,WEAK,CAUTION,10.0,09:17:18,1604.0,-6.96,21700,→
2026-05-18,9256,サクシード,WEAK,CAUTION,10.0,09:17:33,1605.0,-6.9,21900,↑
2026-05-18,9256,サクシード,WEAK,CAUTION,10.0,09:17:48,1590.0,-7.77,22100,↓↓
2026-05-18,9256,サクシード,WEAK,CAUTION,10.0,09:18:04,1590.0,-7.77,22100,→
2026-05-18,9256,サクシード,WEAK,CAUTION,10.0,09:18:19,1557.0,-9.69,22700,↓↓
2026-05-18,9256,サクシード,WEAK,CAUTION,10.0,09:18:34,1557.0,-9.69,22700,→
2026-05-18,9256,サクシード,WEAK,CAUTION,10.0,09:18:49,1557.0,-9.69,22700,→
2026-05-18,9256,サクシード,WEAK,CAUTION,10.0,09:19:04,1557.0,-9.69,22700,→
2026-05-18,9256,サクシード,WEAK,CAUTION,10.0,09:19:20,1557.0,-9.69,22700,→
2026-05-18,9256,サクシード,WEAK,CAUTION,10.0,09:19:35,1557.0,-9.69,22700,→
2026-05-18,9256,サクシード,WEAK,CAUTION,10.0,09:19:50,1557.0,-9.69,22700,→
2026-05-18,9256,サクシード,WEAK,CAUTION,10.0,09:20:05,1557.0,-9.69,22700,→
2026-05-18,9256,サクシード,WEAK,CAUTION,10.0,09:20:20,1557.0,-9.69,22700,→
2026-05-18,9256,サクシード,WEAK,CAUTION,10.0,09:20:36,1557.0,-9.69,22700,→
2026-05-18,9256,サクシード,WEAK,CAUTION,10.0,09:20:51,1557.0,-9.69,22700,→
2026-05-18,9256,サクシード,WEAK,CAUTION,10.0,09:21:06,1557.0,-9.69,22700,→
2026-05-18,9256,サクシード,WEAK,CAUTION,10.0,09:21:21,1557.0,-9.69,22700,→
2026-05-18,9256,サクシード,WEAK,CAUTION,10.0,09:21:36,1557.0,-9.69,22700,→
2026-05-18,9256,サクシード,WEAK,CAUTION,10.0,09:21:52,1557.0,-9.69,22700,→
2026-05-18,9256,サクシード,WEAK,CAUTION,10.0,09:22:07,1557.0,-9.69,22700,→
2026-05-18,9256,サクシード,WEAK,CAUTION,10.0,09:22:22,1557.0,-9.69,22700,→
2026-05-18,9256,サクシード,WEAK,CAUTION,10.0,09:22:37,1557.0,-9.69,22700,→
2026-05-18,9256,サクシード,WEAK,CAUTION,10.0,09:22:53,1561.0,-9.45,22800,↑↑
2026-05-18,9256,サクシード,WEAK,CAUTION,10.0,09:23:08,1561.0,-9.45,22800,→
2026-05-18,9256,サクシード,WEAK,CAUTION,10.0,09:23:23,1561.0,-9.45,22800,→
2026-05-18,9256,サクシード,WEAK,CAUTION,10.0,09:23:38,1600.0,-7.19,23800,↑↑
2026-05-18,9256,サクシード,WEAK,CAUTION,10.0,09:23:53,1600.0,-7.19,23800,→
2026-05-18,9256,サクシード,WEAK,CAUTION,10.0,09:24:09,1600.0,-7.19,23800,→
2026-05-18,9256,サクシード,WEAK,CAUTION,10.0,09:24:24,1600.0,-7.19,23800,→
2026-05-18,9256,サクシード,WEAK,CAUTION,10.0,09:24:40,1600.0,-7.19,23800,→
2026-05-18,9256,サクシード,WEAK,CAUTION,10.0,09:24:55,1600.0,-7.19,23800,→
2026-05-18,9256,サクシード,WEAK,CAUTION,10.0,09:25:10,1600.0,-7.19,23800,→
2026-05-18,9256,サクシード,WEAK,CAUTION,10.0,09:25:25,1600.0,-7.19,23800,→
2026-05-18,9256,サクシード,WEAK,CAUTION,10.0,09:25:41,1600.0,-7.19,23800,→
2026-05-18,9256,サクシード,WEAK,CAUTION,10.0,09:25:56,1600.0,-7.19,23800,→
2026-05-18,9256,サクシード,WEAK,CAUTION,10.0,09:26:11,1600.0,-7.19,23800,→
2026-05-18,9256,サクシード,WEAK,CAUTION,10.0,09:26:26,1605.0,-6.9,24200,↑↑
2026-05-18,9256,サクシード,WEAK,CAUTION,10.0,09:26:42,1605.0,-6.9,24200,→
2026-05-18,9256,サクシード,WEAK,CAUTION,10.0,09:26:57,1605.0,-6.9,24200,→
2026-05-18,9256,サクシード,WEAK,CAUTION,10.0,09:27:12,1605.0,-6.9,24200,→
2026-05-18,9256,サクシード,WEAK,CAUTION,10.0,09:27:27,1605.0,-6.9,24200,→
2026-05-18,9256,サクシード,WEAK,CAUTION,10.0,09:27:42,1605.0,-6.9,24200,→
2026-05-18,9256,サクシード,WEAK,CAUTION,10.0,09:27:58,1605.0,-6.9,24200,→
2026-05-18,9256,サクシード,WEAK,CAUTION,10.0,09:28:13,1605.0,-6.9,24200,→
2026-05-18,9256,サクシード,WEAK,CAUTION,10.0,09:28:28,1605.0,-6.9,24200,→
2026-05-18,9256,サクシード,WEAK,CAUTION,10.0,09:28:43,1645.0,-4.58,24300,↑↑
2026-05-18,9256,サクシード,WEAK,CAUTION,10.0,09:28:58,1645.0,-4.58,24300,→
2026-05-18,9256,サクシード,WEAK,CAUTION,10.0,09:29:14,1645.0,-4.58,24400,→
2026-05-18,9256,サクシード,WEAK,CAUTION,10.0,09:29:29,1646.0,-4.52,24600,↑
2026-05-18,9256,サクシード,WEAK,CAUTION,10.0,09:29:44,1646.0,-4.52,24700,→
2026-05-18,9256,サクシード,WEAK,CAUTION,10.0,09:29:59,1646.0,-4.52,24700,→
2026-05-18,4392,ＦＩＧ,WEAK,CAUTION,10.0,09:00:03,910.0,0.0,0,→
2026-05-18,4392,ＦＩＧ,WEAK,CAUTION,10.0,09:00:18,910.0,0.0,0,→
2026-05-18,4392,ＦＩＧ,WEAK,CAUTION,10.0,09:00:33,910.0,0.0,0,→
2026-05-18,4392,ＦＩＧ,WEAK,CAUTION,10.0,09:00:48,910.0,0.0,0,→
2026-05-18,4392,ＦＩＧ,WEAK,CAUTION,10.0,09:01:04,910.0,0.0,0,→
2026-05-18,4392,ＦＩＧ,WEAK,CAUTION,10.0,09:01:19,910.0,0.0,0,→
2026-05-18,4392,ＦＩＧ,WEAK,CAUTION,10.0,09:01:34,910.0,0.0,0,→
2026-05-18,4392,ＦＩＧ,WEAK,CAUTION,10.0,09:01:49,910.0,0.0,0,→
2026-05-18,4392,ＦＩＧ,WEAK,CAUTION,10.0,09:02:04,910.0,0.0,0,→
2026-05-18,4392,ＦＩＧ,WEAK,CAUTION,10.0,09:02:20,910.0,0.0,0,→
2026-05-18,4392,ＦＩＧ,WEAK,CAUTION,10.0,09:02:35,910.0,0.0,0,→
2026-05-18,4392,ＦＩＧ,WEAK,CAUTION,10.0,09:02:50,910.0,0.0,0,→
2026-05-18,4392,ＦＩＧ,WEAK,CAUTION,10.0,09:03:05,910.0,0.0,0,→
2026-05-18,4392,ＦＩＧ,WEAK,CAUTION,10.0,09:03:20,910.0,0.0,0,→
2026-05-18,4392,ＦＩＧ,WEAK,CAUTION,10.0,09:03:36,910.0,0.0,0,→
2026-05-18,4392,ＦＩＧ,WEAK,CAUTION,10.0,09:03:51,910.0,0.0,0,→
2026-05-18,4392,ＦＩＧ,WEAK,CAUTION,10.0,09:04:06,910.0,0.0,0,→
2026-05-18,4392,ＦＩＧ,WEAK,CAUTION,10.0,09:04:21,910.0,0.0,0,→
2026-05-18,4392,ＦＩＧ,WEAK,CAUTION,10.0,09:04:37,910.0,0.0,0,→
2026-05-18,4392,ＦＩＧ,WEAK,CAUTION,10.0,09:04:52,910.0,0.0,0,→
2026-05-18,4392,ＦＩＧ,WEAK,CAUTION,10.0,09:05:07,910.0,0.0,0,→
2026-05-18,4392,ＦＩＧ,WEAK,CAUTION,10.0,09:05:22,910.0,0.0,0,→
2026-05-18,4392,ＦＩＧ,WEAK,CAUTION,10.0,09:05:38,910.0,0.0,0,→
2026-05-18,4392,ＦＩＧ,WEAK,CAUTION,10.0,09:05:53,910.0,0.0,0,→
2026-05-18,4392,ＦＩＧ,WEAK,CAUTION,10.0,09:06:08,910.0,0.0,0,→
2026-05-18,4392,ＦＩＧ,WEAK,CAUTION,10.0,09:06:23,910.0,0.0,0,→
2026-05-18,4392,ＦＩＧ,WEAK,CAUTION,10.0,09:06:39,910.0,0.0,0,→
2026-05-18,4392,ＦＩＧ,WEAK,CAUTION,10.0,09:06:54,910.0,0.0,0,→
2026-05-18,4392,ＦＩＧ,WEAK,CAUTION,10.0,09:07:09,910.0,0.0,0,→
2026-05-18,4392,ＦＩＧ,WEAK,CAUTION,10.0,09:07:24,910.0,0.0,0,→
2026-05-18,4392,ＦＩＧ,WEAK,CAUTION,10.0,09:07:40,910.0,0.0,0,→
2026-05-18,4392,ＦＩＧ,WEAK,CAUTION,10.0,09:07:55,910.0,0.0,0,→
2026-05-18,4392,ＦＩＧ,WEAK,CAUTION,10.0,09:08:10,910.0,0.0,0,→
2026-05-18,4392,ＦＩＧ,WEAK,CAUTION,10.0,09:08:25,910.0,0.0,0,→
2026-05-18,4392,ＦＩＧ,WEAK,CAUTION,10.0,09:08:41,910.0,0.0,0,→
2026-05-18,4392,ＦＩＧ,WEAK,CAUTION,10.0,09:08:56,910.0,0.0,0,→
2026-05-18,4392,ＦＩＧ,WEAK,CAUTION,10.0,09:09:11,910.0,0.0,0,→
2026-05-18,4392,ＦＩＧ,WEAK,CAUTION,10.0,09:09:26,910.0,0.0,0,→
2026-05-18,4392,ＦＩＧ,WEAK,CAUTION,10.0,09:09:42,910.0,0.0,0,→
2026-05-18,4392,ＦＩＧ,WEAK,CAUTION,10.0,09:09:57,910.0,0.0,0,→
2026-05-18,4392,ＦＩＧ,WEAK,CAUTION,10.0,09:10:12,910.0,0.0,0,→
2026-05-18,4392,ＦＩＧ,WEAK,CAUTION,10.0,09:10:27,910.0,0.0,0,→
2026-05-18,4392,ＦＩＧ,WEAK,CAUTION,10.0,09:10:42,910.0,0.0,0,→
2026-05-18,4392,ＦＩＧ,WEAK,CAUTION,10.0,09:10:58,910.0,0.0,0,→
2026-05-18,4392,ＦＩＧ,WEAK,CAUTION,10.0,09:11:13,910.0,0.0,0,→
2026-05-18,4392,ＦＩＧ,WEAK,CAUTION,10.0,09:11:28,910.0,0.0,0,→
2026-05-18,4392,ＦＩＧ,WEAK,CAUTION,10.0,09:11:43,910.0,0.0,0,→
2026-05-18,4392,ＦＩＧ,WEAK,CAUTION,10.0,09:11:58,910.0,0.0,0,→
2026-05-18,4392,ＦＩＧ,WEAK,CAUTION,10.0,09:12:14,910.0,0.0,0,→
2026-05-18,4392,ＦＩＧ,WEAK,CAUTION,10.0,09:12:29,910.0,0.0,0,→
2026-05-18,4392,ＦＩＧ,WEAK,CAUTION,10.0,09:12:44,910.0,0.0,0,→
2026-05-18,4392,ＦＩＧ,WEAK,CAUTION,10.0,09:12:59,910.0,0.0,0,→
2026-05-18,4392,ＦＩＧ,WEAK,CAUTION,10.0,09:13:15,910.0,0.0,0,→
2026-05-18,4392,ＦＩＧ,WEAK,CAUTION,10.0,09:13:30,910.0,0.0,0,→
2026-05-18,4392,ＦＩＧ,WEAK,CAUTION,10.0,09:13:45,910.0,0.0,0,→
2026-05-18,4392,ＦＩＧ,WEAK,CAUTION,10.0,09:14:00,910.0,0.0,0,→
2026-05-18,4392,ＦＩＧ,WEAK,CAUTION,10.0,09:14:16,910.0,0.0,0,→
2026-05-18,4392,ＦＩＧ,WEAK,CAUTION,10.0,09:14:31,910.0,0.0,0,→
2026-05-18,4392,ＦＩＧ,WEAK,CAUTION,10.0,09:14:46,910.0,0.0,0,→
2026-05-18,4392,ＦＩＧ,WEAK,CAUTION,10.0,09:15:01,910.0,0.0,0,→
2026-05-18,4392,ＦＩＧ,WEAK,CAUTION,10.0,09:15:16,910.0,0.0,0,→
2026-05-18,4392,ＦＩＧ,WEAK,CAUTION,10.0,09:15:32,910.0,0.0,0,→
2026-05-18,4392,ＦＩＧ,WEAK,CAUTION,10.0,09:15:47,910.0,0.0,0,→
2026-05-18,4392,ＦＩＧ,WEAK,CAUTION,10.0,09:16:02,910.0,0.0,0,→
2026-05-18,4392,ＦＩＧ,WEAK,CAUTION,10.0,09:16:17,910.0,0.0,0,→
2026-05-18,4392,ＦＩＧ,WEAK,CAUTION,10.0,09:16:32,910.0,0.0,0,→
2026-05-18,4392,ＦＩＧ,WEAK,CAUTION,10.0,09:16:48,910.0,0.0,0,→
2026-05-18,4392,ＦＩＧ,WEAK,CAUTION,10.0,09:17:03,910.0,0.0,0,→
2026-05-18,4392,ＦＩＧ,WEAK,CAUTION,10.0,09:17:18,910.0,0.0,0,→
2026-05-18,4392,ＦＩＧ,WEAK,CAUTION,10.0,09:17:33,910.0,0.0,0,→
2026-05-18,4392,ＦＩＧ,WEAK,CAUTION,10.0,09:17:48,910.0,0.0,0,→
2026-05-18,4392,ＦＩＧ,WEAK,CAUTION,10.0,09:18:04,910.0,0.0,0,→
2026-05-18,4392,ＦＩＧ,WEAK,CAUTION,10.0,09:18:19,910.0,0.0,0,→
2026-05-18,4392,ＦＩＧ,WEAK,CAUTION,10.0,09:18:34,910.0,0.0,0,→
2026-05-18,4392,ＦＩＧ,WEAK,CAUTION,10.0,09:18:49,910.0,0.0,0,→
2026-05-18,4392,ＦＩＧ,WEAK,CAUTION,10.0,09:19:04,910.0,0.0,0,→
2026-05-18,4392,ＦＩＧ,WEAK,CAUTION,10.0,09:19:20,910.0,0.0,0,→
2026-05-18,4392,ＦＩＧ,WEAK,CAUTION,10.0,09:19:35,910.0,0.0,0,→
2026-05-18,4392,ＦＩＧ,WEAK,CAUTION,10.0,09:19:50,910.0,0.0,0,→
2026-05-18,4392,ＦＩＧ,WEAK,CAUTION,10.0,09:20:05,910.0,0.0,0,→
2026-05-18,4392,ＦＩＧ,WEAK,CAUTION,10.0,09:20:20,910.0,0.0,0,→
2026-05-18,4392,ＦＩＧ,WEAK,CAUTION,10.0,09:20:36,910.0,0.0,0,→
2026-05-18,4392,ＦＩＧ,WEAK,CAUTION,10.0,09:20:51,910.0,0.0,0,→
2026-05-18,4392,ＦＩＧ,WEAK,CAUTION,10.0,09:21:06,910.0,0.0,0,→
2026-05-18,4392,ＦＩＧ,WEAK,CAUTION,10.0,09:21:21,910.0,0.0,0,→
2026-05-18,4392,ＦＩＧ,WEAK,CAUTION,10.0,09:21:36,910.0,0.0,0,→
2026-05-18,4392,ＦＩＧ,WEAK,CAUTION,10.0,09:21:52,910.0,0.0,0,→
2026-05-18,4392,ＦＩＧ,WEAK,CAUTION,10.0,09:22:07,910.0,0.0,0,→
2026-05-18,4392,ＦＩＧ,WEAK,CAUTION,10.0,09:22:22,910.0,0.0,0,→
2026-05-18,4392,ＦＩＧ,WEAK,CAUTION,10.0,09:22:37,910.0,0.0,0,→
2026-05-18,4392,ＦＩＧ,WEAK,CAUTION,10.0,09:22:53,910.0,0.0,0,→
2026-05-18,4392,ＦＩＧ,WEAK,CAUTION,10.0,09:23:08,910.0,0.0,0,→
2026-05-18,4392,ＦＩＧ,WEAK,CAUTION,10.0,09:23:23,910.0,0.0,0,→
2026-05-18,4392,ＦＩＧ,WEAK,CAUTION,10.0,09:23:38,910.0,0.0,0,→
2026-05-18,4392,ＦＩＧ,WEAK,CAUTION,10.0,09:23:53,910.0,0.0,0,→
2026-05-18,4392,ＦＩＧ,WEAK,CAUTION,10.0,09:24:09,910.0,0.0,0,→
2026-05-18,4392,ＦＩＧ,WEAK,CAUTION,10.0,09:24:24,910.0,0.0,0,→
2026-05-18,4392,ＦＩＧ,WEAK,CAUTION,10.0,09:24:40,910.0,0.0,0,→
2026-05-18,4392,ＦＩＧ,WEAK,CAUTION,10.0,09:24:55,910.0,0.0,0,→
2026-05-18,4392,ＦＩＧ,WEAK,CAUTION,10.0,09:25:10,910.0,0.0,0,→
2026-05-18,4392,ＦＩＧ,WEAK,CAUTION,10.0,09:25:25,910.0,0.0,0,→
2026-05-18,4392,ＦＩＧ,WEAK,CAUTION,10.0,09:25:41,910.0,0.0,0,→
2026-05-18,4392,ＦＩＧ,WEAK,CAUTION,10.0,09:25:56,910.0,0.0,0,→
2026-05-18,4392,ＦＩＧ,WEAK,CAUTION,10.0,09:26:11,910.0,0.0,0,→
2026-05-18,4392,ＦＩＧ,WEAK,CAUTION,10.0,09:26:26,910.0,0.0,0,→
2026-05-18,4392,ＦＩＧ,WEAK,CAUTION,10.0,09:26:42,910.0,0.0,0,→
2026-05-18,4392,ＦＩＧ,WEAK,CAUTION,10.0,09:26:57,910.0,0.0,0,→
2026-05-18,4392,ＦＩＧ,WEAK,CAUTION,10.0,09:27:12,910.0,0.0,0,→
2026-05-18,4392,ＦＩＧ,WEAK,CAUTION,10.0,09:27:27,910.0,0.0,0,→
2026-05-18,4392,ＦＩＧ,WEAK,CAUTION,10.0,09:27:42,910.0,0.0,0,→
2026-05-18,4392,ＦＩＧ,WEAK,CAUTION,10.0,09:27:58,910.0,0.0,0,→
2026-05-18,4392,ＦＩＧ,WEAK,CAUTION,10.0,09:28:13,910.0,0.0,0,→
2026-05-18,4392,ＦＩＧ,WEAK,CAUTION,10.0,09:28:28,910.0,0.0,0,→
2026-05-18,4392,ＦＩＧ,WEAK,CAUTION,10.0,09:28:43,910.0,0.0,0,→
2026-05-18,4392,ＦＩＧ,WEAK,CAUTION,10.0,09:28:58,910.0,0.0,0,→
2026-05-18,4392,ＦＩＧ,WEAK,CAUTION,10.0,09:29:14,910.0,0.0,0,→
2026-05-18,4392,ＦＩＧ,WEAK,CAUTION,10.0,09:29:29,910.0,0.0,0,→
2026-05-18,4392,ＦＩＧ,WEAK,CAUTION,10.0,09:29:44,910.0,0.0,0,→
2026-05-18,4392,ＦＩＧ,WEAK,CAUTION,10.0,09:29:59,910.0,0.0,0,→
2026-05-18,7490,日新商事,WEAK,CAUTION,10.0,09:00:03,2205.0,0.0,13400,→
2026-05-18,7490,日新商事,WEAK,CAUTION,10.0,09:00:18,2205.0,0.0,13400,→
2026-05-18,7490,日新商事,WEAK,CAUTION,10.0,09:00:33,2205.0,0.0,13400,→
2026-05-18,7490,日新商事,WEAK,CAUTION,10.0,09:00:48,2205.0,0.0,13400,→
2026-05-18,7490,日新商事,WEAK,CAUTION,10.0,09:01:04,2205.0,0.0,13400,→
2026-05-18,7490,日新商事,WEAK,CAUTION,10.0,09:01:19,2205.0,0.0,13400,→
2026-05-18,7490,日新商事,WEAK,CAUTION,10.0,09:01:34,2206.0,0.05,14900,↑
2026-05-18,7490,日新商事,WEAK,CAUTION,10.0,09:01:49,2206.0,0.05,14900,→
2026-05-18,7490,日新商事,WEAK,CAUTION,10.0,09:02:04,2206.0,0.05,14900,→
2026-05-18,7490,日新商事,WEAK,CAUTION,10.0,09:02:20,2206.0,0.05,14900,→
2026-05-18,7490,日新商事,WEAK,CAUTION,10.0,09:02:35,2206.0,0.05,14900,→
2026-05-18,7490,日新商事,WEAK,CAUTION,10.0,09:02:50,2206.0,0.05,14900,→
2026-05-18,7490,日新商事,WEAK,CAUTION,10.0,09:03:05,2206.0,0.05,14900,→
2026-05-18,7490,日新商事,WEAK,CAUTION,10.0,09:03:20,2206.0,0.05,14900,→
2026-05-18,7490,日新商事,WEAK,CAUTION,10.0,09:03:36,2206.0,0.05,14900,→
2026-05-18,7490,日新商事,WEAK,CAUTION,10.0,09:03:51,2206.0,0.05,14900,→
2026-05-18,7490,日新商事,WEAK,CAUTION,10.0,09:04:06,2206.0,0.05,14900,→
2026-05-18,7490,日新商事,WEAK,CAUTION,10.0,09:04:21,2206.0,0.05,14900,→
2026-05-18,7490,日新商事,WEAK,CAUTION,10.0,09:04:37,2206.0,0.05,14900,→
2026-05-18,7490,日新商事,WEAK,CAUTION,10.0,09:04:52,2206.0,0.05,14900,→
2026-05-18,7490,日新商事,WEAK,CAUTION,10.0,09:05:07,2206.0,0.05,14900,→
2026-05-18,7490,日新商事,WEAK,CAUTION,10.0,09:05:22,2206.0,0.05,14900,→
2026-05-18,7490,日新商事,WEAK,CAUTION,10.0,09:05:38,2206.0,0.05,14900,→
2026-05-18,7490,日新商事,WEAK,CAUTION,10.0,09:05:53,2206.0,0.05,14900,→
2026-05-18,7490,日新商事,WEAK,CAUTION,10.0,09:06:08,2206.0,0.05,14900,→
2026-05-18,7490,日新商事,WEAK,CAUTION,10.0,09:06:23,2205.0,0.0,15000,↓
2026-05-18,7490,日新商事,WEAK,CAUTION,10.0,09:06:39,2205.0,0.0,15000,→
2026-05-18,7490,日新商事,WEAK,CAUTION,10.0,09:06:54,2205.0,0.0,15000,→
2026-05-18,7490,日新商事,WEAK,CAUTION,10.0,09:07:09,2205.0,0.0,15000,→
2026-05-18,7490,日新商事,WEAK,CAUTION,10.0,09:07:24,2205.0,0.0,15000,→
2026-05-18,7490,日新商事,WEAK,CAUTION,10.0,09:07:40,2205.0,0.0,15000,→
2026-05-18,7490,日新商事,WEAK,CAUTION,10.0,09:07:55,2205.0,0.0,15000,→
2026-05-18,7490,日新商事,WEAK,CAUTION,10.0,09:08:10,2205.0,0.0,15000,→
2026-05-18,7490,日新商事,WEAK,CAUTION,10.0,09:08:25,2205.0,0.0,15000,→
2026-05-18,7490,日新商事,WEAK,CAUTION,10.0,09:08:41,2205.0,0.0,15200,→
2026-05-18,7490,日新商事,WEAK,CAUTION,10.0,09:08:56,2205.0,0.0,15300,→
2026-05-18,7490,日新商事,WEAK,CAUTION,10.0,09:09:11,2205.0,0.0,15400,→
2026-05-18,7490,日新商事,WEAK,CAUTION,10.0,09:09:26,2205.0,0.0,15400,→
2026-05-18,7490,日新商事,WEAK,CAUTION,10.0,09:09:42,2205.0,0.0,15400,→
2026-05-18,7490,日新商事,WEAK,CAUTION,10.0,09:09:57,2205.0,0.0,15400,→
2026-05-18,7490,日新商事,WEAK,CAUTION,10.0,09:10:12,2205.0,0.0,15400,→
2026-05-18,7490,日新商事,WEAK,CAUTION,10.0,09:10:27,2205.0,0.0,15400,→
2026-05-18,7490,日新商事,WEAK,CAUTION,10.0,09:10:42,2205.0,0.0,15400,→
2026-05-18,7490,日新商事,WEAK,CAUTION,10.0,09:10:58,2205.0,0.0,15400,→
2026-05-18,7490,日新商事,WEAK,CAUTION,10.0,09:11:13,2205.0,0.0,15400,→
2026-05-18,7490,日新商事,WEAK,CAUTION,10.0,09:11:28,2205.0,0.0,15400,→
2026-05-18,7490,日新商事,WEAK,CAUTION,10.0,09:11:43,2205.0,0.0,15400,→
2026-05-18,7490,日新商事,WEAK,CAUTION,10.0,09:11:58,2205.0,0.0,15400,→
2026-05-18,7490,日新商事,WEAK,CAUTION,10.0,09:12:14,2205.0,0.0,15400,→
2026-05-18,7490,日新商事,WEAK,CAUTION,10.0,09:12:29,2205.0,0.0,15400,→
2026-05-18,7490,日新商事,WEAK,CAUTION,10.0,09:12:44,2205.0,0.0,15400,→
2026-05-18,7490,日新商事,WEAK,CAUTION,10.0,09:12:59,2205.0,0.0,15400,→
2026-05-18,7490,日新商事,WEAK,CAUTION,10.0,09:13:15,2205.0,0.0,15400,→
2026-05-18,7490,日新商事,WEAK,CAUTION,10.0,09:13:30,2205.0,0.0,15400,→
2026-05-18,7490,日新商事,WEAK,CAUTION,10.0,09:13:45,2205.0,0.0,15400,→
2026-05-18,7490,日新商事,WEAK,CAUTION,10.0,09:14:00,2205.0,0.0,15400,→
2026-05-18,7490,日新商事,WEAK,CAUTION,10.0,09:14:16,2205.0,0.0,15700,→
2026-05-18,7490,日新商事,WEAK,CAUTION,10.0,09:14:31,2206.0,0.05,15800,↑
2026-05-18,7490,日新商事,WEAK,CAUTION,10.0,09:14:46,2206.0,0.05,15800,→
2026-05-18,7490,日新商事,WEAK,CAUTION,10.0,09:15:01,2206.0,0.05,15800,→
2026-05-18,7490,日新商事,WEAK,CAUTION,10.0,09:15:16,2206.0,0.05,15800,→
2026-05-18,7490,日新商事,WEAK,CAUTION,10.0,09:15:32,2206.0,0.05,15800,→
2026-05-18,7490,日新商事,WEAK,CAUTION,10.0,09:15:47,2206.0,0.05,15800,→
2026-05-18,7490,日新商事,WEAK,CAUTION,10.0,09:16:02,2206.0,0.05,15800,→
2026-05-18,7490,日新商事,WEAK,CAUTION,10.0,09:16:17,2206.0,0.05,15800,→
2026-05-18,7490,日新商事,WEAK,CAUTION,10.0,09:16:32,2206.0,0.05,15800,→
2026-05-18,7490,日新商事,WEAK,CAUTION,10.0,09:16:48,2206.0,0.05,15800,→
2026-05-18,7490,日新商事,WEAK,CAUTION,10.0,09:17:03,2206.0,0.05,15800,→
2026-05-18,7490,日新商事,WEAK,CAUTION,10.0,09:17:18,2206.0,0.05,15800,→
2026-05-18,7490,日新商事,WEAK,CAUTION,10.0,09:17:33,2206.0,0.05,15800,→
2026-05-18,7490,日新商事,WEAK,CAUTION,10.0,09:17:48,2206.0,0.05,15800,→
2026-05-18,7490,日新商事,WEAK,CAUTION,10.0,09:18:04,2206.0,0.05,15800,→
2026-05-18,7490,日新商事,WEAK,CAUTION,10.0,09:18:19,2206.0,0.05,15800,→
2026-05-18,7490,日新商事,WEAK,CAUTION,10.0,09:18:34,2206.0,0.05,15800,→
2026-05-18,7490,日新商事,WEAK,CAUTION,10.0,09:18:49,2206.0,0.05,15800,→
2026-05-18,7490,日新商事,WEAK,CAUTION,10.0,09:19:04,2206.0,0.05,15800,→
2026-05-18,7490,日新商事,WEAK,CAUTION,10.0,09:19:20,2206.0,0.05,15800,→
2026-05-18,7490,日新商事,WEAK,CAUTION,10.0,09:19:35,2206.0,0.05,15800,→
2026-05-18,7490,日新商事,WEAK,CAUTION,10.0,09:19:50,2206.0,0.05,15800,→
2026-05-18,7490,日新商事,WEAK,CAUTION,10.0,09:20:05,2206.0,0.05,15800,→
2026-05-18,7490,日新商事,WEAK,CAUTION,10.0,09:20:20,2206.0,0.05,15800,→
2026-05-18,7490,日新商事,WEAK,CAUTION,10.0,09:20:36,2206.0,0.05,15800,→
2026-05-18,7490,日新商事,WEAK,CAUTION,10.0,09:20:51,2206.0,0.05,15800,→
2026-05-18,7490,日新商事,WEAK,CAUTION,10.0,09:21:06,2206.0,0.05,15800,→
2026-05-18,7490,日新商事,WEAK,CAUTION,10.0,09:21:21,2206.0,0.05,15800,→
2026-05-18,7490,日新商事,WEAK,CAUTION,10.0,09:21:36,2206.0,0.05,15800,→
2026-05-18,7490,日新商事,WEAK,CAUTION,10.0,09:21:52,2206.0,0.05,15800,→
2026-05-18,7490,日新商事,WEAK,CAUTION,10.0,09:22:07,2206.0,0.05,15800,→
2026-05-18,7490,日新商事,WEAK,CAUTION,10.0,09:22:22,2205.0,0.0,16000,↓
2026-05-18,7490,日新商事,WEAK,CAUTION,10.0,09:22:37,2205.0,0.0,16000,→
2026-05-18,7490,日新商事,WEAK,CAUTION,10.0,09:22:53,2205.0,0.0,16000,→
2026-05-18,7490,日新商事,WEAK,CAUTION,10.0,09:23:08,2205.0,0.0,16000,→
2026-05-18,7490,日新商事,WEAK,CAUTION,10.0,09:23:23,2205.0,0.0,16000,→
2026-05-18,7490,日新商事,WEAK,CAUTION,10.0,09:23:38,2205.0,0.0,16100,→
2026-05-18,7490,日新商事,WEAK,CAUTION,10.0,09:23:53,2205.0,0.0,16200,→
2026-05-18,7490,日新商事,WEAK,CAUTION,10.0,09:24:09,2205.0,0.0,16300,→
2026-05-18,7490,日新商事,WEAK,CAUTION,10.0,09:24:24,2205.0,0.0,16300,→
2026-05-18,7490,日新商事,WEAK,CAUTION,10.0,09:24:40,2205.0,0.0,16300,→
2026-05-18,7490,日新商事,WEAK,CAUTION,10.0,09:24:55,2205.0,0.0,16300,→
2026-05-18,7490,日新商事,WEAK,CAUTION,10.0,09:25:10,2205.0,0.0,16500,→
2026-05-18,7490,日新商事,WEAK,CAUTION,10.0,09:25:25,2205.0,0.0,17000,→
2026-05-18,7490,日新商事,WEAK,CAUTION,10.0,09:25:41,2205.0,0.0,17000,→
2026-05-18,7490,日新商事,WEAK,CAUTION,10.0,09:25:56,2205.0,0.0,17000,→
2026-05-18,7490,日新商事,WEAK,CAUTION,10.0,09:26:11,2205.0,0.0,17000,→
2026-05-18,7490,日新商事,WEAK,CAUTION,10.0,09:26:26,2205.0,0.0,17000,→
2026-05-18,7490,日新商事,WEAK,CAUTION,10.0,09:26:42,2205.0,0.0,17000,→
2026-05-18,7490,日新商事,WEAK,CAUTION,10.0,09:26:57,2205.0,0.0,17000,→
2026-05-18,7490,日新商事,WEAK,CAUTION,10.0,09:27:12,2206.0,0.05,18500,↑
2026-05-18,7490,日新商事,WEAK,CAUTION,10.0,09:27:27,2206.0,0.05,18500,→
2026-05-18,7490,日新商事,WEAK,CAUTION,10.0,09:27:42,2206.0,0.05,18500,→
2026-05-18,7490,日新商事,WEAK,CAUTION,10.0,09:27:58,2206.0,0.05,18500,→
2026-05-18,7490,日新商事,WEAK,CAUTION,10.0,09:28:13,2206.0,0.05,18500,→
2026-05-18,7490,日新商事,WEAK,CAUTION,10.0,09:28:28,2206.0,0.05,18500,→
2026-05-18,7490,日新商事,WEAK,CAUTION,10.0,09:28:43,2206.0,0.05,18500,→
2026-05-18,7490,日新商事,WEAK,CAUTION,10.0,09:28:58,2206.0,0.05,18500,→
2026-05-18,7490,日新商事,WEAK,CAUTION,10.0,09:29:14,2205.0,0.0,19200,↓
2026-05-18,7490,日新商事,WEAK,CAUTION,10.0,09:29:29,2205.0,0.0,19200,→
2026-05-18,7490,日新商事,WEAK,CAUTION,10.0,09:29:44,2205.0,0.0,19200,→
2026-05-18,7490,日新商事,WEAK,CAUTION,10.0,09:29:59,2205.0,0.0,19200,→
2026-05-18,3936,グローバルウェイ,WEAK,CAUTION,10.0,09:00:03,166.0,3.11,116900,→
2026-05-18,3936,グローバルウェイ,WEAK,CAUTION,10.0,09:00:18,169.0,4.97,157100,↑↑
2026-05-18,3936,グローバルウェイ,WEAK,CAUTION,10.0,09:00:33,169.0,4.97,226000,→
2026-05-18,3936,グローバルウェイ,WEAK,CAUTION,10.0,09:00:48,167.0,3.73,267000,↓↓
2026-05-18,3936,グローバルウェイ,WEAK,CAUTION,10.0,09:01:04,166.0,3.11,288100,↓↓
2026-05-18,3936,グローバルウェイ,WEAK,CAUTION,10.0,09:01:19,168.0,4.35,354500,↑↑
2026-05-18,3936,グローバルウェイ,WEAK,CAUTION,10.0,09:01:34,168.0,4.35,399600,→
2026-05-18,3936,グローバルウェイ,WEAK,CAUTION,10.0,09:01:49,168.0,4.35,404500,→
2026-05-18,3936,グローバルウェイ,WEAK,CAUTION,10.0,09:02:04,168.0,4.35,415800,→
2026-05-18,3936,グローバルウェイ,WEAK,CAUTION,10.0,09:02:20,170.0,5.59,491300,↑↑
2026-05-18,3936,グローバルウェイ,WEAK,CAUTION,10.0,09:02:35,170.0,5.59,511400,→
2026-05-18,3936,グローバルウェイ,WEAK,CAUTION,10.0,09:02:50,167.0,3.73,553300,↓↓
2026-05-18,3936,グローバルウェイ,WEAK,CAUTION,10.0,09:03:05,166.0,3.11,569100,↓↓
2026-05-18,3936,グローバルウェイ,WEAK,CAUTION,10.0,09:03:20,166.0,3.11,584100,→
2026-05-18,3936,グローバルウェイ,WEAK,CAUTION,10.0,09:03:36,167.0,3.73,628200,↑↑
2026-05-18,3936,グローバルウェイ,WEAK,CAUTION,10.0,09:03:51,167.0,3.73,630500,→
2026-05-18,3936,グローバルウェイ,WEAK,CAUTION,10.0,09:04:06,167.0,3.73,637400,→
2026-05-18,3936,グローバルウェイ,WEAK,CAUTION,10.0,09:04:21,167.0,3.73,639000,→
2026-05-18,3936,グローバルウェイ,WEAK,CAUTION,10.0,09:04:37,167.0,3.73,639100,→
2026-05-18,3936,グローバルウェイ,WEAK,CAUTION,10.0,09:04:52,167.0,3.73,639100,→
2026-05-18,3936,グローバルウェイ,WEAK,CAUTION,10.0,09:05:07,166.0,3.11,645300,↓↓
2026-05-18,3936,グローバルウェイ,WEAK,CAUTION,10.0,09:05:22,165.0,2.48,690700,↓↓
2026-05-18,3936,グローバルウェイ,WEAK,CAUTION,10.0,09:05:38,166.0,3.11,699400,↑↑
2026-05-18,3936,グローバルウェイ,WEAK,CAUTION,10.0,09:05:53,167.0,3.73,703800,↑↑
2026-05-18,3936,グローバルウェイ,WEAK,CAUTION,10.0,09:06:08,167.0,3.73,718500,→
2026-05-18,3936,グローバルウェイ,WEAK,CAUTION,10.0,09:06:23,166.0,3.11,718800,↓↓
2026-05-18,3936,グローバルウェイ,WEAK,CAUTION,10.0,09:06:39,167.0,3.73,722400,↑↑
2026-05-18,3936,グローバルウェイ,WEAK,CAUTION,10.0,09:06:54,166.0,3.11,725200,↓↓
2026-05-18,3936,グローバルウェイ,WEAK,CAUTION,10.0,09:07:09,167.0,3.73,725500,↑↑
2026-05-18,3936,グローバルウェイ,WEAK,CAUTION,10.0,09:07:24,165.0,2.48,742100,↓↓
2026-05-18,3936,グローバルウェイ,WEAK,CAUTION,10.0,09:07:40,165.0,2.48,743300,→
2026-05-18,3936,グローバルウェイ,WEAK,CAUTION,10.0,09:07:55,165.0,2.48,744700,→
2026-05-18,3936,グローバルウェイ,WEAK,CAUTION,10.0,09:08:10,165.0,2.48,751000,→
2026-05-18,3936,グローバルウェイ,WEAK,CAUTION,10.0,09:08:25,165.0,2.48,751500,→
2026-05-18,3936,グローバルウェイ,WEAK,CAUTION,10.0,09:08:41,164.0,1.86,757400,↓↓
2026-05-18,3936,グローバルウェイ,WEAK,CAUTION,10.0,09:08:56,165.0,2.48,758700,↑↑
2026-05-18,3936,グローバルウェイ,WEAK,CAUTION,10.0,09:09:11,166.0,3.11,768900,↑↑
2026-05-18,3936,グローバルウェイ,WEAK,CAUTION,10.0,09:09:26,166.0,3.11,772800,→
2026-05-18,3936,グローバルウェイ,WEAK,CAUTION,10.0,09:09:42,166.0,3.11,775300,→
2026-05-18,3936,グローバルウェイ,WEAK,CAUTION,10.0,09:09:57,165.0,2.48,776500,↓↓
2026-05-18,3936,グローバルウェイ,WEAK,CAUTION,10.0,09:10:12,165.0,2.48,776500,→
2026-05-18,3936,グローバルウェイ,WEAK,CAUTION,10.0,09:10:27,165.0,2.48,776600,→
2026-05-18,3936,グローバルウェイ,WEAK,CAUTION,10.0,09:10:42,165.0,2.48,805900,→
2026-05-18,3936,グローバルウェイ,WEAK,CAUTION,10.0,09:10:58,166.0,3.11,811700,↑↑
2026-05-18,3936,グローバルウェイ,WEAK,CAUTION,10.0,09:11:13,166.0,3.11,811700,→
2026-05-18,3936,グローバルウェイ,WEAK,CAUTION,10.0,09:11:28,168.0,4.35,835500,↑↑
2026-05-18,3936,グローバルウェイ,WEAK,CAUTION,10.0,09:11:43,168.0,4.35,835700,→
2026-05-18,3936,グローバルウェイ,WEAK,CAUTION,10.0,09:11:58,168.0,4.35,835800,→
2026-05-18,3936,グローバルウェイ,WEAK,CAUTION,10.0,09:12:14,167.0,3.73,836700,↓↓
2026-05-18,3936,グローバルウェイ,WEAK,CAUTION,10.0,09:12:29,167.0,3.73,840800,→
2026-05-18,3936,グローバルウェイ,WEAK,CAUTION,10.0,09:12:44,167.0,3.73,840800,→
2026-05-18,3936,グローバルウェイ,WEAK,CAUTION,10.0,09:12:59,166.0,3.11,845800,↓↓
2026-05-18,3936,グローバルウェイ,WEAK,CAUTION,10.0,09:13:15,166.0,3.11,845800,→
2026-05-18,3936,グローバルウェイ,WEAK,CAUTION,10.0,09:13:30,166.0,3.11,845900,→
2026-05-18,3936,グローバルウェイ,WEAK,CAUTION,10.0,09:13:45,166.0,3.11,846300,→
2026-05-18,3936,グローバルウェイ,WEAK,CAUTION,10.0,09:14:00,167.0,3.73,868000,↑↑
2026-05-18,3936,グローバルウェイ,WEAK,CAUTION,10.0,09:14:16,166.0,3.11,872800,↓↓
2026-05-18,3936,グローバルウェイ,WEAK,CAUTION,10.0,09:14:31,166.0,3.11,872800,→
2026-05-18,3936,グローバルウェイ,WEAK,CAUTION,10.0,09:14:46,166.0,3.11,872800,→
2026-05-18,3936,グローバルウェイ,WEAK,CAUTION,10.0,09:15:01,166.0,3.11,873100,→
2026-05-18,3936,グローバルウェイ,WEAK,CAUTION,10.0,09:15:16,166.0,3.11,873100,→
2026-05-18,3936,グローバルウェイ,WEAK,CAUTION,10.0,09:15:32,166.0,3.11,873400,→
2026-05-18,3936,グローバルウェイ,WEAK,CAUTION,10.0,09:15:47,165.0,2.48,873600,↓↓
2026-05-18,3936,グローバルウェイ,WEAK,CAUTION,10.0,09:16:02,165.0,2.48,873600,→
2026-05-18,3936,グローバルウェイ,WEAK,CAUTION,10.0,09:16:17,165.0,2.48,873600,→
2026-05-18,3936,グローバルウェイ,WEAK,CAUTION,10.0,09:16:32,165.0,2.48,873700,→
2026-05-18,3936,グローバルウェイ,WEAK,CAUTION,10.0,09:16:48,165.0,2.48,873700,→
2026-05-18,3936,グローバルウェイ,WEAK,CAUTION,10.0,09:17:03,165.0,2.48,873700,→
2026-05-18,3936,グローバルウェイ,WEAK,CAUTION,10.0,09:17:18,165.0,2.48,874900,→
2026-05-18,3936,グローバルウェイ,WEAK,CAUTION,10.0,09:17:33,165.0,2.48,874900,→
2026-05-18,3936,グローバルウェイ,WEAK,CAUTION,10.0,09:17:48,165.0,2.48,874900,→
2026-05-18,3936,グローバルウェイ,WEAK,CAUTION,10.0,09:18:04,165.0,2.48,874900,→
2026-05-18,3936,グローバルウェイ,WEAK,CAUTION,10.0,09:18:19,165.0,2.48,874900,→
2026-05-18,3936,グローバルウェイ,WEAK,CAUTION,10.0,09:18:34,165.0,2.48,874900,→
2026-05-18,3936,グローバルウェイ,WEAK,CAUTION,10.0,09:18:49,166.0,3.11,875900,↑↑
2026-05-18,3936,グローバルウェイ,WEAK,CAUTION,10.0,09:19:04,165.0,2.48,887100,↓↓
2026-05-18,3936,グローバルウェイ,WEAK,CAUTION,10.0,09:19:20,165.0,2.48,890100,→
2026-05-18,3936,グローバルウェイ,WEAK,CAUTION,10.0,09:19:35,165.0,2.48,891400,→
2026-05-18,3936,グローバルウェイ,WEAK,CAUTION,10.0,09:19:50,165.0,2.48,892300,→
2026-05-18,3936,グローバルウェイ,WEAK,CAUTION,10.0,09:20:05,165.0,2.48,892800,→
2026-05-18,3936,グローバルウェイ,WEAK,CAUTION,10.0,09:20:20,166.0,3.11,893000,↑↑
2026-05-18,3936,グローバルウェイ,WEAK,CAUTION,10.0,09:20:36,165.0,2.48,898500,↓↓
2026-05-18,3936,グローバルウェイ,WEAK,CAUTION,10.0,09:20:51,165.0,2.48,898500,→
2026-05-18,3936,グローバルウェイ,WEAK,CAUTION,10.0,09:21:06,164.0,1.86,900300,↓↓
2026-05-18,3936,グローバルウェイ,WEAK,CAUTION,10.0,09:21:21,164.0,1.86,901200,→
2026-05-18,3936,グローバルウェイ,WEAK,CAUTION,10.0,09:21:36,165.0,2.48,909600,↑↑
2026-05-18,3936,グローバルウェイ,WEAK,CAUTION,10.0,09:21:52,165.0,2.48,909600,→
2026-05-18,3936,グローバルウェイ,WEAK,CAUTION,10.0,09:22:07,165.0,2.48,909600,→
2026-05-18,3936,グローバルウェイ,WEAK,CAUTION,10.0,09:22:22,165.0,2.48,909800,→
2026-05-18,3936,グローバルウェイ,WEAK,CAUTION,10.0,09:22:37,166.0,3.11,910300,↑↑
2026-05-18,3936,グローバルウェイ,WEAK,CAUTION,10.0,09:22:53,166.0,3.11,911900,→
2026-05-18,3936,グローバルウェイ,WEAK,CAUTION,10.0,09:23:08,166.0,3.11,917600,→
2026-05-18,3936,グローバルウェイ,WEAK,CAUTION,10.0,09:23:23,166.0,3.11,917600,→
2026-05-18,3936,グローバルウェイ,WEAK,CAUTION,10.0,09:23:38,168.0,4.35,937700,↑↑
2026-05-18,3936,グローバルウェイ,WEAK,CAUTION,10.0,09:23:53,168.0,4.35,941100,→
2026-05-18,3936,グローバルウェイ,WEAK,CAUTION,10.0,09:24:09,168.0,4.35,941700,→
2026-05-18,3936,グローバルウェイ,WEAK,CAUTION,10.0,09:24:24,168.0,4.35,941700,→
2026-05-18,3936,グローバルウェイ,WEAK,CAUTION,10.0,09:24:40,168.0,4.35,941700,→
2026-05-18,3936,グローバルウェイ,WEAK,CAUTION,10.0,09:24:55,168.0,4.35,942900,→
2026-05-18,3936,グローバルウェイ,WEAK,CAUTION,10.0,09:25:10,169.0,4.97,949300,↑↑
2026-05-18,3936,グローバルウェイ,WEAK,CAUTION,10.0,09:25:25,169.0,4.97,949300,→
2026-05-18,3936,グローバルウェイ,WEAK,CAUTION,10.0,09:25:41,169.0,4.97,949500,→
2026-05-18,3936,グローバルウェイ,WEAK,CAUTION,10.0,09:25:56,169.0,4.97,949800,→
2026-05-18,3936,グローバルウェイ,WEAK,CAUTION,10.0,09:26:11,169.0,4.97,950000,→
2026-05-18,3936,グローバルウェイ,WEAK,CAUTION,10.0,09:26:26,169.0,4.97,950000,→
2026-05-18,3936,グローバルウェイ,WEAK,CAUTION,10.0,09:26:42,171.0,6.21,1015600,↑↑
2026-05-18,3936,グローバルウェイ,WEAK,CAUTION,10.0,09:26:57,171.0,6.21,1016200,→
2026-05-18,3936,グローバルウェイ,WEAK,CAUTION,10.0,09:27:12,171.0,6.21,1023900,→
2026-05-18,3936,グローバルウェイ,WEAK,CAUTION,10.0,09:27:27,171.0,6.21,1031500,→
2026-05-18,3936,グローバルウェイ,WEAK,CAUTION,10.0,09:27:42,170.0,5.59,1034100,↓↓
2026-05-18,3936,グローバルウェイ,WEAK,CAUTION,10.0,09:27:58,170.0,5.59,1034900,→
2026-05-18,3936,グローバルウェイ,WEAK,CAUTION,10.0,09:28:13,170.0,5.59,1040800,→
2026-05-18,3936,グローバルウェイ,WEAK,CAUTION,10.0,09:28:28,169.0,4.97,1044700,↓↓
2026-05-18,3936,グローバルウェイ,WEAK,CAUTION,10.0,09:28:43,170.0,5.59,1047000,↑↑
2026-05-18,3936,グローバルウェイ,WEAK,CAUTION,10.0,09:28:58,170.0,5.59,1048500,→
2026-05-18,3936,グローバルウェイ,WEAK,CAUTION,10.0,09:29:14,170.0,5.59,1048500,→
2026-05-18,3936,グローバルウェイ,WEAK,CAUTION,10.0,09:29:29,170.0,5.59,1048500,→
2026-05-18,3936,グローバルウェイ,WEAK,CAUTION,10.0,09:29:44,170.0,5.59,1048500,→
2026-05-18,3936,グローバルウェイ,WEAK,CAUTION,10.0,09:29:59,170.0,5.59,1066600,→
2026-05-18,9444,トーシンホールディングス,WEAK,CAUTION,10.0,09:00:03,222.0,0.0,0,→
2026-05-18,9444,トーシンホールディングス,WEAK,CAUTION,10.0,09:00:18,222.0,0.0,0,→
2026-05-18,9444,トーシンホールディングス,WEAK,CAUTION,10.0,09:00:33,222.0,0.0,0,→
2026-05-18,9444,トーシンホールディングス,WEAK,CAUTION,10.0,09:00:48,222.0,0.0,0,→
2026-05-18,9444,トーシンホールディングス,WEAK,CAUTION,10.0,09:01:04,222.0,0.0,0,→
2026-05-18,9444,トーシンホールディングス,WEAK,CAUTION,10.0,09:01:19,222.0,0.0,0,→
2026-05-18,9444,トーシンホールディングス,WEAK,CAUTION,10.0,09:01:34,222.0,0.0,0,→
2026-05-18,9444,トーシンホールディングス,WEAK,CAUTION,10.0,09:01:49,222.0,0.0,0,→
2026-05-18,9444,トーシンホールディングス,WEAK,CAUTION,10.0,09:02:04,222.0,0.0,0,→
2026-05-18,9444,トーシンホールディングス,WEAK,CAUTION,10.0,09:02:20,222.0,0.0,0,→
2026-05-18,9444,トーシンホールディングス,WEAK,CAUTION,10.0,09:02:35,222.0,0.0,0,→
2026-05-18,9444,トーシンホールディングス,WEAK,CAUTION,10.0,09:02:50,222.0,0.0,0,→
2026-05-18,9444,トーシンホールディングス,WEAK,CAUTION,10.0,09:03:05,222.0,0.0,0,→
2026-05-18,9444,トーシンホールディングス,WEAK,CAUTION,10.0,09:03:20,222.0,0.0,0,→
2026-05-18,9444,トーシンホールディングス,WEAK,CAUTION,10.0,09:03:36,222.0,0.0,0,→
2026-05-18,9444,トーシンホールディングス,WEAK,CAUTION,10.0,09:03:51,222.0,0.0,0,→
2026-05-18,9444,トーシンホールディングス,WEAK,CAUTION,10.0,09:04:06,222.0,0.0,0,→
2026-05-18,9444,トーシンホールディングス,WEAK,CAUTION,10.0,09:04:21,222.0,0.0,0,→
2026-05-18,9444,トーシンホールディングス,WEAK,CAUTION,10.0,09:04:37,222.0,0.0,0,→
2026-05-18,9444,トーシンホールディングス,WEAK,CAUTION,10.0,09:04:52,222.0,0.0,0,→
2026-05-18,9444,トーシンホールディングス,WEAK,CAUTION,10.0,09:05:07,222.0,0.0,0,→
2026-05-18,9444,トーシンホールディングス,WEAK,CAUTION,10.0,09:05:22,222.0,0.0,0,→
2026-05-18,9444,トーシンホールディングス,WEAK,CAUTION,10.0,09:05:38,222.0,0.0,0,→
2026-05-18,9444,トーシンホールディングス,WEAK,CAUTION,10.0,09:05:53,222.0,0.0,0,→
2026-05-18,9444,トーシンホールディングス,WEAK,CAUTION,10.0,09:06:08,242.0,9.01,93100,↑↑
2026-05-18,9444,トーシンホールディングス,WEAK,CAUTION,10.0,09:06:23,234.0,5.41,111600,↓↓
2026-05-18,9444,トーシンホールディングス,WEAK,CAUTION,10.0,09:06:39,231.0,4.05,119000,↓↓
2026-05-18,9444,トーシンホールディングス,WEAK,CAUTION,10.0,09:06:54,228.0,2.7,119800,↓↓
2026-05-18,9444,トーシンホールディングス,WEAK,CAUTION,10.0,09:07:09,228.0,2.7,119800,→
2026-05-18,9444,トーシンホールディングス,WEAK,CAUTION,10.0,09:07:24,228.0,2.7,119800,→
2026-05-18,9444,トーシンホールディングス,WEAK,CAUTION,10.0,09:07:40,228.0,2.7,119800,→
2026-05-18,9444,トーシンホールディングス,WEAK,CAUTION,10.0,09:07:55,224.0,0.9,130600,↓↓
2026-05-18,9444,トーシンホールディングス,WEAK,CAUTION,10.0,09:08:10,226.0,1.8,135700,↑↑
2026-05-18,9444,トーシンホールディングス,WEAK,CAUTION,10.0,09:08:25,224.0,0.9,136200,↓↓
2026-05-18,9444,トーシンホールディングス,WEAK,CAUTION,10.0,09:08:41,225.0,1.35,136400,↑↑
2026-05-18,9444,トーシンホールディングス,WEAK,CAUTION,10.0,09:08:56,210.0,-5.41,154200,↓↓
2026-05-18,9444,トーシンホールディングス,WEAK,CAUTION,10.0,09:09:11,212.0,-4.5,156200,↑↑
2026-05-18,9444,トーシンホールディングス,WEAK,CAUTION,10.0,09:09:26,213.0,-4.05,156800,↑↑
2026-05-18,9444,トーシンホールディングス,WEAK,CAUTION,10.0,09:09:42,215.0,-3.15,159300,↑↑
2026-05-18,9444,トーシンホールディングス,WEAK,CAUTION,10.0,09:09:57,219.0,-1.35,159500,↑↑
2026-05-18,9444,トーシンホールディングス,WEAK,CAUTION,10.0,09:10:12,224.0,0.9,160100,↑↑
2026-05-18,9444,トーシンホールディングス,WEAK,CAUTION,10.0,09:10:27,222.0,0.0,162000,↓↓
2026-05-18,9444,トーシンホールディングス,WEAK,CAUTION,10.0,09:10:42,220.0,-0.9,162600,↓↓
2026-05-18,9444,トーシンホールディングス,WEAK,CAUTION,10.0,09:10:58,217.0,-2.25,162800,↓↓
2026-05-18,9444,トーシンホールディングス,WEAK,CAUTION,10.0,09:11:13,215.0,-3.15,163300,↓↓
2026-05-18,9444,トーシンホールディングス,WEAK,CAUTION,10.0,09:11:28,216.0,-2.7,163700,↑↑
2026-05-18,9444,トーシンホールディングス,WEAK,CAUTION,10.0,09:11:43,216.0,-2.7,163700,→
2026-05-18,9444,トーシンホールディングス,WEAK,CAUTION,10.0,09:11:58,216.0,-2.7,164300,→
2026-05-18,9444,トーシンホールディングス,WEAK,CAUTION,10.0,09:12:14,216.0,-2.7,164300,→
2026-05-18,9444,トーシンホールディングス,WEAK,CAUTION,10.0,09:12:29,214.0,-3.6,166200,↓↓
2026-05-18,9444,トーシンホールディングス,WEAK,CAUTION,10.0,09:12:44,215.0,-3.15,166400,↑↑
2026-05-18,9444,トーシンホールディングス,WEAK,CAUTION,10.0,09:12:59,214.0,-3.6,166600,↓↓
2026-05-18,9444,トーシンホールディングス,WEAK,CAUTION,10.0,09:13:15,214.0,-3.6,166600,→
2026-05-18,9444,トーシンホールディングス,WEAK,CAUTION,10.0,09:13:30,210.0,-5.41,167900,↓↓
2026-05-18,9444,トーシンホールディングス,WEAK,CAUTION,10.0,09:13:45,208.0,-6.31,169000,↓↓
2026-05-18,9444,トーシンホールディングス,WEAK,CAUTION,10.0,09:14:00,210.0,-5.41,171600,↑↑
2026-05-18,9444,トーシンホールディングス,WEAK,CAUTION,10.0,09:14:16,210.0,-5.41,171700,→
2026-05-18,9444,トーシンホールディングス,WEAK,CAUTION,10.0,09:14:31,210.0,-5.41,171800,→
2026-05-18,9444,トーシンホールディングス,WEAK,CAUTION,10.0,09:14:46,210.0,-5.41,171900,→
2026-05-18,9444,トーシンホールディングス,WEAK,CAUTION,10.0,09:15:01,210.0,-5.41,171900,→
2026-05-18,9444,トーシンホールディングス,WEAK,CAUTION,10.0,09:15:16,210.0,-5.41,173000,→
2026-05-18,9444,トーシンホールディングス,WEAK,CAUTION,10.0,09:15:32,210.0,-5.41,173000,→
2026-05-18,9444,トーシンホールディングス,WEAK,CAUTION,10.0,09:15:47,210.0,-5.41,173400,→
2026-05-18,9444,トーシンホールディングス,WEAK,CAUTION,10.0,09:16:02,210.0,-5.41,174400,→
2026-05-18,9444,トーシンホールディングス,WEAK,CAUTION,10.0,09:16:17,210.0,-5.41,174500,→
2026-05-18,9444,トーシンホールディングス,WEAK,CAUTION,10.0,09:16:32,210.0,-5.41,174500,→
2026-05-18,9444,トーシンホールディングス,WEAK,CAUTION,10.0,09:16:48,210.0,-5.41,174600,→
2026-05-18,9444,トーシンホールディングス,WEAK,CAUTION,10.0,09:17:03,210.0,-5.41,174600,→
2026-05-18,9444,トーシンホールディングス,WEAK,CAUTION,10.0,09:17:18,210.0,-5.41,174900,→
2026-05-18,9444,トーシンホールディングス,WEAK,CAUTION,10.0,09:17:33,210.0,-5.41,174900,→
2026-05-18,9444,トーシンホールディングス,WEAK,CAUTION,10.0,09:17:48,210.0,-5.41,176000,→
2026-05-18,9444,トーシンホールディングス,WEAK,CAUTION,10.0,09:18:04,211.0,-4.95,176100,↑↑
2026-05-18,9444,トーシンホールディングス,WEAK,CAUTION,10.0,09:18:19,211.0,-4.95,176500,→
2026-05-18,9444,トーシンホールディングス,WEAK,CAUTION,10.0,09:18:34,211.0,-4.95,176700,→
2026-05-18,9444,トーシンホールディングス,WEAK,CAUTION,10.0,09:18:49,211.0,-4.95,176800,→
2026-05-18,9444,トーシンホールディングス,WEAK,CAUTION,10.0,09:19:04,216.0,-2.7,178400,↑↑
2026-05-18,9444,トーシンホールディングス,WEAK,CAUTION,10.0,09:19:20,210.0,-5.41,181300,↓↓
2026-05-18,9444,トーシンホールディングス,WEAK,CAUTION,10.0,09:19:35,209.0,-5.86,181900,↓↓
2026-05-18,9444,トーシンホールディングス,WEAK,CAUTION,10.0,09:19:50,209.0,-5.86,181900,→
2026-05-18,9444,トーシンホールディングス,WEAK,CAUTION,10.0,09:20:05,209.0,-5.86,182000,→
2026-05-18,9444,トーシンホールディングス,WEAK,CAUTION,10.0,09:20:20,210.0,-5.41,182100,↑↑
2026-05-18,9444,トーシンホールディングス,WEAK,CAUTION,10.0,09:20:36,210.0,-5.41,182100,→
2026-05-18,9444,トーシンホールディングス,WEAK,CAUTION,10.0,09:20:51,210.0,-5.41,182100,→
2026-05-18,9444,トーシンホールディングス,WEAK,CAUTION,10.0,09:21:06,211.0,-4.95,182200,↑↑
2026-05-18,9444,トーシンホールディングス,WEAK,CAUTION,10.0,09:21:21,210.0,-5.41,183600,↓↓
2026-05-18,9444,トーシンホールディングス,WEAK,CAUTION,10.0,09:21:36,210.0,-5.41,183600,→
2026-05-18,9444,トーシンホールディングス,WEAK,CAUTION,10.0,09:21:52,208.0,-6.31,184200,↓↓
2026-05-18,9444,トーシンホールディングス,WEAK,CAUTION,10.0,09:22:07,208.0,-6.31,185200,→
2026-05-18,9444,トーシンホールディングス,WEAK,CAUTION,10.0,09:22:22,205.0,-7.66,187400,↓↓
2026-05-18,9444,トーシンホールディングス,WEAK,CAUTION,10.0,09:22:37,204.0,-8.11,188700,↓↓
2026-05-18,9444,トーシンホールディングス,WEAK,CAUTION,10.0,09:22:53,205.0,-7.66,189300,↑↑
2026-05-18,9444,トーシンホールディングス,WEAK,CAUTION,10.0,09:23:08,205.0,-7.66,189400,→
2026-05-18,9444,トーシンホールディングス,WEAK,CAUTION,10.0,09:23:23,205.0,-7.66,189500,→
2026-05-18,9444,トーシンホールディングス,WEAK,CAUTION,10.0,09:23:38,205.0,-7.66,189500,→
2026-05-18,9444,トーシンホールディングス,WEAK,CAUTION,10.0,09:23:53,205.0,-7.66,189600,→
2026-05-18,9444,トーシンホールディングス,WEAK,CAUTION,10.0,09:24:09,205.0,-7.66,189600,→
2026-05-18,9444,トーシンホールディングス,WEAK,CAUTION,10.0,09:24:24,205.0,-7.66,189600,→
2026-05-18,9444,トーシンホールディングス,WEAK,CAUTION,10.0,09:24:40,205.0,-7.66,189700,→
2026-05-18,9444,トーシンホールディングス,WEAK,CAUTION,10.0,09:24:55,205.0,-7.66,189700,→
2026-05-18,9444,トーシンホールディングス,WEAK,CAUTION,10.0,09:25:10,204.0,-8.11,189900,↓↓
2026-05-18,9444,トーシンホールディングス,WEAK,CAUTION,10.0,09:25:25,204.0,-8.11,189900,→
2026-05-18,9444,トーシンホールディングス,WEAK,CAUTION,10.0,09:25:41,204.0,-8.11,190000,→
2026-05-18,9444,トーシンホールディングス,WEAK,CAUTION,10.0,09:25:56,205.0,-7.66,190100,↑↑
2026-05-18,9444,トーシンホールディングス,WEAK,CAUTION,10.0,09:26:11,205.0,-7.66,190100,→
2026-05-18,9444,トーシンホールディングス,WEAK,CAUTION,10.0,09:26:26,205.0,-7.66,190200,→
2026-05-18,9444,トーシンホールディングス,WEAK,CAUTION,10.0,09:26:42,205.0,-7.66,190200,→
2026-05-18,9444,トーシンホールディングス,WEAK,CAUTION,10.0,09:26:57,205.0,-7.66,190200,→
2026-05-18,9444,トーシンホールディングス,WEAK,CAUTION,10.0,09:27:12,205.0,-7.66,190200,→
2026-05-18,9444,トーシンホールディングス,WEAK,CAUTION,10.0,09:27:27,205.0,-7.66,190500,→
2026-05-18,9444,トーシンホールディングス,WEAK,CAUTION,10.0,09:27:42,205.0,-7.66,190500,→
2026-05-18,9444,トーシンホールディングス,WEAK,CAUTION,10.0,09:27:58,206.0,-7.21,190800,↑↑
2026-05-18,9444,トーシンホールディングス,WEAK,CAUTION,10.0,09:28:13,206.0,-7.21,190800,→
2026-05-18,9444,トーシンホールディングス,WEAK,CAUTION,10.0,09:28:28,205.0,-7.66,190900,↓↓
2026-05-18,9444,トーシンホールディングス,WEAK,CAUTION,10.0,09:28:43,205.0,-7.66,191000,→
2026-05-18,9444,トーシンホールディングス,WEAK,CAUTION,10.0,09:28:58,205.0,-7.66,191100,→
2026-05-18,9444,トーシンホールディングス,WEAK,CAUTION,10.0,09:29:14,205.0,-7.66,191700,→
2026-05-18,9444,トーシンホールディングス,WEAK,CAUTION,10.0,09:29:29,205.0,-7.66,191700,→
2026-05-18,9444,トーシンホールディングス,WEAK,CAUTION,10.0,09:29:44,205.0,-7.66,191700,→
2026-05-18,9444,トーシンホールディングス,WEAK,CAUTION,10.0,09:29:59,205.0,-7.66,191700,→
2026-05-18,3907,シリコンスタジオ,WEAK,CAUTION,10.0,09:00:03,952.0,0.0,0,→
2026-05-18,3907,シリコンスタジオ,WEAK,CAUTION,10.0,09:00:18,952.0,0.0,0,→
2026-05-18,3907,シリコンスタジオ,WEAK,CAUTION,10.0,09:00:33,952.0,0.0,0,→
2026-05-18,3907,シリコンスタジオ,WEAK,CAUTION,10.0,09:00:48,952.0,0.0,0,→
2026-05-18,3907,シリコンスタジオ,WEAK,CAUTION,10.0,09:01:04,952.0,0.0,0,→
2026-05-18,3907,シリコンスタジオ,WEAK,CAUTION,10.0,09:01:19,952.0,0.0,0,→
2026-05-18,3907,シリコンスタジオ,WEAK,CAUTION,10.0,09:01:34,952.0,0.0,0,→
2026-05-18,3907,シリコンスタジオ,WEAK,CAUTION,10.0,09:01:49,952.0,0.0,0,→
2026-05-18,3907,シリコンスタジオ,WEAK,CAUTION,10.0,09:02:04,952.0,0.0,0,→
2026-05-18,3907,シリコンスタジオ,WEAK,CAUTION,10.0,09:02:20,952.0,0.0,0,→
2026-05-18,3907,シリコンスタジオ,WEAK,CAUTION,10.0,09:02:35,952.0,0.0,0,→
2026-05-18,3907,シリコンスタジオ,WEAK,CAUTION,10.0,09:02:50,952.0,0.0,0,→
2026-05-18,3907,シリコンスタジオ,WEAK,CAUTION,10.0,09:03:05,952.0,0.0,0,→
2026-05-18,3907,シリコンスタジオ,WEAK,CAUTION,10.0,09:03:20,952.0,0.0,0,→
2026-05-18,3907,シリコンスタジオ,WEAK,CAUTION,10.0,09:03:36,952.0,0.0,0,→
2026-05-18,3907,シリコンスタジオ,WEAK,CAUTION,10.0,09:03:51,952.0,0.0,0,→
2026-05-18,3907,シリコンスタジオ,WEAK,CAUTION,10.0,09:04:06,952.0,0.0,0,→
2026-05-18,3907,シリコンスタジオ,WEAK,CAUTION,10.0,09:04:21,952.0,0.0,0,→
2026-05-18,3907,シリコンスタジオ,WEAK,CAUTION,10.0,09:04:37,952.0,0.0,0,→
2026-05-18,3907,シリコンスタジオ,WEAK,CAUTION,10.0,09:04:52,952.0,0.0,0,→
2026-05-18,3907,シリコンスタジオ,WEAK,CAUTION,10.0,09:05:07,952.0,0.0,0,→
2026-05-18,3907,シリコンスタジオ,WEAK,CAUTION,10.0,09:05:22,952.0,0.0,0,→
2026-05-18,3907,シリコンスタジオ,WEAK,CAUTION,10.0,09:05:38,952.0,0.0,0,→
2026-05-18,3907,シリコンスタジオ,WEAK,CAUTION,10.0,09:05:53,952.0,0.0,0,→
2026-05-18,3907,シリコンスタジオ,WEAK,CAUTION,10.0,09:06:08,952.0,0.0,0,→
2026-05-18,3907,シリコンスタジオ,WEAK,CAUTION,10.0,09:06:23,952.0,0.0,0,→
2026-05-18,3907,シリコンスタジオ,WEAK,CAUTION,10.0,09:06:39,952.0,0.0,0,→
2026-05-18,3907,シリコンスタジオ,WEAK,CAUTION,10.0,09:06:54,952.0,0.0,0,→
2026-05-18,3907,シリコンスタジオ,WEAK,CAUTION,10.0,09:07:09,952.0,0.0,0,→
2026-05-18,3907,シリコンスタジオ,WEAK,CAUTION,10.0,09:07:24,952.0,0.0,0,→
2026-05-18,3907,シリコンスタジオ,WEAK,CAUTION,10.0,09:07:40,952.0,0.0,0,→
2026-05-18,3907,シリコンスタジオ,WEAK,CAUTION,10.0,09:07:55,952.0,0.0,0,→
2026-05-18,3907,シリコンスタジオ,WEAK,CAUTION,10.0,09:08:10,952.0,0.0,0,→
2026-05-18,3907,シリコンスタジオ,WEAK,CAUTION,10.0,09:08:25,952.0,0.0,0,→
2026-05-18,3907,シリコンスタジオ,WEAK,CAUTION,10.0,09:08:41,952.0,0.0,0,→
2026-05-18,3907,シリコンスタジオ,WEAK,CAUTION,10.0,09:08:56,952.0,0.0,0,→
2026-05-18,3907,シリコンスタジオ,WEAK,CAUTION,10.0,09:09:11,952.0,0.0,0,→
2026-05-18,3907,シリコンスタジオ,WEAK,CAUTION,10.0,09:09:26,952.0,0.0,0,→
2026-05-18,3907,シリコンスタジオ,WEAK,CAUTION,10.0,09:09:42,952.0,0.0,0,→
2026-05-18,3907,シリコンスタジオ,WEAK,CAUTION,10.0,09:09:57,952.0,0.0,0,→
2026-05-18,3907,シリコンスタジオ,WEAK,CAUTION,10.0,09:10:12,952.0,0.0,0,→
2026-05-18,3907,シリコンスタジオ,WEAK,CAUTION,10.0,09:10:27,952.0,0.0,0,→
2026-05-18,3907,シリコンスタジオ,WEAK,CAUTION,10.0,09:10:42,952.0,0.0,0,→
2026-05-18,3907,シリコンスタジオ,WEAK,CAUTION,10.0,09:10:58,952.0,0.0,0,→
2026-05-18,3907,シリコンスタジオ,WEAK,CAUTION,10.0,09:11:13,952.0,0.0,0,→
2026-05-18,3907,シリコンスタジオ,WEAK,CAUTION,10.0,09:11:28,952.0,0.0,0,→
2026-05-18,3907,シリコンスタジオ,WEAK,CAUTION,10.0,09:11:43,952.0,0.0,0,→
2026-05-18,3907,シリコンスタジオ,WEAK,CAUTION,10.0,09:11:58,952.0,0.0,0,→
2026-05-18,3907,シリコンスタジオ,WEAK,CAUTION,10.0,09:12:14,1027.0,7.88,50000,↑↑
2026-05-18,3907,シリコンスタジオ,WEAK,CAUTION,10.0,09:12:29,1027.0,7.88,51500,→
2026-05-18,3907,シリコンスタジオ,WEAK,CAUTION,10.0,09:12:44,1020.0,7.14,54400,↓↓
2026-05-18,3907,シリコンスタジオ,WEAK,CAUTION,10.0,09:12:59,1029.0,8.09,56500,↑↑
2026-05-18,3907,シリコンスタジオ,WEAK,CAUTION,10.0,09:13:15,1029.0,8.09,57300,→
2026-05-18,3907,シリコンスタジオ,WEAK,CAUTION,10.0,09:13:30,1028.0,7.98,57500,↓
2026-05-18,3907,シリコンスタジオ,WEAK,CAUTION,10.0,09:13:45,1003.0,5.36,62300,↓↓
2026-05-18,3907,シリコンスタジオ,WEAK,CAUTION,10.0,09:14:00,1010.0,6.09,63200,↑↑
2026-05-18,3907,シリコンスタジオ,WEAK,CAUTION,10.0,09:14:16,1005.0,5.57,64900,↓↓
2026-05-18,3907,シリコンスタジオ,WEAK,CAUTION,10.0,09:14:31,990.0,3.99,69300,↓↓
2026-05-18,3907,シリコンスタジオ,WEAK,CAUTION,10.0,09:14:46,981.0,3.05,72800,↓↓
2026-05-18,3907,シリコンスタジオ,WEAK,CAUTION,10.0,09:15:01,997.0,4.73,74900,↑↑
2026-05-18,3907,シリコンスタジオ,WEAK,CAUTION,10.0,09:15:16,994.0,4.41,77000,↓↓
2026-05-18,3907,シリコンスタジオ,WEAK,CAUTION,10.0,09:15:32,1005.0,5.57,78200,↑↑
2026-05-18,3907,シリコンスタジオ,WEAK,CAUTION,10.0,09:15:47,1025.0,7.67,82800,↑↑
2026-05-18,3907,シリコンスタジオ,WEAK,CAUTION,10.0,09:16:02,1038.0,9.03,93100,↑↑
2026-05-18,3907,シリコンスタジオ,WEAK,CAUTION,10.0,09:16:17,1017.0,6.83,96300,↓↓
2026-05-18,3907,シリコンスタジオ,WEAK,CAUTION,10.0,09:16:32,1005.0,5.57,98700,↓↓
2026-05-18,3907,シリコンスタジオ,WEAK,CAUTION,10.0,09:16:48,1004.0,5.46,100900,↓
2026-05-18,3907,シリコンスタジオ,WEAK,CAUTION,10.0,09:17:03,1010.0,6.09,101000,↑↑
2026-05-18,3907,シリコンスタジオ,WEAK,CAUTION,10.0,09:17:18,1013.0,6.41,101700,↑↑
2026-05-18,3907,シリコンスタジオ,WEAK,CAUTION,10.0,09:17:33,1013.0,6.41,101800,→
2026-05-18,3907,シリコンスタジオ,WEAK,CAUTION,10.0,09:17:48,1013.0,6.41,101900,→
2026-05-18,3907,シリコンスタジオ,WEAK,CAUTION,10.0,09:18:04,985.0,3.47,113800,↓↓
2026-05-18,3907,シリコンスタジオ,WEAK,CAUTION,10.0,09:18:19,997.0,4.73,114600,↑↑
2026-05-18,3907,シリコンスタジオ,WEAK,CAUTION,10.0,09:18:34,998.0,4.83,116100,↑
2026-05-18,3907,シリコンスタジオ,WEAK,CAUTION,10.0,09:18:49,990.0,3.99,116400,↓↓
2026-05-18,3907,シリコンスタジオ,WEAK,CAUTION,10.0,09:19:04,977.0,2.63,117700,↓↓
2026-05-18,3907,シリコンスタジオ,WEAK,CAUTION,10.0,09:19:20,988.0,3.78,118200,↑↑
2026-05-18,3907,シリコンスタジオ,WEAK,CAUTION,10.0,09:19:35,977.0,2.63,120700,↓↓
2026-05-18,3907,シリコンスタジオ,WEAK,CAUTION,10.0,09:19:50,976.0,2.52,122800,↓
2026-05-18,3907,シリコンスタジオ,WEAK,CAUTION,10.0,09:20:05,970.0,1.89,125100,↓↓
2026-05-18,3907,シリコンスタジオ,WEAK,CAUTION,10.0,09:20:20,965.0,1.37,127700,↓↓
2026-05-18,3907,シリコンスタジオ,WEAK,CAUTION,10.0,09:20:36,974.0,2.31,128300,↑↑
2026-05-18,3907,シリコンスタジオ,WEAK,CAUTION,10.0,09:20:51,975.0,2.42,128600,↑
2026-05-18,3907,シリコンスタジオ,WEAK,CAUTION,10.0,09:21:06,976.0,2.52,129000,↑
2026-05-18,3907,シリコンスタジオ,WEAK,CAUTION,10.0,09:21:21,972.0,2.1,132700,↓↓
2026-05-18,3907,シリコンスタジオ,WEAK,CAUTION,10.0,09:21:36,962.0,1.05,134700,↓↓
2026-05-18,3907,シリコンスタジオ,WEAK,CAUTION,10.0,09:21:52,959.0,0.74,137300,↓↓
2026-05-18,3907,シリコンスタジオ,WEAK,CAUTION,10.0,09:22:07,957.0,0.53,138000,↓↓
2026-05-18,3907,シリコンスタジオ,WEAK,CAUTION,10.0,09:22:22,955.0,0.32,138600,↓↓
2026-05-18,3907,シリコンスタジオ,WEAK,CAUTION,10.0,09:22:37,955.0,0.32,138600,→
2026-05-18,3907,シリコンスタジオ,WEAK,CAUTION,10.0,09:22:53,967.0,1.58,139900,↑↑
2026-05-18,3907,シリコンスタジオ,WEAK,CAUTION,10.0,09:23:08,980.0,2.94,140500,↑↑
2026-05-18,3907,シリコンスタジオ,WEAK,CAUTION,10.0,09:23:23,982.0,3.15,141000,↑↑
2026-05-18,3907,シリコンスタジオ,WEAK,CAUTION,10.0,09:23:38,986.0,3.57,142200,↑↑
2026-05-18,3907,シリコンスタジオ,WEAK,CAUTION,10.0,09:23:53,995.0,4.52,145800,↑↑
2026-05-18,3907,シリコンスタジオ,WEAK,CAUTION,10.0,09:24:09,1012.0,6.3,146300,↑↑
2026-05-18,3907,シリコンスタジオ,WEAK,CAUTION,10.0,09:24:24,1012.0,6.3,147400,→
2026-05-18,3907,シリコンスタジオ,WEAK,CAUTION,10.0,09:24:40,1012.0,6.3,148100,→
2026-05-18,3907,シリコンスタジオ,WEAK,CAUTION,10.0,09:24:55,1030.0,8.19,150200,↑↑
2026-05-18,3907,シリコンスタジオ,WEAK,CAUTION,10.0,09:25:10,1025.0,7.67,153000,↓↓
2026-05-18,3907,シリコンスタジオ,WEAK,CAUTION,10.0,09:25:25,1025.0,7.67,154500,→
2026-05-18,3907,シリコンスタジオ,WEAK,CAUTION,10.0,09:25:41,1025.0,7.67,155800,→
2026-05-18,3907,シリコンスタジオ,WEAK,CAUTION,10.0,09:25:56,1018.0,6.93,155900,↓↓
2026-05-18,3907,シリコンスタジオ,WEAK,CAUTION,10.0,09:26:11,1027.0,7.88,157700,↑↑
2026-05-18,3907,シリコンスタジオ,WEAK,CAUTION,10.0,09:26:26,1021.0,7.25,158300,↓↓
2026-05-18,3907,シリコンスタジオ,WEAK,CAUTION,10.0,09:26:42,1024.0,7.56,158700,↑↑
2026-05-18,3907,シリコンスタジオ,WEAK,CAUTION,10.0,09:26:57,1022.0,7.35,160300,↓
2026-05-18,3907,シリコンスタジオ,WEAK,CAUTION,10.0,09:27:12,1028.0,7.98,161200,↑↑
2026-05-18,3907,シリコンスタジオ,WEAK,CAUTION,10.0,09:27:27,1020.0,7.14,161900,↓↓
2026-05-18,3907,シリコンスタジオ,WEAK,CAUTION,10.0,09:27:42,1031.0,8.3,166200,↑↑
2026-05-18,3907,シリコンスタジオ,WEAK,CAUTION,10.0,09:27:58,1020.0,7.14,169300,↓↓
2026-05-18,3907,シリコンスタジオ,WEAK,CAUTION,10.0,09:28:13,1024.0,7.56,169800,↑↑
2026-05-18,3907,シリコンスタジオ,WEAK,CAUTION,10.0,09:28:28,1019.0,7.04,172500,↓↓
2026-05-18,3907,シリコンスタジオ,WEAK,CAUTION,10.0,09:28:43,1011.0,6.2,174900,↓↓
2026-05-18,3907,シリコンスタジオ,WEAK,CAUTION,10.0,09:28:58,1020.0,7.14,177000,↑↑
2026-05-18,3907,シリコンスタジオ,WEAK,CAUTION,10.0,09:29:14,1020.0,7.14,177500,→
2026-05-18,3907,シリコンスタジオ,WEAK,CAUTION,10.0,09:29:29,1025.0,7.67,181500,↑↑
2026-05-18,3907,シリコンスタジオ,WEAK,CAUTION,10.0,09:29:44,1029.0,8.09,182400,↑↑
2026-05-18,3907,シリコンスタジオ,WEAK,CAUTION,10.0,09:29:59,1033.0,8.51,182800,↑↑
2026-05-18,1909,日本ドライケミカル,WEAK,CAUTION,9.96,09:00:03,3735.0,0.0,48800,→
2026-05-18,1909,日本ドライケミカル,WEAK,CAUTION,9.96,09:00:18,3735.0,0.0,49100,→
2026-05-18,1909,日本ドライケミカル,WEAK,CAUTION,9.96,09:00:33,3730.0,-0.13,49200,↓
2026-05-18,1909,日本ドライケミカル,WEAK,CAUTION,9.96,09:00:48,3730.0,-0.13,49200,→
2026-05-18,1909,日本ドライケミカル,WEAK,CAUTION,9.96,09:01:04,3730.0,-0.13,50800,→
2026-05-18,1909,日本ドライケミカル,WEAK,CAUTION,9.96,09:01:19,3730.0,-0.13,50800,→
2026-05-18,1909,日本ドライケミカル,WEAK,CAUTION,9.96,09:01:34,3730.0,-0.13,50800,→
2026-05-18,1909,日本ドライケミカル,WEAK,CAUTION,9.96,09:01:49,3730.0,-0.13,50800,→
2026-05-18,1909,日本ドライケミカル,WEAK,CAUTION,9.96,09:02:04,3735.0,0.0,51100,↑
2026-05-18,1909,日本ドライケミカル,WEAK,CAUTION,9.96,09:02:20,3735.0,0.0,51100,→
2026-05-18,1909,日本ドライケミカル,WEAK,CAUTION,9.96,09:02:35,3735.0,0.0,51100,→
2026-05-18,1909,日本ドライケミカル,WEAK,CAUTION,9.96,09:02:50,3735.0,0.0,51100,→
2026-05-18,1909,日本ドライケミカル,WEAK,CAUTION,9.96,09:03:05,3735.0,0.0,51100,→
2026-05-18,1909,日本ドライケミカル,WEAK,CAUTION,9.96,09:03:20,3735.0,0.0,51100,→
2026-05-18,1909,日本ドライケミカル,WEAK,CAUTION,9.96,09:03:36,3730.0,-0.13,51500,↓
2026-05-18,1909,日本ドライケミカル,WEAK,CAUTION,9.96,09:03:51,3730.0,-0.13,59800,→
2026-05-18,1909,日本ドライケミカル,WEAK,CAUTION,9.96,09:04:06,3730.0,-0.13,66100,→
2026-05-18,1909,日本ドライケミカル,WEAK,CAUTION,9.96,09:04:21,3730.0,-0.13,66700,→
2026-05-18,1909,日本ドライケミカル,WEAK,CAUTION,9.96,09:04:37,3730.0,-0.13,66700,→
2026-05-18,1909,日本ドライケミカル,WEAK,CAUTION,9.96,09:04:52,3730.0,-0.13,66700,→
2026-05-18,1909,日本ドライケミカル,WEAK,CAUTION,9.96,09:05:07,3730.0,-0.13,68000,→
2026-05-18,1909,日本ドライケミカル,WEAK,CAUTION,9.96,09:05:22,3730.0,-0.13,68000,→
2026-05-18,1909,日本ドライケミカル,WEAK,CAUTION,9.96,09:05:38,3730.0,-0.13,68000,→
2026-05-18,1909,日本ドライケミカル,WEAK,CAUTION,9.96,09:05:53,3735.0,0.0,68100,↑
2026-05-18,1909,日本ドライケミカル,WEAK,CAUTION,9.96,09:06:08,3735.0,0.0,68600,→
2026-05-18,1909,日本ドライケミカル,WEAK,CAUTION,9.96,09:06:23,3735.0,0.0,68600,→
2026-05-18,1909,日本ドライケミカル,WEAK,CAUTION,9.96,09:06:39,3735.0,0.0,68600,→
2026-05-18,1909,日本ドライケミカル,WEAK,CAUTION,9.96,09:06:54,3735.0,0.0,68600,→
2026-05-18,1909,日本ドライケミカル,WEAK,CAUTION,9.96,09:07:09,3730.0,-0.13,68900,↓
2026-05-18,1909,日本ドライケミカル,WEAK,CAUTION,9.96,09:07:24,3730.0,-0.13,68900,→
2026-05-18,1909,日本ドライケミカル,WEAK,CAUTION,9.96,09:07:40,3730.0,-0.13,69200,→
2026-05-18,1909,日本ドライケミカル,WEAK,CAUTION,9.96,09:07:55,3730.0,-0.13,69200,→
2026-05-18,1909,日本ドライケミカル,WEAK,CAUTION,9.96,09:08:10,3730.0,-0.13,69200,→
2026-05-18,1909,日本ドライケミカル,WEAK,CAUTION,9.96,09:08:25,3735.0,0.0,73700,↑
2026-05-18,1909,日本ドライケミカル,WEAK,CAUTION,9.96,09:08:41,3735.0,0.0,74000,→
2026-05-18,1909,日本ドライケミカル,WEAK,CAUTION,9.96,09:08:56,3735.0,0.0,74000,→
2026-05-18,1909,日本ドライケミカル,WEAK,CAUTION,9.96,09:09:11,3735.0,0.0,74200,→
2026-05-18,1909,日本ドライケミカル,WEAK,CAUTION,9.96,09:09:26,3730.0,-0.13,74300,↓
2026-05-18,1909,日本ドライケミカル,WEAK,CAUTION,9.96,09:09:42,3730.0,-0.13,74300,→
2026-05-18,1909,日本ドライケミカル,WEAK,CAUTION,9.96,09:09:57,3730.0,-0.13,74300,→
2026-05-18,1909,日本ドライケミカル,WEAK,CAUTION,9.96,09:10:12,3735.0,0.0,74400,↑
2026-05-18,1909,日本ドライケミカル,WEAK,CAUTION,9.96,09:10:27,3735.0,0.0,74500,→
2026-05-18,1909,日本ドライケミカル,WEAK,CAUTION,9.96,09:10:42,3735.0,0.0,74500,→
2026-05-18,1909,日本ドライケミカル,WEAK,CAUTION,9.96,09:10:58,3735.0,0.0,74500,→
2026-05-18,1909,日本ドライケミカル,WEAK,CAUTION,9.96,09:11:13,3735.0,0.0,74500,→
2026-05-18,1909,日本ドライケミカル,WEAK,CAUTION,9.96,09:11:28,3730.0,-0.13,75300,↓
2026-05-18,1909,日本ドライケミカル,WEAK,CAUTION,9.96,09:11:43,3735.0,0.0,77000,↑
2026-05-18,1909,日本ドライケミカル,WEAK,CAUTION,9.96,09:11:58,3730.0,-0.13,77100,↓
2026-05-18,1909,日本ドライケミカル,WEAK,CAUTION,9.96,09:12:14,3730.0,-0.13,77100,→
2026-05-18,1909,日本ドライケミカル,WEAK,CAUTION,9.96,09:12:29,3735.0,0.0,77200,↑
2026-05-18,1909,日本ドライケミカル,WEAK,CAUTION,9.96,09:12:44,3735.0,0.0,77200,→
2026-05-18,1909,日本ドライケミカル,WEAK,CAUTION,9.96,09:12:59,3735.0,0.0,77200,→
2026-05-18,1909,日本ドライケミカル,WEAK,CAUTION,9.96,09:13:15,3735.0,0.0,77200,→
2026-05-18,1909,日本ドライケミカル,WEAK,CAUTION,9.96,09:13:30,3730.0,-0.13,78000,↓
2026-05-18,1909,日本ドライケミカル,WEAK,CAUTION,9.96,09:13:45,3735.0,0.0,78100,↑
2026-05-18,1909,日本ドライケミカル,WEAK,CAUTION,9.96,09:14:00,3735.0,0.0,78100,→
2026-05-18,1909,日本ドライケミカル,WEAK,CAUTION,9.96,09:14:16,3735.0,0.0,78100,→
2026-05-18,1909,日本ドライケミカル,WEAK,CAUTION,9.96,09:14:31,3735.0,0.0,78100,→
2026-05-18,1909,日本ドライケミカル,WEAK,CAUTION,9.96,09:14:46,3735.0,0.0,78100,→
2026-05-18,1909,日本ドライケミカル,WEAK,CAUTION,9.96,09:15:01,3735.0,0.0,78100,→
2026-05-18,1909,日本ドライケミカル,WEAK,CAUTION,9.96,09:15:16,3730.0,-0.13,78300,↓
2026-05-18,1909,日本ドライケミカル,WEAK,CAUTION,9.96,09:15:32,3730.0,-0.13,78400,→
2026-05-18,1909,日本ドライケミカル,WEAK,CAUTION,9.96,09:15:47,3735.0,0.0,78500,↑
2026-05-18,1909,日本ドライケミカル,WEAK,CAUTION,9.96,09:16:02,3730.0,-0.13,78700,↓
2026-05-18,1909,日本ドライケミカル,WEAK,CAUTION,9.96,09:16:17,3730.0,-0.13,78700,→
2026-05-18,1909,日本ドライケミカル,WEAK,CAUTION,9.96,09:16:32,3730.0,-0.13,78700,→
2026-05-18,1909,日本ドライケミカル,WEAK,CAUTION,9.96,09:16:48,3730.0,-0.13,78800,→
2026-05-18,1909,日本ドライケミカル,WEAK,CAUTION,9.96,09:17:03,3730.0,-0.13,78800,→
2026-05-18,1909,日本ドライケミカル,WEAK,CAUTION,9.96,09:17:18,3735.0,0.0,81700,↑
2026-05-18,1909,日本ドライケミカル,WEAK,CAUTION,9.96,09:17:33,3735.0,0.0,81800,→
2026-05-18,1909,日本ドライケミカル,WEAK,CAUTION,9.96,09:17:48,3735.0,0.0,81800,→
2026-05-18,1909,日本ドライケミカル,WEAK,CAUTION,9.96,09:18:04,3735.0,0.0,81800,→
2026-05-18,1909,日本ドライケミカル,WEAK,CAUTION,9.96,09:18:19,3735.0,0.0,81800,→
2026-05-18,1909,日本ドライケミカル,WEAK,CAUTION,9.96,09:18:34,3730.0,-0.13,81900,↓
2026-05-18,1909,日本ドライケミカル,WEAK,CAUTION,9.96,09:18:49,3730.0,-0.13,81900,→
2026-05-18,1909,日本ドライケミカル,WEAK,CAUTION,9.96,09:19:04,3730.0,-0.13,81900,→
2026-05-18,1909,日本ドライケミカル,WEAK,CAUTION,9.96,09:19:20,3730.0,-0.13,81900,→
2026-05-18,1909,日本ドライケミカル,WEAK,CAUTION,9.96,09:19:35,3730.0,-0.13,81900,→
2026-05-18,1909,日本ドライケミカル,WEAK,CAUTION,9.96,09:19:50,3730.0,-0.13,81900,→
2026-05-18,1909,日本ドライケミカル,WEAK,CAUTION,9.96,09:20:05,3730.0,-0.13,82100,→
2026-05-18,1909,日本ドライケミカル,WEAK,CAUTION,9.96,09:20:20,3730.0,-0.13,82100,→
2026-05-18,1909,日本ドライケミカル,WEAK,CAUTION,9.96,09:20:36,3735.0,0.0,82200,↑
2026-05-18,1909,日本ドライケミカル,WEAK,CAUTION,9.96,09:20:51,3735.0,0.0,82200,→
2026-05-18,1909,日本ドライケミカル,WEAK,CAUTION,9.96,09:21:06,3735.0,0.0,82200,→
2026-05-18,1909,日本ドライケミカル,WEAK,CAUTION,9.96,09:21:21,3730.0,-0.13,82600,↓
2026-05-18,1909,日本ドライケミカル,WEAK,CAUTION,9.96,09:21:36,3730.0,-0.13,82600,→
2026-05-18,1909,日本ドライケミカル,WEAK,CAUTION,9.96,09:21:52,3735.0,0.0,82800,↑
2026-05-18,1909,日本ドライケミカル,WEAK,CAUTION,9.96,09:22:07,3730.0,-0.13,82900,↓
2026-05-18,1909,日本ドライケミカル,WEAK,CAUTION,9.96,09:22:22,3730.0,-0.13,82900,→
2026-05-18,1909,日本ドライケミカル,WEAK,CAUTION,9.96,09:22:37,3735.0,0.0,196500,↑
2026-05-18,1909,日本ドライケミカル,WEAK,CAUTION,9.96,09:22:53,3735.0,0.0,199700,→
2026-05-18,1909,日本ドライケミカル,WEAK,CAUTION,9.96,09:23:08,3735.0,0.0,200600,→
2026-05-18,1909,日本ドライケミカル,WEAK,CAUTION,9.96,09:23:23,3735.0,0.0,201000,→
2026-05-18,1909,日本ドライケミカル,WEAK,CAUTION,9.96,09:23:38,3735.0,0.0,201100,→
2026-05-18,1909,日本ドライケミカル,WEAK,CAUTION,9.96,09:23:53,3730.0,-0.13,201200,↓
2026-05-18,1909,日本ドライケミカル,WEAK,CAUTION,9.96,09:24:09,3730.0,-0.13,201500,→
2026-05-18,1909,日本ドライケミカル,WEAK,CAUTION,9.96,09:24:24,3735.0,0.0,202100,↑
2026-05-18,1909,日本ドライケミカル,WEAK,CAUTION,9.96,09:24:40,3735.0,0.0,202300,→
2026-05-18,1909,日本ドライケミカル,WEAK,CAUTION,9.96,09:24:55,3735.0,0.0,202800,→
2026-05-18,1909,日本ドライケミカル,WEAK,CAUTION,9.96,09:25:10,3730.0,-0.13,203000,↓
2026-05-18,1909,日本ドライケミカル,WEAK,CAUTION,9.96,09:25:25,3730.0,-0.13,203200,→
2026-05-18,1909,日本ドライケミカル,WEAK,CAUTION,9.96,09:25:41,3735.0,0.0,203300,↑
2026-05-18,1909,日本ドライケミカル,WEAK,CAUTION,9.96,09:25:56,3735.0,0.0,203300,→
2026-05-18,1909,日本ドライケミカル,WEAK,CAUTION,9.96,09:26:11,3730.0,-0.13,203900,↓
2026-05-18,1909,日本ドライケミカル,WEAK,CAUTION,9.96,09:26:26,3730.0,-0.13,203900,→
2026-05-18,1909,日本ドライケミカル,WEAK,CAUTION,9.96,09:26:42,3735.0,0.0,205500,↑
2026-05-18,1909,日本ドライケミカル,WEAK,CAUTION,9.96,09:26:57,3735.0,0.0,205500,→
2026-05-18,1909,日本ドライケミカル,WEAK,CAUTION,9.96,09:27:12,3735.0,0.0,205500,→
2026-05-18,1909,日本ドライケミカル,WEAK,CAUTION,9.96,09:27:27,3735.0,0.0,205600,→
2026-05-18,1909,日本ドライケミカル,WEAK,CAUTION,9.96,09:27:42,3735.0,0.0,205600,→
2026-05-18,1909,日本ドライケミカル,WEAK,CAUTION,9.96,09:27:58,3735.0,0.0,205900,→
2026-05-18,1909,日本ドライケミカル,WEAK,CAUTION,9.96,09:28:13,3735.0,0.0,205900,→
2026-05-18,1909,日本ドライケミカル,WEAK,CAUTION,9.96,09:28:28,3735.0,0.0,205900,→
2026-05-18,1909,日本ドライケミカル,WEAK,CAUTION,9.96,09:28:43,3730.0,-0.13,206100,↓
2026-05-18,1909,日本ドライケミカル,WEAK,CAUTION,9.96,09:28:58,3735.0,0.0,206200,↑
2026-05-18,1909,日本ドライケミカル,WEAK,CAUTION,9.96,09:29:14,3730.0,-0.13,206400,↓
2026-05-18,1909,日本ドライケミカル,WEAK,CAUTION,9.96,09:29:29,3735.0,0.0,206500,↑
2026-05-18,1909,日本ドライケミカル,WEAK,CAUTION,9.96,09:29:44,3735.0,0.0,206700,→
2026-05-18,1909,日本ドライケミカル,WEAK,CAUTION,9.96,09:29:59,3735.0,0.0,206700,→
2026-05-18,7162,アストマックス,WEAK,CAUTION,9.69,09:00:03,330.0,0.0,0,→
2026-05-18,7162,アストマックス,WEAK,CAUTION,9.69,09:00:18,330.0,0.0,0,→
2026-05-18,7162,アストマックス,WEAK,CAUTION,9.69,09:00:33,330.0,0.0,0,→
2026-05-18,7162,アストマックス,WEAK,CAUTION,9.69,09:00:48,330.0,0.0,0,→
2026-05-18,7162,アストマックス,WEAK,CAUTION,9.69,09:01:04,330.0,0.0,0,→
2026-05-18,7162,アストマックス,WEAK,CAUTION,9.69,09:01:19,330.0,0.0,0,→
2026-05-18,7162,アストマックス,WEAK,CAUTION,9.69,09:01:34,330.0,0.0,0,→
2026-05-18,7162,アストマックス,WEAK,CAUTION,9.69,09:01:49,330.0,0.0,0,→
2026-05-18,7162,アストマックス,WEAK,CAUTION,9.69,09:02:04,330.0,0.0,0,→
2026-05-18,7162,アストマックス,WEAK,CAUTION,9.69,09:02:20,330.0,0.0,0,→
2026-05-18,7162,アストマックス,WEAK,CAUTION,9.69,09:02:35,330.0,0.0,0,→
2026-05-18,7162,アストマックス,WEAK,CAUTION,9.69,09:02:50,330.0,0.0,0,→
2026-05-18,7162,アストマックス,WEAK,CAUTION,9.69,09:03:05,330.0,0.0,0,→
2026-05-18,7162,アストマックス,WEAK,CAUTION,9.69,09:03:20,330.0,0.0,0,→
2026-05-18,7162,アストマックス,WEAK,CAUTION,9.69,09:03:36,330.0,0.0,0,→
2026-05-18,7162,アストマックス,WEAK,CAUTION,9.69,09:03:51,330.0,0.0,0,→
2026-05-18,7162,アストマックス,WEAK,CAUTION,9.69,09:04:06,330.0,0.0,0,→
2026-05-18,7162,アストマックス,WEAK,CAUTION,9.69,09:04:21,330.0,0.0,0,→
2026-05-18,7162,アストマックス,WEAK,CAUTION,9.69,09:04:37,330.0,0.0,0,→
2026-05-18,7162,アストマックス,WEAK,CAUTION,9.69,09:04:52,330.0,0.0,0,→
2026-05-18,7162,アストマックス,WEAK,CAUTION,9.69,09:05:07,330.0,0.0,0,→
2026-05-18,7162,アストマックス,WEAK,CAUTION,9.69,09:05:22,330.0,0.0,0,→
2026-05-18,7162,アストマックス,WEAK,CAUTION,9.69,09:05:38,330.0,0.0,0,→
2026-05-18,7162,アストマックス,WEAK,CAUTION,9.69,09:05:53,330.0,0.0,0,→
2026-05-18,7162,アストマックス,WEAK,CAUTION,9.69,09:06:08,330.0,0.0,0,→
2026-05-18,7162,アストマックス,WEAK,CAUTION,9.69,09:06:23,330.0,0.0,0,→
2026-05-18,7162,アストマックス,WEAK,CAUTION,9.69,09:06:39,330.0,0.0,0,→
2026-05-18,7162,アストマックス,WEAK,CAUTION,9.69,09:06:54,330.0,0.0,0,→
2026-05-18,7162,アストマックス,WEAK,CAUTION,9.69,09:07:09,330.0,0.0,0,→
2026-05-18,7162,アストマックス,WEAK,CAUTION,9.69,09:07:24,330.0,0.0,0,→
2026-05-18,7162,アストマックス,WEAK,CAUTION,9.69,09:07:40,330.0,0.0,0,→
2026-05-18,7162,アストマックス,WEAK,CAUTION,9.69,09:07:55,330.0,0.0,0,→
2026-05-18,7162,アストマックス,WEAK,CAUTION,9.69,09:08:10,330.0,0.0,0,→
2026-05-18,7162,アストマックス,WEAK,CAUTION,9.69,09:08:25,330.0,0.0,0,→
2026-05-18,7162,アストマックス,WEAK,CAUTION,9.69,09:08:41,330.0,0.0,0,→
2026-05-18,7162,アストマックス,WEAK,CAUTION,9.69,09:08:56,330.0,0.0,0,→
2026-05-18,7162,アストマックス,WEAK,CAUTION,9.69,09:09:11,320.0,-3.03,151800,↓↓
2026-05-18,7162,アストマックス,WEAK,CAUTION,9.69,09:09:26,320.0,-3.03,160500,→
2026-05-18,7162,アストマックス,WEAK,CAUTION,9.69,09:09:42,317.0,-3.94,165000,↓↓
2026-05-18,7162,アストマックス,WEAK,CAUTION,9.69,09:09:57,319.0,-3.33,169200,↑↑
2026-05-18,7162,アストマックス,WEAK,CAUTION,9.69,09:10:12,324.0,-1.82,170900,↑↑
2026-05-18,7162,アストマックス,WEAK,CAUTION,9.69,09:10:27,325.0,-1.52,182200,↑↑
2026-05-18,7162,アストマックス,WEAK,CAUTION,9.69,09:10:42,324.0,-1.82,189600,↓↓
2026-05-18,7162,アストマックス,WEAK,CAUTION,9.69,09:10:58,335.0,1.52,214200,↑↑
2026-05-18,7162,アストマックス,WEAK,CAUTION,9.69,09:11:13,332.0,0.61,224600,↓↓
2026-05-18,7162,アストマックス,WEAK,CAUTION,9.69,09:11:28,328.0,-0.61,237100,↓↓
2026-05-18,7162,アストマックス,WEAK,CAUTION,9.69,09:11:43,331.0,0.3,239000,↑↑
2026-05-18,7162,アストマックス,WEAK,CAUTION,9.69,09:11:58,333.0,0.91,239900,↑↑
2026-05-18,7162,アストマックス,WEAK,CAUTION,9.69,09:12:14,331.0,0.3,247000,↓↓
2026-05-18,7162,アストマックス,WEAK,CAUTION,9.69,09:12:29,327.0,-0.91,259400,↓↓
2026-05-18,7162,アストマックス,WEAK,CAUTION,9.69,09:12:44,327.0,-0.91,262700,→
2026-05-18,7162,アストマックス,WEAK,CAUTION,9.69,09:12:59,328.0,-0.61,263800,↑↑
2026-05-18,7162,アストマックス,WEAK,CAUTION,9.69,09:13:15,332.0,0.61,268700,↑↑
2026-05-18,7162,アストマックス,WEAK,CAUTION,9.69,09:13:30,333.0,0.91,272600,↑↑
2026-05-18,7162,アストマックス,WEAK,CAUTION,9.69,09:13:45,335.0,1.52,276000,↑↑
2026-05-18,7162,アストマックス,WEAK,CAUTION,9.69,09:14:00,339.0,2.73,280200,↑↑
2026-05-18,7162,アストマックス,WEAK,CAUTION,9.69,09:14:16,337.0,2.12,286200,↓↓
2026-05-18,7162,アストマックス,WEAK,CAUTION,9.69,09:14:31,334.0,1.21,297200,↓↓
2026-05-18,7162,アストマックス,WEAK,CAUTION,9.69,09:14:46,337.0,2.12,300400,↑↑
2026-05-18,7162,アストマックス,WEAK,CAUTION,9.69,09:15:01,334.0,1.21,302800,↓↓
2026-05-18,7162,アストマックス,WEAK,CAUTION,9.69,09:15:16,333.0,0.91,308400,↓↓
2026-05-18,7162,アストマックス,WEAK,CAUTION,9.69,09:15:32,331.0,0.3,318600,↓↓
2026-05-18,7162,アストマックス,WEAK,CAUTION,9.69,09:15:47,333.0,0.91,320600,↑↑
2026-05-18,7162,アストマックス,WEAK,CAUTION,9.69,09:16:02,331.0,0.3,322700,↓↓
2026-05-18,7162,アストマックス,WEAK,CAUTION,9.69,09:16:17,330.0,0.0,323400,↓↓
2026-05-18,7162,アストマックス,WEAK,CAUTION,9.69,09:16:32,333.0,0.91,328400,↑↑
2026-05-18,7162,アストマックス,WEAK,CAUTION,9.69,09:16:48,337.0,2.12,331900,↑↑
2026-05-18,7162,アストマックス,WEAK,CAUTION,9.69,09:17:03,335.0,1.52,332900,↓↓
2026-05-18,7162,アストマックス,WEAK,CAUTION,9.69,09:17:18,335.0,1.52,332900,→
2026-05-18,7162,アストマックス,WEAK,CAUTION,9.69,09:17:33,335.0,1.52,332900,→
2026-05-18,7162,アストマックス,WEAK,CAUTION,9.69,09:17:48,338.0,2.42,334500,↑↑
2026-05-18,7162,アストマックス,WEAK,CAUTION,9.69,09:18:04,338.0,2.42,344400,→
2026-05-18,7162,アストマックス,WEAK,CAUTION,9.69,09:18:19,337.0,2.12,348600,↓↓
2026-05-18,7162,アストマックス,WEAK,CAUTION,9.69,09:18:34,335.0,1.52,355900,↓↓
2026-05-18,7162,アストマックス,WEAK,CAUTION,9.69,09:18:49,334.0,1.21,389000,↓↓
2026-05-18,7162,アストマックス,WEAK,CAUTION,9.69,09:19:04,334.0,1.21,389000,→
2026-05-18,7162,アストマックス,WEAK,CAUTION,9.69,09:19:20,334.0,1.21,389000,→
2026-05-18,7162,アストマックス,WEAK,CAUTION,9.69,09:19:35,339.0,2.73,391300,↑↑
2026-05-18,7162,アストマックス,WEAK,CAUTION,9.69,09:19:50,336.0,1.82,391700,↓↓
2026-05-18,7162,アストマックス,WEAK,CAUTION,9.69,09:20:05,335.0,1.52,395900,↓↓
2026-05-18,7162,アストマックス,WEAK,CAUTION,9.69,09:20:20,334.0,1.21,399700,↓↓
2026-05-18,7162,アストマックス,WEAK,CAUTION,9.69,09:20:36,331.0,0.3,409300,↓↓
2026-05-18,7162,アストマックス,WEAK,CAUTION,9.69,09:20:51,330.0,0.0,409700,↓↓
2026-05-18,7162,アストマックス,WEAK,CAUTION,9.69,09:21:06,331.0,0.3,421200,↑↑
2026-05-18,7162,アストマックス,WEAK,CAUTION,9.69,09:21:21,332.0,0.61,423000,↑↑
2026-05-18,7162,アストマックス,WEAK,CAUTION,9.69,09:21:36,332.0,0.61,423000,→
2026-05-18,7162,アストマックス,WEAK,CAUTION,9.69,09:21:52,330.0,0.0,424200,↓↓
2026-05-18,7162,アストマックス,WEAK,CAUTION,9.69,09:22:07,329.0,-0.3,425700,↓↓
2026-05-18,7162,アストマックス,WEAK,CAUTION,9.69,09:22:22,330.0,0.0,426300,↑↑
2026-05-18,7162,アストマックス,WEAK,CAUTION,9.69,09:22:37,330.0,0.0,430800,→
2026-05-18,7162,アストマックス,WEAK,CAUTION,9.69,09:22:53,330.0,0.0,431100,→
2026-05-18,7162,アストマックス,WEAK,CAUTION,9.69,09:23:08,330.0,0.0,431200,→
2026-05-18,7162,アストマックス,WEAK,CAUTION,9.69,09:23:23,332.0,0.61,435500,↑↑
2026-05-18,7162,アストマックス,WEAK,CAUTION,9.69,09:23:38,335.0,1.52,437000,↑↑
2026-05-18,7162,アストマックス,WEAK,CAUTION,9.69,09:23:53,332.0,0.61,437500,↓↓
2026-05-18,7162,アストマックス,WEAK,CAUTION,9.69,09:24:09,332.0,0.61,437800,→
2026-05-18,7162,アストマックス,WEAK,CAUTION,9.69,09:24:24,332.0,0.61,437800,→
2026-05-18,7162,アストマックス,WEAK,CAUTION,9.69,09:24:40,333.0,0.91,438500,↑↑
2026-05-18,7162,アストマックス,WEAK,CAUTION,9.69,09:24:55,331.0,0.3,439000,↓↓
2026-05-18,7162,アストマックス,WEAK,CAUTION,9.69,09:25:10,331.0,0.3,439200,→
2026-05-18,7162,アストマックス,WEAK,CAUTION,9.69,09:25:25,332.0,0.61,439400,↑↑
2026-05-18,7162,アストマックス,WEAK,CAUTION,9.69,09:25:41,333.0,0.91,440100,↑↑
2026-05-18,7162,アストマックス,WEAK,CAUTION,9.69,09:25:56,333.0,0.91,441400,→
2026-05-18,7162,アストマックス,WEAK,CAUTION,9.69,09:26:11,332.0,0.61,443200,↓↓
2026-05-18,7162,アストマックス,WEAK,CAUTION,9.69,09:26:26,332.0,0.61,445800,→
2026-05-18,7162,アストマックス,WEAK,CAUTION,9.69,09:26:42,332.0,0.61,446500,→
2026-05-18,7162,アストマックス,WEAK,CAUTION,9.69,09:26:57,332.0,0.61,446500,→
2026-05-18,7162,アストマックス,WEAK,CAUTION,9.69,09:27:12,332.0,0.61,447500,→
2026-05-18,7162,アストマックス,WEAK,CAUTION,9.69,09:27:27,333.0,0.91,448100,↑↑
2026-05-18,7162,アストマックス,WEAK,CAUTION,9.69,09:27:42,333.0,0.91,448100,→
2026-05-18,7162,アストマックス,WEAK,CAUTION,9.69,09:27:58,333.0,0.91,448100,→
2026-05-18,7162,アストマックス,WEAK,CAUTION,9.69,09:28:13,333.0,0.91,448100,→
2026-05-18,7162,アストマックス,WEAK,CAUTION,9.69,09:28:28,333.0,0.91,448700,→
2026-05-18,7162,アストマックス,WEAK,CAUTION,9.69,09:28:43,332.0,0.61,451000,↓↓
2026-05-18,7162,アストマックス,WEAK,CAUTION,9.69,09:28:58,332.0,0.61,451100,→
2026-05-18,7162,アストマックス,WEAK,CAUTION,9.69,09:29:14,333.0,0.91,453300,↑↑
2026-05-18,7162,アストマックス,WEAK,CAUTION,9.69,09:29:29,333.0,0.91,453300,→
2026-05-18,7162,アストマックス,WEAK,CAUTION,9.69,09:29:44,335.0,1.52,455300,↑↑
2026-05-18,7162,アストマックス,WEAK,CAUTION,9.69,09:29:59,335.0,1.52,457800,→
2026-05-18,2180,サニーサイドアップグループ,WEAK,CAUTION,9.64,09:00:03,1316.0,0.08,27400,→
2026-05-18,2180,サニーサイドアップグループ,WEAK,CAUTION,9.64,09:00:18,1316.0,0.08,27700,→
2026-05-18,2180,サニーサイドアップグループ,WEAK,CAUTION,9.64,09:00:33,1316.0,0.08,27700,→
2026-05-18,2180,サニーサイドアップグループ,WEAK,CAUTION,9.64,09:00:48,1315.0,0.0,27800,↓
2026-05-18,2180,サニーサイドアップグループ,WEAK,CAUTION,9.64,09:01:04,1315.0,0.0,27800,→
2026-05-18,2180,サニーサイドアップグループ,WEAK,CAUTION,9.64,09:01:19,1315.0,0.0,27800,→
2026-05-18,2180,サニーサイドアップグループ,WEAK,CAUTION,9.64,09:01:34,1315.0,0.0,27800,→
2026-05-18,2180,サニーサイドアップグループ,WEAK,CAUTION,9.64,09:01:49,1315.0,0.0,28100,→
2026-05-18,2180,サニーサイドアップグループ,WEAK,CAUTION,9.64,09:02:04,1315.0,0.0,28100,→
2026-05-18,2180,サニーサイドアップグループ,WEAK,CAUTION,9.64,09:02:20,1315.0,0.0,28100,→
2026-05-18,2180,サニーサイドアップグループ,WEAK,CAUTION,9.64,09:02:35,1315.0,0.0,28100,→
2026-05-18,2180,サニーサイドアップグループ,WEAK,CAUTION,9.64,09:02:50,1315.0,0.0,28100,→
2026-05-18,2180,サニーサイドアップグループ,WEAK,CAUTION,9.64,09:03:05,1315.0,0.0,28100,→
2026-05-18,2180,サニーサイドアップグループ,WEAK,CAUTION,9.64,09:03:20,1315.0,0.0,28100,→
2026-05-18,2180,サニーサイドアップグループ,WEAK,CAUTION,9.64,09:03:36,1315.0,0.0,28300,→
2026-05-18,2180,サニーサイドアップグループ,WEAK,CAUTION,9.64,09:03:51,1315.0,0.0,28300,→
2026-05-18,2180,サニーサイドアップグループ,WEAK,CAUTION,9.64,09:04:06,1315.0,0.0,28300,→
2026-05-18,2180,サニーサイドアップグループ,WEAK,CAUTION,9.64,09:04:21,1315.0,0.0,28300,→
2026-05-18,2180,サニーサイドアップグループ,WEAK,CAUTION,9.64,09:04:37,1315.0,0.0,28300,→
2026-05-18,2180,サニーサイドアップグループ,WEAK,CAUTION,9.64,09:04:52,1315.0,0.0,28300,→
2026-05-18,2180,サニーサイドアップグループ,WEAK,CAUTION,9.64,09:05:07,1315.0,0.0,28300,→
2026-05-18,2180,サニーサイドアップグループ,WEAK,CAUTION,9.64,09:05:22,1315.0,0.0,28300,→
2026-05-18,2180,サニーサイドアップグループ,WEAK,CAUTION,9.64,09:05:38,1315.0,0.0,28300,→
2026-05-18,2180,サニーサイドアップグループ,WEAK,CAUTION,9.64,09:05:53,1315.0,0.0,28300,→
2026-05-18,2180,サニーサイドアップグループ,WEAK,CAUTION,9.64,09:06:08,1315.0,0.0,28300,→
2026-05-18,2180,サニーサイドアップグループ,WEAK,CAUTION,9.64,09:06:23,1315.0,0.0,28300,→
2026-05-18,2180,サニーサイドアップグループ,WEAK,CAUTION,9.64,09:06:39,1315.0,0.0,28400,→
2026-05-18,2180,サニーサイドアップグループ,WEAK,CAUTION,9.64,09:06:54,1315.0,0.0,28400,→
2026-05-18,2180,サニーサイドアップグループ,WEAK,CAUTION,9.64,09:07:09,1315.0,0.0,28400,→
2026-05-18,2180,サニーサイドアップグループ,WEAK,CAUTION,9.64,09:07:24,1315.0,0.0,28400,→
2026-05-18,2180,サニーサイドアップグループ,WEAK,CAUTION,9.64,09:07:40,1315.0,0.0,28400,→
2026-05-18,2180,サニーサイドアップグループ,WEAK,CAUTION,9.64,09:07:55,1315.0,0.0,28400,→
2026-05-18,2180,サニーサイドアップグループ,WEAK,CAUTION,9.64,09:08:10,1315.0,0.0,28400,→
2026-05-18,2180,サニーサイドアップグループ,WEAK,CAUTION,9.64,09:08:25,1315.0,0.0,28400,→
2026-05-18,2180,サニーサイドアップグループ,WEAK,CAUTION,9.64,09:08:41,1315.0,0.0,28400,→
2026-05-18,2180,サニーサイドアップグループ,WEAK,CAUTION,9.64,09:08:56,1315.0,0.0,28400,→
2026-05-18,2180,サニーサイドアップグループ,WEAK,CAUTION,9.64,09:09:11,1315.0,0.0,36100,→
2026-05-18,2180,サニーサイドアップグループ,WEAK,CAUTION,9.64,09:09:26,1315.0,0.0,36100,→
2026-05-18,2180,サニーサイドアップグループ,WEAK,CAUTION,9.64,09:09:42,1315.0,0.0,36100,→
2026-05-18,2180,サニーサイドアップグループ,WEAK,CAUTION,9.64,09:09:57,1315.0,0.0,36100,→
2026-05-18,2180,サニーサイドアップグループ,WEAK,CAUTION,9.64,09:10:12,1316.0,0.08,36900,↑
2026-05-18,2180,サニーサイドアップグループ,WEAK,CAUTION,9.64,09:10:27,1316.0,0.08,36900,→
2026-05-18,2180,サニーサイドアップグループ,WEAK,CAUTION,9.64,09:10:42,1316.0,0.08,36900,→
2026-05-18,2180,サニーサイドアップグループ,WEAK,CAUTION,9.64,09:10:58,1316.0,0.08,36900,→
2026-05-18,2180,サニーサイドアップグループ,WEAK,CAUTION,9.64,09:11:13,1316.0,0.08,36900,→
2026-05-18,2180,サニーサイドアップグループ,WEAK,CAUTION,9.64,09:11:28,1315.0,0.0,37000,↓
2026-05-18,2180,サニーサイドアップグループ,WEAK,CAUTION,9.64,09:11:43,1315.0,0.0,37000,→
2026-05-18,2180,サニーサイドアップグループ,WEAK,CAUTION,9.64,09:11:58,1315.0,0.0,37100,→
2026-05-18,2180,サニーサイドアップグループ,WEAK,CAUTION,9.64,09:12:14,1315.0,0.0,37100,→
2026-05-18,2180,サニーサイドアップグループ,WEAK,CAUTION,9.64,09:12:29,1315.0,0.0,37100,→
2026-05-18,2180,サニーサイドアップグループ,WEAK,CAUTION,9.64,09:12:44,1315.0,0.0,37100,→
2026-05-18,2180,サニーサイドアップグループ,WEAK,CAUTION,9.64,09:12:59,1315.0,0.0,37100,→
2026-05-18,2180,サニーサイドアップグループ,WEAK,CAUTION,9.64,09:13:15,1315.0,0.0,37100,→
2026-05-18,2180,サニーサイドアップグループ,WEAK,CAUTION,9.64,09:13:30,1315.0,0.0,37100,→
2026-05-18,2180,サニーサイドアップグループ,WEAK,CAUTION,9.64,09:13:45,1315.0,0.0,37100,→
2026-05-18,2180,サニーサイドアップグループ,WEAK,CAUTION,9.64,09:14:00,1315.0,0.0,37100,→
2026-05-18,2180,サニーサイドアップグループ,WEAK,CAUTION,9.64,09:14:16,1315.0,0.0,37100,→
2026-05-18,2180,サニーサイドアップグループ,WEAK,CAUTION,9.64,09:14:31,1315.0,0.0,37100,→
2026-05-18,2180,サニーサイドアップグループ,WEAK,CAUTION,9.64,09:14:46,1315.0,0.0,37100,→
2026-05-18,2180,サニーサイドアップグループ,WEAK,CAUTION,9.64,09:15:01,1315.0,0.0,37100,→
2026-05-18,2180,サニーサイドアップグループ,WEAK,CAUTION,9.64,09:15:16,1315.0,0.0,37100,→
2026-05-18,2180,サニーサイドアップグループ,WEAK,CAUTION,9.64,09:15:32,1315.0,0.0,37100,→
2026-05-18,2180,サニーサイドアップグループ,WEAK,CAUTION,9.64,09:15:47,1315.0,0.0,37200,→
2026-05-18,2180,サニーサイドアップグループ,WEAK,CAUTION,9.64,09:16:02,1315.0,0.0,37200,→
2026-05-18,2180,サニーサイドアップグループ,WEAK,CAUTION,9.64,09:16:17,1315.0,0.0,37200,→
2026-05-18,2180,サニーサイドアップグループ,WEAK,CAUTION,9.64,09:16:32,1315.0,0.0,37200,→
2026-05-18,2180,サニーサイドアップグループ,WEAK,CAUTION,9.64,09:16:48,1315.0,0.0,37200,→
2026-05-18,2180,サニーサイドアップグループ,WEAK,CAUTION,9.64,09:17:03,1315.0,0.0,37200,→
2026-05-18,2180,サニーサイドアップグループ,WEAK,CAUTION,9.64,09:17:18,1315.0,0.0,37200,→
2026-05-18,2180,サニーサイドアップグループ,WEAK,CAUTION,9.64,09:17:33,1315.0,0.0,38900,→
2026-05-18,2180,サニーサイドアップグループ,WEAK,CAUTION,9.64,09:17:48,1315.0,0.0,39900,→
2026-05-18,2180,サニーサイドアップグループ,WEAK,CAUTION,9.64,09:18:04,1315.0,0.0,39900,→
2026-05-18,2180,サニーサイドアップグループ,WEAK,CAUTION,9.64,09:18:19,1315.0,0.0,39900,→
2026-05-18,2180,サニーサイドアップグループ,WEAK,CAUTION,9.64,09:18:34,1315.0,0.0,39900,→
2026-05-18,2180,サニーサイドアップグループ,WEAK,CAUTION,9.64,09:18:49,1315.0,0.0,39900,→
2026-05-18,2180,サニーサイドアップグループ,WEAK,CAUTION,9.64,09:19:04,1315.0,0.0,39900,→
2026-05-18,2180,サニーサイドアップグループ,WEAK,CAUTION,9.64,09:19:20,1315.0,0.0,39900,→
2026-05-18,2180,サニーサイドアップグループ,WEAK,CAUTION,9.64,09:19:35,1315.0,0.0,39900,→
2026-05-18,2180,サニーサイドアップグループ,WEAK,CAUTION,9.64,09:19:50,1315.0,0.0,39900,→
2026-05-18,2180,サニーサイドアップグループ,WEAK,CAUTION,9.64,09:20:05,1315.0,0.0,39900,→
2026-05-18,2180,サニーサイドアップグループ,WEAK,CAUTION,9.64,09:20:20,1315.0,0.0,44000,→
2026-05-18,2180,サニーサイドアップグループ,WEAK,CAUTION,9.64,09:20:36,1315.0,0.0,44000,→
2026-05-18,2180,サニーサイドアップグループ,WEAK,CAUTION,9.64,09:20:51,1315.0,0.0,44000,→
2026-05-18,2180,サニーサイドアップグループ,WEAK,CAUTION,9.64,09:21:06,1315.0,0.0,44000,→
2026-05-18,2180,サニーサイドアップグループ,WEAK,CAUTION,9.64,09:21:21,1315.0,0.0,44000,→
2026-05-18,2180,サニーサイドアップグループ,WEAK,CAUTION,9.64,09:21:36,1315.0,0.0,44200,→
2026-05-18,2180,サニーサイドアップグループ,WEAK,CAUTION,9.64,09:21:52,1315.0,0.0,44200,→
2026-05-18,2180,サニーサイドアップグループ,WEAK,CAUTION,9.64,09:22:07,1315.0,0.0,44200,→
2026-05-18,2180,サニーサイドアップグループ,WEAK,CAUTION,9.64,09:22:22,1315.0,0.0,44200,→
2026-05-18,2180,サニーサイドアップグループ,WEAK,CAUTION,9.64,09:22:37,1315.0,0.0,44200,→
2026-05-18,2180,サニーサイドアップグループ,WEAK,CAUTION,9.64,09:22:53,1315.0,0.0,44200,→
2026-05-18,2180,サニーサイドアップグループ,WEAK,CAUTION,9.64,09:23:08,1315.0,0.0,68600,→
2026-05-18,2180,サニーサイドアップグループ,WEAK,CAUTION,9.64,09:23:23,1316.0,0.08,69300,↑
2026-05-18,2180,サニーサイドアップグループ,WEAK,CAUTION,9.64,09:23:38,1316.0,0.08,69300,→
2026-05-18,2180,サニーサイドアップグループ,WEAK,CAUTION,9.64,09:23:53,1316.0,0.08,69300,→
2026-05-18,2180,サニーサイドアップグループ,WEAK,CAUTION,9.64,09:24:09,1316.0,0.08,69300,→
2026-05-18,2180,サニーサイドアップグループ,WEAK,CAUTION,9.64,09:24:24,1316.0,0.08,69300,→
2026-05-18,2180,サニーサイドアップグループ,WEAK,CAUTION,9.64,09:24:40,1315.0,0.0,69800,↓
2026-05-18,2180,サニーサイドアップグループ,WEAK,CAUTION,9.64,09:24:55,1315.0,0.0,69800,→
2026-05-18,2180,サニーサイドアップグループ,WEAK,CAUTION,9.64,09:25:10,1315.0,0.0,69800,→
2026-05-18,2180,サニーサイドアップグループ,WEAK,CAUTION,9.64,09:25:25,1315.0,0.0,69800,→
2026-05-18,2180,サニーサイドアップグループ,WEAK,CAUTION,9.64,09:25:41,1315.0,0.0,69800,→
2026-05-18,2180,サニーサイドアップグループ,WEAK,CAUTION,9.64,09:25:56,1315.0,0.0,69800,→
2026-05-18,2180,サニーサイドアップグループ,WEAK,CAUTION,9.64,09:26:11,1315.0,0.0,69800,→
2026-05-18,2180,サニーサイドアップグループ,WEAK,CAUTION,9.64,09:26:26,1315.0,0.0,69800,→
2026-05-18,2180,サニーサイドアップグループ,WEAK,CAUTION,9.64,09:26:42,1315.0,0.0,69800,→
2026-05-18,2180,サニーサイドアップグループ,WEAK,CAUTION,9.64,09:26:57,1315.0,0.0,69800,→
2026-05-18,2180,サニーサイドアップグループ,WEAK,CAUTION,9.64,09:27:12,1315.0,0.0,69800,→
2026-05-18,2180,サニーサイドアップグループ,WEAK,CAUTION,9.64,09:27:27,1315.0,0.0,75000,→
2026-05-18,2180,サニーサイドアップグループ,WEAK,CAUTION,9.64,09:27:42,1315.0,0.0,75000,→
2026-05-18,2180,サニーサイドアップグループ,WEAK,CAUTION,9.64,09:27:58,1315.0,0.0,75100,→
2026-05-18,2180,サニーサイドアップグループ,WEAK,CAUTION,9.64,09:28:13,1315.0,0.0,75100,→
2026-05-18,2180,サニーサイドアップグループ,WEAK,CAUTION,9.64,09:28:28,1315.0,0.0,75100,→
2026-05-18,2180,サニーサイドアップグループ,WEAK,CAUTION,9.64,09:28:43,1315.0,0.0,75100,→
2026-05-18,2180,サニーサイドアップグループ,WEAK,CAUTION,9.64,09:28:58,1315.0,0.0,75100,→
2026-05-18,2180,サニーサイドアップグループ,WEAK,CAUTION,9.64,09:29:14,1315.0,0.0,75100,→
2026-05-18,2180,サニーサイドアップグループ,WEAK,CAUTION,9.64,09:29:29,1316.0,0.08,75200,↑
2026-05-18,2180,サニーサイドアップグループ,WEAK,CAUTION,9.64,09:29:44,1315.0,0.0,75300,↓
2026-05-18,2180,サニーサイドアップグループ,WEAK,CAUTION,9.64,09:29:59,1315.0,0.0,75300,→
