drop_lo,drop_hi,rb_min,gap_max,condition,exit,n,wr,avg,sharpe,max_dd,cum
-6.0,-5.0,4,0.0,STRONG,TP+5%/SL-5%,31,71.0,1.498,10.29,-5.5,46.4
-6.0,-5.0,4,0.0,STRONG,引け決済,31,71.0,1.901,9.82,-5.5,58.9
-6.0,-4.0,6,0.0,STRONG,引け決済,39,69.2,1.132,9.64,-2.4,44.1
-5.0,-4.0,5,0.0,STRONG,引け決済,38,68.4,1.132,8.99,-3.4,43.0
-6.0,-4.0,4,0.0,STRONG,引け決済,82,69.5,1.359,8.61,-7.7,111.4
-6.0,-4.0,5,0.0,STRONG,引け決済,62,67.7,1.243,8.25,-4.5,77.1
-6.0,-4.0,4,0.0,STRONG,TP+5%/SL-5%,82,69.5,1.169,8.2,-7.7,95.9
-5.0,-4.0,4,0.0,STRONG,引け決済,51,68.6,1.029,8.12,-3.4,52.5
-6.0,-5.0,4,0.0,STRONG,TP+3%/SL-3%,31,67.7,0.976,7.78,-6.3,30.2
-7.0,-5.0,4,0.0,STRONG,引け決済,56,66.1,1.428,7.77,-5.8,80.0
-7.0,-4.0,4,0.0,STRONG,引け決済,107,67.3,1.238,7.75,-7.7,132.5
-6.0,-5.0,4,0.0,STRONG,TP+5%/SL-3%,31,67.7,1.219,7.72,-7.7,37.8
-6.0,-4.0,6,0.0,STRONG,TP+5%/SL-5%,39,69.2,1.021,7.66,-5.0,39.8
-6.0,-5.0,4,0.0,STRONG,TP+2%/SL-2%,31,67.7,0.778,7.61,-4.3,24.1
-6.0,-5.0,2,0.0,STRONG,TP+5%/SL-5%,53,66.0,1.126,7.6,-6.4,59.7
-6.0,-4.0,5,0.0,STRONG,TP+5%/SL-5%,62,67.7,1.09,7.6,-5.8,67.6
-6.0,-4.0,4,0.0,STRONG,TP+3%/SL-3%,82,68.3,0.897,7.41,-8.4,73.5
-5.0,-4.0,5,0.0,STRONG,TP+5%/SL-5%,38,68.4,1.082,7.4,-5.8,41.1
-7.0,-4.0,6,0.0,STRONG,引け決済,52,65.4,0.981,7.27,-4.9,51.0
-5.0,-4.0,4,0.0,STRONG,TP+3%/SL-3%,51,68.6,0.849,7.18,-4.6,43.3
-5.0,-4.0,5,0.0,STRONG,TP+3%/SL-3%,38,65.8,0.839,7.14,-3.8,31.9
-6.0,-5.0,2,0.0,STRONG,TP+3%/SL-3%,53,64.2,0.872,7.02,-6.0,46.2
-6.0,-4.0,5,0.0,STRONG,TP+3%/SL-3%,62,66.1,0.856,7.01,-4.9,53.0
-6.0,-4.0,6,0.0,STRONG,TP+3%/SL-3%,39,66.7,0.826,7.01,-3.0,32.2
-5.0,-4.0,5,0.0,STRONG,TP+5%/SL-3%,38,65.8,1.024,7.0,-3.8,38.9
-5.0,-4.0,4,0.0,STRONG,TP+5%/SL-5%,51,68.6,0.969,6.97,-5.8,49.4
-6.0,-4.0,5,0.0,STRONG,TP+5%/SL-3%,62,66.1,1.017,6.95,-4.9,63.1
-7.0,-4.0,5,0.0,STRONG,引け決済,81,64.2,1.073,6.88,-4.9,87.0
-6.0,-4.0,4,0.0,STRONG,TP+5%/SL-3%,82,67.1,1.019,6.87,-8.4,83.5
-7.0,-4.0,4,0.0,STRONG,TP+5%/SL-5%,107,66.4,1.059,6.87,-8.2,113.3
-7.0,-5.0,4,0.0,STRONG,TP+5%/SL-5%,56,64.3,1.14,6.85,-10.8,63.9
-6.0,-5.0,2,0.0,STRONG,TP+5%/SL-3%,53,64.2,1.01,6.79,-6.0,53.5
-6.0,-5.0,3,0.0,STRONG,TP+5%/SL-5%,43,65.1,1.034,6.69,-6.4,44.5
-6.0,-4.0,6,0.0,STRONG,TP+5%/SL-3%,39,66.7,0.909,6.6,-3.1,35.5
-7.0,-5.0,4,0.0,STRONG,TP+5%/SL-3%,56,62.5,1.06,6.51,-11.0,59.4
-6.0,-5.0,2,0.0,STRONG,引け決済,53,66.0,1.222,6.45,-9.2,64.8
-6.0,-3.0,4,0.0,STRONG,TP+5%/SL-5%,183,67.2,0.917,6.44,-13.7,167.9
-7.0,-4.0,4,0.0,STRONG,TP+3%/SL-3%,107,65.4,0.807,6.43,-8.9,86.4
-7.0,-4.0,4,0.0,STRONG,TP+5%/SL-3%,107,64.5,0.982,6.41,-8.4,105.1
-5.0,-4.0,4,0.0,STRONG,TP+5%/SL-3%,51,66.7,0.897,6.33,-4.6,45.7
-6.0,-3.0,4,0.0,STRONG,引け決済,183,66.7,0.964,6.24,-16.4,176.5
-6.0,-3.0,6,0.0,STRONG,引け決済,84,67.9,0.91,6.18,-8.4,76.4
-8.0,-4.0,4,0.0,STRONG,引け決済,128,64.1,1.082,6.17,-12.6,138.5
-6.0,-3.0,5,0.0,STRONG,引け決済,134,65.7,0.937,6.14,-13.2,125.5
-6.0,-3.0,5,0.0,STRONG,TP+5%/SL-5%,134,65.7,0.881,6.12,-9.8,118.1
-6.0,-4.0,2,0.0,STRONG,TP+3%/SL-3%,152,65.1,0.771,6.11,-9.0,117.2
-7.0,-3.0,4,0.0,STRONG,引け決済,208,65.9,0.95,6.1,-16.5,197.5
-6.0,-3.0,6,0.0,STRONG,TP+5%/SL-5%,84,67.9,0.879,6.03,-7.2,73.8
-7.0,-3.0,4,0.0,STRONG,TP+5%/SL-5%,208,65.9,0.891,6.0,-16.8,185.3
-6.0,-5.0,3,0.0,STRONG,引け決済,43,65.1,1.224,5.94,-9.2,52.6
-5.0,-3.0,6,0.0,STRONG,引け決済,71,67.6,0.918,5.93,-8.4,65.2
-6.0,-3.0,6,0.0,STRONG,TP+3%/SL-3%,84,66.7,0.749,5.91,-6.0,62.9
-7.0,-6.0,3,0.0,STRONG,引け決済,35,62.9,0.977,5.91,-5.3,34.2
-7.0,-5.0,3,0.0,STRONG,引け決済,78,64.1,1.113,5.89,-12.8,86.8
-7.0,-4.0,5,0.0,STRONG,TP+5%/SL-3%,81,61.7,0.898,5.88,-6.8,72.7
-7.0,-5.0,4,0.0,STRONG,TP+3%/SL-3%,56,62.5,0.77,5.83,-9.6,43.1
-6.0,-3.0,6,0.0,STRONG,TP+5%/SL-3%,84,66.7,0.84,5.82,-6.0,70.6
-5.0,-3.0,6,0.0,STRONG,TP+5%/SL-3%,71,66.2,0.865,5.8,-6.0,61.4
-5.0,-3.0,6,0.0,STRONG,TP+3%/SL-3%,71,66.2,0.745,5.78,-6.0,52.9
-5.0,-3.0,6,0.0,STRONG,TP+5%/SL-5%,71,67.6,0.881,5.76,-7.2,62.6
-6.0,-5.0,3,0.0,STRONG,TP+5%/SL-3%,43,62.8,0.892,5.76,-7.5,38.4
-5.0,-3.0,5,0.0,STRONG,引け決済,110,65.5,0.831,5.76,-8.7,91.4
-5.0,-4.0,3,0.0,STRONG,TP+3%/SL-3%,81,66.7,0.71,5.75,-6.0,57.5
-5.0,-3.0,5,0.0,STRONG,TP+5%/SL-5%,110,65.5,0.833,5.74,-8.0,91.6
-7.0,-4.0,5,0.0,STRONG,TP+5%/SL-5%,81,63.0,0.902,5.74,-9.0,73.1
-7.0,-5.0,2,0.0,STRONG,TP+5%/SL-5%,96,63.5,0.941,5.74,-7.3,90.3
-6.0,-4.0,3,0.0,STRONG,TP+3%/SL-3%,124,65.3,0.719,5.73,-9.0,89.2
-7.0,-5.0,5,0.0,STRONG,引け決済,43,60.5,1.022,5.73,-6.0,44.0
-7.0,-3.0,5,0.0,STRONG,引け決済,153,64.1,0.885,5.72,-13.2,135.4
-6.0,-5.0,3,0.0,STRONG,TP+3%/SL-3%,43,62.8,0.737,5.69,-6.0,31.7
-5.0,-3.0,4,0.0,STRONG,TP+5%/SL-5%,152,66.4,0.799,5.68,-13.7,121.5
-7.0,-3.0,6,0.0,STRONG,引け決済,97,66.0,0.859,5.67,-8.4,83.3
-8.0,-4.0,4,0.0,STRONG,TP+5%/SL-3%,128,61.7,0.884,5.67,-9.0,113.2
-7.0,-4.0,3,0.0,STRONG,引け決済,159,65.4,0.928,5.67,-12.4,147.5
-6.0,-4.0,3,0.0,STRONG,TP+5%/SL-5%,124,66.1,0.823,5.66,-8.9,102.1
-5.0,-4.0,2,0.0,STRONG,TP+3%/SL-3%,99,65.7,0.717,5.64,-6.6,71.0
-6.0,-4.0,2,0.0,STRONG,引け決済,152,65.1,0.899,5.63,-10.1,136.6
-8.0,-4.0,4,0.0,STRONG,TP+5%/SL-5%,128,63.3,0.907,5.6,-9.0,116.1
-7.0,-5.0,2,0.0,STRONG,TP+5%/SL-3%,96,61.5,0.887,5.6,-7.0,85.1
-5.0,-4.0,3,0.0,STRONG,引け決済,81,66.7,0.75,5.6,-7.1,60.7
-6.0,-4.0,3,0.0,STRONG,引け決済,124,66.1,0.914,5.6,-10.1,113.4
-6.0,-3.0,4,0.0,STRONG,TP+5%/SL-3%,183,65.6,0.816,5.58,-16.3,149.3
-8.0,-5.0,4,0.0,STRONG,引け決済,77,61.0,1.117,5.56,-10.2,86.0
-6.0,-4.0,2,0.0,STRONG,TP+5%/SL-3%,152,63.8,0.802,5.55,-9.0,121.9
-6.0,-3.0,5,0.0,STRONG,TP+5%/SL-3%,134,64.2,0.81,5.55,-9.0,108.6
-6.0,-3.0,3,0.0,STRONG,TP+5%/SL-5%,259,65.3,0.787,5.52,-12.9,203.9
-7.0,-3.0,4,0.0,STRONG,TP+5%/SL-3%,208,64.4,0.821,5.52,-19.5,170.8
-7.0,-4.0,5,0.0,STRONG,TP+3%/SL-3%,81,61.7,0.706,5.51,-6.8,57.2
-7.0,-5.0,2,0.0,STRONG,引け決済,96,65.6,1.037,5.48,-12.8,99.5
-6.0,-4.0,2,0.0,STRONG,TP+5%/SL-5%,152,65.1,0.822,5.48,-8.9,125.0
-6.0,-3.0,4,0.0,STRONG,TP+3%/SL-3%,183,66.1,0.668,5.45,-17.3,122.3
-5.0,-3.0,4,0.0,STRONG,引け決済,152,65.8,0.773,5.44,-13.7,117.6
-8.0,-4.0,4,0.0,STRONG,TP+3%/SL-3%,128,62.5,0.705,5.44,-9.0,90.3
-7.0,-4.0,2,0.0,STRONG,TP+3%/SL-3%,195,63.6,0.703,5.44,-9.0,137.1
-7.0,-5.0,3,0.0,STRONG,TP+5%/SL-3%,78,60.3,0.882,5.42,-10.5,68.8
-7.0,-4.0,6,0.0,STRONG,TP+5%/SL-3%,52,61.5,0.807,5.41,-5.9,42.0
-7.0,-5.0,3,0.0,STRONG,TP+5%/SL-5%,78,61.5,0.91,5.4,-10.3,71.0
-8.0,-3.0,4,0.0,STRONG,引け決済,229,64.2,0.889,5.4,-20.2,203.6
-4.0,-3.0,3,0.0,STRONG,TP+5%/SL-5%,135,64.4,0.754,5.38,-15.2,101.9
-8.0,-3.0,4,0.0,STRONG,TP+5%/SL-5%,229,64.2,0.821,5.36,-20.5,188.1
-7.0,-5.0,4,0.0,STRONG,TP+2%/SL-2%,56,64.3,0.577,5.34,-8.3,32.3
-7.0,-3.0,5,0.0,STRONG,TP+5%/SL-5%,153,63.4,0.808,5.34,-11.2,123.6
-7.0,-3.0,6,0.0,STRONG,TP+5%/SL-3%,97,63.9,0.794,5.32,-7.3,77.0
-8.0,-5.0,4,0.0,STRONG,TP+5%/SL-3%,77,58.4,0.876,5.32,-11.7,67.4
-6.0,-4.0,3,0.0,STRONG,TP+5%/SL-3%,124,64.5,0.762,5.32,-9.0,94.5
-7.0,-3.0,3,0.0,STRONG,TP+5%/SL-5%,294,64.3,0.784,5.29,-15.7,230.4
-6.0,-3.0,5,0.0,STRONG,TP+3%/SL-3%,134,64.2,0.661,5.29,-9.0,88.6
-7.0,-4.0,2,0.0,STRONG,引け決済,195,65.1,0.879,5.28,-12.4,171.4
-7.0,-3.0,3,0.0,STRONG,引け決済,294,64.6,0.822,5.28,-15.7,241.7
-5.0,-3.0,3,0.0,STRONG,TP+5%/SL-5%,216,65.3,0.738,5.27,-12.9,159.4
-5.0,-3.0,5,0.0,STRONG,TP+5%/SL-3%,110,63.6,0.767,5.26,-9.0,84.4
-7.0,-4.0,3,0.0,STRONG,TP+3%/SL-3%,159,63.5,0.682,5.25,-9.0,108.5
-7.0,-5.0,2,0.0,STRONG,TP+3%/SL-3%,96,61.5,0.688,5.24,-6.0,66.1
-7.0,-4.0,2,0.0,STRONG,TP+5%/SL-3%,195,62.6,0.787,5.24,-9.0,153.5
-7.0,-4.0,3,0.0,STRONG,TP+5%/SL-5%,159,64.2,0.809,5.23,-7.6,128.6
-7.0,-4.0,3,0.0,STRONG,TP+5%/SL-3%,159,62.9,0.786,5.23,-9.0,124.9
-4.0,-3.0,6,0.0,STRONG,TP+5%/SL-3%,45,66.7,0.78,5.22,-5.8,35.1
-7.0,-3.0,4,0.0,STRONG,TP+3%/SL-3%,208,64.9,0.65,5.22,-21.5,135.2
-7.0,-4.0,6,0.0,STRONG,TP+5%/SL-5%,52,63.5,0.813,5.21,-5.7,42.3
-8.0,-3.0,4,0.0,STRONG,TP+5%/SL-3%,229,62.9,0.781,5.19,-24.0,178.9
-6.0,-3.0,2,0.0,STRONG,引け決済,321,63.2,0.789,5.19,-14.9,253.3
-6.0,-3.0,3,0.0,STRONG,引け決済,259,64.9,0.801,5.19,-14.9,207.5
-5.0,-4.0,2,0.0,STRONG,引け決済,99,64.6,0.726,5.19,-7.1,71.9
-7.0,-3.0,5,0.0,STRONG,TP+5%/SL-3%,153,62.1,0.773,5.18,-10.4,118.2
-6.0,-5.0,6,2.0,STRONG,引け決済,41,56.1,0.819,5.14,-10.6,33.6
-6.0,-4.0,4,0.0,STRONG,TP+2%/SL-2%,82,63.4,0.527,5.14,-8.0,43.2
-5.0,-3.0,4,0.0,STRONG,TP+5%/SL-3%,152,65.1,0.733,5.13,-16.3,111.5
-6.0,-3.0,2,0.0,STRONG,TP+5%/SL-5%,321,63.2,0.753,5.11,-14.9,241.7
-4.0,-3.0,6,0.0,STRONG,TP+3%/SL-3%,45,66.7,0.683,5.09,-3.0,30.7
-7.0,-3.0,6,0.0,STRONG,TP+3%/SL-3%,97,63.9,0.654,5.08,-6.0,63.4
-5.0,-4.0,3,0.0,STRONG,TP+5%/SL-5%,81,66.7,0.711,5.08,-7.4,57.6
-7.0,-4.0,6,0.0,STRONG,TP+3%/SL-3%,52,61.5,0.629,5.08,-4.5,32.7
-5.0,-3.0,3,0.0,STRONG,引け決済,216,64.8,0.717,5.08,-12.9,154.9
-7.0,-4.0,2,0.0,STRONG,TP+5%/SL-5%,195,64.1,0.798,5.08,-10.0,155.6
-5.0,-4.0,3,0.0,STRONG,TP+5%/SL-3%,81,65.4,0.693,5.07,-6.0,56.1
-7.0,-6.0,3,0.0,STRONG,TP+5%/SL-3%,35,57.1,0.87,5.06,-6.0,30.4
-4.0,-3.0,4,0.0,STRONG,TP+5%/SL-5%,101,65.3,0.713,5.05,-16.0,72.0
-7.0,-3.0,2,0.0,STRONG,引け決済,364,63.5,0.791,5.05,-17.6,288.1
-7.0,-3.0,6,0.0,STRONG,TP+5%/SL-5%,97,64.9,0.787,5.05,-9.8,76.3
-6.0,-3.0,2,0.0,STRONG,TP+3%/SL-3%,321,62.6,0.63,5.03,-15.5,202.2
-6.0,-5.0,4,2.0,STRONG,引け決済,74,59.5,1.012,5.02,-16.8,74.9
-4.0,-3.0,2,2.0,STRONG,TP+5%/SL-5%,510,61.6,0.648,5.02,-12.6,330.4
-8.0,-4.0,6,0.0,STRONG,引け決済,66,59.1,0.719,5.01,-5.1,47.5
-7.0,-5.0,5,0.0,STRONG,TP+5%/SL-3%,43,58.1,0.786,4.99,-7.5,33.8
-5.0,-3.0,4,0.0,STRONG,TP+3%/SL-3%,152,65.8,0.606,4.98,-17.3,92.0
-7.0,-3.0,3,0.0,STRONG,TP+5%/SL-3%,294,62.9,0.733,4.98,-18.3,215.5
-6.0,-3.0,3,0.0,STRONG,TP+5%/SL-3%,259,63.7,0.714,4.98,-15.5,185.0
-5.0,-3.0,5,0.0,STRONG,TP+3%/SL-3%,110,63.6,0.613,4.95,-9.0,67.5
-6.0,-3.0,2,0.0,STRONG,TP+5%/SL-3%,321,62.0,0.716,4.95,-17.4,229.9
-7.0,-3.0,2,0.0,STRONG,TP+5%/SL-5%,364,62.9,0.748,4.93,-17.6,272.3
-8.0,-5.0,4,0.0,STRONG,TP+5%/SL-5%,77,59.7,0.866,4.93,-12.9,66.7
-5.0,-3.0,2,0.0,STRONG,引け決済,268,62.7,0.704,4.92,-14.9,188.6
-8.0,-4.0,5,0.0,STRONG,引け決済,100,60.0,0.852,4.91,-12.6,85.2
-8.0,-4.0,3,0.0,STRONG,引け決済,187,63.6,0.841,4.88,-12.8,157.2
-4.0,-3.0,5,0.0,STRONG,TP+5%/SL-5%,72,63.9,0.701,4.88,-8.1,50.5
-4.0,-3.0,2,2.0,STRONG,TP+5%/SL-3%,510,60.8,0.621,4.88,-15.1,316.8
-6.0,-3.0,3,0.0,STRONG,TP+3%/SL-3%,259,64.1,0.61,4.88,-15.6,157.9
-5.0,-4.0,2,0.0,STRONG,TP+5%/SL-3%,99,63.6,0.691,4.87,-6.6,68.4
-4.0,-3.0,6,0.0,STRONG,TP+5%/SL-5%,45,66.7,0.756,4.87,-6.4,34.0
-7.0,-3.0,2,0.0,STRONG,TP+5%/SL-3%,364,61.5,0.718,4.86,-20.2,261.5
-8.0,-4.0,2,0.0,STRONG,TP+3%/SL-3%,227,62.1,0.637,4.86,-9.0,144.7
-4.0,-3.0,2,2.0,STRONG,TP+3%/SL-3%,510,61.2,0.545,4.84,-15.1,278.0
-8.0,-3.0,3,0.0,STRONG,引け決済,322,63.7,0.781,4.83,-19.4,251.4
-8.0,-4.0,5,0.0,STRONG,TP+5%/SL-3%,100,58.0,0.748,4.82,-7.7,74.8
-6.0,-4.0,5,0.0,STRONG,TP+2%/SL-2%,62,61.3,0.498,4.82,-5.0,30.8
-5.0,-3.0,3,0.0,STRONG,TP+5%/SL-3%,216,63.9,0.679,4.81,-15.5,146.7
-8.0,-3.0,3,0.0,STRONG,TP+5%/SL-5%,322,63.4,0.731,4.8,-19.4,235.2
-7.0,-3.0,2,0.0,STRONG,TP+3%/SL-3%,364,62.1,0.61,4.8,-18.3,222.1
-4.0,-3.0,3,0.0,STRONG,引け決済,135,63.7,0.698,4.8,-15.2,94.2
-7.0,-5.0,3,0.0,STRONG,TP+3%/SL-3%,78,60.3,0.654,4.8,-9.0,51.0
-8.0,-3.0,4,0.0,STRONG,TP+3%/SL-3%,229,63.3,0.607,4.79,-26.0,139.1
-4.0,-3.0,6,2.0,STRONG,TP+2%/SL-2%,125,61.6,0.49,4.79,-8.1,61.3
-4.0,-3.0,2,0.0,STRONG,引け決済,169,61.5,0.691,4.77,-15.2,116.7
-8.0,-4.0,2,0.0,STRONG,TP+5%/SL-3%,227,61.2,0.735,4.76,-10.9,167.0
-4.0,-3.0,2,2.0,STRONG,引け決済,510,61.6,0.63,4.76,-16.2,321.2
-4.0,-3.0,2,0.0,STRONG,TP+5%/SL-5%,169,61.5,0.691,4.76,-15.2,116.7
-7.0,-3.0,5,0.0,STRONG,TP+3%/SL-3%,153,62.1,0.607,4.76,-11.2,92.8
-6.0,-5.0,2,2.0,STRONG,TP+5%/SL-5%,136,61.0,0.792,4.75,-15.4,107.8
-7.0,-5.0,5,0.0,STRONG,TP+2%/SL-2%,43,62.8,0.542,4.75,-6.5,23.3
-6.0,-5.0,4,2.0,STRONG,TP+5%/SL-5%,74,59.5,0.796,4.73,-12.4,58.9
-7.0,-3.0,3,0.0,STRONG,TP+3%/SL-3%,294,63.3,0.603,4.73,-18.3,177.2
-6.0,-5.0,2,2.0,STRONG,TP+5%/SL-3%,136,58.8,0.745,4.72,-14.1,101.3
-8.0,-3.0,5,0.0,STRONG,引け決済,172,61.6,0.777,4.71,-14.1,133.6
-5.0,-3.0,3,0.0,STRONG,TP+3%/SL-3%,216,64.4,0.584,4.71,-16.5,126.2
-6.0,-5.0,3,2.0,STRONG,TP+5%/SL-5%,102,60.8,0.807,4.71,-15.0,82.4
-8.0,-4.0,3,0.0,STRONG,TP+5%/SL-3%,187,61.5,0.718,4.71,-9.0,134.4
-8.0,-5.0,2,0.0,STRONG,TP+5%/SL-3%,128,59.4,0.77,4.7,-7.3,98.6
-8.0,-3.0,3,0.0,STRONG,TP+5%/SL-3%,322,62.1,0.699,4.69,-22.8,224.9
-8.0,-3.0,6,0.0,STRONG,引け決済,111,62.2,0.719,4.67,-8.4,79.8
-4.0,-3.0,3,0.0,STRONG,TP+5%/SL-3%,135,63.0,0.671,4.67,-17.8,90.6
-6.0,-5.0,2,2.0,STRONG,TP+3%/SL-3%,136,60.3,0.639,4.67,-13.7,86.9
-8.0,-3.0,5,0.0,STRONG,TP+5%/SL-3%,172,59.9,0.7,4.64,-15.0,120.3
-5.0,-3.0,2,0.0,STRONG,TP+3%/SL-3%,268,62.3,0.582,4.64,-15.5,156.0
-5.0,-3.0,2,0.0,STRONG,TP+5%/SL-5%,268,62.7,0.679,4.63,-14.9,182.0
-8.0,-5.0,3,0.0,STRONG,引け決済,106,61.3,0.91,4.63,-14.8,96.5
-6.0,-5.0,5,2.0,STRONG,引け決済,58,55.2,0.873,4.61,-10.6,50.7
-8.0,-3.0,2,0.0,STRONG,TP+5%/SL-3%,396,60.9,0.694,4.61,-24.8,275.0
-4.0,-3.0,3,2.0,STRONG,TP+5%/SL-5%,395,60.3,0.582,4.61,-15.4,229.8
-8.0,-4.0,3,0.0,STRONG,TP+3%/SL-3%,187,62.0,0.605,4.6,-9.0,113.2
-6.0,-5.0,3,2.0,STRONG,引け決済,102,60.8,0.915,4.6,-16.8,93.3
-6.0,-5.0,2,0.0,STRONG,TP+2%/SL-2%,53,60.4,0.485,4.58,-5.3,25.7
-4.0,-3.0,6,2.0,STRONG,TP+3%/SL-3%,125,60.0,0.59,4.58,-10.0,73.8
-4.0,-3.0,2,2.0,STRONG,TP+2%/SL-2%,510,61.0,0.43,4.58,-11.9,219.1
-5.0,-3.0,2,0.0,STRONG,TP+5%/SL-3%,268,61.6,0.658,4.58,-17.4,176.4
-4.0,-3.0,6,0.0,STRONG,TP+2%/SL-2%,45,64.4,0.474,4.57,-3.3,21.3
-8.0,-3.0,2,0.0,STRONG,引け決済,396,62.6,0.76,4.57,-21.4,300.8
-7.0,-4.0,4,0.0,STRONG,TP+2%/SL-2%,107,62.6,0.481,4.56,-10.3,51.4
-4.0,-3.0,4,0.0,STRONG,TP+5%/SL-3%,101,64.4,0.651,4.54,-18.6,65.7
-8.0,-3.0,2,0.0,STRONG,TP+3%/SL-3%,396,61.4,0.58,4.53,-22.8,229.7
-6.0,-3.0,2,2.0,STRONG,TP+5%/SL-5%,902,61.2,0.634,4.52,-15.8,571.5
-8.0,-5.0,3,0.0,STRONG,TP+5%/SL-3%,106,58.5,0.738,4.51,-8.3,78.2
-5.0,-3.0,2,2.0,STRONG,TP+5%/SL-5%,766,61.2,0.605,4.49,-15.4,463.8
-8.0,-4.0,2,0.0,STRONG,引け決済,227,63.4,0.811,4.49,-13.7,184.1
-4.0,-3.0,6,2.0,STRONG,TP+5%/SL-3%,125,59.2,0.624,4.49,-10.0,78.0
-7.0,-5.0,5,0.0,STRONG,TP+5%/SL-5%,43,58.1,0.744,4.49,-10.3,32.0
-8.0,-5.0,4,0.0,STRONG,TP+3%/SL-3%,77,58.4,0.61,4.47,-11.7,47.0
-6.0,-3.0,2,2.0,STRONG,TP+3%/SL-3%,902,60.9,0.54,4.47,-15.7,486.9
-8.0,-3.0,5,0.0,STRONG,TP+5%/SL-5%,172,61.0,0.7,4.47,-12.2,120.4
-6.0,-5.0,3,2.0,STRONG,TP+5%/SL-3%,102,57.8,0.727,4.46,-10.7,74.2
-5.0,-3.0,2,2.0,STRONG,引け決済,766,61.2,0.612,4.45,-21.2,468.8
-8.0,-3.0,2,0.0,STRONG,TP+5%/SL-5%,396,62.1,0.7,4.45,-21.4,277.1
-8.0,-4.0,3,0.0,STRONG,TP+5%/SL-5%,187,62.6,0.713,4.45,-9.8,133.4
-5.0,-3.0,2,2.0,STRONG,TP+3%/SL-3%,766,61.0,0.522,4.44,-16.0,400.0
-6.0,-3.0,2,2.0,STRONG,TP+5%/SL-3%,902,60.1,0.605,4.43,-17.6,545.3
-4.0,-3.0,5,0.0,STRONG,引け決済,72,63.9,0.673,4.42,-10.0,48.4
-8.0,-3.0,6,0.0,STRONG,TP+5%/SL-3%,111,60.4,0.666,4.42,-6.5,74.0
-4.0,-3.0,2,0.0,STRONG,TP+5%/SL-3%,169,60.4,0.639,4.42,-17.8,108.0
-6.0,-3.0,2,2.0,STRONG,引け決済,902,61.2,0.646,4.4,-21.2,583.0
-5.0,-4.0,2,0.0,STRONG,TP+5%/SL-5%,99,64.6,0.66,4.4,-9.1,65.3
-8.0,-3.0,3,0.0,STRONG,TP+3%/SL-3%,322,62.4,0.565,4.4,-22.8,181.9
-4.0,-3.0,4,2.0,STRONG,TP+5%/SL-5%,293,59.4,0.55,4.39,-16.8,161.2
-6.0,-5.0,2,2.0,STRONG,引け決済,136,61.0,0.84,4.39,-19.0,114.3
-5.0,-3.0,2,2.0,STRONG,TP+5%/SL-3%,766,60.3,0.58,4.38,-17.9,444.0
-4.0,-3.0,5,0.0,STRONG,TP+5%/SL-3%,72,62.5,0.632,4.37,-10.0,45.5
-6.0,-4.0,4,2.0,STRONG,引け決済,217,60.4,0.717,4.34,-16.1,155.6
-7.0,-6.0,2,0.0,STRONG,TP+5%/SL-3%,43,58.1,0.735,4.34,-6.0,31.6
-4.0,-3.0,4,0.0,STRONG,引け決済,101,64.4,0.644,4.33,-16.0,65.1
-7.0,-5.0,5,0.0,STRONG,TP+3%/SL-3%,43,58.1,0.59,4.32,-7.5,25.3
-8.0,-4.0,5,0.0,STRONG,TP+3%/SL-3%,100,58.0,0.572,4.3,-7.7,57.2
-8.0,-5.0,2,0.0,STRONG,TP+3%/SL-3%,128,59.4,0.575,4.3,-7.4,73.7
-7.0,-6.0,2,0.0,STRONG,引け決済,43,65.1,0.808,4.3,-10.8,34.8
-8.0,-4.0,2,0.0,STRONG,TP+5%/SL-5%,227,62.6,0.707,4.27,-10.8,160.4
-6.0,-5.0,4,2.0,STRONG,TP+2%/SL-2%,74,59.5,0.472,4.27,-6.3,35.0
-4.0,-3.0,6,0.0,STRONG,引け決済,45,66.7,0.718,4.27,-9.8,32.3
-5.0,-3.0,6,0.0,STRONG,TP+2%/SL-2%,71,62.0,0.443,4.27,-5.7,31.5
-7.0,-5.0,4,2.0,STRONG,引け決済,130,58.5,0.773,4.26,-18.2,100.5
-5.0,-3.0,6,2.0,STRONG,TP+3%/SL-3%,187,59.4,0.542,4.25,-8.7,101.3
-4.0,-3.0,2,999.0,STRONG,TP+5%/SL-5%,600,60.0,0.574,4.25,-16.6,344.2
-5.0,-3.0,6,2.0,STRONG,TP+5%/SL-3%,187,58.8,0.598,4.25,-9.2,111.8
-8.0,-5.0,2,0.0,STRONG,引け決済,128,62.5,0.877,4.24,-12.8,112.3
-8.0,-4.0,5,0.0,STRONG,TP+5%/SL-5%,100,59.0,0.7,4.24,-9.2,70.0
-6.0,-5.0,3,0.0,STRONG,TP+2%/SL-2%,43,60.5,0.455,4.24,-6.4,19.6
-4.0,-3.0,6,2.0,STRONG,TP+5%/SL-5%,125,59.2,0.609,4.23,-10.2,76.2
-6.0,-3.0,3,2.0,STRONG,TP+5%/SL-5%,705,60.1,0.582,4.21,-17.6,410.0
-4.0,-3.0,3,2.0,STRONG,TP+5%/SL-3%,395,59.2,0.533,4.21,-18.1,210.6
-6.0,-3.0,6,0.0,STRONG,TP+2%/SL-2%,84,61.9,0.44,4.2,-5.7,37.0
-8.0,-5.0,2,0.0,STRONG,TP+5%/SL-5%,128,60.9,0.743,4.2,-10.0,95.1
-7.0,-4.0,5,0.0,STRONG,TP+2%/SL-2%,81,60.5,0.452,4.2,-6.1,36.6
-6.0,-3.0,4,2.0,STRONG,TP+5%/SL-5%,510,59.8,0.578,4.2,-19.5,294.7
-7.0,-3.0,2,2.0,STRONG,TP+5%/SL-5%,995,60.9,0.601,4.19,-19.4,598.0
-4.0,-3.0,5,2.0,STRONG,TP+5%/SL-5%,201,58.2,0.553,4.18,-13.1,111.2
-7.0,-3.0,2,2.0,STRONG,TP+5%/SL-3%,995,59.7,0.579,4.18,-22.0,576.5
-7.0,-3.0,2,2.0,STRONG,引け決済,995,61.1,0.622,4.16,-22.4,618.6
-6.0,-4.0,6,2.0,STRONG,引け決済,103,58.3,0.657,4.15,-15.3,67.7
-8.0,-3.0,5,0.0,STRONG,TP+3%/SL-3%,172,59.9,0.539,4.14,-15.0,92.7
-5.0,-3.0,3,2.0,STRONG,TP+5%/SL-5%,603,60.0,0.543,4.13,-17.6,327.6
-5.0,-3.0,4,2.0,STRONG,TP+5%/SL-5%,436,59.9,0.541,4.12,-16.9,235.8
-8.0,-5.0,4,0.0,STRONG,TP+2%/SL-2%,77,58.4,0.445,4.12,-10.3,34.3
-7.0,-6.0,3,0.0,STRONG,TP+5%/SL-5%,35,57.1,0.758,4.12,-8.3,26.5
-7.0,-3.0,2,2.0,STRONG,TP+3%/SL-3%,995,60.4,0.503,4.11,-20.1,500.3
-7.0,-5.0,2,0.0,STRONG,TP+2%/SL-2%,96,60.4,0.443,4.11,-7.1,42.6
-7.0,-4.0,4,2.0,STRONG,引け決済,273,59.7,0.664,4.1,-17.5,181.2
-4.0,-3.0,3,0.0,STRONG,TP+3%/SL-3%,135,63.0,0.509,4.1,-17.8,68.7
-8.0,-5.0,3,0.0,STRONG,TP+5%/SL-5%,106,59.4,0.715,4.1,-10.0,75.8
-6.0,-5.0,3,2.0,STRONG,TP+3%/SL-3%,102,58.8,0.566,4.09,-10.7,57.8
-6.0,-4.0,2,2.0,STRONG,TP+3%/SL-3%,392,60.5,0.533,4.08,-17.5,208.9
-4.0,-3.0,4,2.0,STRONG,TP+5%/SL-3%,293,59.0,0.514,4.08,-19.4,150.7
-6.0,-3.0,4,0.0,STRONG,TP+2%/SL-2%,183,61.2,0.41,4.08,-13.6,75.0
-6.0,-3.0,4,2.0,STRONG,引け決済,510,59.6,0.593,4.07,-32.9,302.4
-6.0,-4.0,2,2.0,STRONG,引け決済,392,60.7,0.668,4.07,-19.8,261.8
-8.0,-3.0,6,0.0,STRONG,TP+3%/SL-3%,111,60.4,0.538,4.07,-6.6,59.7
-6.0,-5.0,2,2.0,STRONG,TP+2%/SL-2%,136,58.8,0.436,4.06,-7.9,59.2
-4.0,-3.0,2,0.0,STRONG,TP+3%/SL-3%,169,60.4,0.503,4.06,-17.8,85.0
-4.0,-3.0,2,999.0,STRONG,TP+5%/SL-3%,600,58.5,0.532,4.04,-15.7,319.3
-6.0,-5.0,2,999.0,STRONG,TP+5%/SL-5%,171,59.1,0.687,4.03,-14.4,117.5
-6.0,-4.0,4,2.0,STRONG,TP+5%/SL-5%,217,60.4,0.616,4.03,-18.4,133.6
-7.0,-5.0,3,2.0,STRONG,引け決済,177,60.5,0.726,4.02,-18.2,128.4
-4.0,-3.0,2,999.0,STRONG,引け決済,600,60.0,0.573,4.02,-19.9,343.9
-4.0,-3.0,3,2.0,STRONG,引け決済,395,60.0,0.519,4.02,-19.0,205.0
-4.0,-3.0,3,2.0,STRONG,TP+3%/SL-3%,395,59.5,0.458,4.02,-18.1,180.7
-6.0,-4.0,5,2.0,STRONG,引け決済,155,58.7,0.65,4.01,-16.1,100.7
-6.0,-4.0,2,2.0,STRONG,TP+5%/SL-5%,392,60.7,0.615,4.01,-16.5,241.1
-4.0,-3.0,5,2.0,STRONG,TP+5%/SL-3%,201,57.7,0.525,3.99,-10.8,105.6
-5.0,-3.0,2,999.0,STRONG,TP+5%/SL-5%,928,59.6,0.565,3.99,-23.4,524.0
-5.0,-3.0,2,999.0,STRONG,引け決済,928,59.8,0.587,3.99,-22.7,544.7
-5.0,-4.0,4,2.0,STRONG,引け決済,143,60.8,0.564,3.98,-9.6,80.7
-7.0,-3.0,4,2.0,STRONG,TP+5%/SL-5%,566,59.4,0.56,3.98,-22.3,317.0
-6.0,-3.0,2,999.0,STRONG,TP+5%/SL-5%,1099,59.5,0.584,3.98,-25.0,641.5
-7.0,-3.0,4,2.0,STRONG,引け決済,566,59.4,0.579,3.97,-34.4,328.0
-6.0,-4.0,3,2.0,STRONG,引け決済,310,60.0,0.656,3.96,-16.1,203.5
-4.0,-3.0,4,2.0,STRONG,TP+3%/SL-3%,293,59.4,0.454,3.96,-19.4,133.0
-7.0,-3.0,3,2.0,STRONG,TP+5%/SL-5%,780,59.9,0.56,3.96,-20.1,436.7
-6.0,-3.0,3,2.0,STRONG,引け決済,705,60.0,0.579,3.96,-29.1,408.5
-5.0,-3.0,6,2.0,STRONG,TP+2%/SL-2%,187,59.4,0.408,3.96,-9.5,76.3
-6.0,-4.0,2,2.0,STRONG,TP+5%/SL-3%,392,59.2,0.583,3.95,-17.1,228.4
-7.0,-6.0,2,0.0,STRONG,TP+5%/SL-5%,43,60.5,0.712,3.95,-8.0,30.6
-8.0,-4.0,4,0.0,STRONG,TP+2%/SL-2%,128,59.4,0.417,3.95,-9.1,53.4
-4.0,-3.0,4,0.0,STRONG,TP+3%/SL-3%,101,64.4,0.483,3.94,-18.6,48.8
-8.0,-3.0,6,0.0,STRONG,TP+5%/SL-5%,111,61.3,0.63,3.94,-9.6,70.0
-5.0,-4.0,2,999.0,STRONG,引け決済,328,59.5,0.612,3.94,-17.5,200.8
-6.0,-5.0,3,2.0,STRONG,TP+2%/SL-2%,102,58.8,0.428,3.94,-6.8,43.6
-6.0,-3.0,5,0.0,STRONG,TP+2%/SL-2%,134,59.7,0.399,3.93,-7.7,53.5
-4.0,-3.0,5,2.0,STRONG,TP+3%/SL-3%,201,58.2,0.473,3.92,-11.5,95.0
-7.0,-3.0,4,0.0,STRONG,TP+2%/SL-2%,208,61.1,0.4,3.92,-18.4,83.2
-6.0,-3.0,2,999.0,STRONG,引け決済,1099,59.6,0.603,3.91,-24.8,662.2
-5.0,-3.0,4,2.0,STRONG,引け決済,436,59.6,0.522,3.91,-23.4,227.5
-4.0,-3.0,5,0.0,STRONG,TP+3%/SL-3%,72,62.5,0.494,3.91,-10.0,35.6
-5.0,-4.0,2,2.0,STRONG,引け決済,256,60.5,0.576,3.91,-12.9,147.5
-6.0,-3.0,6,2.0,STRONG,TP+5%/SL-3%,228,57.9,0.563,3.9,-13.7,128.4
-6.0,-3.0,3,2.0,STRONG,TP+5%/SL-3%,705,58.7,0.529,3.89,-17.7,373.2
-6.0,-3.0,6,2.0,STRONG,引け決済,228,58.8,0.604,3.89,-16.6,137.7
-8.0,-4.0,6,0.0,STRONG,TP+5%/SL-3%,66,56.1,0.589,3.88,-6.0,38.9
-7.0,-3.0,3,2.0,STRONG,引け決済,780,60.0,0.569,3.88,-30.6,443.6
-4.0,-3.0,3,999.0,STRONG,TP+5%/SL-5%,462,59.1,0.513,3.88,-20.3,237.0
-4.0,-3.0,4,2.0,STRONG,引け決済,293,59.0,0.501,3.88,-19.0,146.8
-6.0,-3.0,5,2.0,STRONG,引け決済,356,58.4,0.578,3.87,-21.4,205.8
-5.0,-3.0,3,2.0,STRONG,引け決済,603,59.9,0.523,3.87,-24.1,315.2
-6.0,-3.0,6,2.0,STRONG,TP+3%/SL-3%,228,58.8,0.501,3.86,-16.2,114.3
-6.0,-3.0,2,2.0,STRONG,TP+2%/SL-2%,902,59.5,0.381,3.85,-14.3,344.0
-8.0,-6.0,4,0.0,STRONG,TP+5%/SL-3%,46,52.2,0.644,3.85,-11.7,29.6
-4.0,-3.0,2,999.0,STRONG,TP+3%/SL-3%,600,58.8,0.448,3.84,-15.2,269.1
-8.0,-5.0,3,0.0,STRONG,TP+3%/SL-3%,106,58.5,0.526,3.83,-7.9,55.7
-7.0,-6.0,3,0.0,STRONG,TP+3%/SL-3%,35,57.1,0.552,3.83,-6.4,19.3
-5.0,-3.0,5,2.0,STRONG,TP+5%/SL-5%,298,59.1,0.526,3.82,-13.1,156.8
-5.0,-3.0,2,2.0,STRONG,TP+2%/SL-2%,766,59.7,0.372,3.82,-13.6,284.7
-6.0,-4.0,3,2.0,STRONG,TP+5%/SL-5%,310,60.0,0.581,3.82,-20.4,180.2
-6.0,-4.0,2,999.0,STRONG,引け決済,499,59.1,0.638,3.82,-25.1,318.3
-5.0,-3.0,4,2.0,STRONG,TP+5%/SL-3%,436,58.9,0.499,3.81,-17.3,217.4
-7.0,-4.0,3,2.0,STRONG,引け決済,385,60.0,0.62,3.81,-19.4,238.6
-5.0,-4.0,6,2.0,STRONG,TP+5%/SL-3%,62,58.1,0.545,3.79,-5.9,33.8
-5.0,-3.0,3,2.0,STRONG,TP+5%/SL-3%,603,58.9,0.496,3.79,-16.5,299.0
-4.0,-3.0,4,999.0,STRONG,TP+5%/SL-5%,337,58.2,0.486,3.79,-23.7,163.9
-4.0,-3.0,5,2.0,STRONG,引け決済,201,58.2,0.523,3.78,-19.5,105.1
-6.0,-3.0,4,2.0,STRONG,TP+5%/SL-3%,510,58.4,0.516,3.78,-19.3,263.0
-6.0,-4.0,6,0.0,STRONG,TP+2%/SL-2%,39,59.0,0.402,3.78,-4.9,15.7
-6.0,-3.0,5,2.0,STRONG,TP+5%/SL-5%,356,58.4,0.54,3.77,-18.0,192.2
-6.0,-5.0,4,2.0,STRONG,TP+5%/SL-3%,74,55.4,0.617,3.77,-12.0,45.6
-6.0,-3.0,3,2.0,STRONG,TP+3%/SL-3%,705,59.3,0.457,3.77,-19.1,321.9
-5.0,-4.0,2,2.0,STRONG,TP+3%/SL-3%,256,60.5,0.476,3.75,-13.9,122.0
-5.0,-3.0,4,2.0,STRONG,TP+3%/SL-3%,436,59.6,0.444,3.75,-17.3,193.6
-7.0,-3.0,3,2.0,STRONG,TP+5%/SL-3%,780,58.5,0.518,3.75,-20.3,403.9
-4.0,-3.0,6,999.0,STRONG,TP+3%/SL-3%,142,59.2,0.477,3.74,-10.3,67.7
-4.0,-3.0,6,999.0,STRONG,TP+5%/SL-5%,142,59.9,0.53,3.74,-15.0,75.3
-8.0,-5.0,2,0.0,STRONG,TP+2%/SL-2%,128,57.8,0.401,3.74,-6.9,51.3
-6.0,-4.0,2,999.0,STRONG,TP+5%/SL-5%,499,58.9,0.596,3.74,-20.1,297.3
-8.0,-6.0,3,0.0,STRONG,TP+5%/SL-3%,63,55.6,0.633,3.74,-7.6,39.9
-4.0,-3.0,3,2.0,STRONG,TP+2%/SL-2%,395,59.2,0.354,3.73,-13.5,139.6
-5.0,-3.0,5,2.0,STRONG,引け決済,298,59.1,0.521,3.73,-19.5,155.2
-5.0,-3.0,2,999.0,STRONG,TP+5%/SL-3%,928,58.1,0.516,3.73,-22.9,478.5
-5.0,-3.0,3,2.0,STRONG,TP+3%/SL-3%,603,59.4,0.438,3.72,-16.5,264.1
-7.0,-3.0,5,0.0,STRONG,TP+2%/SL-2%,153,59.5,0.387,3.72,-10.0,59.2
-7.0,-4.0,2,2.0,STRONG,引け決済,485,60.6,0.613,3.71,-28.9,297.4
-7.0,-5.0,4,2.0,STRONG,TP+5%/SL-5%,130,57.7,0.625,3.71,-13.3,81.2
-8.0,-6.0,3,0.0,STRONG,引け決済,63,58.7,0.696,3.7,-10.4,43.9
-7.0,-5.0,3,2.0,STRONG,TP+5%/SL-3%,177,57.1,0.593,3.69,-13.5,105.0
-6.0,-3.0,4,2.0,STRONG,TP+3%/SL-3%,510,59.2,0.449,3.69,-21.3,229.1
-5.0,-4.0,4,0.0,STRONG,TP+2%/SL-2%,51,60.8,0.374,3.68,-6.3,19.1
-5.0,-3.0,6,2.0,STRONG,TP+5%/SL-5%,187,59.4,0.553,3.68,-10.3,103.4
-7.0,-5.0,3,0.0,STRONG,TP+2%/SL-2%,78,60.3,0.403,3.68,-7.2,31.4
-4.0,-3.0,6,2.0,STRONG,引け決済,125,59.2,0.56,3.67,-16.6,70.0
-7.0,-3.0,2,999.0,STRONG,TP+5%/SL-5%,1216,59.1,0.545,3.67,-28.5,663.2
-7.0,-3.0,4,2.0,STRONG,TP+5%/SL-3%,566,58.0,0.507,3.66,-23.0,286.7
-4.0,-3.0,5,2.0,STRONG,TP+2%/SL-2%,201,58.7,0.362,3.66,-11.3,72.7
-6.0,-3.0,2,999.0,STRONG,TP+5%/SL-3%,1099,57.6,0.518,3.66,-26.4,569.2
-7.0,-4.0,4,2.0,STRONG,TP+5%/SL-5%,273,59.3,0.571,3.66,-17.7,155.9
-7.0,-3.0,2,999.0,STRONG,引け決済,1216,59.5,0.571,3.66,-28.4,694.1
-6.0,-5.0,2,999.0,STRONG,引け決済,171,58.5,0.687,3.66,-17.6,117.5
-8.0,-3.0,2,2.0,STRONG,TP+5%/SL-3%,1068,58.3,0.516,3.66,-24.9,550.7
-7.0,-5.0,2,2.0,STRONG,TP+5%/SL-3%,229,57.6,0.578,3.66,-12.8,132.5
-6.0,-3.0,6,2.0,STRONG,TP+2%/SL-2%,228,58.8,0.384,3.65,-14.1,87.4
-7.0,-3.0,6,0.0,STRONG,TP+2%/SL-2%,97,60.8,0.393,3.65,-6.5,38.1
-5.0,-4.0,4,2.0,STRONG,TP+5%/SL-5%,143,60.8,0.522,3.64,-10.5,74.7
-8.0,-5.0,5,0.0,STRONG,TP+5%/SL-3%,62,53.2,0.579,3.64,-10.3,35.9
-4.0,-3.0,6,999.0,STRONG,TP+5%/SL-3%,142,58.5,0.502,3.64,-11.6,71.2
-6.0,-5.0,5,2.0,STRONG,TP+5%/SL-5%,58,55.2,0.611,3.63,-13.1,35.4
-7.0,-3.0,5,2.0,STRONG,引け決済,398,58.0,0.544,3.63,-23.7,216.6
-6.0,-4.0,3,0.0,STRONG,TP+2%/SL-2%,124,60.5,0.378,3.63,-7.9,46.9
-5.0,-3.0,4,999.0,STRONG,TP+5%/SL-5%,518,58.5,0.499,3.63,-18.3,258.3
-5.0,-3.0,5,2.0,STRONG,TP+5%/SL-3%,298,57.7,0.49,3.63,-12.0,146.0
-5.0,-4.0,3,2.0,STRONG,引け決済,208,59.6,0.53,3.63,-14.1,110.2
-8.0,-3.0,2,2.0,STRONG,引け決済,1068,59.9,0.562,3.63,-25.7,600.7
-6.0,-5.0,5,2.0,STRONG,TP+2%/SL-2%,58,58.6,0.412,3.63,-8.1,23.9
-8.0,-3.0,4,0.0,STRONG,TP+2%/SL-2%,229,59.4,0.372,3.63,-21.9,85.1
-6.0,-3.0,6,2.0,STRONG,TP+5%/SL-5%,228,58.8,0.556,3.63,-16.9,126.7
-5.0,-4.0,5,2.0,STRONG,引け決済,97,60.8,0.516,3.62,-10.0,50.1
-7.0,-3.0,2,2.0,STRONG,TP+2%/SL-2%,995,59.1,0.361,3.61,-19.6,358.7
-5.0,-3.0,6,2.0,STRONG,引け決済,187,59.4,0.557,3.61,-16.6,104.1
-7.0,-5.0,3,2.0,STRONG,TP+5%/SL-5%,177,59.3,0.616,3.61,-19.5,109.0
-8.0,-3.0,2,2.0,STRONG,TP+5%/SL-5%,1068,59.6,0.529,3.59,-23.9,564.5
-5.0,-4.0,2,999.0,STRONG,TP+5%/SL-5%,328,58.8,0.548,3.59,-15.2,179.8
-7.0,-4.0,2,2.0,STRONG,TP+5%/SL-3%,485,58.6,0.535,3.58,-19.1,259.6
-4.0,-3.0,5,999.0,STRONG,TP+5%/SL-5%,231,58.4,0.483,3.58,-20.7,111.5
-5.0,-4.0,2,2.0,STRONG,TP+5%/SL-5%,256,60.5,0.521,3.58,-14.8,133.4
-6.0,-3.0,3,0.0,STRONG,TP+2%/SL-2%,259,59.8,0.365,3.58,-12.0,94.5
-7.0,-4.0,2,0.0,STRONG,TP+2%/SL-2%,195,59.5,0.378,3.57,-10.4,73.8
-5.0,-4.0,6,2.0,STRONG,TP+3%/SL-3%,62,58.1,0.444,3.57,-5.4,27.5
-6.0,-4.0,2,0.0,STRONG,TP+2%/SL-2%,152,59.2,0.375,3.57,-7.0,57.0
-7.0,-5.0,2,2.0,STRONG,引け決済,229,60.7,0.654,3.57,-23.3,149.9
-5.0,-3.0,3,999.0,STRONG,TP+5%/SL-5%,722,58.7,0.494,3.57,-24.8,356.6
-8.0,-3.0,2,2.0,STRONG,TP+3%/SL-3%,1068,59.0,0.442,3.56,-24.6,472.5
-6.0,-4.0,3,2.0,STRONG,TP+5%/SL-3%,310,58.1,0.524,3.56,-17.4,162.5
-4.0,-3.0,4,2.0,STRONG,TP+2%/SL-2%,293,58.7,0.343,3.56,-14.4,100.4
-7.0,-6.0,2,0.0,STRONG,TP+2%/SL-2%,43,60.5,0.391,3.56,-8.6,16.8
-6.0,-3.0,5,2.0,STRONG,TP+5%/SL-3%,356,57.0,0.496,3.55,-15.6,176.6
-4.0,-3.0,3,0.0,STRONG,TP+2%/SL-2%,135,59.3,0.353,3.54,-12.8,47.6
-7.0,-3.0,3,2.0,STRONG,TP+3%/SL-3%,780,59.0,0.432,3.53,-20.3,337.0
-7.0,-4.0,5,2.0,STRONG,引け決済,197,57.9,0.566,3.53,-14.9,111.5
-5.0,-3.0,2,999.0,STRONG,TP+3%/SL-3%,928,58.6,0.431,3.52,-29.7,400.4
-5.0,-4.0,5,0.0,STRONG,TP+2%/SL-2%,38,57.9,0.351,3.52,-5.0,13.3
-7.0,-3.0,6,2.0,STRONG,引け決済,260,58.5,0.549,3.52,-16.6,142.8
-7.0,-4.0,2,2.0,STRONG,TP+5%/SL-5%,485,60.2,0.552,3.51,-20.0,267.6
-7.0,-3.0,3,0.0,STRONG,TP+2%/SL-2%,294,59.9,0.362,3.51,-15.2,106.4
-6.0,-4.0,3,2.0,STRONG,TP+3%/SL-3%,310,59.0,0.455,3.51,-17.8,141.1
-5.0,-4.0,2,2.0,STRONG,TP+5%/SL-3%,256,59.4,0.497,3.51,-17.3,127.2
-5.0,-4.0,6,2.0,STRONG,引け決済,62,59.7,0.55,3.49,-9.6,34.1
-6.0,-3.0,3,999.0,STRONG,TP+5%/SL-5%,848,58.5,0.505,3.49,-29.5,428.2
-5.0,-3.0,5,2.0,STRONG,TP+3%/SL-3%,298,58.1,0.428,3.49,-12.0,127.4
-6.0,-3.0,4,999.0,STRONG,TP+5%/SL-5%,611,58.1,0.5,3.49,-28.6,305.4
-7.0,-5.0,5,2.0,STRONG,引け決済,100,55.0,0.614,3.49,-11.0,61.4
-7.0,-4.0,2,2.0,STRONG,TP+3%/SL-3%,485,59.6,0.458,3.48,-19.5,222.3
-7.0,-4.0,3,0.0,STRONG,TP+2%/SL-2%,159,60.4,0.37,3.48,-7.8,58.8
-5.0,-4.0,4,999.0,STRONG,引け決済,181,59.7,0.536,3.48,-17.5,97.0
-6.0,-3.0,2,999.0,STRONG,TP+3%/SL-3%,1099,58.3,0.436,3.48,-33.2,478.7
-6.0,-5.0,5,999.0,STRONG,引け決済,73,54.8,0.639,3.48,-10.4,46.6
-8.0,-5.0,5,0.0,STRONG,引け決済,62,54.8,0.68,3.47,-9.2,42.2
-7.0,-5.0,2,2.0,STRONG,TP+5%/SL-5%,229,59.8,0.586,3.47,-16.9,134.2
-8.0,-6.0,2,0.0,STRONG,TP+5%/SL-3%,75,56.0,0.601,3.47,-8.2,45.0
-6.0,-4.0,4,2.0,STRONG,TP+5%/SL-3%,217,57.6,0.518,3.47,-22.4,112.3
-7.0,-3.0,2,0.0,STRONG,TP+2%/SL-2%,364,58.5,0.357,3.46,-16.4,129.9
-7.0,-4.0,3,2.0,STRONG,TP+5%/SL-5%,385,59.5,0.537,3.46,-23.7,206.8
-6.0,-5.0,6,2.0,STRONG,TP+5%/SL-5%,41,56.1,0.568,3.45,-13.1,23.3
-6.0,-5.0,4,2.0,STRONG,TP+3%/SL-3%,74,56.8,0.48,3.45,-10.9,35.5
-5.0,-3.0,3,0.0,STRONG,TP+2%/SL-2%,216,59.7,0.347,3.45,-12.8,75.0
-6.0,-3.0,2,0.0,STRONG,TP+2%/SL-2%,321,58.3,0.352,3.45,-13.1,113.1
-6.0,-5.0,4,999.0,STRONG,引け決済,93,55.9,0.672,3.44,-17.6,62.5
-7.0,-3.0,4,2.0,STRONG,TP+3%/SL-3%,566,58.7,0.423,3.44,-25.0,239.7
-4.0,-3.0,3,999.0,STRONG,引け決済,462,58.9,0.484,3.44,-26.1,223.5
-6.0,-4.0,4,999.0,STRONG,引け決済,274,58.4,0.582,3.44,-21.0,159.5
-8.0,-4.0,2,0.0,STRONG,TP+2%/SL-2%,227,58.1,0.364,3.44,-10.2,82.5
-4.0,-3.0,4,999.0,STRONG,TP+5%/SL-3%,337,57.3,0.442,3.44,-19.4,148.8
-8.0,-3.0,3,0.0,STRONG,TP+2%/SL-2%,322,59.0,0.353,3.42,-18.7,113.7
-5.0,-4.0,4,999.0,STRONG,TP+5%/SL-5%,181,59.1,0.521,3.42,-17.3,94.4
-5.0,-3.0,3,999.0,STRONG,引け決済,722,58.9,0.497,3.41,-26.2,358.8
-5.0,-3.0,4,999.0,STRONG,引け決済,518,58.5,0.486,3.4,-23.8,251.5
-6.0,-3.0,5,2.0,STRONG,TP+3%/SL-3%,356,57.6,0.428,3.4,-16.4,152.4
-7.0,-3.0,2,999.0,STRONG,TP+5%/SL-3%,1216,57.2,0.487,3.4,-29.0,591.8
-7.0,-4.0,2,999.0,STRONG,引け決済,616,58.9,0.569,3.39,-34.2,350.2
-8.0,-3.0,2,0.0,STRONG,TP+2%/SL-2%,396,57.8,0.35,3.39,-20.0,138.7
-6.0,-4.0,4,2.0,STRONG,TP+3%/SL-3%,217,59.0,0.443,3.39,-20.3,96.2
-4.0,-3.0,3,999.0,STRONG,TP+5%/SL-3%,462,57.1,0.442,3.38,-18.1,204.1
-7.0,-4.0,6,2.0,STRONG,引け決済,135,57.8,0.539,3.38,-14.1,72.8
-6.0,-3.0,4,2.0,STRONG,TP+2%/SL-2%,510,58.2,0.34,3.38,-15.7,173.2
-5.0,-4.0,3,999.0,STRONG,引け決済,260,58.8,0.52,3.38,-17.0,135.3
-6.0,-3.0,4,999.0,STRONG,引け決済,611,58.1,0.514,3.38,-41.3,314.0
-8.0,-5.0,3,0.0,STRONG,TP+2%/SL-2%,106,57.5,0.365,3.37,-8.5,38.7
-7.0,-4.0,3,2.0,STRONG,TP+5%/SL-3%,385,57.7,0.502,3.37,-19.4,193.3
-8.0,-4.0,6,0.0,STRONG,TP+3%/SL-3%,66,56.1,0.439,3.37,-6.0,29.0
-6.0,-3.0,3,999.0,STRONG,引け決済,848,58.6,0.519,3.37,-30.5,440.3
-6.0,-4.0,5,2.0,STRONG,TP+5%/SL-5%,155,58.7,0.523,3.36,-18.4,81.1
-7.0,-3.0,5,2.0,STRONG,TP+5%/SL-5%,398,57.8,0.492,3.36,-17.0,196.0
-5.0,-3.0,4,0.0,STRONG,TP+2%/SL-2%,152,59.9,0.334,3.36,-13.6,50.8
-4.0,-3.0,4,999.0,STRONG,引け決済,337,57.9,0.458,3.36,-29.5,154.5
-5.0,-4.0,4,2.0,STRONG,TP+3%/SL-3%,143,60.1,0.424,3.36,-11.9,60.7
-6.0,-5.0,2,999.0,STRONG,TP+5%/SL-3%,171,55.0,0.53,3.35,-18.4,90.7
-4.0,-3.0,5,999.0,STRONG,TP+5%/SL-3%,231,57.1,0.445,3.35,-14.5,102.7
-7.0,-6.0,2,0.0,STRONG,TP+3%/SL-3%,43,58.1,0.462,3.34,-6.0,19.9
-8.0,-4.0,6,0.0,STRONG,TP+5%/SL-5%,66,57.6,0.545,3.34,-7.6,36.0
-4.0,-3.0,2,0.0,STRONG,TP+2%/SL-2%,169,57.4,0.332,3.34,-12.8,56.1
-7.0,-3.0,6,2.0,STRONG,TP+5%/SL-3%,260,56.9,0.491,3.33,-13.4,127.7
-8.0,-4.0,3,0.0,STRONG,TP+2%/SL-2%,187,58.8,0.353,3.33,-8.9,66.1
-6.0,-4.0,3,999.0,STRONG,引け決済,386,58.3,0.562,3.33,-23.0,216.8
-6.0,-5.0,6,999.0,STRONG,引け決済,56,55.4,0.528,3.33,-9.6,29.6
-5.0,-4.0,3,2.0,STRONG,TP+5%/SL-5%,208,59.6,0.47,3.33,-15.9,97.8
-8.0,-3.0,3,2.0,STRONG,引け決済,846,58.6,0.502,3.32,-30.6,424.5
-6.0,-5.0,3,999.0,STRONG,引け決済,126,57.1,0.647,3.32,-17.8,81.5
-5.0,-4.0,4,2.0,STRONG,TP+5%/SL-3%,143,58.7,0.466,3.31,-13.9,66.7
-7.0,-5.0,4,2.0,STRONG,TP+5%/SL-3%,130,54.6,0.533,3.31,-18.2,69.4
-7.0,-4.0,4,2.0,STRONG,TP+5%/SL-3%,273,56.8,0.498,3.31,-25.4,136.0
-4.0,-3.0,6,999.0,STRONG,引け決済,142,59.9,0.492,3.31,-20.8,69.8
-8.0,-3.0,3,2.0,STRONG,TP+5%/SL-5%,846,58.4,0.479,3.3,-21.2,405.2
-8.0,-4.0,5,0.0,STRONG,TP+2%/SL-2%,100,56.0,0.356,3.3,-7.2,35.6
-7.0,-5.0,6,2.0,STRONG,引け決済,73,56.2,0.53,3.29,-11.0,38.7
-5.0,-4.0,3,0.0,STRONG,TP+2%/SL-2%,81,60.5,0.338,3.29,-8.8,27.3
-4.0,-3.0,2,999.0,STRONG,TP+2%/SL-2%,600,58.0,0.319,3.29,-14.4,191.2
-6.0,-4.0,2,999.0,STRONG,TP+5%/SL-3%,499,56.5,0.501,3.28,-24.2,249.9
-5.0,-3.0,5,0.0,STRONG,TP+2%/SL-2%,110,58.2,0.327,3.28,-7.7,35.9
-6.0,-5.0,2,999.0,STRONG,TP+3%/SL-3%,171,56.7,0.458,3.28,-16.5,78.3
-4.0,-3.0,6,999.0,STRONG,TP+2%/SL-2%,142,58.5,0.343,3.27,-9.4,48.7
-6.0,-5.0,5,2.0,STRONG,TP+5%/SL-3%,58,53.4,0.527,3.26,-11.6,30.6
-5.0,-3.0,5,999.0,STRONG,TP+5%/SL-5%,353,58.4,0.457,3.26,-15.9,161.2
-6.0,-4.0,5,999.0,STRONG,引け決済,195,57.4,0.527,3.26,-20.4,102.8
-6.0,-4.0,6,2.0,STRONG,TP+5%/SL-3%,103,56.3,0.49,3.25,-14.1,50.5
-6.0,-3.0,6,999.0,STRONG,引け決済,275,58.2,0.491,3.25,-16.6,135.1
-5.0,-4.0,2,999.0,STRONG,TP+5%/SL-3%,328,57.3,0.485,3.25,-18.4,159.2
-8.0,-3.0,5,0.0,STRONG,TP+2%/SL-2%,172,57.0,0.339,3.24,-11.9,58.2
-6.0,-3.0,3,2.0,STRONG,TP+2%/SL-2%,705,58.2,0.322,3.24,-16.4,227.1
-6.0,-4.0,4,999.0,STRONG,TP+5%/SL-5%,274,58.0,0.517,3.24,-25.9,141.6
-8.0,-3.0,4,2.0,STRONG,引け決済,621,57.5,0.493,3.24,-34.4,306.0
-5.0,-3.0,6,999.0,STRONG,引け決済,219,58.9,0.482,3.24,-16.6,105.6
-6.0,-3.0,5,999.0,STRONG,引け決済,426,58.0,0.49,3.23,-25.8,208.9
-6.0,-3.0,5,2.0,STRONG,TP+2%/SL-2%,356,57.6,0.331,3.23,-14.9,117.7
-6.0,-5.0,3,999.0,STRONG,TP+5%/SL-5%,126,57.1,0.568,3.23,-15.8,71.5
-7.0,-3.0,5,2.0,STRONG,TP+5%/SL-3%,398,56.3,0.457,3.22,-15.1,181.7
-5.0,-3.0,4,2.0,STRONG,TP+2%/SL-2%,436,58.0,0.317,3.22,-15.1,138.2
-7.0,-4.0,2,999.0,STRONG,TP+5%/SL-5%,616,58.3,0.518,3.22,-24.5,319.0
-5.0,-3.0,2,0.0,STRONG,TP+2%/SL-2%,268,57.8,0.326,3.22,-13.1,87.4
-7.0,-5.0,2,2.0,STRONG,TP+3%/SL-3%,229,58.5,0.438,3.21,-14.3,100.3
-5.0,-3.0,4,999.0,STRONG,TP+5%/SL-3%,518,56.9,0.437,3.21,-20.2,226.1
-5.0,-4.0,3,2.0,STRONG,TP+3%/SL-3%,208,59.1,0.401,3.21,-13.6,83.3
-6.0,-4.0,6,999.0,STRONG,引け決済,133,56.4,0.491,3.2,-17.2,65.3
-4.0,-3.0,4,999.0,STRONG,TP+3%/SL-3%,337,57.6,0.37,3.2,-19.4,124.6
-4.0,-3.0,4,0.0,STRONG,TP+2%/SL-2%,101,59.4,0.314,3.2,-13.6,31.8
-4.0,-3.0,5,999.0,STRONG,引け決済,231,58.4,0.459,3.2,-26.5,106.1
-8.0,-5.0,5,0.0,STRONG,TP+2%/SL-2%,62,54.8,0.36,3.19,-8.9,22.3
-4.0,-3.0,5,999.0,STRONG,TP+3%/SL-3%,231,57.6,0.384,3.19,-16.5,88.7
-5.0,-4.0,5,2.0,STRONG,TP+5%/SL-5%,97,60.8,0.471,3.19,-9.7,45.6
-7.0,-3.0,4,2.0,STRONG,TP+2%/SL-2%,566,57.8,0.323,3.19,-23.9,182.7
-7.0,-3.0,3,999.0,STRONG,TP+5%/SL-5%,944,57.9,0.468,3.19,-33.0,442.1
-7.0,-3.0,3,999.0,STRONG,引け決済,944,58.4,0.491,3.19,-32.0,463.1
-8.0,-3.0,4,2.0,STRONG,TP+5%/SL-5%,621,57.3,0.461,3.18,-24.4,286.1
-6.0,-4.0,4,2.0,STRONG,TP+2%/SL-2%,217,57.6,0.336,3.18,-16.1,72.8
-5.0,-3.0,5,999.0,STRONG,引け決済,353,58.6,0.46,3.18,-19.5,162.3
-5.0,-3.0,6,999.0,STRONG,TP+5%/SL-5%,219,58.4,0.464,3.17,-12.2,101.6
-8.0,-6.0,2,0.0,STRONG,TP+2%/SL-2%,75,56.0,0.341,3.17,-8.3,25.6
-8.0,-3.0,3,2.0,STRONG,TP+5%/SL-3%,846,56.9,0.442,3.15,-24.6,374.2
-5.0,-3.0,5,2.0,STRONG,TP+2%/SL-2%,298,57.4,0.315,3.15,-12.9,93.8
-4.0,-3.0,5,0.0,STRONG,TP+2%/SL-2%,72,58.3,0.314,3.15,-7.0,22.6
-7.0,-3.0,2,999.0,STRONG,TP+3%/SL-3%,1216,57.8,0.397,3.14,-35.8,482.3
-5.0,-4.0,5,999.0,STRONG,引け決済,122,59.0,0.46,3.14,-13.5,56.2
-8.0,-3.0,2,2.0,STRONG,TP+2%/SL-2%,1068,57.6,0.315,3.13,-21.2,336.8
-6.0,-4.0,3,999.0,STRONG,TP+5%/SL-5%,386,57.8,0.495,3.13,-26.7,191.1
-5.0,-3.0,3,999.0,STRONG,TP+5%/SL-3%,722,56.8,0.424,3.12,-24.5,306.3
-6.0,-4.0,2,999.0,STRONG,TP+3%/SL-3%,499,57.7,0.42,3.12,-25.4,209.6
-7.0,-3.0,4,999.0,STRONG,TP+5%/SL-5%,686,57.1,0.454,3.12,-30.0,311.7
-8.0,-3.0,2,999.0,STRONG,引け決済,1316,58.4,0.506,3.11,-29.0,666.6
-5.0,-3.0,3,2.0,STRONG,TP+2%/SL-2%,603,58.0,0.304,3.11,-16.4,183.5
-7.0,-5.0,4,2.0,STRONG,TP+2%/SL-2%,130,56.9,0.342,3.11,-11.5,44.4
-5.0,-3.0,6,999.0,STRONG,TP+5%/SL-3%,219,56.6,0.437,3.11,-13.1,95.8
-7.0,-6.0,3,2.0,STRONG,引け決済,75,60.0,0.468,3.11,-7.0,35.1
-6.0,-3.0,5,999.0,STRONG,TP+5%/SL-5%,426,57.7,0.454,3.1,-23.4,193.2
-5.0,-4.0,6,999.0,STRONG,引け決済,77,57.1,0.464,3.1,-9.8,35.7
-7.0,-4.0,3,2.0,STRONG,TP+3%/SL-3%,385,58.4,0.406,3.1,-19.8,156.3
-7.0,-3.0,4,999.0,STRONG,引け決済,686,57.4,0.472,3.1,-42.8,324.0
-4.0,-3.0,3,999.0,STRONG,TP+3%/SL-3%,462,57.4,0.363,3.09,-18.1,167.8
-7.0,-3.0,3,2.0,STRONG,TP+2%/SL-2%,780,57.9,0.31,3.09,-20.4,241.4
-5.0,-4.0,3,999.0,STRONG,TP+5%/SL-5%,260,58.1,0.46,3.09,-20.9,119.6
-7.0,-3.0,6,2.0,STRONG,TP+3%/SL-3%,260,57.7,0.406,3.08,-15.0,105.6
-7.0,-6.0,4,2.0,STRONG,引け決済,56,57.1,0.457,3.08,-9.4,25.6
-6.0,-3.0,3,999.0,STRONG,TP+5%/SL-3%,848,56.4,0.433,3.08,-29.3,367.4
-5.0,-4.0,3,2.0,STRONG,TP+5%/SL-3%,208,58.2,0.425,3.07,-14.6,88.3
-6.0,-4.0,5,2.0,STRONG,TP+5%/SL-3%,155,56.1,0.458,3.06,-15.7,71.0
-5.0,-3.0,6,999.0,STRONG,TP+3%/SL-3%,219,57.1,0.392,3.05,-15.6,85.8
-7.0,-3.0,6,2.0,STRONG,TP+5%/SL-5%,260,58.1,0.48,3.05,-15.7,124.8
-6.0,-5.0,5,2.0,STRONG,TP+3%/SL-3%,58,55.2,0.429,3.04,-11.6,24.9
-7.0,-5.0,3,2.0,STRONG,TP+2%/SL-2%,177,57.6,0.328,3.04,-8.7,58.0
-6.0,-3.0,4,999.0,STRONG,TP+5%/SL-3%,611,56.3,0.428,3.04,-25.3,261.5
-5.0,-4.0,2,999.0,STRONG,TP+3%/SL-3%,328,58.2,0.4,3.03,-21.1,131.3
-7.0,-3.0,6,2.0,STRONG,TP+2%/SL-2%,260,57.7,0.322,3.03,-12.9,83.7
-7.0,-6.0,3,0.0,STRONG,TP+2%/SL-2%,35,60.0,0.339,3.03,-6.0,11.9
-6.0,-4.0,2,2.0,STRONG,TP+2%/SL-2%,392,57.7,0.318,3.03,-18.4,124.8
-5.0,-4.0,2,0.0,STRONG,TP+2%/SL-2%,99,58.6,0.315,3.03,-8.7,31.2
-8.0,-3.0,2,999.0,STRONG,TP+5%/SL-5%,1316,57.8,0.464,3.02,-30.5,610.0
-6.0,-4.0,6,2.0,STRONG,TP+3%/SL-3%,103,57.3,0.393,3.01,-14.3,40.5
-6.0,-4.0,6,2.0,STRONG,TP+5%/SL-5%,103,58.3,0.491,3.01,-17.6,50.6
-7.0,-4.0,3,999.0,STRONG,引け決済,482,57.9,0.497,3.01,-25.3,239.7
-7.0,-5.0,3,2.0,STRONG,TP+3%/SL-3%,177,57.6,0.412,3.0,-13.5,73.0
-7.0,-5.0,2,2.0,STRONG,TP+2%/SL-2%,229,57.2,0.323,3.0,-9.8,74.0
-7.0,-3.0,5,2.0,STRONG,TP+2%/SL-2%,398,57.0,0.308,2.98,-14.2,122.6
-7.0,-4.0,4,2.0,STRONG,TP+3%/SL-3%,273,57.9,0.391,2.97,-23.9,106.7
-7.0,-3.0,5,2.0,STRONG,TP+3%/SL-3%,398,56.8,0.377,2.96,-15.7,150.0
-8.0,-6.0,4,0.0,STRONG,引け決済,46,54.3,0.589,2.96,-10.2,27.1
-6.0,-5.0,3,999.0,STRONG,TP+5%/SL-3%,126,54.0,0.485,2.94,-16.7,61.1
-7.0,-4.0,4,999.0,STRONG,引け決済,349,57.0,0.486,2.93,-20.4,169.5
-5.0,-4.0,5,2.0,STRONG,TP+5%/SL-3%,97,57.7,0.417,2.93,-8.0,40.5
-6.0,-5.0,4,999.0,STRONG,TP+5%/SL-5%,93,55.9,0.507,2.93,-13.1,47.2
-8.0,-3.0,4,2.0,STRONG,TP+5%/SL-3%,621,55.7,0.412,2.92,-25.9,256.1
-8.0,-6.0,2,0.0,STRONG,引け決済,75,60.0,0.633,2.92,-11.8,47.5
-7.0,-4.0,6,0.0,STRONG,TP+2%/SL-2%,52,57.7,0.324,2.92,-7.2,16.8
-5.0,-3.0,4,999.0,STRONG,TP+3%/SL-3%,518,57.5,0.354,2.91,-23.0,183.3
-8.0,-3.0,3,2.0,STRONG,TP+3%/SL-3%,846,57.3,0.362,2.91,-24.6,306.5
-6.0,-3.0,6,999.0,STRONG,TP+5%/SL-5%,275,57.8,0.442,2.91,-19.9,121.5
-8.0,-5.0,5,0.0,STRONG,TP+3%/SL-3%,62,53.2,0.408,2.91,-10.3,25.3
-8.0,-4.0,3,2.0,STRONG,引け決済,451,57.4,0.487,2.9,-25.2,219.5
-8.0,-3.0,2,999.0,STRONG,TP+5%/SL-3%,1316,55.8,0.42,2.9,-28.2,553.2
-8.0,-4.0,2,2.0,STRONG,引け決済,558,58.4,0.501,2.9,-30.2,279.5
-7.0,-4.0,2,999.0,STRONG,TP+5%/SL-3%,616,55.8,0.442,2.89,-25.5,272.5
-5.0,-4.0,4,999.0,STRONG,TP+5%/SL-3%,181,56.4,0.427,2.88,-21.3,77.3
-7.0,-5.0,2,999.0,STRONG,引け決済,288,58.3,0.519,2.87,-20.0,149.5
-8.0,-4.0,4,2.0,STRONG,引け決済,328,56.1,0.486,2.86,-21.3,159.3
-7.0,-5.0,2,999.0,STRONG,TP+5%/SL-5%,288,57.6,0.483,2.85,-19.1,139.2
-5.0,-3.0,3,999.0,STRONG,TP+3%/SL-3%,722,57.2,0.348,2.85,-30.1,251.2
-7.0,-3.0,3,999.0,STRONG,TP+5%/SL-3%,944,55.8,0.404,2.85,-30.6,381.7
-7.0,-4.0,4,2.0,STRONG,TP+2%/SL-2%,273,56.8,0.301,2.84,-19.3,82.3
-6.0,-3.0,3,999.0,STRONG,TP+3%/SL-3%,848,57.0,0.351,2.81,-35.0,297.7
-7.0,-3.0,5,999.0,STRONG,引け決済,483,56.9,0.428,2.8,-28.1,206.8
-6.0,-4.0,5,2.0,STRONG,TP+3%/SL-3%,155,56.8,0.37,2.8,-15.9,57.3
-5.0,-3.0,5,999.0,STRONG,TP+5%/SL-3%,353,56.1,0.383,2.79,-16.2,135.2
-8.0,-3.0,6,0.0,STRONG,TP+2%/SL-2%,111,56.8,0.301,2.79,-6.1,33.4
-8.0,-3.0,5,2.0,STRONG,引け決済,443,55.8,0.437,2.79,-23.7,193.8
-8.0,-6.0,3,0.0,STRONG,TP+2%/SL-2%,63,55.6,0.304,2.79,-8.3,19.1
-6.0,-4.0,3,999.0,STRONG,TP+5%/SL-3%,386,55.4,0.423,2.79,-28.7,163.2
-8.0,-3.0,3,999.0,STRONG,引け決済,1031,57.3,0.443,2.78,-31.9,456.4
-6.0,-3.0,6,999.0,STRONG,TP+5%/SL-3%,275,56.0,0.4,2.75,-21.0,110.0
-8.0,-4.0,2,2.0,STRONG,TP+5%/SL-3%,558,56.1,0.419,2.75,-19.4,233.8
-6.0,-3.0,4,999.0,STRONG,TP+3%/SL-3%,611,57.1,0.344,2.74,-28.7,209.9
-6.0,-4.0,5,2.0,STRONG,TP+2%/SL-2%,155,56.1,0.291,2.72,-15.3,45.0
-7.0,-4.0,2,2.0,STRONG,TP+2%/SL-2%,485,57.1,0.288,2.72,-18.6,139.6
-7.0,-3.0,4,999.0,STRONG,TP+5%/SL-3%,686,55.2,0.387,2.72,-24.7,265.4
-5.0,-4.0,5,999.0,STRONG,TP+5%/SL-5%,122,58.2,0.407,2.72,-15.8,49.6
-5.0,-4.0,6,2.0,STRONG,TP+5%/SL-5%,62,59.7,0.44,2.72,-9.2,27.2
-5.0,-4.0,3,999.0,STRONG,TP+5%/SL-3%,260,56.2,0.393,2.71,-24.2,102.1
-6.0,-3.0,5,999.0,STRONG,TP+5%/SL-3%,426,55.6,0.383,2.7,-23.2,163.3
-7.0,-4.0,5,2.0,STRONG,TP+5%/SL-5%,197,57.4,0.43,2.7,-17.2,84.8
-8.0,-6.0,3,0.0,STRONG,TP+3%/SL-3%,63,55.6,0.381,2.7,-8.7,24.0
-8.0,-3.0,3,999.0,STRONG,TP+5%/SL-5%,1031,56.7,0.404,2.7,-29.9,416.8
-6.0,-3.0,6,999.0,STRONG,TP+3%/SL-3%,275,57.1,0.356,2.69,-24.0,97.8
-7.0,-6.0,4,2.0,STRONG,TP+5%/SL-3%,56,53.6,0.423,2.69,-9.7,23.7
-6.0,-4.0,3,2.0,STRONG,TP+2%/SL-2%,310,56.8,0.282,2.68,-15.8,87.4
-8.0,-6.0,3,0.0,STRONG,TP+5%/SL-5%,63,55.6,0.497,2.68,-8.8,31.3
-8.0,-5.0,5,0.0,STRONG,TP+5%/SL-5%,62,53.2,0.465,2.67,-11.5,28.8
-6.0,-4.0,4,999.0,STRONG,TP+5%/SL-3%,274,55.1,0.411,2.67,-28.5,112.7
-7.0,-4.0,3,999.0,STRONG,TP+5%/SL-5%,482,56.8,0.425,2.67,-28.9,205.1
-8.0,-3.0,6,2.0,STRONG,引け決済,293,56.3,0.428,2.66,-16.6,125.5
-8.0,-3.0,5,2.0,STRONG,TP+5%/SL-5%,443,55.5,0.395,2.65,-16.1,175.1
-5.0,-3.0,2,999.0,STRONG,TP+2%/SL-2%,928,56.7,0.264,2.65,-27.4,245.2
-7.0,-5.0,3,999.0,STRONG,引け決済,222,56.8,0.47,2.64,-20.0,104.3
-8.0,-6.0,2,0.0,STRONG,TP+3%/SL-3%,75,56.0,0.366,2.64,-8.7,27.5
-5.0,-4.0,5,2.0,STRONG,TP+3%/SL-3%,97,57.7,0.334,2.64,-8.0,32.4
-6.0,-4.0,5,999.0,STRONG,TP+5%/SL-5%,195,56.9,0.419,2.64,-25.2,81.7
-7.0,-4.0,4,999.0,STRONG,TP+5%/SL-5%,349,56.2,0.423,2.64,-25.2,147.8
-7.0,-6.0,3,2.0,STRONG,TP+5%/SL-3%,75,56.0,0.41,2.63,-8.0,30.8
-6.0,-5.0,5,999.0,STRONG,TP+2%/SL-2%,73,57.5,0.302,2.63,-13.9,22.0
-8.0,-3.0,4,2.0,STRONG,TP+3%/SL-3%,621,56.4,0.331,2.63,-27.9,205.4
-8.0,-3.0,2,999.0,STRONG,TP+3%/SL-3%,1316,56.5,0.336,2.62,-35.0,441.7
-6.0,-3.0,2,999.0,STRONG,TP+2%/SL-2%,1099,56.3,0.265,2.62,-29.4,291.7
-8.0,-4.0,2,2.0,STRONG,TP+3%/SL-3%,558,57.0,0.349,2.61,-18.9,194.5
-6.0,-5.0,3,999.0,STRONG,TP+3%/SL-3%,126,55.6,0.369,2.59,-17.1,46.5
-8.0,-4.0,2,2.0,STRONG,TP+5%/SL-5%,558,57.9,0.419,2.59,-24.0,234.1
-7.0,-3.0,5,999.0,STRONG,TP+5%/SL-5%,483,56.5,0.385,2.59,-22.2,185.8
-7.0,-5.0,4,2.0,STRONG,TP+3%/SL-3%,130,55.4,0.354,2.58,-16.8,46.0
-5.0,-4.0,4,2.0,STRONG,TP+2%/SL-2%,143,56.6,0.265,2.58,-11.9,37.9
-4.0,-3.0,3,999.0,STRONG,TP+2%/SL-2%,462,56.3,0.25,2.57,-15.3,115.3
-8.0,-3.0,3,2.0,STRONG,TP+2%/SL-2%,846,56.3,0.26,2.57,-21.9,220.2
-4.0,-3.0,5,999.0,STRONG,TP+2%/SL-2%,231,56.7,0.258,2.57,-14.5,59.6
-8.0,-6.0,4,0.0,STRONG,TP+3%/SL-3%,46,52.2,0.364,2.57,-11.7,16.8
-7.0,-4.0,2,999.0,STRONG,TP+3%/SL-3%,616,56.8,0.346,2.56,-26.7,213.2
-7.0,-4.0,5,2.0,STRONG,TP+5%/SL-3%,197,54.8,0.386,2.55,-18.5,76.1
-8.0,-3.0,4,999.0,STRONG,TP+5%/SL-5%,758,55.7,0.381,2.55,-30.0,289.0
-7.0,-5.0,5,2.0,STRONG,TP+2%/SL-2%,100,56.0,0.287,2.55,-11.7,28.7
-8.0,-3.0,4,999.0,STRONG,引け決済,758,56.1,0.403,2.54,-42.8,305.3
-6.0,-5.0,5,999.0,STRONG,TP+5%/SL-5%,73,54.8,0.439,2.54,-16.8,32.1
-6.0,-5.0,6,2.0,STRONG,TP+5%/SL-3%,41,53.7,0.407,2.54,-11.6,16.7
-8.0,-4.0,2,999.0,STRONG,引け決済,716,57.0,0.451,2.54,-35.5,322.6
-7.0,-3.0,6,999.0,STRONG,引け決済,319,56.7,0.388,2.53,-16.6,123.7
-6.0,-4.0,3,999.0,STRONG,TP+3%/SL-3%,386,56.5,0.337,2.52,-29.3,130.0
-7.0,-4.0,3,2.0,STRONG,TP+2%/SL-2%,385,56.6,0.264,2.51,-17.1,101.8
-5.0,-3.0,5,999.0,STRONG,TP+3%/SL-3%,353,56.4,0.312,2.51,-19.2,110.1
-7.0,-5.0,2,999.0,STRONG,TP+5%/SL-3%,288,54.2,0.394,2.5,-17.1,113.4
-6.0,-5.0,2,999.0,STRONG,TP+2%/SL-2%,171,54.4,0.272,2.5,-13.6,46.5
-6.0,-5.0,4,999.0,STRONG,TP+2%/SL-2%,93,55.9,0.282,2.5,-12.0,26.2
-7.0,-4.0,5,999.0,STRONG,引け決済,252,55.6,0.4,2.49,-20.2,100.7
-7.0,-3.0,3,999.0,STRONG,TP+3%/SL-3%,944,56.4,0.315,2.49,-36.3,297.3
-5.0,-4.0,3,999.0,STRONG,TP+3%/SL-3%,260,56.9,0.321,2.48,-24.9,83.4
-5.0,-4.0,2,2.0,STRONG,TP+2%/SL-2%,256,57.0,0.256,2.47,-14.1,65.6
-4.0,-3.0,4,999.0,STRONG,TP+2%/SL-2%,337,56.1,0.242,2.46,-14.9,81.5
-5.0,-4.0,4,999.0,STRONG,TP+3%/SL-3%,181,57.5,0.324,2.46,-22.0,58.7
-8.0,-3.0,6,2.0,STRONG,TP+5%/SL-3%,293,54.3,0.368,2.46,-14.6,107.9
-6.0,-3.0,5,999.0,STRONG,TP+3%/SL-3%,426,56.3,0.314,2.45,-26.6,133.9
-8.0,-6.0,2,0.0,STRONG,TP+5%/SL-5%,75,57.3,0.472,2.45,-9.6,35.4
-8.0,-4.0,3,2.0,STRONG,TP+5%/SL-5%,451,56.8,0.389,2.44,-24.8,175.3
-8.0,-5.0,3,2.0,STRONG,引け決済,243,55.6,0.45,2.44,-27.8,109.3
-5.0,-3.0,6,999.0,STRONG,TP+2%/SL-2%,219,55.7,0.256,2.44,-14.2,56.0
-8.0,-3.0,4,2.0,STRONG,TP+2%/SL-2%,621,55.4,0.249,2.43,-25.9,154.6
-7.0,-5.0,4,999.0,STRONG,引け決済,168,54.2,0.431,2.43,-19.0,72.4
-8.0,-5.0,6,0.0,STRONG,引け決済,40,52.5,0.364,2.43,-7.4,14.6
-8.0,-3.0,5,2.0,STRONG,TP+5%/SL-3%,443,53.7,0.35,2.43,-15.2,155.1
-7.0,-4.0,3,999.0,STRONG,TP+5%/SL-3%,482,54.6,0.368,2.42,-29.9,177.6
-8.0,-3.0,3,999.0,STRONG,TP+5%/SL-3%,1031,54.5,0.346,2.41,-26.8,357.1
-8.0,-4.0,3,2.0,STRONG,TP+5%/SL-3%,451,54.8,0.363,2.4,-19.5,163.5
-6.0,-5.0,6,2.0,STRONG,TP+2%/SL-2%,41,56.1,0.272,2.39,-8.1,11.2
-7.0,-4.0,6,2.0,STRONG,TP+5%/SL-3%,135,54.8,0.369,2.38,-16.3,49.8
-7.0,-6.0,4,2.0,STRONG,TP+5%/SL-5%,56,55.4,0.398,2.37,-9.4,22.3
-8.0,-4.0,4,2.0,STRONG,TP+5%/SL-5%,328,55.5,0.381,2.37,-16.1,124.9
-7.0,-3.0,2,999.0,STRONG,TP+2%/SL-2%,1216,55.8,0.242,2.37,-31.4,294.3
-8.0,-4.0,3,999.0,STRONG,引け決済,569,56.1,0.409,2.37,-32.3,232.9
-6.0,-5.0,5,999.0,STRONG,TP+5%/SL-3%,73,53.4,0.385,2.36,-14.7,28.1
-6.0,-4.0,6,2.0,STRONG,TP+2%/SL-2%,103,55.3,0.254,2.36,-13.6,26.2
-5.0,-4.0,6,2.0,STRONG,TP+2%/SL-2%,62,54.8,0.242,2.35,-7.7,15.0
-7.0,-4.0,5,2.0,STRONG,TP+2%/SL-2%,197,55.3,0.253,2.35,-14.1,49.9
-8.0,-6.0,4,0.0,STRONG,TP+5%/SL-5%,46,52.2,0.44,2.33,-12.9,20.2
-8.0,-3.0,6,2.0,STRONG,TP+5%/SL-5%,293,56.0,0.368,2.32,-15.7,107.9
-7.0,-3.0,4,999.0,STRONG,TP+3%/SL-3%,686,56.0,0.294,2.32,-28.0,201.4
-7.0,-5.0,5,2.0,STRONG,TP+5%/SL-5%,100,54.0,0.391,2.31,-13.5,39.1
-6.0,-5.0,4,999.0,STRONG,TP+5%/SL-3%,93,52.7,0.381,2.31,-15.0,35.4
-6.0,-4.0,4,999.0,STRONG,TP+3%/SL-3%,274,56.6,0.312,2.29,-29.1,85.4
-8.0,-5.0,2,2.0,STRONG,引け決済,302,56.6,0.437,2.28,-26.8,132.0
-6.0,-5.0,6,2.0,STRONG,TP+3%/SL-3%,41,56.1,0.317,2.27,-11.6,13.0
-7.0,-5.0,3,999.0,STRONG,TP+5%/SL-5%,222,55.4,0.385,2.26,-21.9,85.5
-7.0,-6.0,2,2.0,STRONG,引け決済,93,60.2,0.383,2.25,-11.0,35.6
-8.0,-5.0,4,2.0,STRONG,引け決済,185,52.4,0.425,2.25,-28.6,78.6
-6.0,-5.0,5,999.0,STRONG,TP+3%/SL-3%,73,56.2,0.327,2.25,-16.1,23.9
-6.0,-3.0,4,999.0,STRONG,TP+2%/SL-2%,611,55.5,0.229,2.24,-25.9,140.1
-6.0,-5.0,3,999.0,STRONG,TP+2%/SL-2%,126,54.8,0.248,2.24,-16.6,31.2
-7.0,-5.0,5,2.0,STRONG,TP+5%/SL-3%,100,52.0,0.357,2.23,-16.5,35.7
-5.0,-4.0,6,999.0,STRONG,TP+5%/SL-5%,77,55.8,0.341,2.22,-11.6,26.3
-8.0,-4.0,2,999.0,STRONG,TP+5%/SL-5%,716,56.0,0.371,2.22,-27.6,265.8
-6.0,-3.0,6,999.0,STRONG,TP+2%/SL-2%,275,55.6,0.238,2.22,-20.2,65.3
-8.0,-3.0,4,999.0,STRONG,TP+5%/SL-3%,758,53.6,0.318,2.21,-25.7,241.3
-8.0,-5.0,2,2.0,STRONG,TP+5%/SL-3%,302,53.3,0.353,2.2,-22.0,106.7
-5.0,-4.0,6,999.0,STRONG,TP+5%/SL-3%,77,53.2,0.319,2.19,-13.9,24.6
-7.0,-3.0,5,999.0,STRONG,TP+5%/SL-3%,483,54.2,0.315,2.19,-22.5,152.0
-5.0,-3.0,4,999.0,STRONG,TP+2%/SL-2%,518,55.4,0.22,2.19,-21.9,113.8
-7.0,-4.0,4,999.0,STRONG,TP+5%/SL-3%,349,53.3,0.334,2.17,-27.8,116.6
-8.0,-4.0,5,2.0,STRONG,引け決済,242,53.7,0.367,2.16,-19.4,88.7
-8.0,-3.0,6,2.0,STRONG,TP+3%/SL-3%,293,54.9,0.288,2.15,-15.0,84.5
-6.0,-4.0,6,999.0,STRONG,TP+5%/SL-5%,133,55.6,0.348,2.15,-22.1,46.2
-7.0,-6.0,2,2.0,STRONG,TP+5%/SL-3%,93,55.9,0.335,2.14,-8.3,31.2
-7.0,-4.0,6,2.0,STRONG,TP+5%/SL-5%,135,57.0,0.36,2.14,-16.4,48.6
-6.0,-3.0,3,999.0,STRONG,TP+2%/SL-2%,848,55.2,0.215,2.13,-28.3,182.5
-7.0,-3.0,6,999.0,STRONG,TP+5%/SL-5%,319,56.1,0.329,2.12,-18.7,104.8
-7.0,-5.0,3,999.0,STRONG,TP+5%/SL-3%,222,52.7,0.34,2.12,-22.1,75.4
-5.0,-4.0,5,2.0,STRONG,TP+2%/SL-2%,97,54.6,0.218,2.12,-11.2,21.1
-7.0,-6.0,3,2.0,STRONG,TP+5%/SL-5%,75,57.3,0.356,2.12,-8.0,26.7
-6.0,-3.0,5,999.0,STRONG,TP+2%/SL-2%,426,55.4,0.221,2.12,-24.2,94.1
-8.0,-3.0,5,2.0,STRONG,TP+2%/SL-2%,443,54.2,0.221,2.11,-14.2,98.1
-5.0,-3.0,3,999.0,STRONG,TP+2%/SL-2%,722,55.3,0.21,2.11,-26.3,151.3
-8.0,-4.0,2,999.0,STRONG,TP+5%/SL-3%,716,53.5,0.327,2.11,-26.3,233.9
-8.0,-3.0,5,2.0,STRONG,TP+3%/SL-3%,443,54.2,0.272,2.1,-15.2,120.7
-8.0,-4.0,4,2.0,STRONG,TP+5%/SL-3%,328,52.7,0.321,2.1,-21.4,105.4
-8.0,-4.0,3,2.0,STRONG,TP+3%/SL-3%,451,55.4,0.279,2.09,-18.5,125.7
-7.0,-4.0,5,2.0,STRONG,TP+3%/SL-3%,197,55.3,0.279,2.09,-16.8,55.0
-8.0,-3.0,5,999.0,STRONG,引け決済,538,55.2,0.336,2.08,-28.7,180.8
-6.0,-5.0,6,999.0,STRONG,TP+5%/SL-5%,56,55.4,0.356,2.08,-16.3,20.0
-8.0,-3.0,6,2.0,STRONG,TP+2%/SL-2%,293,54.6,0.223,2.08,-12.9,65.5
-8.0,-5.0,6,0.0,STRONG,TP+5%/SL-3%,40,50.0,0.314,2.07,-9.0,12.6
-7.0,-5.0,2,999.0,STRONG,TP+3%/SL-3%,288,55.2,0.285,2.06,-17.3,82.0
-6.0,-4.0,5,999.0,STRONG,TP+5%/SL-3%,195,53.8,0.311,2.05,-26.8,60.6
-8.0,-4.0,4,999.0,STRONG,引け決済,421,54.6,0.358,2.05,-22.3,150.8
-5.0,-4.0,3,2.0,STRONG,TP+2%/SL-2%,208,55.8,0.211,2.04,-13.9,43.8
-8.0,-3.0,3,999.0,STRONG,TP+3%/SL-3%,1031,55.1,0.261,2.04,-32.5,268.9
-8.0,-6.0,4,0.0,STRONG,TP+2%/SL-2%,46,52.2,0.221,2.02,-10.3,10.2
-5.0,-3.0,5,999.0,STRONG,TP+2%/SL-2%,353,55.0,0.204,2.01,-18.2,72.0
-8.0,-3.0,5,999.0,STRONG,TP+5%/SL-5%,538,54.8,0.303,2.0,-20.7,162.9
-7.0,-4.0,3,999.0,STRONG,TP+3%/SL-3%,482,55.4,0.269,2.0,-34.1,129.5
-6.0,-4.0,4,999.0,STRONG,TP+2%/SL-2%,274,54.7,0.214,2.0,-23.9,58.6
-6.0,-5.0,4,999.0,STRONG,TP+3%/SL-3%,93,54.8,0.287,1.99,-17.6,26.7
-8.0,-4.0,6,2.0,STRONG,引け決済,168,54.2,0.33,1.98,-15.4,55.5
-7.0,-5.0,5,999.0,STRONG,引け決済,130,52.3,0.342,1.98,-13.5,44.5
-8.0,-4.0,2,2.0,STRONG,TP+2%/SL-2%,558,54.5,0.211,1.98,-19.1,117.7
-4.0,-3.0,4,2.0,NORMAL+STRONG,TP+5%/SL-5%,935,53.3,0.271,1.97,-26.6,253.7
-8.0,-4.0,3,999.0,STRONG,TP+5%/SL-5%,569,54.8,0.316,1.94,-29.8,179.7
-7.0,-4.0,6,999.0,STRONG,引け決済,177,54.2,0.304,1.94,-16.0,53.9
-8.0,-5.0,3,2.0,STRONG,TP+5%/SL-3%,243,51.9,0.31,1.92,-20.7,75.2
-8.0,-5.0,2,2.0,STRONG,TP+5%/SL-5%,302,55.6,0.333,1.91,-31.5,100.7
-6.0,-4.0,6,999.0,STRONG,TP+5%/SL-3%,133,53.4,0.292,1.91,-22.9,38.8
-8.0,-3.0,2,999.0,STRONG,TP+2%/SL-2%,1316,54.3,0.196,1.9,-34.7,257.6
-7.0,-3.0,3,999.0,STRONG,TP+2%/SL-2%,944,54.7,0.194,1.9,-30.3,182.7
-6.0,-4.0,2,999.0,STRONG,TP+2%/SL-2%,499,54.3,0.201,1.9,-20.2,100.5
-7.0,-3.0,6,999.0,STRONG,TP+5%/SL-3%,319,53.9,0.28,1.89,-20.3,89.3
-4.0,-3.0,4,2.0,NORMAL+STRONG,TP+5%/SL-3%,935,52.4,0.249,1.89,-27.0,233.1
-8.0,-6.0,5,0.0,STRONG,TP+5%/SL-3%,38,44.7,0.31,1.88,-10.3,11.8
-7.0,-5.0,4,999.0,STRONG,TP+5%/SL-5%,168,53.0,0.318,1.88,-19.8,53.4
-7.0,-3.0,4,999.0,STRONG,TP+2%/SL-2%,686,54.4,0.191,1.86,-26.6,131.3
-8.0,-3.0,6,999.0,STRONG,引け決済,361,55.4,0.301,1.86,-18.3,108.5
-7.0,-3.0,5,999.0,STRONG,TP+3%/SL-3%,483,54.9,0.241,1.85,-26.5,116.4
-4.0,-3.0,4,999.0,NORMAL+STRONG,TP+5%/SL-5%,1027,52.9,0.257,1.84,-25.9,263.9
-8.0,-5.0,3,2.0,STRONG,TP+5%/SL-5%,243,54.3,0.319,1.84,-33.3,77.5
-7.0,-4.0,5,999.0,STRONG,TP+5%/SL-5%,252,54.8,0.295,1.84,-24.0,74.3
-5.0,-4.0,5,999.0,STRONG,TP+5%/SL-3%,122,54.1,0.266,1.84,-18.9,32.5
-5.0,-4.0,3,0.0,NORMAL+STRONG,TP+5%/SL-3%,410,52.7,0.285,1.84,-28.6,116.8
-8.0,-4.0,4,999.0,STRONG,TP+5%/SL-5%,421,53.7,0.297,1.81,-23.4,125.1
-7.0,-6.0,3,2.0,STRONG,TP+2%/SL-2%,75,56.0,0.192,1.81,-11.9,14.4
-5.0,-3.0,4,2.0,NORMAL+STRONG,TP+5%/SL-3%,1514,52.1,0.249,1.81,-34.1,376.8
-5.0,-4.0,6,999.0,STRONG,TP+3%/SL-3%,77,53.2,0.235,1.8,-14.6,18.1
-4.0,-3.0,3,2.0,NORMAL+STRONG,TP+5%/SL-5%,1303,52.6,0.245,1.78,-37.9,319.7
-7.0,-4.0,6,2.0,STRONG,TP+3%/SL-3%,135,55.6,0.236,1.77,-14.3,31.8
-5.0,-3.0,4,2.0,NORMAL+STRONG,TP+5%/SL-5%,1514,53.2,0.257,1.77,-35.8,388.5
-4.0,-3.0,2,2.0,NORMAL+STRONG,TP+5%/SL-5%,1711,52.8,0.241,1.76,-38.2,413.0
-8.0,-3.0,4,999.0,STRONG,TP+3%/SL-3%,758,54.4,0.227,1.76,-29.1,171.8
-8.0,-4.0,3,999.0,STRONG,TP+5%/SL-3%,569,52.4,0.269,1.76,-31.2,153.0
-8.0,-4.0,2,999.0,STRONG,TP+3%/SL-3%,716,54.5,0.241,1.76,-27.5,172.6
-4.0,-3.0,4,999.0,NORMAL+STRONG,TP+5%/SL-3%,1027,51.7,0.233,1.75,-30.1,239.1
-4.0,-3.0,4,2.0,NORMAL+STRONG,TP+3%/SL-3%,935,53.5,0.212,1.75,-20.9,198.3
-5.0,-4.0,4,999.0,STRONG,TP+2%/SL-2%,181,54.1,0.179,1.73,-19.9,32.4
-4.0,-3.0,3,0.0,NORMAL+STRONG,TP+5%/SL-5%,601,53.9,0.256,1.73,-29.4,153.6
-8.0,-5.0,2,2.0,STRONG,TP+3%/SL-3%,302,54.0,0.24,1.73,-23.1,72.5
-5.0,-4.0,4,0.0,NORMAL+STRONG,TP+5%/SL-3%,292,51.7,0.264,1.71,-18.3,77.2
-5.0,-4.0,4,2.0,NORMAL+STRONG,TP+5%/SL-3%,579,51.6,0.248,1.71,-29.7,143.6
-6.0,-4.0,5,999.0,STRONG,TP+3%/SL-3%,195,54.9,0.232,1.7,-27.5,45.2
-7.0,-3.0,5,999.0,STRONG,TP+2%/SL-2%,483,54.2,0.179,1.7,-23.0,86.5
-5.0,-3.0,4,2.0,NORMAL+STRONG,TP+3%/SL-3%,1514,53.4,0.211,1.69,-32.5,319.2
-8.0,-5.0,3,999.0,STRONG,引け決済,309,53.7,0.316,1.69,-30.7,97.6
-7.0,-5.0,6,2.0,STRONG,TP+5%/SL-5%,73,54.8,0.292,1.69,-14.9,21.3
-8.0,-4.0,3,2.0,STRONG,TP+2%/SL-2%,451,53.7,0.179,1.68,-17.1,80.5
-7.0,-6.0,5,2.0,STRONG,引け決済,42,54.8,0.256,1.68,-7.0,10.8
-7.0,-6.0,2,2.0,STRONG,TP+5%/SL-5%,93,58.1,0.284,1.67,-11.3,26.5
-8.0,-4.0,6,0.0,STRONG,TP+2%/SL-2%,66,51.5,0.183,1.66,-6.0,12.1
-4.0,-3.0,2,999.0,NORMAL+STRONG,TP+5%/SL-5%,1918,52.3,0.235,1.66,-37.5,450.3
-5.0,-4.0,5,2.0,NORMAL+STRONG,TP+5%/SL-3%,410,51.7,0.251,1.66,-19.6,102.8
-6.0,-4.0,6,999.0,STRONG,TP+3%/SL-3%,133,54.9,0.226,1.65,-23.6,30.1
-4.0,-3.0,2,2.0,NORMAL+STRONG,TP+5%/SL-3%,1711,51.8,0.217,1.65,-36.1,370.7
-6.0,-4.0,3,999.0,STRONG,TP+2%/SL-2%,386,53.9,0.174,1.65,-23.9,67.3
-8.0,-4.0,5,2.0,STRONG,TP+5%/SL-5%,242,53.3,0.264,1.64,-16.2,63.9
-5.0,-3.0,2,2.0,NORMAL+STRONG,TP+5%/SL-5%,2712,52.8,0.237,1.64,-50.9,641.6
-8.0,-3.0,5,999.0,STRONG,TP+5%/SL-3%,538,52.4,0.238,1.64,-20.4,128.1
-8.0,-4.0,4,2.0,STRONG,TP+3%/SL-3%,328,53.7,0.221,1.64,-21.0,72.4
-6.0,-4.0,5,999.0,STRONG,TP+2%/SL-2%,195,53.8,0.177,1.64,-25.3,34.4
-7.0,-3.0,6,999.0,STRONG,TP+3%/SL-3%,319,54.9,0.221,1.64,-27.4,70.6
-5.0,-3.0,3,0.0,NORMAL+STRONG,TP+5%/SL-3%,1011,52.6,0.239,1.63,-44.6,241.4
-5.0,-3.0,3,2.0,NORMAL+STRONG,TP+5%/SL-5%,2103,52.8,0.237,1.63,-51.2,498.7
-8.0,-5.0,2,999.0,STRONG,引け決済,388,54.9,0.314,1.62,-35.8,121.9
-4.0,-3.0,3,2.0,NORMAL+STRONG,TP+5%/SL-3%,1303,51.4,0.214,1.62,-38.4,278.8
-4.0,-3.0,4,2.0,NORMAL+STRONG,引け決済,935,52.8,0.226,1.62,-26.7,211.0
-5.0,-3.0,4,999.0,NORMAL+STRONG,TP+5%/SL-5%,1683,52.7,0.238,1.62,-34.3,401.3
-7.0,-6.0,2,999.0,STRONG,引け決済,117,58.1,0.273,1.62,-11.6,31.9
-8.0,-3.0,6,999.0,STRONG,TP+5%/SL-5%,361,54.8,0.252,1.61,-17.4,91.0
-7.0,-4.0,4,999.0,STRONG,TP+3%/SL-3%,349,54.4,0.22,1.61,-29.9,76.9
-5.0,-4.0,4,2.0,NORMAL+STRONG,TP+3%/SL-3%,579,53.2,0.209,1.61,-26.2,120.9
-7.0,-5.0,5,2.0,STRONG,TP+3%/SL-3%,100,53.0,0.226,1.61,-16.5,22.6
-5.0,-4.0,5,0.0,NORMAL+STRONG,TP+5%/SL-3%,213,51.6,0.26,1.6,-15.6,55.5
-4.0,-3.0,4,2.0,NORMAL+STRONG,TP+2%/SL-2%,935,52.9,0.159,1.6,-22.7,149.0
-5.0,-3.0,4,999.0,NORMAL+STRONG,TP+5%/SL-3%,1683,51.3,0.223,1.6,-36.5,375.8
-4.0,-3.0,3,999.0,NORMAL+STRONG,TP+5%/SL-5%,1452,52.1,0.226,1.6,-40.5,328.1
-8.0,-5.0,2,2.0,STRONG,TP+2%/SL-2%,302,52.3,0.172,1.59,-21.1,52.1
-5.0,-3.0,3,2.0,NORMAL+STRONG,TP+5%/SL-3%,2103,51.4,0.218,1.59,-46.9,458.9
-5.0,-3.0,3,0.0,NORMAL+STRONG,TP+5%/SL-5%,1011,54.3,0.25,1.59,-56.3,252.6
-8.0,-5.0,4,2.0,STRONG,TP+5%/SL-5%,185,51.4,0.272,1.58,-20.8,50.3
-7.0,-6.0,3,999.0,STRONG,引け決済,96,56.2,0.238,1.57,-11.6,22.8
-6.0,-5.0,6,999.0,STRONG,TP+5%/SL-3%,56,53.6,0.254,1.57,-14.6,14.2
-4.0,-3.0,2,2.0,NORMAL+STRONG,TP+3%/SL-3%,1711,52.8,0.188,1.57,-31.0,322.3
-5.0,-4.0,2,999.0,STRONG,TP+2%/SL-2%,328,54.3,0.165,1.57,-19.1,54.0
-5.0,-4.0,2,0.0,NORMAL+STRONG,TP+5%/SL-3%,498,51.6,0.24,1.57,-34.2,119.5
-7.0,-4.0,2,999.0,STRONG,TP+2%/SL-2%,616,53.6,0.167,1.57,-20.8,103.1
-5.0,-3.0,2,2.0,NORMAL+STRONG,TP+5%/SL-3%,2712,51.4,0.212,1.56,-51.3,574.3
-7.0,-5.0,2,999.0,STRONG,TP+2%/SL-2%,288,52.8,0.171,1.56,-14.2,49.1
-7.0,-6.0,4,2.0,STRONG,TP+2%/SL-2%,56,53.6,0.169,1.56,-13.3,9.5
-4.0,-3.0,3,0.0,NORMAL+STRONG,引け決済,601,53.6,0.228,1.56,-31.9,137.0
-5.0,-3.0,4,2.0,NORMAL+STRONG,引け決済,1514,53.0,0.228,1.55,-45.8,344.7
-4.0,-3.0,4,999.0,NORMAL+STRONG,TP+3%/SL-3%,1027,52.7,0.188,1.54,-22.6,193.4
-5.0,-4.0,3,2.0,NORMAL+STRONG,TP+5%/SL-3%,800,51.4,0.225,1.54,-23.6,180.1
-8.0,-4.0,4,2.0,STRONG,TP+2%/SL-2%,328,52.4,0.165,1.54,-18.6,54.2
-7.0,-4.0,6,2.0,STRONG,TP+2%/SL-2%,135,54.1,0.166,1.52,-14.6,22.4
-5.0,-3.0,2,999.0,NORMAL+STRONG,TP+5%/SL-5%,3074,52.2,0.224,1.51,-56.8,688.2
-5.0,-3.0,5,2.0,NORMAL+STRONG,TP+5%/SL-3%,1024,50.3,0.214,1.51,-39.4,219.4
-7.0,-6.0,3,2.0,STRONG,TP+3%/SL-3%,75,56.0,0.203,1.51,-8.0,15.2
-4.0,-3.0,2,999.0,NORMAL+STRONG,TP+5%/SL-3%,1918,50.9,0.201,1.5,-36.9,385.7
-5.0,-3.0,3,999.0,NORMAL+STRONG,TP+5%/SL-5%,2362,52.3,0.222,1.5,-57.7,525.5
-5.0,-3.0,2,2.0,NORMAL+STRONG,TP+3%/SL-3%,2712,52.6,0.186,1.5,-46.9,504.8
-5.0,-4.0,4,2.0,NORMAL+STRONG,TP+5%/SL-5%,579,53.0,0.233,1.5,-26.4,134.7
-4.0,-3.0,4,999.0,NORMAL+STRONG,引け決済,1027,52.4,0.215,1.5,-33.3,221.2
-8.0,-3.0,3,999.0,STRONG,TP+2%/SL-2%,1031,53.2,0.153,1.49,-37.3,157.3
-5.0,-4.0,3,0.0,NORMAL+STRONG,TP+3%/SL-3%,410,54.1,0.203,1.49,-26.5,83.3
-4.0,-3.0,2,2.0,NORMAL+STRONG,引け決済,1711,52.6,0.207,1.49,-43.9,353.9
-5.0,-4.0,2,2.0,NORMAL+STRONG,TP+5%/SL-5%,1001,52.9,0.228,1.48,-36.4,228.7
-7.0,-6.0,2,2.0,STRONG,TP+2%/SL-2%,93,54.8,0.159,1.48,-12.5,14.8
-7.0,-5.0,3,999.0,STRONG,TP+3%/SL-3%,222,53.6,0.207,1.48,-29.6,46.1
-4.0,-3.0,3,0.0,NORMAL+STRONG,TP+5%/SL-3%,601,52.6,0.207,1.47,-34.3,124.6
-6.0,-5.0,6,999.0,STRONG,TP+3%/SL-3%,56,57.1,0.214,1.47,-15.5,12.0
-4.0,-3.0,3,2.0,NORMAL+STRONG,TP+3%/SL-3%,1303,52.3,0.178,1.47,-27.7,231.5
-5.0,-4.0,4,2.0,NORMAL+STRONG,引け決済,579,53.4,0.231,1.46,-25.0,133.7
-7.0,-5.0,4,999.0,STRONG,TP+5%/SL-3%,168,50.0,0.234,1.46,-20.2,39.3
-4.0,-3.0,3,2.0,NORMAL+STRONG,引け決済,1303,52.3,0.2,1.46,-40.3,260.5
-6.0,-5.0,6,999.0,STRONG,TP+2%/SL-2%,56,55.4,0.166,1.45,-14.6,9.3
-5.0,-3.0,4,2.0,NORMAL+STRONG,TP+2%/SL-2%,1514,52.4,0.145,1.44,-26.1,219.1
-5.0,-3.0,4,0.0,NORMAL+STRONG,TP+5%/SL-3%,714,52.4,0.211,1.44,-35.3,150.6
-5.0,-4.0,3,2.0,NORMAL+STRONG,TP+5%/SL-5%,800,53.1,0.224,1.43,-34.0,179.0
-5.0,-3.0,3,2.0,NORMAL+STRONG,TP+3%/SL-3%,2103,52.4,0.178,1.43,-42.7,375.1
-8.0,-5.0,5,2.0,STRONG,引け決済,145,49.0,0.267,1.43,-23.0,38.7
-4.0,-3.0,3,999.0,NORMAL+STRONG,TP+5%/SL-3%,1452,50.6,0.19,1.42,-42.5,275.8
-5.0,-4.0,3,0.0,NORMAL+STRONG,TP+5%/SL-5%,410,54.9,0.242,1.42,-44.2,99.0
-5.0,-4.0,2,0.0,NORMAL+STRONG,TP+5%/SL-5%,498,54.4,0.238,1.42,-41.8,118.3
-8.0,-4.0,4,999.0,STRONG,TP+5%/SL-3%,421,50.6,0.22,1.42,-25.9,92.5
-5.0,-3.0,2,2.0,NORMAL+STRONG,引け決済,2712,52.7,0.205,1.41,-61.4,556.7
-6.0,-3.0,4,2.0,NORMAL+STRONG,TP+5%/SL-5%,1869,52.0,0.209,1.41,-43.2,390.3
-6.0,-3.0,2,2.0,NORMAL+STRONG,TP+5%/SL-5%,3294,52.2,0.21,1.41,-58.5,691.4
-5.0,-4.0,2,2.0,NORMAL+STRONG,TP+3%/SL-3%,1001,52.3,0.182,1.41,-26.1,182.4
-5.0,-4.0,4,999.0,NORMAL+STRONG,TP+5%/SL-3%,656,50.8,0.208,1.41,-32.2,136.7
-5.0,-4.0,2,2.0,NORMAL+STRONG,TP+5%/SL-3%,1001,50.8,0.203,1.41,-30.7,203.6
-7.0,-6.0,4,2.0,STRONG,TP+3%/SL-3%,56,53.6,0.188,1.41,-9.7,10.5
-5.0,-4.0,5,2.0,NORMAL+STRONG,引け決済,410,54.1,0.228,1.4,-22.9,93.3
-4.0,-3.0,5,2.0,NORMAL+STRONG,TP+5%/SL-3%,614,49.3,0.19,1.4,-32.9,116.6
-8.0,-4.0,5,999.0,STRONG,引け決済,307,52.8,0.243,1.4,-25.1,74.7
-8.0,-3.0,6,999.0,STRONG,TP+5%/SL-3%,361,52.4,0.208,1.4,-19.5,75.2
-5.0,-4.0,2,0.0,NORMAL+STRONG,TP+3%/SL-3%,498,53.4,0.191,1.4,-37.6,95.1
-5.0,-4.0,5,2.0,NORMAL+STRONG,TP+3%/SL-3%,410,53.2,0.187,1.4,-19.6,76.8
-5.0,-3.0,3,2.0,NORMAL+STRONG,引け決済,2103,52.6,0.204,1.39,-64.0,428.2
-8.0,-5.0,3,2.0,STRONG,TP+2%/SL-2%,243,51.9,0.151,1.39,-19.1,36.7
-5.0,-3.0,3,999.0,NORMAL+STRONG,TP+5%/SL-3%,2362,50.5,0.194,1.39,-53.4,458.0
-5.0,-3.0,4,999.0,NORMAL+STRONG,TP+3%/SL-3%,1683,52.5,0.174,1.39,-34.1,293.7
-5.0,-4.0,5,2.0,NORMAL+STRONG,TP+5%/SL-5%,410,53.7,0.227,1.39,-25.6,93.0
-5.0,-4.0,3,2.0,NORMAL+STRONG,TP+3%/SL-3%,800,52.6,0.18,1.39,-20.3,143.7
-5.0,-3.0,4,999.0,NORMAL+STRONG,引け決済,1683,52.6,0.208,1.38,-47.4,350.8
-4.0,-3.0,2,999.0,NORMAL+STRONG,引け決済,1918,52.0,0.202,1.38,-42.7,386.8
-6.0,-3.0,4,2.0,NORMAL+STRONG,TP+5%/SL-3%,1869,50.6,0.192,1.37,-37.1,358.5
-7.0,-3.0,6,999.0,STRONG,TP+2%/SL-2%,319,53.6,0.148,1.37,-19.4,47.1
-5.0,-4.0,3,999.0,NORMAL+STRONG,TP+5%/SL-5%,910,52.5,0.217,1.36,-40.8,197.4
-5.0,-3.0,5,2.0,NORMAL+STRONG,TP+5%/SL-5%,1024,51.6,0.206,1.36,-43.5,211.4
-6.0,-3.0,3,2.0,NORMAL+STRONG,TP+5%/SL-5%,2561,51.9,0.202,1.35,-61.2,517.1
-5.0,-4.0,3,999.0,STRONG,TP+2%/SL-2%,260,53.5,0.139,1.35,-19.8,36.0
-5.0,-3.0,3,0.0,NORMAL+STRONG,引け決済,1011,54.2,0.211,1.35,-57.3,213.3
-5.0,-4.0,3,999.0,NORMAL+STRONG,TP+5%/SL-3%,910,50.4,0.2,1.34,-35.7,182.3
-5.0,-4.0,4,0.0,NORMAL+STRONG,TP+3%/SL-3%,292,53.4,0.184,1.34,-20.6,53.7
-4.0,-3.0,5,2.0,NORMAL+STRONG,TP+5%/SL-5%,614,50.2,0.193,1.34,-33.3,118.4
-5.0,-4.0,5,999.0,STRONG,TP+3%/SL-3%,122,54.1,0.175,1.34,-19.6,21.3
-8.0,-4.0,5,2.0,STRONG,TP+5%/SL-3%,242,50.4,0.205,1.34,-15.4,49.6
-6.0,-5.0,6,2.0,NORMAL+STRONG,引け決済,186,51.6,0.212,1.34,-23.2,39.5
-7.0,-5.0,6,2.0,STRONG,TP+5%/SL-3%,73,52.1,0.219,1.34,-18.7,16.0
-5.0,-3.0,2,999.0,NORMAL+STRONG,TP+5%/SL-3%,3074,50.4,0.187,1.34,-57.6,576.1
-7.0,-4.0,4,999.0,STRONG,TP+2%/SL-2%,349,52.7,0.143,1.33,-27.6,49.9
-5.0,-3.0,2,999.0,NORMAL+STRONG,引け決済,3074,52.0,0.202,1.33,-63.5,621.4
-5.0,-4.0,4,999.0,NORMAL+STRONG,TP+5%/SL-5%,656,52.4,0.209,1.33,-28.0,137.3
-4.0,-3.0,4,0.0,NORMAL+STRONG,TP+5%/SL-5%,422,53.8,0.197,1.33,-27.9,83.1
-5.0,-3.0,5,2.0,NORMAL+STRONG,TP+3%/SL-3%,1024,51.7,0.169,1.32,-36.3,172.9
-5.0,-3.0,3,0.0,NORMAL+STRONG,TP+3%/SL-3%,1011,53.9,0.174,1.32,-39.3,175.4
-7.0,-4.0,3,999.0,STRONG,TP+2%/SL-2%,482,53.1,0.14,1.32,-27.2,67.4
-7.0,-3.0,4,2.0,NORMAL+STRONG,TP+5%/SL-3%,2132,50.5,0.185,1.31,-39.3,394.8
-8.0,-4.0,3,999.0,STRONG,TP+3%/SL-3%,569,53.3,0.178,1.31,-34.9,101.2
-7.0,-3.0,4,2.0,NORMAL+STRONG,TP+5%/SL-5%,2132,51.9,0.196,1.31,-49.5,418.9
-4.0,-3.0,2,999.0,NORMAL+STRONG,TP+3%/SL-3%,1918,51.8,0.16,1.31,-35.9,306.3
-4.0,-3.0,5,999.0,NORMAL+STRONG,TP+5%/SL-5%,673,51.0,0.19,1.31,-40.4,127.9
-5.0,-3.0,2,0.0,NORMAL+STRONG,TP+5%/SL-5%,1284,53.3,0.206,1.31,-50.3,264.0
-5.0,-4.0,3,2.0,NORMAL+STRONG,引け決済,800,53.2,0.21,1.3,-33.4,167.7
-5.0,-4.0,2,999.0,NORMAL+STRONG,TP+5%/SL-5%,1156,52.0,0.206,1.3,-37.8,237.8
-5.0,-4.0,2,2.0,NORMAL+STRONG,引け決済,1001,52.8,0.203,1.3,-33.6,202.8
-4.0,-3.0,5,999.0,NORMAL+STRONG,TP+5%/SL-3%,673,49.6,0.177,1.3,-38.1,119.2
-5.0,-4.0,5,2.0,NORMAL,TP+5%/SL-3%,313,49.8,0.199,1.3,-17.7,62.4
-6.0,-3.0,4,2.0,NORMAL+STRONG,引け決済,1869,52.0,0.199,1.3,-54.6,371.1
-8.0,-5.0,4,2.0,STRONG,TP+5%/SL-3%,185,48.1,0.209,1.3,-17.8,38.8
-5.0,-3.0,2,0.0,NORMAL+STRONG,TP+5%/SL-3%,1284,51.5,0.188,1.29,-54.1,241.8
-5.0,-3.0,5,999.0,NORMAL+STRONG,TP+5%/SL-3%,1135,50.0,0.183,1.29,-51.9,208.2
-7.0,-5.0,3,999.0,STRONG,TP+2%/SL-2%,222,52.7,0.141,1.29,-19.3,31.4
-5.0,-4.0,5,2.0,NORMAL+STRONG,TP+2%/SL-2%,410,51.7,0.135,1.28,-17.0,55.3
-7.0,-4.0,5,999.0,STRONG,TP+5%/SL-3%,252,51.6,0.196,1.28,-27.2,49.3
-6.0,-3.0,2,2.0,NORMAL+STRONG,TP+5%/SL-3%,3294,50.4,0.179,1.28,-57.7,588.2
-6.0,-3.0,3,2.0,NORMAL+STRONG,TP+5%/SL-3%,2561,50.3,0.179,1.28,-54.5,459.6
-6.0,-4.0,5,2.0,NORMAL+STRONG,引け決済,682,52.1,0.207,1.27,-29.8,141.2
-4.0,-3.0,2,2.0,NORMAL+STRONG,TP+2%/SL-2%,1711,51.9,0.125,1.27,-26.2,214.5
-5.0,-3.0,5,999.0,NORMAL+STRONG,TP+5%/SL-5%,1135,51.7,0.194,1.27,-54.3,220.1
-5.0,-4.0,5,999.0,NORMAL+STRONG,TP+5%/SL-3%,462,50.4,0.193,1.27,-23.6,88.9
-6.0,-3.0,2,999.0,NORMAL+STRONG,TP+5%/SL-5%,3781,51.6,0.195,1.27,-64.2,736.3
-8.0,-5.0,6,0.0,STRONG,TP+3%/SL-3%,40,50.0,0.169,1.26,-9.0,6.8
-5.0,-3.0,4,0.0,NORMAL+STRONG,TP+5%/SL-5%,714,53.6,0.199,1.26,-35.0,141.7
-5.0,-4.0,3,999.0,NORMAL+STRONG,引け決済,910,52.7,0.208,1.26,-36.9,189.2
-5.0,-4.0,2,999.0,NORMAL+STRONG,引け決済,1156,52.1,0.203,1.26,-36.9,234.6
-4.0,-3.0,5,2.0,NORMAL+STRONG,TP+3%/SL-3%,614,50.7,0.156,1.26,-32.9,96.1
-8.0,-5.0,2,999.0,STRONG,TP+5%/SL-5%,388,53.6,0.222,1.25,-30.9,86.0
-5.0,-3.0,3,999.0,NORMAL+STRONG,引け決済,2362,52.1,0.191,1.25,-68.1,450.0
-5.0,-3.0,5,2.0,NORMAL+STRONG,TP+2%/SL-2%,1024,50.8,0.127,1.25,-33.2,130.5
-8.0,-3.0,4,999.0,STRONG,TP+2%/SL-2%,758,52.4,0.13,1.25,-39.8,98.4
-8.0,-5.0,3,2.0,STRONG,TP+3%/SL-3%,243,52.3,0.175,1.25,-20.3,42.4
-4.0,-3.0,3,999.0,NORMAL+STRONG,引け決済,1452,51.7,0.18,1.25,-42.0,260.8
-7.0,-6.0,2,999.0,STRONG,TP+5%/SL-3%,117,53.0,0.194,1.25,-16.6,22.6
-8.0,-3.0,5,999.0,STRONG,TP+3%/SL-3%,538,53.0,0.162,1.24,-34.1,87.4
-6.0,-3.0,2,2.0,NORMAL+STRONG,引け決済,3294,52.2,0.188,1.24,-71.2,620.0
-4.0,-3.0,2,0.0,NORMAL+STRONG,TP+5%/SL-5%,786,52.5,0.185,1.24,-31.7,145.7
-4.0,-3.0,4,0.0,NORMAL+STRONG,TP+5%/SL-3%,422,52.8,0.174,1.23,-26.5,73.4
-7.0,-3.0,4,2.0,NORMAL+STRONG,引け決済,2132,51.9,0.189,1.23,-61.0,402.4
-6.0,-3.0,4,2.0,NORMAL+STRONG,TP+3%/SL-3%,1869,51.7,0.156,1.23,-32.4,291.2
-5.0,-4.0,6,2.0,NORMAL+STRONG,TP+5%/SL-3%,268,50.4,0.186,1.22,-26.3,49.9
-5.0,-4.0,5,999.0,NORMAL+STRONG,TP+5%/SL-5%,462,52.8,0.199,1.22,-25.3,92.1
-5.0,-4.0,4,999.0,NORMAL+STRONG,引け決済,656,52.9,0.198,1.22,-29.7,129.6
-4.0,-3.0,5,2.0,NORMAL+STRONG,TP+2%/SL-2%,614,50.2,0.123,1.22,-33.9,75.3
-6.0,-3.0,4,999.0,NORMAL+STRONG,TP+5%/SL-5%,2110,51.7,0.185,1.22,-44.2,389.5
-8.0,-5.0,2,999.0,STRONG,TP+5%/SL-3%,388,50.3,0.193,1.21,-26.9,74.8
-6.0,-3.0,3,999.0,NORMAL+STRONG,TP+5%/SL-5%,2916,51.6,0.186,1.21,-66.0,543.1
-4.0,-3.0,3,999.0,NORMAL+STRONG,TP+3%/SL-3%,1452,51.4,0.148,1.21,-33.9,214.4
-6.0,-3.0,3,2.0,NORMAL+STRONG,引け決済,2561,51.9,0.182,1.2,-73.8,466.4
-4.0,-3.0,4,999.0,NORMAL+STRONG,TP+2%/SL-2%,1027,51.7,0.12,1.2,-26.1,123.5
-5.0,-4.0,4,2.0,NORMAL,TP+5%/SL-3%,436,49.3,0.176,1.2,-34.4,76.9
-5.0,-4.0,5,999.0,NORMAL+STRONG,引け決済,462,53.5,0.198,1.2,-28.9,91.2
-8.0,-5.0,4,999.0,STRONG,引け決済,240,50.8,0.224,1.19,-24.7,53.8
-4.0,-3.0,3,0.0,NORMAL+STRONG,TP+3%/SL-3%,601,53.7,0.153,1.19,-29.4,92.1
-5.0,-3.0,5,2.0,NORMAL+STRONG,引け決済,1024,51.6,0.18,1.19,-50.8,184.2
-8.0,-5.0,6,2.0,STRONG,引け決済,106,50.9,0.202,1.18,-18.3,21.4
-5.0,-4.0,4,2.0,NORMAL+STRONG,TP+2%/SL-2%,579,51.5,0.121,1.18,-20.0,70.1
-5.0,-4.0,4,0.0,NORMAL+STRONG,TP+5%/SL-5%,292,53.4,0.201,1.18,-29.6,58.6
-6.0,-3.0,5,2.0,NORMAL+STRONG,TP+5%/SL-5%,1296,51.0,0.18,1.18,-47.0,233.5
-5.0,-3.0,2,999.0,NORMAL+STRONG,TP+3%/SL-3%,3074,51.6,0.148,1.18,-55.5,455.0
-7.0,-3.0,2,2.0,NORMAL+STRONG,TP+5%/SL-5%,3703,52.2,0.18,1.18,-70.6,667.0
-6.0,-3.0,3,0.0,NORMAL+STRONG,TP+5%/SL-5%,1247,52.9,0.189,1.17,-66.8,235.3
-5.0,-4.0,3,0.0,NORMAL,TP+5%/SL-3%,329,49.5,0.185,1.17,-32.7,60.7
-7.0,-3.0,3,2.0,NORMAL+STRONG,TP+5%/SL-5%,2899,51.9,0.178,1.17,-69.1,516.8
-7.0,-3.0,3,2.0,NORMAL+STRONG,TP+5%/SL-3%,2899,50.2,0.166,1.17,-59.7,481.6
-6.0,-3.0,5,2.0,NORMAL+STRONG,TP+5%/SL-3%,1296,49.4,0.167,1.17,-41.2,216.0
-6.0,-3.0,5,2.0,NORMAL+STRONG,引け決済,1296,51.0,0.179,1.16,-57.9,232.1
-5.0,-4.0,4,999.0,NORMAL+STRONG,TP+3%/SL-3%,656,52.3,0.153,1.16,-30.3,100.3
-6.0,-3.0,4,999.0,NORMAL+STRONG,TP+5%/SL-3%,2110,50.0,0.163,1.15,-47.9,343.5
-4.0,-3.0,3,2.0,NORMAL+STRONG,TP+2%/SL-2%,1303,51.6,0.114,1.15,-24.6,148.5
-6.0,-3.0,2,2.0,NORMAL+STRONG,TP+3%/SL-3%,3294,51.5,0.146,1.15,-48.8,482.2
-6.0,-4.0,6,999.0,STRONG,TP+2%/SL-2%,133,52.6,0.125,1.15,-25.5,16.6
-5.0,-3.0,3,999.0,NORMAL+STRONG,TP+3%/SL-3%,2362,51.5,0.145,1.15,-49.6,341.6
-8.0,-4.0,6,2.0,STRONG,TP+5%/SL-3%,168,50.6,0.178,1.14,-16.4,30.0
-7.0,-3.0,4,2.0,NORMAL+STRONG,TP+3%/SL-3%,2132,51.6,0.147,1.14,-37.0,312.7
-4.0,-3.0,5,999.0,NORMAL+STRONG,TP+3%/SL-3%,673,50.8,0.141,1.13,-37.1,94.8
-7.0,-3.0,2,2.0,NORMAL+STRONG,TP+5%/SL-3%,3703,50.4,0.161,1.13,-62.1,595.2
-4.0,-3.0,4,0.0,NORMAL+STRONG,引け決済,422,53.3,0.169,1.13,-29.3,71.2
-7.0,-4.0,5,2.0,NORMAL+STRONG,引け決済,896,51.9,0.182,1.13,-41.1,163.3
-6.0,-3.0,2,999.0,NORMAL+STRONG,引け決済,3781,51.5,0.18,1.13,-80.5,678.9
-6.0,-4.0,5,999.0,NORMAL+STRONG,引け決済,787,52.0,0.189,1.13,-31.6,148.6
-7.0,-5.0,6,999.0,STRONG,引け決済,100,52.0,0.182,1.13,-14.1,18.2
-8.0,-5.0,3,999.0,STRONG,TP+5%/SL-5%,309,52.1,0.195,1.12,-33.3,60.1
-8.0,-4.0,6,2.0,STRONG,TP+5%/SL-5%,168,53.6,0.189,1.12,-22.0,31.8
-5.0,-3.0,4,0.0,NORMAL+STRONG,引け決済,714,53.6,0.178,1.12,-40.2,126.9
-5.0,-4.0,4,0.0,NORMAL+STRONG,引け決済,292,54.1,0.191,1.12,-33.8,55.7
-7.0,-5.0,5,999.0,STRONG,TP+5%/SL-5%,130,51.5,0.19,1.12,-17.8,24.7
-5.0,-3.0,4,0.0,NORMAL+STRONG,TP+3%/SL-3%,714,53.9,0.147,1.12,-33.0,105.3
-6.0,-3.0,4,999.0,NORMAL+STRONG,引け決済,2110,51.7,0.174,1.11,-54.3,367.4
-7.0,-6.0,2,999.0,STRONG,TP+5%/SL-5%,117,55.6,0.185,1.11,-15.9,21.7
-5.0,-4.0,2,999.0,NORMAL+STRONG,TP+5%/SL-3%,1156,49.7,0.165,1.11,-32.2,190.4
-8.0,-3.0,4,2.0,NORMAL+STRONG,TP+5%/SL-5%,2340,51.5,0.17,1.11,-48.2,397.1
-8.0,-6.0,5,0.0,STRONG,TP+2%/SL-2%,38,47.4,0.126,1.11,-8.9,4.8
-5.0,-3.0,2,0.0,NORMAL+STRONG,TP+3%/SL-3%,1284,52.9,0.144,1.1,-52.4,185.3
-5.0,-4.0,3,0.0,NORMAL+STRONG,引け決済,410,55.1,0.186,1.1,-48.3,76.2
-4.0,-3.0,2,0.0,NORMAL+STRONG,TP+5%/SL-3%,786,51.4,0.156,1.1,-36.6,122.3
-6.0,-4.0,2,2.0,NORMAL+STRONG,TP+5%/SL-5%,1583,51.6,0.176,1.1,-51.8,278.4
-8.0,-3.0,4,2.0,NORMAL+STRONG,TP+5%/SL-3%,2340,50.0,0.157,1.1,-47.6,367.7
-8.0,-5.0,6,0.0,STRONG,TP+5%/SL-5%,40,50.0,0.185,1.1,-10.1,7.4
-6.0,-3.0,3,999.0,NORMAL+STRONG,TP+5%/SL-3%,2916,49.5,0.156,1.09,-53.8,455.3
-7.0,-3.0,5,2.0,NORMAL+STRONG,引け決済,1510,51.1,0.168,1.09,-65.7,254.2
-5.0,-3.0,5,999.0,NORMAL+STRONG,引け決済,1135,51.7,0.168,1.09,-64.0,191.0
-6.0,-3.0,2,0.0,NORMAL+STRONG,TP+5%/SL-5%,1571,52.5,0.173,1.08,-74.7,272.3
-8.0,-3.0,6,999.0,STRONG,TP+3%/SL-3%,361,53.2,0.146,1.08,-31.7,52.8
-6.0,-5.0,5,2.0,NORMAL+STRONG,引け決済,272,48.9,0.176,1.08,-25.1,47.9
-7.0,-3.0,5,2.0,NORMAL+STRONG,TP+5%/SL-3%,1510,49.3,0.156,1.08,-43.6,235.0
-6.0,-3.0,5,999.0,NORMAL+STRONG,TP+5%/SL-5%,1460,51.3,0.168,1.08,-52.1,245.9
-6.0,-3.0,5,999.0,NORMAL+STRONG,引け決済,1460,51.3,0.17,1.08,-62.2,248.3
-7.0,-3.0,3,2.0,NORMAL+STRONG,引け決済,2899,52.0,0.167,1.08,-80.9,484.2
-5.0,-4.0,5,999.0,NORMAL,TP+5%/SL-3%,340,49.1,0.166,1.08,-23.7,56.5
-7.0,-6.0,2,2.0,STRONG,TP+3%/SL-3%,93,55.9,0.144,1.08,-10.3,13.4
-6.0,-3.0,3,999.0,NORMAL+STRONG,引け決済,2916,51.5,0.169,1.07,-75.2,492.5
-7.0,-3.0,5,2.0,NORMAL+STRONG,TP+5%/SL-5%,1510,50.9,0.165,1.07,-54.0,249.2
-6.0,-3.0,3,2.0,NORMAL+STRONG,TP+3%/SL-3%,2561,51.2,0.136,1.07,-45.7,349.4
-8.0,-3.0,2,2.0,NORMAL+STRONG,TP+5%/SL-5%,4001,51.9,0.166,1.07,-68.4,665.8
-5.0,-4.0,5,0.0,NORMAL+STRONG,TP+5%/SL-5%,213,54.0,0.193,1.07,-20.7,41.1
-8.0,-6.0,5,0.0,STRONG,引け決済,38,47.4,0.213,1.07,-9.9,8.1
-5.0,-4.0,3,999.0,NORMAL+STRONG,TP+3%/SL-3%,910,51.8,0.14,1.06,-33.2,127.2
-8.0,-3.0,3,2.0,NORMAL+STRONG,TP+5%/SL-5%,3162,51.6,0.164,1.06,-72.6,519.9
-5.0,-3.0,4,2.0,NORMAL,TP+5%/SL-3%,1078,49.4,0.148,1.06,-66.0,159.4
-4.0,-3.0,2,0.0,NORMAL+STRONG,引け決済,786,52.4,0.157,1.06,-33.2,123.6
-5.0,-4.0,4,2.0,NORMAL,TP+3%/SL-3%,436,50.9,0.138,1.06,-33.3,60.2
-5.0,-4.0,5,0.0,NORMAL+STRONG,TP+3%/SL-3%,213,53.5,0.149,1.05,-15.6,31.8
-5.0,-4.0,2,0.0,NORMAL+STRONG,引け決済,498,54.2,0.173,1.05,-47.6,86.3
-5.0,-3.0,2,0.0,NORMAL+STRONG,引け決済,1284,53.1,0.163,1.05,-60.1,209.8
-5.0,-3.0,5,0.0,NORMAL+STRONG,TP+5%/SL-3%,508,50.2,0.161,1.05,-39.9,81.6
-5.0,-4.0,3,2.0,NORMAL,TP+5%/SL-3%,592,49.0,0.155,1.05,-42.4,91.8
-8.0,-4.0,6,999.0,STRONG,引け決済,219,52.5,0.177,1.05,-27.3,38.7
-5.0,-4.0,5,2.0,NORMAL,TP+3%/SL-3%,313,51.8,0.142,1.05,-22.5,44.4
-5.0,-3.0,5,999.0,NORMAL+STRONG,TP+3%/SL-3%,1135,51.3,0.135,1.05,-48.9,153.4
-6.0,-4.0,5,2.0,NORMAL+STRONG,TP+5%/SL-5%,682,51.8,0.169,1.05,-36.6,115.1
-7.0,-6.0,5,2.0,STRONG,TP+2%/SL-2%,42,52.4,0.115,1.04,-8.6,4.8
-6.0,-5.0,5,999.0,NORMAL+STRONG,引け決済,325,49.8,0.176,1.04,-32.4,57.3
-7.0,-3.0,2,2.0,NORMAL+STRONG,引け決済,3703,52.2,0.161,1.04,-80.4,597.5
-7.0,-3.0,3,0.0,NORMAL+STRONG,TP+5%/SL-5%,1426,52.5,0.171,1.04,-85.8,243.4
-6.0,-3.0,2,999.0,NORMAL+STRONG,TP+5%/SL-3%,3781,49.4,0.149,1.04,-55.9,564.3
-6.0,-4.0,4,2.0,NORMAL+STRONG,引け決済,934,51.1,0.171,1.04,-41.8,160.0
-4.0,-3.0,5,2.0,NORMAL+STRONG,引け決済,614,49.8,0.148,1.04,-42.3,90.9
-6.0,-3.0,3,0.0,NORMAL+STRONG,引け決済,1247,53.0,0.169,1.04,-69.2,210.8
-8.0,-5.0,3,999.0,STRONG,TP+5%/SL-3%,309,49.2,0.165,1.03,-38.0,50.9
-8.0,-3.0,3,2.0,NORMAL+STRONG,TP+5%/SL-3%,3162,49.8,0.148,1.03,-56.1,469.1
-8.0,-3.0,4,2.0,NORMAL+STRONG,引け決済,2340,51.5,0.161,1.03,-55.7,376.6
-5.0,-4.0,5,0.0,NORMAL+STRONG,引け決済,213,54.9,0.184,1.03,-22.7,39.1
-7.0,-3.0,4,999.0,NORMAL+STRONG,TP+5%/SL-5%,2419,51.3,0.158,1.03,-63.7,381.1
-8.0,-4.0,5,999.0,STRONG,TP+5%/SL-5%,307,52.1,0.167,1.03,-22.6,51.4
-5.0,-4.0,5,2.0,NORMAL,TP+2%/SL-2%,313,50.8,0.109,1.03,-24.9,34.1
-5.0,-4.0,6,2.0,NORMAL+STRONG,TP+3%/SL-3%,268,51.5,0.139,1.02,-16.7,37.2
-6.0,-3.0,3,0.0,NORMAL+STRONG,TP+5%/SL-3%,1247,50.6,0.153,1.02,-54.7,190.8
-5.0,-3.0,4,999.0,NORMAL+STRONG,TP+2%/SL-2%,1683,51.2,0.104,1.02,-32.3,174.8
-7.0,-3.0,2,999.0,NORMAL+STRONG,TP+5%/SL-5%,4258,51.5,0.159,1.02,-79.9,678.4
-4.0,-3.0,4,2.0,NORMAL,TP+5%/SL-5%,642,50.5,0.144,1.01,-45.1,92.6
-5.0,-4.0,6,999.0,NORMAL+STRONG,TP+5%/SL-3%,305,49.5,0.154,1.01,-28.7,46.9
-4.0,-3.0,5,999.0,NORMAL+STRONG,引け決済,673,50.5,0.148,1.01,-49.8,99.8
-6.0,-3.0,5,2.0,NORMAL+STRONG,TP+3%/SL-3%,1296,50.5,0.131,1.01,-35.4,169.4
-6.0,-4.0,2,2.0,NORMAL+STRONG,引け決済,1583,51.7,0.168,1.01,-60.1,266.1
-7.0,-4.0,6,999.0,STRONG,TP+5%/SL-5%,177,53.1,0.167,1.01,-20.9,29.5
-5.0,-3.0,6,2.0,NORMAL+STRONG,TP+5%/SL-3%,637,48.5,0.144,1.0,-34.0,91.9
-7.0,-6.0,5,2.0,NORMAL+STRONG,TP+2%/SL-2%,214,51.4,0.108,1.0,-15.6,23.2
-4.0,-3.0,4,999.0,NORMAL,TP+5%/SL-5%,690,50.3,0.145,1.0,-51.0,100.1
-7.0,-6.0,6,2.0,STRONG,引け決済,32,56.2,0.159,0.99,-9.1,5.1
-8.0,-3.0,2,2.0,NORMAL+STRONG,TP+5%/SL-3%,4001,49.9,0.143,0.99,-60.9,572.5
-6.0,-4.0,3,2.0,NORMAL+STRONG,引け決済,1258,51.5,0.164,0.99,-56.7,205.9
-8.0,-3.0,3,0.0,NORMAL+STRONG,TP+5%/SL-5%,1567,52.3,0.167,0.99,-87.5,261.4
-7.0,-3.0,3,0.0,NORMAL+STRONG,TP+5%/SL-3%,1426,50.2,0.15,0.99,-66.2,213.9
-7.0,-4.0,5,999.0,STRONG,TP+2%/SL-2%,252,52.0,0.107,0.98,-23.8,26.9
-7.0,-6.0,5,2.0,NORMAL,TP+2%/SL-2%,172,51.2,0.107,0.98,-18.9,18.4
-7.0,-5.0,5,999.0,STRONG,TP+2%/SL-2%,130,52.3,0.111,0.98,-16.7,14.5
-6.0,-4.0,5,2.0,NORMAL+STRONG,TP+5%/SL-3%,682,49.4,0.146,0.98,-28.1,99.5
-5.0,-4.0,5,999.0,STRONG,TP+2%/SL-2%,122,51.6,0.102,0.98,-18.5,12.4
-6.0,-4.0,6,2.0,NORMAL+STRONG,引け決済,454,52.4,0.165,0.98,-33.7,74.9
-7.0,-3.0,4,999.0,NORMAL+STRONG,TP+5%/SL-3%,2419,49.5,0.141,0.98,-58.9,340.5
-7.0,-6.0,3,999.0,STRONG,TP+5%/SL-3%,96,51.0,0.149,0.98,-17.6,14.3
-5.0,-4.0,6,0.0,NORMAL+STRONG,TP+5%/SL-3%,140,49.3,0.161,0.98,-15.3,22.5
-7.0,-3.0,2,2.0,NORMAL+STRONG,TP+3%/SL-3%,3703,51.4,0.126,0.98,-57.5,468.3
-7.0,-4.0,4,2.0,NORMAL+STRONG,引け決済,1197,51.2,0.16,0.97,-62.7,191.3
-5.0,-4.0,2,999.0,NORMAL+STRONG,TP+3%/SL-3%,1156,51.2,0.129,0.97,-33.8,148.7
-6.0,-4.0,3,2.0,NORMAL+STRONG,TP+5%/SL-5%,1258,51.3,0.157,0.97,-53.4,197.4
-7.0,-3.0,3,999.0,NORMAL+STRONG,TP+5%/SL-5%,3312,51.3,0.152,0.97,-75.3,502.9
-5.0,-3.0,3,2.0,NORMAL+STRONG,TP+2%/SL-2%,2103,51.2,0.098,0.97,-36.0,206.3
-4.0,-3.0,4,999.0,NORMAL,TP+5%/SL-3%,690,49.0,0.131,0.97,-47.9,90.3
-8.0,-3.0,3,0.0,NORMAL+STRONG,TP+5%/SL-3%,1567,49.9,0.148,0.96,-70.2,232.1
-6.0,-3.0,5,999.0,NORMAL+STRONG,TP+5%/SL-3%,1460,49.2,0.139,0.96,-48.6,203.5
-4.0,-3.0,4,2.0,NORMAL,TP+5%/SL-3%,642,49.4,0.128,0.96,-44.1,82.5
-8.0,-4.0,5,2.0,STRONG,TP+2%/SL-2%,242,50.4,0.105,0.96,-18.8,25.4
-6.0,-4.0,3,2.0,NORMAL+STRONG,TP+5%/SL-3%,1258,49.0,0.144,0.96,-45.9,180.9
-4.0,-3.0,4,0.0,NORMAL+STRONG,TP+3%/SL-3%,422,54.3,0.122,0.96,-24.8,51.6
-6.0,-3.0,2,0.0,NORMAL+STRONG,引け決済,1571,52.5,0.153,0.95,-80.7,240.7
-8.0,-3.0,5,999.0,STRONG,TP+2%/SL-2%,538,51.7,0.101,0.95,-32.3,54.2
-5.0,-3.0,6,2.0,NORMAL+STRONG,TP+3%/SL-3%,637,50.1,0.125,0.95,-27.8,79.9
-5.0,-4.0,6,2.0,NORMAL+STRONG,TP+2%/SL-2%,268,50.4,0.101,0.95,-14.2,27.2
-5.0,-3.0,2,2.0,NORMAL+STRONG,TP+2%/SL-2%,2712,51.1,0.096,0.95,-40.3,260.8
-7.0,-3.0,3,2.0,NORMAL+STRONG,TP+3%/SL-3%,2899,51.2,0.123,0.95,-52.2,355.4
-5.0,-3.0,4,2.0,NORMAL,TP+5%/SL-5%,1078,50.5,0.142,0.95,-64.9,152.6
-8.0,-3.0,3,2.0,NORMAL+STRONG,引け決済,3162,51.7,0.147,0.94,-81.9,464.7
-7.0,-3.0,3,0.0,NORMAL+STRONG,引け決済,1426,52.7,0.156,0.94,-87.1,221.8
-5.0,-4.0,5,999.0,NORMAL+STRONG,TP+3%/SL-3%,462,51.9,0.127,0.94,-25.1,58.5
-6.0,-4.0,2,0.0,NORMAL+STRONG,TP+5%/SL-5%,785,52.4,0.161,0.94,-49.3,126.6
-8.0,-3.0,5,2.0,NORMAL+STRONG,TP+5%/SL-5%,1677,50.7,0.145,0.93,-57.8,243.9
-6.0,-4.0,3,999.0,NORMAL+STRONG,引け決済,1464,51.3,0.158,0.93,-53.8,231.7
-6.0,-4.0,2,999.0,NORMAL+STRONG,TP+5%/SL-5%,1863,50.9,0.153,0.93,-48.3,285.9
-7.0,-5.0,4,999.0,STRONG,TP+2%/SL-2%,168,51.2,0.104,0.93,-17.2,17.5
-6.0,-4.0,4,2.0,NORMAL+STRONG,TP+5%/SL-5%,934,50.7,0.146,0.93,-45.9,136.6
-6.0,-3.0,4,2.0,NORMAL+STRONG,TP+2%/SL-2%,1869,50.7,0.094,0.92,-26.2,175.3
-6.0,-3.0,4,999.0,NORMAL+STRONG,TP+3%/SL-3%,2110,51.1,0.118,0.92,-34.7,248.4
-8.0,-3.0,5,2.0,NORMAL+STRONG,TP+5%/SL-3%,1677,49.1,0.134,0.92,-67.0,225.2
-5.0,-3.0,6,2.0,NORMAL+STRONG,TP+2%/SL-2%,637,49.1,0.096,0.92,-21.9,60.8
-5.0,-3.0,4,2.0,NORMAL,TP+3%/SL-3%,1078,50.8,0.116,0.92,-67.3,125.6
-8.0,-3.0,4,2.0,NORMAL+STRONG,TP+3%/SL-3%,2340,51.1,0.119,0.92,-42.7,278.6
-7.0,-6.0,4,2.0,NORMAL+STRONG,TP+5%/SL-3%,263,49.4,0.138,0.92,-20.1,36.3
-7.0,-4.0,4,2.0,NORMAL+STRONG,TP+5%/SL-3%,1197,49.0,0.135,0.92,-48.3,161.7
-6.0,-4.0,2,2.0,NORMAL+STRONG,TP+5%/SL-3%,1583,49.0,0.137,0.92,-46.9,217.5
-5.0,-3.0,4,999.0,NORMAL,TP+5%/SL-3%,1165,48.8,0.129,0.92,-77.3,149.7
-6.0,-4.0,5,999.0,NORMAL+STRONG,TP+5%/SL-5%,787,51.6,0.15,0.91,-40.4,118.0
-7.0,-3.0,5,999.0,NORMAL+STRONG,TP+5%/SL-5%,1705,50.9,0.143,0.91,-68.9,243.4
-5.0,-4.0,5,2.0,NORMAL,TP+5%/SL-5%,313,51.4,0.151,0.91,-20.7,47.4
-6.0,-4.0,2,999.0,NORMAL+STRONG,引け決済,1863,51.0,0.157,0.91,-54.4,292.1
-7.0,-3.0,5,2.0,NORMAL+STRONG,TP+3%/SL-3%,1510,50.5,0.119,0.91,-38.8,180.0
-7.0,-3.0,4,999.0,NORMAL+STRONG,引け決済,2419,51.3,0.144,0.91,-60.3,348.7
-6.0,-4.0,4,2.0,NORMAL+STRONG,TP+5%/SL-3%,934,48.8,0.134,0.91,-34.9,125.4
-7.0,-3.0,3,999.0,NORMAL+STRONG,TP+5%/SL-3%,3312,49.2,0.132,0.91,-66.9,438.2
-8.0,-3.0,5,2.0,NORMAL+STRONG,引け決済,1677,50.8,0.142,0.91,-58.7,238.6
-5.0,-4.0,6,999.0,STRONG,TP+2%/SL-2%,77,50.6,0.095,0.91,-14.9,7.3
-7.0,-4.0,5,2.0,NORMAL+STRONG,TP+5%/SL-5%,896,51.5,0.146,0.91,-42.3,130.8
-4.0,-3.0,2,0.0,NORMAL+STRONG,TP+3%/SL-3%,786,52.5,0.115,0.9,-38.3,90.3
-8.0,-3.0,2,2.0,NORMAL+STRONG,引け決済,4001,51.9,0.143,0.9,-84.5,570.4
-6.0,-3.0,4,0.0,NORMAL+STRONG,引け決済,896,52.3,0.149,0.9,-59.4,133.5
-7.0,-6.0,3,999.0,STRONG,TP+5%/SL-5%,96,53.1,0.145,0.9,-15.9,14.0
-6.0,-4.0,6,2.0,NORMAL+STRONG,TP+5%/SL-3%,454,49.8,0.135,0.9,-31.7,61.3
-4.0,-3.0,6,2.0,NORMAL+STRONG,TP+3%/SL-3%,369,49.1,0.116,0.9,-29.7,42.7
-7.0,-4.0,5,2.0,NORMAL+STRONG,TP+5%/SL-3%,896,49.3,0.132,0.89,-30.8,118.4
-7.0,-5.0,6,2.0,STRONG,TP+2%/SL-2%,73,53.4,0.101,0.89,-12.8,7.4
-7.0,-3.0,2,999.0,NORMAL+STRONG,引け決済,4258,51.5,0.144,0.89,-91.3,614.6
-6.0,-4.0,3,999.0,NORMAL+STRONG,TP+5%/SL-5%,1464,51.0,0.147,0.89,-52.4,215.0
-4.0,-3.0,6,2.0,NORMAL+STRONG,TP+2%/SL-2%,369,48.2,0.091,0.89,-23.6,33.7
-7.0,-3.0,5,999.0,NORMAL+STRONG,引け決済,1705,51.0,0.141,0.89,-73.2,240.0
-7.0,-5.0,5,2.0,NORMAL+STRONG,引け決済,486,50.0,0.144,0.89,-42.7,69.9
-7.0,-3.0,2,999.0,NORMAL+STRONG,TP+5%/SL-3%,4258,49.3,0.128,0.88,-69.1,543.0
-7.0,-3.0,5,2.0,NORMAL+STRONG,TP+2%/SL-2%,1510,49.9,0.092,0.88,-40.8,138.7
-6.0,-3.0,4,0.0,NORMAL+STRONG,TP+5%/SL-5%,896,52.2,0.142,0.88,-56.0,127.1
-7.0,-6.0,4,999.0,STRONG,引け決済,75,52.0,0.133,0.88,-8.9,10.0
-4.0,-3.0,5,999.0,NORMAL+STRONG,TP+2%/SL-2%,673,49.6,0.09,0.88,-39.3,60.3
-6.0,-3.0,6,2.0,NORMAL+STRONG,TP+5%/SL-3%,823,48.6,0.126,0.87,-45.8,103.4
-8.0,-4.0,2,999.0,STRONG,TP+2%/SL-2%,716,51.1,0.093,0.87,-32.1,66.4
-7.0,-3.0,3,999.0,NORMAL+STRONG,引け決済,3312,51.4,0.14,0.87,-89.2,462.2
-7.0,-3.0,4,2.0,NORMAL+STRONG,TP+2%/SL-2%,2132,50.7,0.089,0.87,-30.7,189.6
-5.0,-4.0,4,2.0,NORMAL,TP+5%/SL-5%,436,50.5,0.138,0.87,-27.2,60.1
-8.0,-3.0,2,999.0,NORMAL+STRONG,TP+5%/SL-5%,4624,51.1,0.139,0.87,-82.8,642.7
-6.0,-3.0,2,0.0,NORMAL+STRONG,TP+5%/SL-3%,1571,50.0,0.13,0.87,-70.3,204.3
-7.0,-3.0,2,0.0,NORMAL+STRONG,TP+5%/SL-5%,1789,52.0,0.141,0.86,-94.5,252.6
-6.0,-3.0,5,2.0,NORMAL+STRONG,TP+2%/SL-2%,1296,49.7,0.089,0.86,-29.5,115.5
-8.0,-3.0,3,999.0,NORMAL+STRONG,TP+5%/SL-5%,3632,51.0,0.136,0.86,-82.3,495.6
-6.0,-4.0,2,0.0,NORMAL+STRONG,引け決済,785,52.5,0.149,0.86,-61.9,117.1
-7.0,-4.0,4,2.0,NORMAL+STRONG,TP+5%/SL-5%,1197,50.8,0.138,0.86,-56.8,165.1
-5.0,-4.0,3,2.0,NORMAL,TP+5%/SL-5%,592,50.8,0.137,0.85,-44.2,81.2
-5.0,-4.0,4,999.0,NORMAL,TP+5%/SL-3%,475,48.6,0.125,0.85,-41.3,59.4
-8.0,-4.0,5,2.0,NORMAL+STRONG,引け決済,1063,51.4,0.139,0.84,-43.8,147.7
-7.0,-4.0,3,2.0,NORMAL+STRONG,TP+5%/SL-3%,1596,49.2,0.127,0.84,-61.9,202.8
-7.0,-4.0,3,2.0,NORMAL+STRONG,引け決済,1596,51.8,0.14,0.84,-69.5,223.7
-5.0,-4.0,4,0.0,NORMAL,TP+5%/SL-3%,241,48.5,0.131,0.84,-23.3,31.5
-6.0,-3.0,4,0.0,NORMAL+STRONG,TP+5%/SL-3%,896,50.3,0.126,0.84,-45.4,112.9
-5.0,-3.0,5,999.0,NORMAL+STRONG,TP+2%/SL-2%,1135,49.9,0.087,0.84,-43.8,98.3
-8.0,-3.0,4,999.0,NORMAL+STRONG,TP+5%/SL-5%,2669,50.8,0.13,0.84,-69.1,347.9
-4.0,-3.0,2,999.0,NORMAL+STRONG,TP+2%/SL-2%,1918,50.6,0.083,0.83,-32.9,159.5
-4.0,-3.0,6,2.0,NORMAL+STRONG,TP+5%/SL-3%,369,47.2,0.114,0.83,-36.9,42.1
-5.0,-4.0,2,0.0,NORMAL,TP+5%/SL-3%,399,48.6,0.128,0.83,-42.0,51.1
-8.0,-3.0,2,0.0,NORMAL+STRONG,TP+5%/SL-5%,1950,51.9,0.139,0.83,-100.6,271.6
-5.0,-4.0,3,999.0,NORMAL,TP+5%/SL-3%,650,48.2,0.123,0.82,-48.5,80.1
-5.0,-4.0,5,2.0,NORMAL,引け決済,313,52.1,0.138,0.82,-22.0,43.3
-8.0,-3.0,3,0.0,NORMAL+STRONG,引け決済,1567,52.3,0.139,0.82,-88.7,217.4
-6.0,-3.0,2,999.0,NORMAL+STRONG,TP+3%/SL-3%,3781,50.5,0.105,0.82,-48.1,398.7
-7.0,-4.0,5,999.0,NORMAL+STRONG,引け決済,1032,51.3,0.136,0.82,-42.4,140.2
-6.0,-3.0,3,999.0,NORMAL+STRONG,TP+3%/SL-3%,2916,50.5,0.105,0.82,-46.3,306.9
-4.0,-3.0,4,2.0,NORMAL,TP+3%/SL-3%,642,50.8,0.102,0.82,-44.6,65.4
-8.0,-3.0,4,0.0,NORMAL+STRONG,TP+5%/SL-3%,1140,49.6,0.124,0.81,-63.0,141.0
-5.0,-3.0,4,999.0,NORMAL,TP+5%/SL-5%,1165,50.1,0.123,0.81,-75.0,143.0
-7.0,-5.0,5,999.0,STRONG,TP+5%/SL-3%,130,49.2,0.129,0.81,-17.4,16.8
-5.0,-3.0,3,0.0,NORMAL,TP+5%/SL-3%,795,49.6,0.119,0.81,-60.7,94.7
-7.0,-3.0,4,0.0,NORMAL+STRONG,TP+5%/SL-3%,1036,49.8,0.122,0.81,-56.2,126.5
-8.0,-3.0,2,2.0,NORMAL+STRONG,TP+3%/SL-3%,4001,51.0,0.105,0.81,-62.8,420.7
-5.0,-4.0,5,999.0,NORMAL,TP+3%/SL-3%,340,51.2,0.109,0.81,-30.0,37.2
-8.0,-4.0,4,999.0,STRONG,TP+3%/SL-3%,421,51.8,0.112,0.81,-29.7,47.2
-5.0,-4.0,2,2.0,NORMAL,TP+5%/SL-5%,745,50.3,0.128,0.81,-51.7,95.3
-7.0,-4.0,5,999.0,STRONG,TP+3%/SL-3%,252,52.4,0.11,0.8,-30.2,27.7
-6.0,-4.0,3,999.0,NORMAL+STRONG,TP+5%/SL-3%,1464,48.5,0.123,0.8,-59.8,179.5
-4.0,-3.0,4,999.0,NORMAL,TP+3%/SL-3%,690,50.3,0.1,0.8,-48.4,68.8
-6.0,-3.0,6,2.0,NORMAL+STRONG,TP+3%/SL-3%,823,49.9,0.106,0.8,-42.9,87.5
-6.0,-4.0,4,999.0,NORMAL+STRONG,引け決済,1083,51.0,0.135,0.8,-50.4,146.2
-7.0,-3.0,4,0.0,NORMAL+STRONG,引け決済,1036,51.9,0.133,0.8,-75.2,137.6
-6.0,-4.0,5,0.0,NORMAL+STRONG,引け決済,348,52.3,0.141,0.8,-32.6,49.1
-5.0,-3.0,5,0.0,NORMAL+STRONG,TP+5%/SL-5%,508,51.8,0.132,0.8,-39.9,67.2
-6.0,-4.0,5,2.0,NORMAL+STRONG,TP+3%/SL-3%,682,50.4,0.108,0.8,-28.8,73.3
-8.0,-5.0,4,2.0,STRONG,TP+2%/SL-2%,185,49.2,0.088,0.8,-18.8,16.3
-5.0,-4.0,6,999.0,NORMAL+STRONG,TP+3%/SL-3%,305,50.8,0.107,0.79,-19.1,32.8
-5.0,-3.0,5,0.0,NORMAL+STRONG,引け決済,508,52.2,0.131,0.79,-45.2,66.3
-7.0,-3.0,4,0.0,NORMAL+STRONG,TP+5%/SL-5%,1036,51.7,0.129,0.79,-69.8,133.6
-7.0,-3.0,5,999.0,NORMAL+STRONG,TP+5%/SL-3%,1705,48.7,0.114,0.78,-59.9,193.6
-5.0,-4.0,5,999.0,NORMAL+STRONG,TP+2%/SL-2%,462,50.2,0.082,0.78,-26.9,37.9
-8.0,-3.0,3,999.0,NORMAL+STRONG,TP+5%/SL-3%,3632,48.8,0.114,0.78,-65.7,414.9
-5.0,-3.0,6,999.0,NORMAL+STRONG,TP+5%/SL-3%,707,48.4,0.112,0.78,-33.5,79.3
-7.0,-6.0,3,0.0,NORMAL+STRONG,TP+5%/SL-3%,179,47.5,0.129,0.78,-23.6,23.1
-7.0,-4.0,2,2.0,NORMAL+STRONG,TP+5%/SL-5%,1992,51.7,0.128,0.78,-69.6,254.0
-8.0,-3.0,4,999.0,NORMAL+STRONG,TP+5%/SL-3%,2669,48.9,0.113,0.78,-66.8,300.7
-8.0,-3.0,3,2.0,NORMAL+STRONG,TP+3%/SL-3%,3162,50.8,0.101,0.78,-62.4,319.9
-8.0,-4.0,5,2.0,STRONG,TP+3%/SL-3%,242,50.8,0.106,0.78,-22.0,25.7
-7.0,-6.0,5,2.0,STRONG,TP+5%/SL-3%,42,50.0,0.122,0.78,-9.8,5.1
-5.0,-4.0,3,2.0,NORMAL,TP+3%/SL-3%,592,50.3,0.102,0.78,-33.1,60.3
-5.0,-3.0,3,2.0,NORMAL,TP+5%/SL-3%,1500,48.4,0.107,0.77,-83.0,159.9
-7.0,-5.0,4,999.0,STRONG,TP+3%/SL-3%,168,51.2,0.108,0.77,-24.0,18.2
-5.0,-4.0,2,0.0,NORMAL,TP+5%/SL-5%,399,51.9,0.133,0.77,-53.2,53.0
-5.0,-3.0,3,2.0,NORMAL,TP+5%/SL-5%,1500,49.9,0.114,0.76,-89.7,171.0
-5.0,-4.0,6,2.0,NORMAL+STRONG,引け決済,268,53.0,0.132,0.76,-35.4,35.3
-4.0,-3.0,4,2.0,NORMAL,TP+2%/SL-2%,642,50.3,0.076,0.76,-52.2,48.7
-5.0,-4.0,6,999.0,NORMAL+STRONG,引け決済,305,52.8,0.132,0.76,-34.7,40.4
-8.0,-5.0,2,999.0,STRONG,TP+3%/SL-3%,388,51.3,0.107,0.76,-35.5,41.3
-4.0,-3.0,3,999.0,NORMAL+STRONG,TP+2%/SL-2%,1452,50.3,0.076,0.76,-32.1,110.7
-7.0,-3.0,2,0.0,NORMAL+STRONG,TP+5%/SL-3%,1789,49.7,0.114,0.76,-81.6,204.8
-7.0,-4.0,3,2.0,NORMAL+STRONG,TP+5%/SL-5%,1596,51.3,0.124,0.76,-79.6,197.2
-6.0,-4.0,2,2.0,NORMAL+STRONG,TP+3%/SL-3%,1583,50.2,0.101,0.76,-45.0,159.9
-7.0,-4.0,2,2.0,NORMAL+STRONG,TP+5%/SL-3%,1992,49.1,0.113,0.75,-49.9,224.5
-5.0,-3.0,4,999.0,NORMAL,TP+3%/SL-3%,1165,50.3,0.095,0.75,-78.7,110.4
-8.0,-3.0,2,999.0,NORMAL+STRONG,引け決済,4624,51.2,0.123,0.75,-100.3,568.8
-8.0,-3.0,3,999.0,NORMAL+STRONG,引け決済,3632,51.1,0.122,0.75,-95.4,443.2
-8.0,-5.0,5,2.0,STRONG,TP+5%/SL-5%,145,48.3,0.126,0.75,-16.8,18.2
-5.0,-4.0,4,999.0,NORMAL+STRONG,TP+2%/SL-2%,656,50.3,0.078,0.75,-27.5,51.3
-5.0,-4.0,4,2.0,NORMAL,引け決済,436,50.9,0.121,0.75,-31.6,53.0
-5.0,-4.0,5,999.0,NORMAL,TP+5%/SL-5%,340,50.9,0.125,0.75,-21.8,42.5
-8.0,-3.0,4,0.0,NORMAL+STRONG,TP+5%/SL-5%,1140,51.5,0.125,0.75,-75.7,142.2
-8.0,-6.0,5,0.0,STRONG,TP+3%/SL-3%,38,44.7,0.108,0.75,-10.3,4.1
-8.0,-6.0,3,0.0,NORMAL+STRONG,TP+5%/SL-3%,320,47.2,0.129,0.75,-59.6,41.3
-6.0,-4.0,4,2.0,NORMAL+STRONG,TP+3%/SL-3%,934,50.0,0.099,0.75,-33.3,92.9
-6.0,-3.0,5,999.0,NORMAL+STRONG,TP+3%/SL-3%,1460,50.3,0.097,0.74,-39.7,141.9
-8.0,-5.0,4,999.0,STRONG,TP+5%/SL-5%,240,49.6,0.128,0.74,-25.5,30.7
-6.0,-4.0,4,0.0,NORMAL+STRONG,引け決済,474,51.5,0.131,0.74,-38.5,62.3
-5.0,-4.0,3,0.0,NORMAL+STRONG,TP+2%/SL-2%,410,51.2,0.079,0.74,-31.7,32.5
-4.0,-3.0,3,0.0,NORMAL,TP+5%/SL-5%,466,50.9,0.111,0.74,-38.3,51.7
-5.0,-3.0,4,2.0,NORMAL,TP+2%/SL-2%,1078,50.1,0.075,0.74,-72.5,80.9
-8.0,-3.0,5,2.0,NORMAL+STRONG,TP+3%/SL-3%,1677,50.2,0.097,0.73,-57.2,163.0
-8.0,-4.0,5,2.0,NORMAL+STRONG,TP+5%/SL-5%,1063,51.0,0.118,0.73,-55.1,125.5
-6.0,-4.0,3,0.0,NORMAL+STRONG,TP+5%/SL-5%,646,52.0,0.126,0.73,-52.3,81.7
-7.0,-4.0,2,2.0,NORMAL+STRONG,引け決済,1992,51.9,0.122,0.73,-71.4,243.6
-7.0,-3.0,4,999.0,NORMAL+STRONG,TP+3%/SL-3%,2419,50.6,0.094,0.73,-45.2,227.8
-4.0,-3.0,4,2.0,ALL,TP+5%/SL-5%,1091,49.8,0.102,0.73,-52.5,111.1
-5.0,-3.0,3,0.0,NORMAL,TP+5%/SL-5%,795,51.3,0.117,0.73,-71.5,93.2
-5.0,-4.0,3,999.0,NORMAL,TP+5%/SL-5%,650,50.3,0.12,0.73,-39.3,77.8
-6.0,-4.0,6,999.0,NORMAL+STRONG,引け決済,533,52.3,0.125,0.73,-49.9,66.6
-7.0,-6.0,4,2.0,NORMAL+STRONG,引け決済,263,51.7,0.119,0.73,-29.6,31.3
-7.0,-4.0,6,2.0,NORMAL+STRONG,引け決済,610,51.8,0.121,0.73,-34.5,73.7
-8.0,-3.0,4,999.0,NORMAL+STRONG,引け決済,2669,50.9,0.117,0.73,-58.2,311.2
-7.0,-3.0,2,0.0,NORMAL+STRONG,引け決済,1789,52.2,0.119,0.72,-97.3,213.5
-5.0,-4.0,3,0.0,NORMAL,TP+5%/SL-5%,329,52.0,0.126,0.72,-57.6,41.4
-8.0,-6.0,6,2.0,NORMAL,TP+3%/SL-3%,223,51.6,0.103,0.72,-22.7,22.9
-7.0,-4.0,4,2.0,NORMAL+STRONG,TP+3%/SL-3%,1197,50.1,0.096,0.72,-40.1,114.4
-8.0,-3.0,4,0.0,NORMAL+STRONG,引け決済,1140,51.6,0.122,0.72,-85.3,139.3
-5.0,-4.0,4,2.0,NORMAL,TP+2%/SL-2%,436,49.8,0.074,0.72,-28.8,32.2
-6.0,-4.0,6,2.0,NORMAL+STRONG,TP+3%/SL-3%,454,50.7,0.099,0.72,-20.3,44.8
-6.0,-3.0,5,0.0,NORMAL+STRONG,引け決済,643,51.3,0.119,0.72,-61.2,76.3
-8.0,-3.0,2,999.0,NORMAL+STRONG,TP+5%/SL-3%,4624,48.8,0.106,0.72,-70.8,490.1
-5.0,-3.0,4,2.0,NORMAL,引け決済,1078,50.4,0.109,0.72,-80.9,117.2
-8.0,-3.0,2,0.0,NORMAL+STRONG,TP+5%/SL-3%,1950,49.4,0.111,0.72,-94.8,216.9
-6.0,-4.0,4,999.0,NORMAL+STRONG,TP+5%/SL-5%,1083,50.6,0.116,0.72,-56.1,125.5
-6.0,-3.0,6,2.0,NORMAL+STRONG,引け決済,823,50.3,0.113,0.71,-45.8,93.0
-5.0,-4.0,2,2.0,NORMAL,TP+5%/SL-3%,745,47.9,0.103,0.71,-55.8,76.4
-5.0,-3.0,6,999.0,NORMAL+STRONG,TP+3%/SL-3%,707,49.9,0.094,0.71,-27.4,66.5
-8.0,-4.0,4,2.0,NORMAL+STRONG,引け決済,1405,50.6,0.118,0.71,-64.3,165.6
-6.0,-4.0,3,2.0,NORMAL+STRONG,TP+3%/SL-3%,1258,50.1,0.094,0.71,-36.1,118.0
-4.0,-3.0,4,2.0,ALL,TP+5%/SL-3%,1091,49.0,0.094,0.71,-47.2,102.1
-5.0,-4.0,5,0.0,NORMAL+STRONG,TP+2%/SL-2%,213,50.7,0.077,0.71,-14.5,16.5
-8.0,-3.0,5,999.0,NORMAL+STRONG,TP+5%/SL-5%,1903,50.4,0.112,0.71,-76.7,213.2
-6.0,-4.0,5,999.0,NORMAL+STRONG,TP+5%/SL-3%,787,48.8,0.107,0.71,-39.5,84.3
-5.0,-4.0,5,999.0,NORMAL,TP+2%/SL-2%,340,49.7,0.075,0.71,-34.0,25.5
-4.0,-3.0,3,2.0,NORMAL,TP+5%/SL-5%,908,49.2,0.099,0.7,-58.0,89.8
-4.0,-3.0,4,2.0,NORMAL,引け決済,642,50.0,0.1,0.7,-56.7,64.3
-7.0,-5.0,6,2.0,NORMAL+STRONG,引け決済,342,50.9,0.112,0.7,-34.2,38.4
-5.0,-3.0,5,2.0,NORMAL,TP+5%/SL-3%,726,47.2,0.101,0.7,-58.3,73.3
-8.0,-6.0,4,0.0,NORMAL+STRONG,TP+5%/SL-3%,244,46.7,0.115,0.7,-29.1,28.1
-5.0,-4.0,4,0.0,NORMAL+STRONG,TP+2%/SL-2%,292,50.7,0.074,0.7,-21.0,21.7
-5.0,-4.0,3,2.0,NORMAL+STRONG,TP+2%/SL-2%,800,50.5,0.072,0.7,-24.1,57.8
-4.0,-3.0,4,999.0,ALL,TP+5%/SL-5%,1190,49.7,0.099,0.7,-56.7,118.4
-8.0,-4.0,3,999.0,STRONG,TP+2%/SL-2%,569,50.8,0.074,0.69,-37.1,42.0
-6.0,-3.0,3,0.0,NORMAL+STRONG,TP+3%/SL-3%,1247,51.8,0.092,0.69,-52.3,115.3
-6.0,-5.0,6,999.0,NORMAL+STRONG,引け決済,228,51.8,0.115,0.69,-23.4,26.2
-7.0,-4.0,5,2.0,NORMAL+STRONG,TP+3%/SL-3%,896,50.3,0.094,0.69,-30.8,83.9
-5.0,-3.0,3,999.0,NORMAL,TP+5%/SL-5%,1640,49.5,0.103,0.68,-104.7,168.9
-8.0,-4.0,3,0.0,NORMAL+STRONG,TP+5%/SL-3%,966,48.2,0.111,0.68,-79.7,107.5
-7.0,-4.0,3,0.0,NORMAL+STRONG,TP+5%/SL-3%,825,48.5,0.108,0.68,-63.2,89.3
-8.0,-6.0,5,2.0,NORMAL,TP+5%/SL-3%,294,50.3,0.104,0.68,-31.9,30.6
-7.0,-4.0,5,999.0,NORMAL+STRONG,TP+5%/SL-5%,1032,50.9,0.112,0.68,-57.3,115.5
-8.0,-4.0,5,2.0,NORMAL+STRONG,TP+5%/SL-3%,1063,48.9,0.102,0.68,-55.1,108.7
-8.0,-6.0,3,2.0,STRONG,引け決済,141,51.8,0.113,0.67,-20.0,16.0
-8.0,-3.0,5,999.0,NORMAL+STRONG,引け決済,1903,50.6,0.108,0.67,-67.5,205.3
-8.0,-4.0,3,2.0,NORMAL+STRONG,TP+5%/SL-3%,1859,48.6,0.102,0.67,-73.3,190.3
-6.0,-4.0,2,0.0,NORMAL+STRONG,TP+5%/SL-3%,785,48.7,0.104,0.67,-45.7,82.0
-5.0,-4.0,4,999.0,NORMAL,TP+3%/SL-3%,475,50.3,0.088,0.67,-40.1,41.6
-7.0,-4.0,6,999.0,STRONG,TP+5%/SL-3%,177,50.3,0.102,0.66,-30.1,18.0
-7.0,-6.0,4,2.0,NORMAL+STRONG,TP+5%/SL-5%,263,51.0,0.109,0.66,-29.7,28.6
-7.0,-4.0,5,2.0,NORMAL+STRONG,TP+2%/SL-2%,896,49.8,0.071,0.66,-39.2,63.5
-4.0,-3.0,4,999.0,ALL,TP+5%/SL-3%,1190,48.7,0.088,0.66,-52.7,105.1
-5.0,-3.0,3,999.0,NORMAL,TP+5%/SL-3%,1640,47.7,0.093,0.66,-97.8,151.8
-4.0,-3.0,4,999.0,NORMAL,引け決済,690,49.7,0.097,0.66,-65.0,66.7
-8.0,-4.0,2,2.0,NORMAL+STRONG,TP+5%/SL-5%,2290,51.2,0.11,0.66,-78.0,252.8
-8.0,-4.0,3,2.0,NORMAL+STRONG,TP+5%/SL-5%,1859,50.9,0.108,0.65,-90.2,200.2
-5.0,-3.0,5,999.0,NORMAL,TP+5%/SL-3%,782,47.2,0.093,0.65,-68.8,73.0
-4.0,-3.0,6,999.0,NORMAL+STRONG,TP+3%/SL-3%,402,49.3,0.084,0.65,-35.0,33.7
-6.0,-4.0,3,0.0,NORMAL+STRONG,TP+5%/SL-3%,646,48.8,0.103,0.65,-41.4,66.2
-7.0,-6.0,5,2.0,NORMAL+STRONG,引け決済,214,51.4,0.103,0.65,-31.5,22.0
-6.0,-4.0,3,0.0,NORMAL+STRONG,引け決済,646,52.5,0.114,0.65,-57.7,73.8
-8.0,-4.0,3,2.0,NORMAL+STRONG,引け決済,1859,51.3,0.11,0.65,-85.2,204.1
-4.0,-3.0,3,999.0,NORMAL,TP+5%/SL-5%,990,48.9,0.092,0.64,-70.1,91.1
-6.0,-4.0,4,999.0,NORMAL+STRONG,TP+5%/SL-3%,1083,48.4,0.096,0.64,-56.2,104.4
-8.0,-4.0,4,2.0,NORMAL+STRONG,TP+5%/SL-3%,1405,48.3,0.096,0.64,-46.8,134.6
-7.0,-4.0,3,999.0,NORMAL+STRONG,引け決済,1860,51.1,0.108,0.63,-59.0,201.4
-6.0,-3.0,2,0.0,NORMAL+STRONG,TP+3%/SL-3%,1571,51.3,0.085,0.63,-69.3,133.0
-7.0,-3.0,6,2.0,NORMAL+STRONG,TP+5%/SL-3%,979,48.3,0.092,0.63,-44.7,89.7
-6.0,-4.0,2,999.0,NORMAL+STRONG,TP+5%/SL-3%,1863,47.9,0.096,0.63,-55.2,178.7
-5.0,-4.0,6,999.0,NORMAL+STRONG,TP+5%/SL-5%,305,51.8,0.106,0.63,-39.0,32.4
-5.0,-3.0,5,0.0,NORMAL+STRONG,TP+3%/SL-3%,508,51.8,0.086,0.63,-38.3,43.9
-8.0,-4.0,4,2.0,NORMAL+STRONG,TP+5%/SL-5%,1405,50.2,0.102,0.63,-54.2,143.3
-5.0,-4.0,6,999.0,NORMAL,TP+5%/SL-3%,228,48.2,0.098,0.63,-30.2,22.3
-7.0,-3.0,2,999.0,NORMAL+STRONG,TP+3%/SL-3%,4258,50.3,0.082,0.63,-67.3,348.9
-4.0,-3.0,3,0.0,NORMAL,引け決済,466,50.6,0.092,0.63,-39.5,42.9
-5.0,-4.0,2,2.0,NORMAL,TP+3%/SL-3%,745,49.5,0.081,0.62,-42.9,60.5
-5.0,-3.0,3,0.0,NORMAL+STRONG,TP+2%/SL-2%,1011,51.1,0.064,0.62,-35.2,64.9
-8.0,-4.0,3,0.0,NORMAL+STRONG,TP+5%/SL-5%,966,51.2,0.112,0.62,-93.3,107.9
-8.0,-3.0,2,0.0,NORMAL+STRONG,引け決済,1950,51.9,0.106,0.62,-102.7,206.0
-7.0,-3.0,3,0.0,NORMAL+STRONG,TP+3%/SL-3%,1426,51.4,0.085,0.62,-64.7,121.0
-7.0,-3.0,3,999.0,NORMAL+STRONG,TP+3%/SL-3%,3312,50.2,0.081,0.62,-61.6,269.7
-5.0,-3.0,2,2.0,NORMAL,TP+5%/SL-5%,1946,49.5,0.091,0.62,-98.4,177.9
-7.0,-4.0,3,0.0,NORMAL+STRONG,TP+5%/SL-5%,825,51.4,0.109,0.62,-79.5,89.8
-4.0,-3.0,5,0.0,NORMAL+STRONG,TP+5%/SL-3%,295,49.2,0.088,0.61,-28.8,26.1
-7.0,-4.0,2,0.0,NORMAL+STRONG,TP+5%/SL-5%,1003,51.6,0.107,0.61,-82.8,106.9
-7.0,-4.0,4,0.0,NORMAL+STRONG,引け決済,614,51.0,0.108,0.61,-61.9,66.4
-6.0,-5.0,6,2.0,NORMAL+STRONG,TP+5%/SL-5%,186,51.6,0.099,0.61,-28.7,18.5
-8.0,-6.0,5,2.0,NORMAL,TP+3%/SL-3%,294,51.7,0.086,0.61,-23.9,25.3
-7.0,-6.0,4,0.0,NORMAL+STRONG,TP+5%/SL-3%,140,46.4,0.097,0.61,-20.8,13.6
-5.0,-4.0,5,999.0,NORMAL,引け決済,340,51.5,0.103,0.61,-25.6,35.1
-5.0,-3.0,3,999.0,NORMAL+STRONG,TP+2%/SL-2%,2362,49.9,0.061,0.6,-48.8,144.1
-8.0,-3.0,5,2.0,NORMAL+STRONG,TP+2%/SL-2%,1677,49.3,0.063,0.6,-41.2,104.9
-4.0,-3.0,5,0.0,NORMAL+STRONG,引け決済,295,50.2,0.092,0.6,-31.6,27.2
-6.0,-4.0,6,2.0,NORMAL+STRONG,TP+5%/SL-5%,454,52.0,0.099,0.6,-35.9,45.1
-5.0,-4.0,6,999.0,NORMAL+STRONG,TP+2%/SL-2%,305,49.2,0.065,0.6,-20.7,19.8
-7.0,-6.0,4,2.0,NORMAL+STRONG,TP+3%/SL-3%,263,50.6,0.082,0.6,-22.9,21.5
-8.0,-4.0,2,0.0,NORMAL+STRONG,TP+5%/SL-5%,1164,51.5,0.108,0.6,-91.4,126.0
-4.0,-3.0,4,999.0,NORMAL,TP+2%/SL-2%,690,49.6,0.061,0.6,-51.4,42.0
-6.0,-5.0,2,2.0,NORMAL+STRONG,引け決済,582,49.7,0.109,0.6,-35.3,63.3
-7.0,-6.0,5,2.0,NORMAL+STRONG,TP+5%/SL-3%,214,49.1,0.088,0.6,-21.8,18.9
-7.0,-3.0,6,2.0,NORMAL+STRONG,引け決済,979,50.3,0.094,0.59,-55.9,91.9
-5.0,-3.0,3,2.0,NORMAL,TP+3%/SL-3%,1500,49.7,0.074,0.59,-80.9,111.0
-8.0,-3.0,5,999.0,NORMAL+STRONG,TP+5%/SL-3%,1903,48.3,0.086,0.59,-87.7,164.1
-8.0,-4.0,4,0.0,NORMAL+STRONG,TP+5%/SL-3%,718,47.6,0.094,0.59,-55.9,67.6
-5.0,-4.0,3,2.0,NORMAL,引け決済,592,51.0,0.097,0.59,-43.4,57.5
-4.0,-3.0,6,999.0,NORMAL+STRONG,TP+5%/SL-3%,402,47.5,0.081,0.59,-41.9,32.4
-8.0,-3.0,6,999.0,STRONG,TP+2%/SL-2%,361,51.0,0.064,0.59,-34.5,23.1
-7.0,-4.0,2,999.0,NORMAL+STRONG,TP+5%/SL-5%,2340,50.9,0.097,0.58,-72.7,228.0
-8.0,-3.0,6,2.0,NORMAL+STRONG,TP+5%/SL-3%,1111,48.4,0.085,0.58,-70.6,94.1
-7.0,-4.0,3,2.0,NORMAL+STRONG,TP+3%/SL-3%,1596,50.3,0.078,0.58,-49.9,123.9
-5.0,-4.0,6,2.0,NORMAL+STRONG,TP+5%/SL-5%,268,52.2,0.099,0.58,-39.7,26.6
-8.0,-4.0,2,2.0,NORMAL+STRONG,TP+5%/SL-3%,2290,48.5,0.088,0.58,-67.5,201.8
-7.0,-4.0,3,0.0,NORMAL+STRONG,引け決済,825,52.0,0.103,0.58,-77.2,84.8
-5.0,-4.0,3,0.0,NORMAL,TP+3%/SL-3%,329,51.1,0.078,0.57,-37.1,25.8
-5.0,-4.0,4,999.0,NORMAL,TP+5%/SL-5%,475,49.9,0.09,0.57,-30.3,43.0
-6.0,-5.0,2,0.0,NORMAL+STRONG,引け決済,287,49.5,0.108,0.57,-33.9,30.9
-7.0,-4.0,3,999.0,NORMAL+STRONG,TP+5%/SL-3%,1860,48.2,0.087,0.57,-52.0,162.4
-5.0,-4.0,5,0.0,NORMAL,TP+5%/SL-3%,175,48.6,0.095,0.57,-16.7,16.6
-4.0,-3.0,5,0.0,NORMAL+STRONG,TP+5%/SL-5%,295,50.2,0.088,0.57,-30.2,26.1
-8.0,-4.0,6,2.0,NORMAL+STRONG,引け決済,742,51.8,0.095,0.57,-35.6,70.5
-8.0,-6.0,5,2.0,NORMAL,TP+5%/SL-5%,294,51.4,0.094,0.57,-33.4,27.6
-6.0,-4.0,5,0.0,NORMAL+STRONG,TP+5%/SL-5%,348,51.7,0.098,0.56,-28.9,34.1
-6.0,-3.0,5,0.0,NORMAL+STRONG,TP+5%/SL-5%,643,51.0,0.094,0.56,-56.9,60.2
-6.0,-4.0,5,2.0,NORMAL+STRONG,TP+2%/SL-2%,682,49.3,0.059,0.56,-34.7,40.3
-4.0,-3.0,2,999.0,ALL,TP+5%/SL-5%,2274,49.2,0.079,0.56,-65.6,179.5
-8.0,-6.0,2,2.0,STRONG,引け決済,166,53.0,0.107,0.56,-24.3,17.7
-7.0,-4.0,3,999.0,NORMAL+STRONG,TP+5%/SL-5%,1860,50.7,0.094,0.56,-65.6,174.8
-6.0,-3.0,6,2.0,NORMAL+STRONG,TP+2%/SL-2%,823,48.7,0.059,0.56,-30.5,48.6
-4.0,-3.0,3,2.0,NORMAL,TP+5%/SL-3%,908,48.0,0.075,0.56,-55.1,68.1
-4.0,-3.0,2,999.0,NORMAL,TP+5%/SL-5%,1318,48.8,0.081,0.56,-69.1,106.1
-7.0,-4.0,2,999.0,NORMAL+STRONG,引け決済,2340,51.1,0.097,0.56,-80.9,227.8
-7.0,-3.0,5,0.0,NORMAL+STRONG,引け決済,757,50.7,0.092,0.55,-72.2,69.5
-6.0,-3.0,3,2.0,NORMAL+STRONG,TP+2%/SL-2%,2561,49.7,0.056,0.55,-53.9,143.2
-7.0,-3.0,6,2.0,NORMAL+STRONG,TP+3%/SL-3%,979,49.6,0.074,0.55,-41.9,72.0
-7.0,-3.0,5,999.0,NORMAL+STRONG,TP+3%/SL-3%,1705,49.9,0.072,0.55,-49.4,123.3
-6.0,-3.0,6,999.0,NORMAL+STRONG,TP+5%/SL-3%,935,48.4,0.081,0.55,-56.3,75.4
-6.0,-3.0,2,2.0,NORMAL+STRONG,TP+2%/SL-2%,3294,49.8,0.056,0.55,-52.9,184.2
-8.0,-3.0,4,2.0,NORMAL+STRONG,TP+2%/SL-2%,2340,49.8,0.057,0.55,-37.5,132.6
-5.0,-4.0,6,2.0,NORMAL,TP+2%/SL-2%,206,49.0,0.059,0.55,-17.9,12.2
-7.0,-4.0,4,0.0,NORMAL+STRONG,TP+5%/SL-3%,614,47.7,0.087,0.55,-47.0,53.1
-7.0,-5.0,4,2.0,NORMAL+STRONG,引け決済,618,49.2,0.093,0.55,-43.5,57.7
-8.0,-4.0,2,2.0,NORMAL+STRONG,引け決済,2290,51.4,0.095,0.55,-81.6,216.5
-7.0,-6.0,5,2.0,NORMAL,TP+3%/SL-3%,172,50.0,0.075,0.55,-19.7,13.0
-5.0,-3.0,4,999.0,NORMAL,引け決済,1165,50.0,0.085,0.55,-93.0,99.3
-7.0,-6.0,5,2.0,NORMAL,TP+5%/SL-3%,172,48.8,0.08,0.55,-23.4,13.8
-6.0,-4.0,4,0.0,NORMAL+STRONG,TP+5%/SL-5%,474,50.8,0.093,0.54,-36.2,44.0
-8.0,-4.0,5,999.0,STRONG,TP+5%/SL-3%,307,48.9,0.083,0.54,-28.3,25.5
-6.0,-5.0,6,2.0,ALL,引け決済,219,50.2,0.089,0.54,-33.6,19.5
-4.0,-3.0,3,999.0,NORMAL,TP+5%/SL-3%,990,47.5,0.072,0.54,-60.4,71.7
-5.0,-3.0,4,0.0,NORMAL+STRONG,TP+2%/SL-2%,714,51.0,0.056,0.54,-34.1,39.6
-8.0,-3.0,6,2.0,NORMAL+STRONG,TP+3%/SL-3%,1111,49.8,0.073,0.54,-60.9,80.6
-7.0,-4.0,2,2.0,NORMAL+STRONG,TP+3%/SL-3%,1992,50.3,0.073,0.54,-51.1,146.0
-7.0,-4.0,4,999.0,NORMAL+STRONG,引け決済,1392,50.6,0.092,0.54,-64.5,127.5
-8.0,-5.0,5,999.0,STRONG,引け決済,185,48.6,0.1,0.53,-24.0,18.6
-6.0,-4.0,4,0.0,NORMAL+STRONG,TP+5%/SL-3%,474,48.1,0.083,0.53,-30.3,39.5
-6.0,-3.0,4,999.0,NORMAL+STRONG,TP+2%/SL-2%,2110,49.6,0.054,0.53,-36.0,114.0
-6.0,-4.0,6,999.0,NORMAL+STRONG,TP+5%/SL-3%,533,49.2,0.081,0.53,-43.7,43.0
-4.0,-3.0,3,0.0,NORMAL+STRONG,TP+2%/SL-2%,601,51.1,0.054,0.53,-32.1,32.4
-7.0,-4.0,5,0.0,NORMAL+STRONG,引け決済,462,51.1,0.091,0.53,-55.1,42.3
-6.0,-3.0,6,2.0,NORMAL+STRONG,TP+5%/SL-5%,823,50.1,0.085,0.53,-61.2,69.9
-7.0,-4.0,4,999.0,NORMAL+STRONG,TP+5%/SL-5%,1392,50.1,0.084,0.52,-67.3,117.2
-5.0,-3.0,4,2.0,ALL,TP+5%/SL-3%,1792,48.4,0.071,0.52,-55.4,127.7
-4.0,-3.0,3,0.0,NORMAL,TP+5%/SL-3%,466,49.6,0.073,0.52,-38.9,34.0
-8.0,-4.0,4,0.0,NORMAL+STRONG,引け決済,718,50.6,0.095,0.52,-72.0,68.0
-7.0,-4.0,6,2.0,NORMAL+STRONG,TP+5%/SL-3%,610,49.0,0.078,0.52,-35.6,47.6
-5.0,-3.0,6,2.0,NORMAL+STRONG,引け決済,637,49.9,0.084,0.52,-49.3,53.5
-6.0,-3.0,4,0.0,NORMAL+STRONG,TP+3%/SL-3%,896,51.7,0.07,0.52,-42.2,62.4
-6.0,-3.0,6,999.0,NORMAL+STRONG,引け決済,935,50.7,0.084,0.52,-54.3,78.5
-7.0,-5.0,5,999.0,NORMAL+STRONG,引け決済,570,49.5,0.086,0.52,-66.9,49.0
-7.0,-6.0,5,2.0,STRONG,TP+5%/SL-5%,42,52.4,0.089,0.52,-9.4,3.7
-7.0,-4.0,2,0.0,NORMAL+STRONG,TP+5%/SL-3%,1003,48.4,0.082,0.52,-66.9,82.5
-8.0,-3.0,3,0.0,NORMAL+STRONG,TP+3%/SL-3%,1567,51.2,0.072,0.52,-71.1,113.1
-6.0,-5.0,5,2.0,NORMAL+STRONG,TP+5%/SL-5%,272,48.9,0.081,0.52,-34.8,22.1
-5.0,-3.0,4,999.0,NORMAL,TP+2%/SL-2%,1165,49.3,0.052,0.51,-76.6,60.9
-7.0,-6.0,4,2.0,NORMAL+STRONG,TP+2%/SL-2%,263,50.6,0.054,0.51,-19.7,14.3
-7.0,-6.0,4,999.0,STRONG,TP+5%/SL-5%,75,49.3,0.083,0.51,-12.9,6.2
-5.0,-3.0,2,0.0,NORMAL,TP+5%/SL-5%,1016,50.8,0.081,0.51,-60.6,82.0
-8.0,-4.0,5,999.0,NORMAL+STRONG,引け決済,1230,50.6,0.086,0.51,-50.4,105.5
-8.0,-3.0,4,999.0,NORMAL+STRONG,TP+3%/SL-3%,2669,50.1,0.067,0.51,-61.9,180.1
-5.0,-3.0,2,999.0,NORMAL,TP+5%/SL-5%,2146,49.0,0.076,0.51,-113.4,164.2
-5.0,-3.0,6,2.0,NORMAL+STRONG,TP+5%/SL-5%,637,49.6,0.081,0.51,-55.6,51.4
-4.0,-3.0,4,2.0,ALL,TP+3%/SL-3%,1091,50.0,0.063,0.51,-40.3,68.4
-5.0,-4.0,3,999.0,NORMAL,TP+3%/SL-3%,650,49.7,0.067,0.51,-39.1,43.8
-6.0,-3.0,4,2.0,NORMAL,TP+5%/SL-3%,1359,47.7,0.07,0.5,-84.8,95.5
-7.0,-4.0,2,0.0,NORMAL+STRONG,引け決済,1003,51.9,0.09,0.5,-97.0,90.0
-8.0,-5.0,5,2.0,NORMAL+STRONG,引け決済,653,49.6,0.083,0.5,-57.1,54.4
-5.0,-3.0,6,0.0,NORMAL+STRONG,TP+5%/SL-3%,329,48.6,0.077,0.5,-29.1,25.3
-5.0,-3.0,3,2.0,NORMAL,引け決済,1500,49.7,0.075,0.5,-103.2,113.0
-8.0,-3.0,6,2.0,NORMAL+STRONG,引け決済,1111,50.4,0.08,0.5,-62.4,88.7
-5.0,-4.0,6,2.0,NORMAL,TP+5%/SL-3%,206,48.1,0.078,0.5,-24.6,16.1
-4.0,-3.0,2,2.0,ALL,TP+5%/SL-5%,2056,49.3,0.07,0.5,-53.3,143.4
-5.0,-4.0,6,999.0,NORMAL,TP+2%/SL-2%,228,48.7,0.054,0.5,-26.7,12.4
-8.0,-4.0,2,0.0,NORMAL+STRONG,TP+5%/SL-3%,1164,48.0,0.081,0.5,-85.5,94.6
-6.0,-5.0,2,2.0,NORMAL+STRONG,TP+5%/SL-5%,582,49.3,0.086,0.5,-45.7,49.8
-7.0,-3.0,6,2.0,NORMAL+STRONG,TP+2%/SL-2%,979,48.9,0.052,0.49,-30.2,51.3
-6.0,-3.0,5,0.0,NORMAL+STRONG,TP+5%/SL-3%,643,48.7,0.075,0.49,-46.8,48.2
-7.0,-3.0,3,2.0,NORMAL+STRONG,TP+2%/SL-2%,2899,49.8,0.051,0.49,-53.0,147.1
-5.0,-3.0,6,999.0,NORMAL+STRONG,TP+5%/SL-5%,707,50.1,0.078,0.49,-47.8,55.4
-5.0,-3.0,2,2.0,NORMAL,TP+5%/SL-3%,1946,47.9,0.067,0.49,-99.9,130.2
-7.0,-4.0,4,999.0,NORMAL+STRONG,TP+5%/SL-3%,1392,47.9,0.073,0.49,-52.2,101.5
-4.0,-3.0,2,2.0,NORMAL,TP+5%/SL-5%,1201,49.0,0.069,0.49,-56.9,82.6
-5.0,-3.0,2,999.0,NORMAL+STRONG,TP+2%/SL-2%,3074,49.7,0.05,0.49,-45.2,154.2
-8.0,-6.0,3,999.0,STRONG,引け決済,183,51.4,0.088,0.49,-28.3,16.1
-7.0,-3.0,4,2.0,NORMAL,TP+5%/SL-3%,1566,47.8,0.069,0.49,-96.1,108.1
-7.0,-3.0,2,0.0,NORMAL+STRONG,TP+3%/SL-3%,1789,50.9,0.066,0.49,-79.3,118.3
-5.0,-3.0,5,2.0,NORMAL,TP+2%/SL-2%,726,48.1,0.051,0.49,-61.3,36.7
-5.0,-4.0,3,999.0,NORMAL,引け決済,650,50.3,0.083,0.49,-45.8,53.9
-6.0,-3.0,5,999.0,NORMAL+STRONG,TP+2%/SL-2%,1460,48.8,0.051,0.49,-47.8,74.5
-7.0,-5.0,5,2.0,NORMAL+STRONG,TP+5%/SL-5%,486,49.6,0.078,0.49,-53.4,37.7
-8.0,-4.0,3,999.0,NORMAL+STRONG,引け決済,2180,50.7,0.084,0.48,-70.5,182.4
-6.0,-5.0,3,2.0,NORMAL+STRONG,引け決済,458,48.5,0.083,0.48,-32.7,38.2
-6.0,-5.0,5,999.0,NORMAL+STRONG,TP+5%/SL-5%,325,49.8,0.079,0.48,-51.4,25.8
-5.0,-3.0,5,2.0,NORMAL,TP+3%/SL-3%,726,49.0,0.063,0.48,-59.0,45.5
-8.0,-4.0,5,2.0,NORMAL,TP+5%/SL-3%,821,48.5,0.072,0.48,-51.8,59.1
-8.0,-3.0,5,0.0,NORMAL+STRONG,引け決済,841,50.5,0.082,0.48,-81.5,68.7
-8.0,-3.0,5,0.0,NORMAL+STRONG,TP+5%/SL-3%,841,48.0,0.075,0.48,-73.7,63.5
-7.0,-4.0,5,999.0,NORMAL+STRONG,TP+5%/SL-3%,1032,48.2,0.072,0.48,-40.9,74.3
-5.0,-3.0,5,999.0,NORMAL,TP+5%/SL-5%,782,48.7,0.075,0.48,-71.8,58.9
-5.0,-3.0,5,2.0,NORMAL,TP+5%/SL-5%,726,48.5,0.075,0.48,-62.8,54.6
-8.0,-3.0,3,999.0,NORMAL+STRONG,TP+3%/SL-3%,3632,49.9,0.064,0.48,-70.1,232.3
-5.0,-3.0,4,0.0,NORMAL,TP+5%/SL-3%,562,48.9,0.07,0.47,-43.5,39.1
-8.0,-4.0,6,2.0,STRONG,TP+3%/SL-3%,168,51.2,0.064,0.47,-17.7,10.7
-5.0,-3.0,3,0.0,NORMAL,TP+3%/SL-3%,795,51.1,0.062,0.47,-46.3,49.2
-6.0,-3.0,4,2.0,NORMAL,TP+5%/SL-5%,1359,49.1,0.07,0.47,-94.7,95.6
-7.0,-4.0,4,0.0,NORMAL+STRONG,TP+5%/SL-5%,614,50.3,0.082,0.47,-60.0,50.5
-6.0,-4.0,5,2.0,NORMAL,引け決済,527,50.1,0.077,0.47,-34.8,40.5
-8.0,-4.0,4,0.0,NORMAL+STRONG,TP+5%/SL-5%,718,50.1,0.082,0.47,-64.3,59.1
-5.0,-4.0,2,2.0,NORMAL,引け決済,745,50.2,0.074,0.47,-53.6,55.3
-6.0,-4.0,3,999.0,NORMAL+STRONG,TP+3%/SL-3%,1464,49.6,0.063,0.47,-59.5,92.4
-8.0,-6.0,5,0.0,NORMAL+STRONG,TP+5%/SL-3%,198,46.0,0.077,0.47,-36.8,15.3
-7.0,-4.0,5,2.0,NORMAL,引け決済,699,50.2,0.074,0.46,-53.0,51.8
-8.0,-4.0,5,2.0,NORMAL,TP+5%/SL-5%,821,50.3,0.075,0.46,-59.9,61.6
-6.0,-3.0,6,999.0,NORMAL+STRONG,TP+3%/SL-3%,935,49.8,0.062,0.46,-47.8,58.3
-5.0,-4.0,6,0.0,NORMAL+STRONG,引け決済,140,53.6,0.087,0.46,-30.0,12.2
-8.0,-4.0,5,2.0,NORMAL+STRONG,TP+3%/SL-3%,1063,50.0,0.063,0.46,-49.2,66.9
-5.0,-3.0,6,999.0,NORMAL+STRONG,引け決済,707,50.4,0.074,0.46,-40.5,52.3
-5.0,-3.0,3,0.0,NORMAL,引け決済,795,51.3,0.073,0.46,-76.5,58.4
-6.0,-4.0,5,999.0,NORMAL,引け決済,592,50.2,0.077,0.46,-35.3,45.8
-8.0,-5.0,6,2.0,NORMAL+STRONG,引け決済,474,51.1,0.074,0.46,-35.7,35.2
-5.0,-4.0,6,0.0,NORMAL+STRONG,TP+3%/SL-3%,140,50.7,0.066,0.46,-13.2,9.2
-5.0,-4.0,6,999.0,NORMAL,TP+3%/SL-3%,228,50.0,0.064,0.46,-26.6,14.6
-7.0,-6.0,6,2.0,NORMAL,TP+2%/SL-2%,124,50.0,0.052,0.46,-14.7,6.4
-8.0,-4.0,6,2.0,NORMAL+STRONG,TP+5%/SL-3%,742,49.1,0.07,0.46,-42.4,52.0
-8.0,-3.0,2,999.0,NORMAL+STRONG,TP+3%/SL-3%,4624,49.9,0.061,0.46,-68.5,282.0
-8.0,-4.0,3,0.0,NORMAL+STRONG,引け決済,966,51.6,0.083,0.46,-89.7,80.4
-7.0,-6.0,5,2.0,NORMAL+STRONG,TP+5%/SL-5%,214,50.5,0.073,0.45,-27.1,15.6
-5.0,-4.0,2,2.0,NORMAL+STRONG,TP+2%/SL-2%,1001,49.9,0.046,0.45,-30.3,46.3
-8.0,-3.0,4,2.0,NORMAL,TP+5%/SL-3%,1719,47.9,0.065,0.45,-96.1,111.6
-8.0,-4.0,3,999.0,NORMAL+STRONG,TP+5%/SL-5%,2180,50.3,0.077,0.45,-71.3,167.4
-8.0,-5.0,4,2.0,STRONG,TP+3%/SL-3%,185,48.6,0.063,0.45,-24.8,11.7
-4.0,-3.0,6,2.0,NORMAL+STRONG,TP+5%/SL-5%,369,47.7,0.067,0.45,-41.6,24.8
-4.0,-3.0,3,2.0,NORMAL,TP+3%/SL-3%,908,49.2,0.056,0.45,-50.0,50.7
-5.0,-3.0,4,999.0,ALL,TP+5%/SL-3%,1971,48.0,0.061,0.44,-55.2,120.5
-6.0,-4.0,5,999.0,NORMAL+STRONG,TP+3%/SL-3%,787,49.9,0.06,0.44,-38.7,47.1
-5.0,-3.0,6,999.0,NORMAL+STRONG,TP+2%/SL-2%,707,48.1,0.047,0.44,-28.4,32.9
-5.0,-4.0,2,999.0,NORMAL,TP+5%/SL-5%,828,49.3,0.07,0.44,-58.6,58.0
-8.0,-4.0,5,2.0,NORMAL,引け決済,821,50.7,0.072,0.44,-56.8,59.0
-4.0,-3.0,3,2.0,NORMAL,引け決済,908,48.9,0.061,0.44,-62.1,55.5
-7.0,-3.0,2,2.0,NORMAL+STRONG,TP+2%/SL-2%,3703,49.7,0.045,0.44,-58.4,167.3
-8.0,-6.0,6,2.0,NORMAL,TP+2%/SL-2%,223,50.7,0.049,0.44,-23.2,10.8
-6.0,-5.0,2,999.0,NORMAL+STRONG,引け決済,707,49.4,0.081,0.44,-46.1,57.5
-5.0,-4.0,2,0.0,NORMAL,TP+3%/SL-3%,399,50.4,0.06,0.44,-44.5,24.1
-7.0,-4.0,2,999.0,NORMAL+STRONG,TP+5%/SL-3%,2340,48.0,0.067,0.44,-53.7,157.3
-5.0,-3.0,2,0.0,NORMAL,TP+5%/SL-3%,1016,48.8,0.064,0.44,-62.8,65.4
-4.0,-3.0,4,999.0,ALL,TP+3%/SL-3%,1190,49.6,0.053,0.43,-43.9,63.3
-7.0,-3.0,4,2.0,NORMAL,TP+5%/SL-5%,1566,49.2,0.065,0.43,-107.2,101.9
-8.0,-4.0,6,999.0,STRONG,TP+5%/SL-5%,219,51.6,0.072,0.43,-29.5,15.7
-5.0,-4.0,6,0.0,NORMAL+STRONG,TP+2%/SL-2%,140,49.3,0.047,0.43,-12.3,6.6
-5.0,-3.0,2,2.0,NORMAL,TP+3%/SL-3%,1946,49.3,0.054,0.43,-98.7,104.8
-8.0,-4.0,5,0.0,NORMAL+STRONG,引け決済,546,50.7,0.076,0.43,-57.1,41.5
-7.0,-6.0,5,2.0,NORMAL,TP+5%/SL-5%,172,50.0,0.069,0.43,-29.4,11.9
-6.0,-5.0,5,0.0,NORMAL+STRONG,引け決済,135,48.1,0.074,0.43,-17.6,10.0
-6.0,-5.0,3,999.0,NORMAL+STRONG,引け決済,554,48.9,0.077,0.43,-44.9,42.5
-6.0,-5.0,4,2.0,NORMAL+STRONG,引け決済,355,47.3,0.074,0.43,-29.5,26.4
-5.0,-3.0,3,999.0,NORMAL,TP+3%/SL-3%,1640,49.0,0.055,0.43,-91.1,90.4
-8.0,-6.0,3,0.0,NORMAL+STRONG,TP+5%/SL-5%,320,49.7,0.082,0.42,-63.1,26.2
-5.0,-3.0,5,999.0,NORMAL,TP+3%/SL-3%,782,49.0,0.055,0.42,-69.5,43.3
-6.0,-5.0,6,2.0,NORMAL+STRONG,TP+5%/SL-3%,186,48.9,0.061,0.42,-22.9,11.4
-8.0,-5.0,6,0.0,STRONG,TP+2%/SL-2%,40,47.5,0.048,0.42,-7.5,1.9
-7.0,-5.0,6,2.0,STRONG,TP+3%/SL-3%,73,53.4,0.059,0.42,-19.8,4.3
-8.0,-3.0,4,2.0,NORMAL,TP+5%/SL-5%,1719,49.3,0.065,0.42,-103.3,111.0
-7.0,-3.0,4,0.0,NORMAL+STRONG,TP+3%/SL-3%,1036,51.1,0.057,0.42,-54.5,59.1
-7.0,-3.0,5,999.0,NORMAL+STRONG,TP+2%/SL-2%,1705,48.7,0.044,0.42,-60.8,74.6
-7.0,-3.0,5,0.0,NORMAL+STRONG,TP+5%/SL-5%,757,50.3,0.071,0.42,-69.3,53.6
-4.0,-3.0,4,0.0,NORMAL+STRONG,TP+2%/SL-2%,422,51.2,0.043,0.42,-30.1,18.0
-8.0,-4.0,2,999.0,NORMAL+STRONG,TP+5%/SL-5%,2706,50.3,0.071,0.42,-77.6,192.4
-5.0,-4.0,4,999.0,NORMAL,引け決済,475,50.3,0.068,0.42,-34.7,32.5
-8.0,-4.0,4,2.0,NORMAL+STRONG,TP+3%/SL-3%,1405,49.5,0.057,0.42,-43.6,80.3
-7.0,-6.0,3,2.0,NORMAL+STRONG,TP+5%/SL-3%,338,49.7,0.065,0.42,-42.0,21.9
-8.0,-4.0,5,999.0,NORMAL+STRONG,TP+5%/SL-5%,1230,50.2,0.069,0.42,-72.2,85.3
-8.0,-4.0,5,0.0,NORMAL+STRONG,TP+5%/SL-3%,546,47.4,0.068,0.42,-58.2,37.4
-7.0,-6.0,4,2.0,NORMAL,TP+5%/SL-3%,207,48.3,0.061,0.41,-28.7,12.6
-4.0,-3.0,4,999.0,ALL,引け決済,1190,49.2,0.059,0.41,-50.1,69.7
-8.0,-5.0,3,999.0,STRONG,TP+3%/SL-3%,309,50.2,0.057,0.41,-49.8,17.7
-7.0,-5.0,3,2.0,NORMAL+STRONG,引け決済,796,50.3,0.07,0.41,-56.6,56.0
-8.0,-4.0,3,999.0,NORMAL+STRONG,TP+5%/SL-3%,2180,47.7,0.064,0.41,-57.4,139.1
-7.0,-6.0,5,2.0,NORMAL,引け決済,172,50.6,0.065,0.41,-33.9,11.3
-7.0,-4.0,5,2.0,NORMAL,TP+5%/SL-5%,699,49.8,0.066,0.41,-57.0,46.0
-4.0,-3.0,4,2.0,ALL,引け決済,1091,49.4,0.057,0.41,-49.4,62.4
-7.0,-4.0,5,2.0,NORMAL,TP+5%/SL-3%,699,47.8,0.06,0.41,-45.5,42.3
-8.0,-5.0,4,999.0,STRONG,TP+5%/SL-3%,240,46.2,0.063,0.4,-29.3,15.2
-6.0,-4.0,5,0.0,NORMAL+STRONG,TP+5%/SL-3%,348,48.3,0.064,0.4,-30.4,22.1
-8.0,-3.0,5,0.0,NORMAL+STRONG,TP+5%/SL-5%,841,50.2,0.069,0.4,-74.5,57.8
-6.0,-4.0,5,2.0,NORMAL,TP+5%/SL-5%,527,49.7,0.065,0.4,-32.1,34.1
-7.0,-3.0,5,0.0,NORMAL+STRONG,TP+5%/SL-3%,757,48.1,0.061,0.4,-59.3,46.4
-8.0,-5.0,5,2.0,STRONG,TP+5%/SL-3%,145,45.5,0.063,0.39,-21.8,9.1
-8.0,-3.0,5,2.0,NORMAL,TP+5%/SL-3%,1234,47.4,0.057,0.39,-82.7,70.1
-6.0,-3.0,4,999.0,NORMAL,TP+5%/SL-3%,1499,47.4,0.055,0.39,-91.0,82.0
-8.0,-3.0,4,0.0,NORMAL+STRONG,TP+3%/SL-3%,1140,50.9,0.053,0.39,-61.2,60.8
-4.0,-3.0,3,0.0,NORMAL,TP+3%/SL-3%,466,51.1,0.05,0.39,-28.3,23.4
-8.0,-3.0,2,0.0,NORMAL+STRONG,TP+3%/SL-3%,1950,50.7,0.053,0.39,-91.8,103.7
-6.0,-5.0,2,999.0,NORMAL+STRONG,TP+5%/SL-5%,707,49.2,0.068,0.39,-60.9,48.1
-6.0,-4.0,2,0.0,NORMAL+STRONG,TP+3%/SL-3%,785,50.1,0.054,0.39,-66.9,42.7
-7.0,-6.0,4,2.0,NORMAL,TP+3%/SL-3%,207,49.8,0.053,0.38,-26.2,11.0
-7.0,-6.0,5,999.0,NORMAL,TP+2%/SL-2%,188,48.9,0.041,0.38,-20.1,7.7
-6.0,-3.0,3,2.0,NORMAL,TP+5%/SL-5%,1856,48.8,0.058,0.38,-120.2,107.1
-4.0,-3.0,2,999.0,NORMAL,TP+5%/SL-3%,1318,47.4,0.05,0.38,-63.0,66.4
-8.0,-6.0,5,2.0,NORMAL,引け決済,294,51.7,0.063,0.38,-39.0,18.5
-8.0,-4.0,2,0.0,NORMAL+STRONG,引け決済,1164,51.6,0.071,0.38,-93.1,82.4
-4.0,-3.0,3,2.0,ALL,TP+5%/SL-5%,1548,48.8,0.053,0.38,-82.9,81.5
-4.0,-3.0,3,999.0,NORMAL,TP+3%/SL-3%,990,48.6,0.047,0.38,-55.9,46.7
-8.0,-4.0,2,999.0,NORMAL+STRONG,引け決済,2706,50.6,0.067,0.38,-93.7,182.0
-6.0,-4.0,4,999.0,NORMAL+STRONG,TP+3%/SL-3%,1083,49.6,0.051,0.38,-52.5,55.0
-7.0,-3.0,4,999.0,NORMAL+STRONG,TP+2%/SL-2%,2419,49.3,0.039,0.38,-34.9,94.6
-5.0,-4.0,4,999.0,NORMAL,TP+2%/SL-2%,475,48.8,0.04,0.38,-34.7,18.9
-4.0,-3.0,6,999.0,NORMAL+STRONG,TP+5%/SL-5%,402,48.8,0.057,0.38,-44.3,22.9
-8.0,-4.0,6,2.0,NORMAL+STRONG,TP+3%/SL-3%,742,50.1,0.051,0.37,-44.3,37.9
-8.0,-4.0,4,999.0,STRONG,TP+2%/SL-2%,421,49.4,0.04,0.37,-42.2,16.9
-6.0,-4.0,5,999.0,NORMAL,TP+5%/SL-5%,592,49.8,0.061,0.37,-41.6,36.3
-4.0,-3.0,3,999.0,ALL,TP+5%/SL-5%,1706,48.7,0.052,0.37,-94.1,89.0
-6.0,-4.0,2,999.0,NORMAL+STRONG,TP+3%/SL-3%,1863,49.2,0.05,0.37,-52.8,92.4
-6.0,-4.0,6,999.0,NORMAL+STRONG,TP+5%/SL-5%,533,51.8,0.063,0.37,-53.2,33.6
-8.0,-4.0,5,2.0,NORMAL,TP+3%/SL-3%,821,49.7,0.05,0.37,-40.2,41.3
-6.0,-3.0,6,999.0,NORMAL+STRONG,TP+5%/SL-5%,935,50.5,0.06,0.37,-74.6,56.5
-6.0,-3.0,4,2.0,NORMAL,TP+3%/SL-3%,1359,48.9,0.046,0.36,-77.2,62.1
-6.0,-4.0,5,2.0,NORMAL,TP+5%/SL-3%,527,47.4,0.054,0.36,-32.6,28.5
-6.0,-3.0,4,999.0,NORMAL,TP+5%/SL-5%,1499,49.1,0.056,0.36,-99.8,84.0
-7.0,-6.0,5,2.0,NORMAL+STRONG,TP+3%/SL-3%,214,50.0,0.05,0.36,-23.2,10.6
-7.0,-3.0,4,2.0,NORMAL,TP+3%/SL-3%,1566,49.0,0.047,0.36,-90.9,73.0
-5.0,-3.0,3,999.0,NORMAL,引け決済,1640,49.1,0.056,0.36,-119.0,91.2
-4.0,-3.0,2,999.0,ALL,TP+5%/SL-3%,2274,47.8,0.047,0.35,-94.6,106.2
-8.0,-3.0,5,2.0,NORMAL,TP+5%/SL-5%,1234,48.9,0.056,0.35,-87.0,68.8
-8.0,-4.0,3,2.0,NORMAL+STRONG,TP+3%/SL-3%,1859,49.8,0.048,0.35,-62.1,88.5
-4.0,-3.0,2,2.0,ALL,TP+5%/SL-3%,2056,48.3,0.045,0.35,-73.8,93.5
-6.0,-3.0,3,999.0,NORMAL,TP+5%/SL-5%,2068,48.7,0.056,0.35,-122.2,115.0
-5.0,-4.0,3,999.0,NORMAL+STRONG,TP+2%/SL-2%,910,49.3,0.037,0.35,-32.5,33.4
-7.0,-4.0,6,2.0,NORMAL+STRONG,TP+3%/SL-3%,610,50.0,0.048,0.35,-25.3,29.3
-7.0,-4.0,5,0.0,NORMAL+STRONG,TP+5%/SL-5%,462,50.4,0.06,0.34,-55.3,27.5
-8.0,-4.0,6,2.0,NORMAL,TP+3%/SL-3%,574,49.8,0.047,0.34,-36.7,27.2
-8.0,-5.0,6,2.0,NORMAL,TP+3%/SL-3%,368,50.0,0.048,0.34,-44.3,17.5
-5.0,-4.0,6,2.0,NORMAL,TP+3%/SL-3%,206,49.5,0.047,0.34,-21.8,9.7
-7.0,-5.0,5,999.0,STRONG,TP+3%/SL-3%,130,50.8,0.049,0.34,-25.3,6.4
-4.0,-3.0,2,2.0,NORMAL,TP+5%/SL-3%,1201,48.0,0.045,0.34,-54.7,53.8
-8.0,-6.0,6,2.0,NORMAL,TP+5%/SL-3%,223,49.8,0.05,0.34,-36.4,11.2
-7.0,-6.0,4,999.0,STRONG,TP+5%/SL-3%,75,46.7,0.052,0.34,-15.8,3.9
-4.0,-3.0,2,999.0,ALL,引け決済,2274,49.0,0.05,0.34,-77.9,113.0
-8.0,-3.0,6,2.0,NORMAL+STRONG,TP+5%/SL-5%,1111,50.0,0.055,0.34,-83.7,61.3
-7.0,-3.0,6,2.0,NORMAL+STRONG,TP+5%/SL-5%,979,49.8,0.055,0.34,-69.3,54.1
-8.0,-3.0,5,999.0,NORMAL+STRONG,TP+3%/SL-3%,1903,49.4,0.045,0.33,-70.2,84.8
-8.0,-6.0,5,0.0,STRONG,TP+5%/SL-5%,38,44.7,0.062,0.33,-11.5,2.4
-6.0,-4.0,6,999.0,NORMAL+STRONG,TP+3%/SL-3%,533,50.3,0.046,0.33,-33.7,24.6
-8.0,-6.0,4,0.0,NORMAL+STRONG,TP+5%/SL-5%,244,48.8,0.062,0.33,-34.7,15.1
-8.0,-3.0,4,2.0,NORMAL,TP+3%/SL-3%,1719,49.2,0.043,0.33,-95.0,73.3
-4.0,-3.0,6,2.0,NORMAL+STRONG,引け決済,369,47.7,0.049,0.33,-42.1,18.2
-8.0,-4.0,5,0.0,NORMAL+STRONG,TP+5%/SL-5%,546,50.2,0.058,0.33,-57.2,31.7
-6.0,-3.0,3,2.0,NORMAL,TP+5%/SL-3%,1856,47.0,0.047,0.33,-111.1,86.5
-5.0,-3.0,2,999.0,NORMAL,TP+5%/SL-3%,2146,47.1,0.045,0.33,-116.7,97.6
-7.0,-6.0,3,0.0,NORMAL+STRONG,引け決済,179,50.3,0.061,0.33,-31.8,11.0
-5.0,-3.0,4,2.0,ALL,TP+5%/SL-5%,1792,49.3,0.049,0.33,-71.1,88.1
-5.0,-3.0,4,2.0,ALL,TP+3%/SL-3%,1792,49.6,0.042,0.33,-54.5,74.7
-6.0,-3.0,4,2.0,NORMAL,引け決済,1359,49.1,0.051,0.33,-111.5,68.7
-7.0,-3.0,5,2.0,NORMAL,TP+5%/SL-3%,1112,46.9,0.048,0.33,-72.7,53.2
-6.0,-3.0,2,2.0,NORMAL,TP+5%/SL-5%,2392,48.8,0.05,0.33,-124.5,119.9
-5.0,-3.0,4,999.0,ALL,TP+5%/SL-5%,1971,49.2,0.048,0.32,-63.4,95.5
-8.0,-3.0,6,2.0,NORMAL+STRONG,TP+2%/SL-2%,1111,48.6,0.034,0.32,-46.6,37.5
-6.0,-3.0,5,999.0,NORMAL,TP+5%/SL-5%,1034,48.6,0.051,0.32,-84.6,52.6
-5.0,-3.0,2,999.0,ALL,TP+5%/SL-5%,3670,48.9,0.047,0.32,-114.3,174.3
-8.0,-4.0,4,999.0,NORMAL+STRONG,引け決済,1642,49.9,0.055,0.32,-65.2,90.0
-5.0,-3.0,5,999.0,NORMAL,TP+2%/SL-2%,782,47.6,0.034,0.32,-73.1,26.2
-7.0,-4.0,4,2.0,NORMAL+STRONG,TP+2%/SL-2%,1197,49.0,0.034,0.32,-38.1,40.6
-7.0,-4.0,5,999.0,NORMAL,TP+5%/SL-5%,780,49.6,0.053,0.32,-56.9,41.2
-4.0,-3.0,6,999.0,NORMAL+STRONG,TP+2%/SL-2%,402,47.3,0.033,0.32,-36.1,13.1
-8.0,-4.0,4,999.0,NORMAL+STRONG,TP+5%/SL-5%,1642,49.5,0.051,0.31,-62.9,83.9
-6.0,-4.0,6,2.0,NORMAL+STRONG,TP+2%/SL-2%,454,49.1,0.033,0.31,-29.1,14.9
-7.0,-3.0,4,2.0,NORMAL,引け決済,1566,49.2,0.048,0.31,-124.4,74.4
-4.0,-3.0,2,0.0,NORMAL,TP+5%/SL-5%,617,50.1,0.047,0.31,-37.3,29.0
-7.0,-4.0,5,2.0,NORMAL,TP+3%/SL-3%,699,48.9,0.041,0.31,-38.3,28.9
-8.0,-5.0,5,2.0,NORMAL+STRONG,TP+5%/SL-5%,653,49.3,0.05,0.31,-70.1,32.5
-4.0,-3.0,5,0.0,NORMAL+STRONG,TP+3%/SL-3%,295,50.5,0.041,0.31,-26.9,12.1
-7.0,-6.0,3,2.0,NORMAL+STRONG,引け決済,338,52.7,0.053,0.31,-43.6,17.8
-5.0,-3.0,2,2.0,NORMAL,引け決済,1946,49.3,0.045,0.31,-110.7,87.9
-8.0,-3.0,3,2.0,NORMAL,TP+5%/SL-5%,2316,49.1,0.05,0.31,-143.0,114.7
-5.0,-4.0,4,0.0,NORMAL,TP+3%/SL-3%,241,50.2,0.043,0.31,-24.8,10.4
-7.0,-3.0,5,2.0,NORMAL,TP+5%/SL-5%,1112,48.5,0.048,0.31,-92.2,53.2
-8.0,-4.0,2,2.0,NORMAL+STRONG,TP+3%/SL-3%,2290,49.7,0.043,0.31,-78.1,98.3
-5.0,-4.0,3,0.0,ALL,TP+5%/SL-3%,522,48.1,0.045,0.3,-56.1,23.5
-7.0,-3.0,4,999.0,NORMAL,TP+5%/SL-3%,1733,47.3,0.043,0.3,-103.4,75.2
-4.0,-3.0,2,2.0,NORMAL,TP+3%/SL-3%,1201,49.2,0.037,0.3,-57.5,44.3
-6.0,-3.0,3,999.0,NORMAL,TP+5%/SL-3%,2068,46.7,0.043,0.3,-112.1,87.9
-6.0,-5.0,6,2.0,NORMAL+STRONG,TP+3%/SL-3%,186,49.5,0.041,0.3,-31.6,7.6
-5.0,-4.0,6,0.0,NORMAL+STRONG,TP+5%/SL-5%,140,52.1,0.055,0.3,-30.2,7.7
-7.0,-4.0,5,999.0,NORMAL,引け決済,780,49.9,0.051,0.3,-54.8,39.6
-7.0,-4.0,6,999.0,NORMAL+STRONG,引け決済,712,51.1,0.05,0.3,-47.2,35.9
-8.0,-4.0,6,2.0,NORMAL+STRONG,TP+5%/SL-5%,742,51.2,0.049,0.3,-58.8,36.5
-7.0,-3.0,5,999.0,NORMAL,TP+5%/SL-5%,1222,48.7,0.047,0.3,-91.4,57.6
-7.0,-5.0,4,2.0,NORMAL+STRONG,TP+5%/SL-5%,618,48.7,0.049,0.3,-50.0,30.4
-4.0,-3.0,2,0.0,NORMAL+STRONG,TP+2%/SL-2%,786,50.3,0.03,0.29,-45.9,23.5
-8.0,-6.0,4,2.0,NORMAL,TP+5%/SL-3%,360,48.6,0.045,0.29,-35.0,16.1
-5.0,-3.0,2,0.0,NORMAL+STRONG,TP+2%/SL-2%,1284,50.2,0.03,0.29,-52.4,38.0
-4.0,-3.0,2,2.0,ALL,引け決済,2056,49.2,0.04,0.29,-62.3,82.0
-6.0,-3.0,5,2.0,NORMAL,TP+5%/SL-3%,940,46.5,0.042,0.29,-66.1,39.4
-8.0,-5.0,2,999.0,STRONG,TP+2%/SL-2%,388,48.5,0.032,0.29,-44.3,12.5
-7.0,-4.0,6,2.0,NORMAL+STRONG,TP+5%/SL-5%,610,51.1,0.048,0.29,-44.0,29.3
-8.0,-6.0,5,2.0,NORMAL,TP+2%/SL-2%,294,50.0,0.031,0.28,-21.2,9.0
-6.0,-3.0,5,2.0,NORMAL,TP+5%/SL-5%,940,48.2,0.044,0.28,-80.4,41.3
-8.0,-6.0,6,2.0,NORMAL,TP+5%/SL-5%,223,51.1,0.046,0.28,-34.6,10.2
-5.0,-3.0,2,2.0,ALL,TP+5%/SL-5%,3289,49.2,0.041,0.28,-126.5,133.3
-8.0,-3.0,3,2.0,NORMAL,TP+5%/SL-3%,2316,47.2,0.041,0.28,-130.0,94.9
-7.0,-4.0,5,0.0,NORMAL+STRONG,TP+5%/SL-3%,462,47.4,0.044,0.28,-50.2,20.4
-6.0,-4.0,4,2.0,NORMAL+STRONG,TP+2%/SL-2%,934,48.5,0.028,0.27,-40.7,26.3
-6.0,-3.0,5,999.0,NORMAL,TP+5%/SL-3%,1034,46.5,0.039,0.27,-72.0,40.3
-5.0,-4.0,3,0.0,NORMAL,引け決済,329,52.3,0.047,0.27,-67.0,15.5
-4.0,-3.0,5,999.0,NORMAL,TP+5%/SL-3%,442,45.7,0.037,0.27,-53.2,16.5
-6.0,-4.0,5,999.0,NORMAL,TP+5%/SL-3%,592,47.1,0.04,0.27,-38.6,23.7
-5.0,-4.0,2,0.0,NORMAL+STRONG,TP+2%/SL-2%,498,50.0,0.029,0.27,-38.3,14.5
-7.0,-4.0,6,2.0,NORMAL+STRONG,TP+2%/SL-2%,610,49.3,0.029,0.27,-29.8,17.6
-5.0,-3.0,5,2.0,NORMAL,引け決済,726,48.5,0.04,0.26,-78.9,29.1
-5.0,-4.0,2,999.0,NORMAL,TP+5%/SL-3%,828,46.6,0.038,0.26,-69.9,31.2
-8.0,-3.0,4,2.0,NORMAL,引け決済,1719,49.3,0.041,0.26,-120.3,70.6
-6.0,-5.0,5,999.0,NORMAL,引け決済,252,48.4,0.042,0.26,-32.0,10.7
-8.0,-3.0,5,2.0,NORMAL,TP+3%/SL-3%,1234,48.8,0.034,0.26,-70.2,42.3
-8.0,-6.0,4,2.0,NORMAL,TP+5%/SL-5%,360,50.3,0.043,0.26,-37.1,15.4
-7.0,-3.0,6,999.0,NORMAL+STRONG,引け決済,1114,50.2,0.043,0.26,-69.2,47.8
-4.0,-3.0,3,999.0,NORMAL,引け決済,990,48.4,0.038,0.26,-76.9,37.3
-7.0,-3.0,4,999.0,NORMAL,TP+5%/SL-5%,1733,49.0,0.04,0.26,-107.3,69.5
-8.0,-4.0,6,2.0,NORMAL,TP+5%/SL-3%,574,48.6,0.038,0.26,-46.9,22.0
-6.0,-4.0,6,0.0,NORMAL+STRONG,引け決済,228,52.2,0.045,0.26,-37.3,10.4
-8.0,-4.0,5,2.0,NORMAL+STRONG,TP+2%/SL-2%,1063,48.7,0.028,0.26,-45.2,29.7
-7.0,-3.0,3,2.0,NORMAL,TP+5%/SL-3%,2119,47.1,0.037,0.26,-124.6,77.6
-6.0,-4.0,3,0.0,NORMAL+STRONG,TP+3%/SL-3%,646,50.0,0.036,0.26,-60.2,23.2
-7.0,-6.0,4,0.0,NORMAL+STRONG,TP+5%/SL-5%,140,48.6,0.046,0.26,-29.3,6.5
-8.0,-5.0,5,2.0,STRONG,TP+2%/SL-2%,145,47.6,0.029,0.26,-17.3,4.2
-6.0,-5.0,6,2.0,NORMAL,引け決済,145,50.3,0.041,0.26,-26.3,5.9
-5.0,-4.0,2,999.0,NORMAL,引け決済,828,49.2,0.041,0.25,-62.4,33.8
-5.0,-3.0,6,0.0,NORMAL+STRONG,TP+3%/SL-3%,329,50.5,0.035,0.25,-26.0,11.5
-7.0,-6.0,3,0.0,NORMAL+STRONG,TP+5%/SL-5%,179,49.2,0.045,0.25,-32.9,8.1
-4.0,-3.0,5,999.0,NORMAL,TP+5%/SL-5%,442,47.1,0.037,0.25,-57.4,16.4
-7.0,-4.0,3,0.0,NORMAL+STRONG,TP+3%/SL-3%,825,49.7,0.035,0.25,-56.7,28.9
-5.0,-4.0,4,2.0,ALL,TP+5%/SL-3%,701,47.5,0.036,0.25,-55.3,25.6
-8.0,-5.0,6,2.0,STRONG,TP+5%/SL-5%,106,50.0,0.043,0.25,-22.0,4.5
-8.0,-4.0,2,999.0,NORMAL+STRONG,TP+5%/SL-3%,2706,47.3,0.039,0.25,-70.4,104.4
-7.0,-5.0,5,999.0,NORMAL+STRONG,TP+5%/SL-5%,570,49.3,0.041,0.25,-77.5,23.3
-8.0,-4.0,4,999.0,NORMAL+STRONG,TP+5%/SL-3%,1642,47.2,0.037,0.25,-55.6,61.6
-6.0,-5.0,3,2.0,NORMAL+STRONG,TP+5%/SL-5%,458,48.0,0.04,0.24,-40.6,18.4
-6.0,-3.0,5,999.0,NORMAL,引け決済,1034,48.5,0.038,0.24,-100.8,39.4
-4.0,-3.0,3,2.0,ALL,TP+5%/SL-3%,1548,47.6,0.031,0.24,-105.3,48.0
-8.0,-3.0,3,2.0,NORMAL+STRONG,TP+2%/SL-2%,3162,49.1,0.025,0.24,-77.7,79.9
-7.0,-3.0,3,2.0,NORMAL,TP+5%/SL-5%,2119,48.9,0.038,0.24,-143.0,80.2
-8.0,-4.0,5,999.0,NORMAL+STRONG,TP+5%/SL-3%,1230,47.6,0.036,0.24,-65.5,44.8
-8.0,-3.0,5,2.0,NORMAL,引け決済,1234,49.0,0.036,0.23,-99.8,44.8
-6.0,-3.0,4,999.0,NORMAL,引け決済,1499,49.0,0.036,0.23,-119.1,53.4
-7.0,-5.0,2,2.0,NORMAL+STRONG,引け決済,991,50.9,0.041,0.23,-87.5,40.8
-7.0,-6.0,2,999.0,STRONG,TP+3%/SL-3%,117,53.0,0.031,0.23,-16.6,3.6
-7.0,-3.0,5,999.0,NORMAL,TP+5%/SL-3%,1222,46.6,0.034,0.23,-79.7,41.6
-8.0,-4.0,6,2.0,STRONG,TP+2%/SL-2%,168,49.4,0.025,0.23,-19.0,4.2
-4.0,-3.0,4,0.0,NORMAL,TP+5%/SL-5%,321,50.2,0.035,0.23,-35.6,11.1
-8.0,-5.0,6,2.0,NORMAL,引け決済,368,51.1,0.037,0.23,-50.7,13.8
-5.0,-3.0,5,999.0,NORMAL,引け決済,782,48.6,0.037,0.23,-90.0,28.8
-4.0,-3.0,2,999.0,NORMAL,TP+3%/SL-3%,1318,48.6,0.028,0.23,-61.1,37.3
-5.0,-4.0,3,2.0,NORMAL,TP+2%/SL-2%,592,48.6,0.024,0.23,-28.0,14.0
-8.0,-3.0,5,999.0,NORMAL,TP+5%/SL-5%,1365,48.7,0.037,0.23,-95.9,50.3
-6.0,-3.0,2,999.0,NORMAL,TP+5%/SL-5%,2682,48.4,0.035,0.23,-134.3,94.7
-5.0,-3.0,2,999.0,NORMAL,引け決済,2146,48.7,0.036,0.23,-127.6,76.7
-8.0,-5.0,4,2.0,NORMAL+STRONG,引け決済,826,48.7,0.039,0.23,-47.8,31.9
-4.0,-3.0,5,999.0,ALL,TP+5%/SL-5%,779,47.6,0.032,0.22,-50.5,24.6
-8.0,-6.0,4,2.0,NORMAL,TP+3%/SL-3%,360,50.3,0.031,0.22,-29.6,11.2
-5.0,-3.0,4,0.0,NORMAL,TP+5%/SL-5%,562,50.2,0.036,0.22,-49.2,20.3
-7.0,-5.0,5,2.0,NORMAL+STRONG,TP+5%/SL-3%,486,47.3,0.032,0.22,-49.7,15.6
-6.0,-3.0,3,999.0,NORMAL+STRONG,TP+2%/SL-2%,2916,48.7,0.023,0.22,-59.4,65.9
-6.0,-4.0,5,2.0,NORMAL,TP+3%/SL-3%,527,48.6,0.03,0.22,-33.6,16.0
-7.0,-3.0,5,2.0,NORMAL,引け決済,1112,48.6,0.034,0.22,-104.8,37.6
-8.0,-3.0,2,2.0,NORMAL,TP+5%/SL-5%,2933,49.1,0.035,0.22,-149.7,101.3
-7.0,-4.0,3,999.0,NORMAL+STRONG,TP+3%/SL-3%,1860,49.3,0.03,0.22,-56.0,55.2
-8.0,-4.0,5,999.0,NORMAL,TP+5%/SL-5%,923,49.5,0.037,0.22,-67.9,33.9
-5.0,-3.0,2,0.0,NORMAL,TP+3%/SL-3%,1016,50.4,0.029,0.22,-57.4,29.3
-7.0,-6.0,4,2.0,NORMAL,TP+2%/SL-2%,207,49.8,0.023,0.22,-23.9,4.8
-5.0,-4.0,4,0.0,NORMAL,TP+5%/SL-5%,241,50.2,0.038,0.22,-41.6,9.2
-4.0,-3.0,2,999.0,NORMAL,引け決済,1318,48.4,0.033,0.22,-75.6,42.9
-8.0,-6.0,6,2.0,NORMAL,引け決済,223,51.6,0.035,0.22,-34.9,7.9
-6.0,-5.0,4,999.0,NORMAL+STRONG,引け決済,427,48.0,0.039,0.22,-40.1,16.7
-5.0,-4.0,2,0.0,NORMAL,引け決済,399,51.6,0.036,0.21,-70.8,14.4
-4.0,-3.0,4,2.0,ALL,TP+2%/SL-2%,1091,49.0,0.021,0.21,-39.5,23.2
-5.0,-3.0,2,2.0,ALL,TP+5%/SL-3%,3289,47.8,0.028,0.21,-120.1,93.2
-6.0,-4.0,6,2.0,NORMAL,TP+5%/SL-3%,351,47.9,0.031,0.21,-26.9,10.8
-8.0,-3.0,2,2.0,NORMAL+STRONG,TP+2%/SL-2%,4001,49.0,0.021,0.21,-85.5,84.7
-7.0,-4.0,5,999.0,NORMAL,TP+5%/SL-3%,780,47.1,0.032,0.21,-43.2,25.0
-7.0,-6.0,3,0.0,NORMAL+STRONG,TP+3%/SL-3%,179,48.6,0.032,0.21,-23.6,5.7
-8.0,-3.0,4,999.0,NORMAL,TP+5%/SL-3%,1911,47.1,0.031,0.21,-109.5,59.4
-6.0,-3.0,3,2.0,NORMAL,引け決済,1856,48.8,0.031,0.2,-142.3,57.9
-7.0,-6.0,2,999.0,STRONG,TP+2%/SL-2%,117,50.4,0.022,0.2,-12.5,2.6
-7.0,-3.0,6,999.0,NORMAL+STRONG,TP+5%/SL-3%,1114,47.7,0.029,0.2,-59.4,32.0
-7.0,-3.0,5,2.0,NORMAL,TP+3%/SL-3%,1112,48.2,0.027,0.2,-72.9,30.0
-7.0,-5.0,4,2.0,NORMAL+STRONG,TP+5%/SL-3%,618,46.4,0.029,0.2,-43.7,18.1
-8.0,-5.0,3,2.0,NORMAL+STRONG,引け決済,1059,49.8,0.034,0.2,-72.3,36.4
-7.0,-4.0,5,999.0,NORMAL+STRONG,TP+3%/SL-3%,1032,49.2,0.028,0.2,-42.9,28.4
-8.0,-3.0,4,999.0,NORMAL,TP+5%/SL-5%,1911,48.9,0.031,0.2,-108.5,58.9
-8.0,-6.0,2,2.0,STRONG,TP+5%/SL-3%,166,48.8,0.032,0.2,-16.1,5.4
-4.0,-3.0,5,2.0,NORMAL,TP+5%/SL-3%,413,45.3,0.027,0.2,-50.3,11.0
-6.0,-3.0,4,999.0,NORMAL,TP+3%/SL-3%,1499,48.6,0.026,0.2,-83.1,38.4
-8.0,-4.0,5,999.0,NORMAL,引け決済,923,49.8,0.033,0.2,-66.3,30.8
-7.0,-4.0,2,0.0,NORMAL+STRONG,TP+3%/SL-3%,1003,49.7,0.028,0.2,-66.2,28.1
-5.0,-3.0,2,999.0,NORMAL,TP+3%/SL-3%,2146,48.5,0.025,0.2,-110.1,54.6
-4.0,-3.0,6,999.0,NORMAL+STRONG,引け決済,402,48.5,0.03,0.2,-43.5,11.9
-6.0,-5.0,4,0.0,NORMAL+STRONG,引け決済,182,47.3,0.036,0.19,-23.5,6.6
-4.0,-3.0,2,2.0,NORMAL,引け決済,1201,48.8,0.027,0.19,-62.3,32.6
-8.0,-6.0,4,2.0,STRONG,引け決済,111,47.7,0.033,0.19,-19.4,3.6
-7.0,-6.0,4,2.0,NORMAL,TP+5%/SL-5%,207,49.8,0.03,0.19,-37.0,6.3
-5.0,-3.0,3,2.0,ALL,TP+5%/SL-3%,2523,47.5,0.026,0.19,-122.1,65.8
-8.0,-6.0,2,0.0,NORMAL+STRONG,TP+5%/SL-3%,379,46.7,0.033,0.19,-76.3,12.5
-8.0,-5.0,5,2.0,NORMAL,引け決済,508,49.8,0.031,0.19,-65.6,15.7
-8.0,-3.0,3,999.0,NORMAL,TP+5%/SL-5%,2601,48.8,0.03,0.19,-153.4,78.8
-7.0,-5.0,6,999.0,STRONG,TP+5%/SL-5%,100,51.0,0.033,0.19,-21.1,3.3
-7.0,-4.0,4,2.0,NORMAL,TP+5%/SL-3%,924,46.6,0.028,0.19,-75.7,25.6
-6.0,-3.0,2,999.0,ALL,TP+5%/SL-5%,4519,48.6,0.029,0.19,-128.2,133.2
-6.0,-4.0,2,2.0,NORMAL,TP+5%/SL-5%,1191,48.6,0.031,0.19,-86.4,37.3
-6.0,-3.0,3,0.0,NORMAL,TP+5%/SL-5%,988,49.7,0.032,0.19,-91.9,31.3
-4.0,-3.0,3,999.0,ALL,TP+5%/SL-3%,1706,47.2,0.026,0.19,-113.8,44.2
-6.0,-3.0,5,2.0,NORMAL,引け決済,940,48.2,0.028,0.18,-94.2,26.3
-5.0,-3.0,5,0.0,NORMAL+STRONG,TP+2%/SL-2%,508,48.6,0.019,0.18,-39.7,9.5
-8.0,-5.0,5,2.0,NORMAL,TP+5%/SL-5%,508,49.6,0.028,0.18,-64.3,14.2
-7.0,-4.0,4,999.0,NORMAL+STRONG,TP+3%/SL-3%,1392,49.1,0.025,0.18,-56.5,34.4
-4.0,-3.0,2,2.0,ALL,TP+3%/SL-3%,2056,49.2,0.021,0.18,-76.3,43.9
-6.0,-5.0,3,999.0,NORMAL+STRONG,TP+5%/SL-5%,554,48.6,0.032,0.18,-54.4,17.6
-5.0,-4.0,4,0.0,ALL,TP+5%/SL-3%,367,46.9,0.027,0.18,-35.5,9.8
-5.0,-3.0,4,0.0,NORMAL,TP+3%/SL-3%,562,50.7,0.024,0.18,-42.4,13.2
-7.0,-4.0,5,2.0,NORMAL,TP+2%/SL-2%,699,48.2,0.019,0.18,-56.0,13.6
-7.0,-5.0,3,2.0,NORMAL+STRONG,TP+5%/SL-3%,796,47.0,0.028,0.18,-51.0,22.7
-4.0,-3.0,5,999.0,ALL,TP+5%/SL-3%,779,46.5,0.024,0.18,-51.0,18.6
-7.0,-5.0,4,0.0,NORMAL+STRONG,引け決済,322,48.1,0.033,0.18,-50.3,10.7
-5.0,-3.0,4,999.0,ALL,TP+3%/SL-3%,1971,49.1,0.023,0.18,-58.3,46.0
-6.0,-5.0,6,2.0,ALL,TP+5%/SL-5%,219,50.2,0.031,0.18,-37.3,6.7
-8.0,-5.0,3,999.0,STRONG,TP+2%/SL-2%,309,48.5,0.019,0.18,-47.0,6.0
-8.0,-3.0,5,999.0,NORMAL,TP+5%/SL-3%,1365,46.7,0.026,0.18,-93.2,35.9
-5.0,-3.0,3,999.0,ALL,TP+5%/SL-5%,2796,48.7,0.027,0.18,-131.9,75.6
-8.0,-4.0,4,2.0,NORMAL,TP+5%/SL-3%,1077,47.0,0.027,0.18,-73.8,29.1
-7.0,-6.0,4,2.0,NORMAL,引け決済,207,50.2,0.027,0.17,-38.0,5.7
-5.0,-3.0,2,999.0,ALL,TP+5%/SL-3%,3670,47.3,0.024,0.17,-128.9,86.7
-7.0,-3.0,2,2.0,NORMAL,TP+5%/SL-5%,2708,49.0,0.025,0.17,-153.0,69.0
-4.0,-3.0,4,0.0,NORMAL,TP+5%/SL-3%,321,49.2,0.024,0.17,-30.4,7.6
-6.0,-3.0,2,2.0,ALL,TP+5%/SL-5%,4008,48.8,0.026,0.17,-128.6,104.3
-7.0,-3.0,5,999.0,NORMAL,引け決済,1222,48.6,0.027,0.17,-114.1,33.2
-6.0,-4.0,5,999.0,NORMAL+STRONG,TP+2%/SL-2%,787,48.2,0.018,0.17,-48.5,14.2
-4.0,-3.0,2,0.0,NORMAL,TP+5%/SL-3%,617,48.9,0.023,0.17,-38.7,14.3
-7.0,-3.0,3,999.0,NORMAL,TP+5%/SL-5%,2368,48.7,0.026,0.16,-144.3,60.8
-8.0,-4.0,6,2.0,NORMAL,引け決済,574,51.0,0.026,0.16,-51.5,15.0
-5.0,-4.0,5,0.0,ALL,TP+5%/SL-3%,263,46.8,0.025,0.16,-36.6,6.5
-5.0,-4.0,5,0.0,NORMAL,TP+2%/SL-2%,175,49.1,0.018,0.16,-20.0,3.2
-7.0,-3.0,3,999.0,NORMAL,TP+5%/SL-3%,2368,46.6,0.024,0.16,-129.0,56.6
-5.0,-4.0,6,999.0,NORMAL,TP+5%/SL-5%,228,50.4,0.027,0.16,-33.1,6.2
-6.0,-4.0,4,0.0,NORMAL+STRONG,TP+3%/SL-3%,474,49.4,0.023,0.16,-39.8,10.8
-5.0,-3.0,5,2.0,ALL,TP+5%/SL-3%,1211,46.6,0.022,0.16,-61.2,27.1
-7.0,-5.0,5,2.0,NORMAL+STRONG,TP+2%/SL-2%,486,48.1,0.017,0.16,-31.6,8.2
-6.0,-3.0,3,999.0,NORMAL,引け決済,2068,48.6,0.025,0.16,-141.6,52.3
-8.0,-6.0,5,2.0,NORMAL+STRONG,TP+5%/SL-3%,381,48.0,0.024,0.16,-49.7,9.2
-8.0,-6.0,5,2.0,NORMAL+STRONG,TP+5%/SL-5%,381,49.6,0.027,0.16,-41.2,10.4
-7.0,-6.0,4,0.0,NORMAL+STRONG,引け決済,140,49.3,0.029,0.16,-26.8,4.1
-4.0,-3.0,5,2.0,ALL,TP+5%/SL-3%,716,45.9,0.022,0.16,-44.0,15.9
-6.0,-5.0,2,0.0,NORMAL+STRONG,TP+5%/SL-5%,287,48.8,0.029,0.16,-40.1,8.3
-7.0,-6.0,5,999.0,NORMAL,TP+5%/SL-5%,188,48.9,0.026,0.16,-30.8,4.9
-5.0,-4.0,2,999.0,NORMAL,TP+3%/SL-3%,828,48.4,0.021,0.16,-56.5,17.4
-5.0,-3.0,3,999.0,ALL,TP+5%/SL-3%,2796,47.1,0.02,0.15,-123.0,56.6
-5.0,-4.0,3,0.0,NORMAL,TP+2%/SL-2%,329,48.9,0.016,0.15,-26.2,5.2
-4.0,-3.0,5,2.0,ALL,TP+5%/SL-5%,716,46.6,0.021,0.15,-49.6,15.0
-5.0,-3.0,3,2.0,NORMAL,TP+2%/SL-2%,1500,48.4,0.015,0.15,-85.1,22.9
-6.0,-3.0,4,2.0,ALL,TP+5%/SL-3%,2223,47.1,0.021,0.15,-83.1,46.0
-8.0,-5.0,4,0.0,NORMAL+STRONG,引け決済,426,48.1,0.029,0.15,-60.4,12.3
-5.0,-3.0,3,2.0,ALL,TP+5%/SL-5%,2523,48.8,0.023,0.15,-134.3,56.8
-8.0,-4.0,3,0.0,NORMAL+STRONG,TP+3%/SL-3%,966,49.6,0.022,0.15,-73.8,21.0
-7.0,-5.0,2,2.0,NORMAL+STRONG,TP+5%/SL-5%,991,50.4,0.026,0.15,-80.4,25.4
-8.0,-3.0,3,999.0,NORMAL,TP+5%/SL-3%,2601,46.6,0.022,0.15,-139.8,57.7
-6.0,-5.0,2,2.0,NORMAL+STRONG,TP+5%/SL-3%,582,45.7,0.024,0.15,-34.5,13.9
-5.0,-4.0,5,2.0,ALL,TP+5%/SL-3%,495,47.5,0.023,0.15,-37.2,11.2
-7.0,-6.0,6,2.0,NORMAL+STRONG,TP+2%/SL-2%,156,50.0,0.017,0.15,-14.9,2.6
-6.0,-3.0,2,0.0,NORMAL,TP+5%/SL-5%,1250,49.7,0.024,0.15,-95.2,30.6
-6.0,-3.0,5,2.0,NORMAL,TP+3%/SL-3%,940,47.9,0.018,0.14,-68.9,17.0
-5.0,-3.0,2,999.0,ALL,引け決済,3670,48.8,0.021,0.14,-152.9,78.0
-7.0,-5.0,5,2.0,NORMAL,引け決済,386,48.7,0.022,0.14,-57.6,8.5
-5.0,-3.0,4,2.0,ALL,引け決済,1792,49.3,0.021,0.14,-82.1,37.1
-7.0,-5.0,2,2.0,NORMAL+STRONG,TP+5%/SL-3%,991,47.4,0.021,0.14,-57.6,21.0
-8.0,-4.0,5,999.0,NORMAL,TP+5%/SL-3%,923,47.1,0.021,0.14,-59.8,19.4
-7.0,-3.0,5,2.0,NORMAL,TP+2%/SL-2%,1112,47.4,0.015,0.14,-90.8,16.2
-6.0,-4.0,3,999.0,NORMAL,TP+5%/SL-5%,1078,48.6,0.022,0.13,-73.5,23.9
-4.0,-3.0,4,0.0,NORMAL,引け決済,321,49.8,0.019,0.13,-37.0,6.1
-5.0,-4.0,4,999.0,ALL,TP+5%/SL-3%,781,47.1,0.02,0.13,-51.7,15.4
-7.0,-4.0,2,999.0,NORMAL+STRONG,TP+3%/SL-3%,2340,49.1,0.018,0.13,-56.0,42.6
-8.0,-6.0,4,2.0,NORMAL+STRONG,TP+5%/SL-3%,471,47.3,0.019,0.13,-39.7,9.2
-5.0,-3.0,4,999.0,ALL,引け決済,1971,49.2,0.019,0.13,-83.5,37.7
-8.0,-6.0,4,0.0,NORMAL+STRONG,引け決済,244,48.8,0.023,0.13,-38.8,5.7
-8.0,-5.0,6,2.0,NORMAL+STRONG,TP+5%/SL-5%,474,50.6,0.021,0.13,-54.8,9.9
-6.0,-4.0,3,2.0,NORMAL,TP+5%/SL-3%,948,46.1,0.019,0.13,-77.2,18.4
-5.0,-4.0,3,2.0,ALL,TP+5%/SL-3%,975,47.4,0.018,0.13,-49.1,17.8
-8.0,-6.0,5,0.0,NORMAL,TP+5%/SL-3%,160,46.2,0.022,0.13,-32.7,3.5
-7.0,-5.0,3,2.0,NORMAL+STRONG,TP+5%/SL-5%,796,49.5,0.023,0.13,-69.5,18.2
-6.0,-3.0,2,2.0,NORMAL,TP+5%/SL-3%,2392,46.8,0.018,0.13,-120.4,42.9
-7.0,-4.0,5,999.0,NORMAL+STRONG,TP+2%/SL-2%,1032,48.2,0.014,0.13,-51.5,14.3
-6.0,-4.0,4,2.0,NORMAL,TP+5%/SL-3%,717,46.2,0.018,0.13,-54.8,13.1
-5.0,-3.0,2,0.0,NORMAL,引け決済,1016,50.6,0.021,0.13,-81.1,21.3
-8.0,-4.0,6,999.0,STRONG,TP+5%/SL-3%,219,48.4,0.018,0.12,-35.1,4.0
-8.0,-5.0,6,999.0,STRONG,引け決済,142,50.0,0.021,0.12,-34.1,3.0
-7.0,-4.0,6,999.0,STRONG,TP+3%/SL-3%,177,51.4,0.016,0.12,-30.8,2.9
-7.0,-3.0,3,2.0,NORMAL,引け決済,2119,49.0,0.019,0.12,-160.8,40.6
-6.0,-4.0,6,2.0,NORMAL,引け決済,351,50.7,0.02,0.12,-38.0,7.2
-7.0,-3.0,4,999.0,NORMAL,TP+3%/SL-3%,1733,48.5,0.015,0.12,-98.4,26.3
-6.0,-3.0,5,0.0,NORMAL+STRONG,TP+3%/SL-3%,643,49.9,0.016,0.12,-44.3,10.3
-5.0,-3.0,6,0.0,NORMAL+STRONG,引け決済,329,51.1,0.021,0.12,-48.4,7.0
-8.0,-4.0,3,2.0,NORMAL,TP+5%/SL-3%,1408,46.7,0.019,0.12,-117.6,26.8
-7.0,-6.0,3,2.0,NORMAL+STRONG,TP+3%/SL-3%,338,50.9,0.018,0.12,-40.8,5.9
-8.0,-5.0,3,2.0,NORMAL+STRONG,TP+5%/SL-5%,1059,49.3,0.02,0.12,-79.0,21.2
-4.0,-3.0,5,2.0,NORMAL,TP+5%/SL-5%,413,46.2,0.017,0.12,-52.5,7.2
-8.0,-3.0,3,0.0,NORMAL,TP+5%/SL-5%,1245,49.4,0.021,0.12,-112.2,26.2
-6.0,-3.0,3,2.0,NORMAL,TP+3%/SL-3%,1856,48.2,0.015,0.12,-102.0,27.6
-8.0,-5.0,2,2.0,NORMAL+STRONG,TP+5%/SL-5%,1289,49.9,0.019,0.11,-85.8,24.1
-8.0,-3.0,3,2.0,NORMAL,引け決済,2316,49.1,0.017,0.11,-162.2,40.2
-7.0,-5.0,5,2.0,NORMAL+STRONG,TP+3%/SL-3%,486,47.9,0.015,0.11,-56.0,7.1
-8.0,-5.0,6,2.0,NORMAL,TP+5%/SL-3%,368,48.9,0.016,0.11,-53.1,6.0
-7.0,-5.0,3,0.0,NORMAL+STRONG,引け決済,415,48.9,0.021,0.11,-60.6,8.5
-8.0,-6.0,3,0.0,NORMAL+STRONG,引け決済,320,49.7,0.021,0.11,-57.3,6.6
-8.0,-3.0,6,999.0,NORMAL+STRONG,引け決済,1272,50.0,0.018,0.11,-72.9,22.7
-7.0,-6.0,2,2.0,NORMAL+STRONG,TP+5%/SL-3%,409,49.9,0.017,0.11,-51.3,7.1
-4.0,-3.0,5,999.0,NORMAL,TP+3%/SL-3%,442,47.3,0.014,0.11,-52.7,6.1
-8.0,-5.0,5,999.0,NORMAL+STRONG,引け決済,768,48.8,0.019,0.11,-79.4,14.3
-7.0,-6.0,3,2.0,NORMAL+STRONG,TP+2%/SL-2%,338,50.3,0.012,0.11,-34.2,3.9
-8.0,-3.0,5,999.0,NORMAL,引け決済,1365,48.7,0.018,0.11,-114.6,24.5
-8.0,-4.0,4,2.0,NORMAL,TP+5%/SL-5%,1077,48.7,0.017,0.11,-75.6,18.4
-7.0,-3.0,3,999.0,NORMAL+STRONG,TP+2%/SL-2%,3312,48.5,0.011,0.11,-64.1,37.6
-5.0,-4.0,6,999.0,NORMAL,引け決済,228,51.3,0.021,0.11,-33.4,4.7
-8.0,-6.0,3,2.0,NORMAL,TP+5%/SL-3%,460,47.8,0.018,0.11,-65.0,8.4
-6.0,-4.0,3,2.0,NORMAL,TP+5%/SL-5%,948,48.4,0.018,0.11,-79.5,17.2
-6.0,-3.0,2,2.0,NORMAL,引け決済,2392,48.7,0.015,0.1,-149.9,36.9
-8.0,-6.0,5,2.0,NORMAL+STRONG,引け決済,381,50.1,0.017,0.1,-42.8,6.5
-7.0,-3.0,6,999.0,NORMAL+STRONG,TP+3%/SL-3%,1114,49.0,0.014,0.1,-50.2,15.5
-8.0,-6.0,2,999.0,STRONG,引け決済,217,52.1,0.02,0.1,-38.4,4.3
-5.0,-4.0,4,0.0,NORMAL,TP+2%/SL-2%,241,48.5,0.011,0.1,-18.2,2.6
-6.0,-3.0,2,999.0,NORMAL+STRONG,TP+2%/SL-2%,3781,48.4,0.011,0.1,-69.2,39.7
-4.0,-3.0,6,0.0,NORMAL+STRONG,TP+5%/SL-3%,189,48.1,0.015,0.1,-24.1,2.8
-8.0,-6.0,3,2.0,NORMAL+STRONG,TP+5%/SL-3%,601,47.8,0.016,0.1,-67.9,9.4
-6.0,-4.0,3,999.0,NORMAL,TP+5%/SL-3%,1078,46.0,0.015,0.1,-81.2,16.2
-5.0,-3.0,4,0.0,NORMAL,引け決済,562,50.4,0.017,0.1,-62.3,9.4
-8.0,-4.0,3,2.0,NORMAL,TP+5%/SL-5%,1408,49.1,0.018,0.1,-127.2,24.8
-7.0,-3.0,6,999.0,NORMAL+STRONG,TP+5%/SL-5%,1114,49.8,0.016,0.1,-83.0,17.3
-4.0,-3.0,3,2.0,NORMAL,TP+2%/SL-2%,908,48.2,0.01,0.1,-60.6,8.9
-7.0,-3.0,4,999.0,NORMAL,引け決済,1733,48.9,0.014,0.09,-142.4,24.8
-8.0,-5.0,3,0.0,NORMAL+STRONG,TP+5%/SL-5%,556,48.6,0.016,0.09,-86.2,8.9
-8.0,-5.0,6,2.0,NORMAL,TP+5%/SL-5%,368,50.8,0.015,0.09,-55.6,5.4
-8.0,-4.0,4,0.0,NORMAL+STRONG,TP+3%/SL-3%,718,48.9,0.013,0.09,-53.1,9.2
-7.0,-4.0,4,0.0,NORMAL+STRONG,TP+3%/SL-3%,614,48.9,0.012,0.09,-46.8,7.5
-8.0,-6.0,3,2.0,NORMAL,TP+5%/SL-5%,460,50.4,0.017,0.09,-69.0,7.6
-6.0,-4.0,6,2.0,NORMAL,TP+3%/SL-3%,351,48.7,0.012,0.09,-24.8,4.3
-8.0,-6.0,4,2.0,NORMAL+STRONG,TP+5%/SL-5%,471,49.3,0.014,0.09,-35.4,6.8
-4.0,-3.0,2,999.0,ALL,TP+3%/SL-3%,2274,48.6,0.012,0.09,-104.1,26.4
-4.0,-3.0,6,0.0,NORMAL+STRONG,TP+3%/SL-3%,189,50.3,0.012,0.09,-23.2,2.2
-8.0,-4.0,2,0.0,NORMAL+STRONG,TP+3%/SL-3%,1164,49.4,0.012,0.08,-78.3,13.5
-6.0,-4.0,3,999.0,NORMAL,引け決済,1078,48.8,0.014,0.08,-77.9,14.9
-4.0,-3.0,2,0.0,NORMAL,引け決済,617,49.9,0.011,0.08,-38.5,6.9
-5.0,-4.0,4,0.0,NORMAL,引け決済,241,51.0,0.013,0.08,-48.0,3.2
-6.0,-3.0,6,999.0,NORMAL+STRONG,TP+2%/SL-2%,935,47.7,0.009,0.08,-37.5,8.4
-6.0,-3.0,6,0.0,NORMAL+STRONG,TP+5%/SL-3%,417,48.0,0.013,0.08,-49.1,5.3
-5.0,-4.0,3,999.0,ALL,TP+5%/SL-3%,1090,46.9,0.011,0.08,-48.9,12.5
-8.0,-3.0,5,999.0,NORMAL+STRONG,TP+2%/SL-2%,1903,47.9,0.008,0.08,-69.0,15.9
-7.0,-5.0,3,999.0,NORMAL+STRONG,引け決済,950,49.6,0.013,0.07,-83.1,12.2
-7.0,-5.0,5,0.0,NORMAL+STRONG,引け決済,249,47.8,0.013,0.07,-46.4,3.2
-8.0,-4.0,6,999.0,NORMAL+STRONG,引け決済,870,50.7,0.012,0.07,-55.3,10.9
-5.0,-3.0,5,999.0,ALL,TP+5%/SL-3%,1329,46.6,0.01,0.07,-71.0,12.7
-6.0,-5.0,6,999.0,ALL,引け決済,262,50.4,0.012,0.07,-38.8,3.2
-6.0,-4.0,6,999.0,NORMAL,TP+5%/SL-3%,400,47.8,0.01,0.07,-48.6,4.2
-4.0,-3.0,4,0.0,NORMAL,TP+3%/SL-3%,321,51.1,0.009,0.07,-29.2,2.8
-8.0,-3.0,6,999.0,NORMAL+STRONG,TP+5%/SL-3%,1272,47.5,0.01,0.07,-82.5,13.4
-8.0,-6.0,4,2.0,NORMAL+STRONG,引け決済,471,49.7,0.012,0.07,-36.6,5.5
-6.0,-3.0,2,2.0,ALL,TP+5%/SL-3%,4008,47.1,0.01,0.07,-175.8,38.7
-6.0,-3.0,4,2.0,ALL,TP+5%/SL-5%,2223,48.3,0.01,0.07,-96.1,23.1
-7.0,-3.0,4,2.0,ALL,TP+5%/SL-3%,2529,46.9,0.01,0.07,-83.1,25.4
-6.0,-4.0,6,0.0,NORMAL+STRONG,TP+5%/SL-3%,228,47.8,0.011,0.07,-33.5,2.5
-5.0,-3.0,2,2.0,ALL,TP+3%/SL-3%,3289,48.9,0.008,0.07,-128.1,27.0
-4.0,-3.0,3,2.0,ALL,引け決済,1548,48.5,0.01,0.07,-95.6,15.1
-4.0,-3.0,2,0.0,NORMAL,TP+3%/SL-3%,617,50.4,0.008,0.07,-38.8,5.2
-7.0,-3.0,3,2.0,NORMAL,TP+3%/SL-3%,2119,48.3,0.009,0.07,-118.3,18.3
-7.0,-4.0,4,2.0,NORMAL,引け決済,924,48.7,0.011,0.07,-88.6,10.1
-5.0,-4.0,4,2.0,ALL,TP+3%/SL-3%,701,48.8,0.009,0.07,-50.5,6.2
-7.0,-3.0,3,0.0,NORMAL,TP+5%/SL-5%,1132,49.4,0.011,0.07,-104.8,13.0
-6.0,-3.0,6,0.0,NORMAL+STRONG,引け決済,417,50.8,0.012,0.07,-53.9,5.2
-6.0,-3.0,5,999.0,NORMAL,TP+3%/SL-3%,1034,47.9,0.008,0.06,-82.5,8.0
-8.0,-5.0,4,2.0,NORMAL+STRONG,TP+5%/SL-5%,826,48.3,0.01,0.06,-60.2,8.6
-8.0,-5.0,5,999.0,STRONG,TP+5%/SL-5%,185,48.1,0.009,0.06,-31.5,1.8
-8.0,-4.0,3,999.0,NORMAL+STRONG,TP+3%/SL-3%,2180,48.9,0.008,0.06,-63.1,17.9
-8.0,-5.0,2,2.0,NORMAL+STRONG,引け決済,1289,50.2,0.011,0.06,-90.9,13.7
-8.0,-5.0,5,2.0,NORMAL+STRONG,TP+5%/SL-3%,653,47.2,0.009,0.06,-80.6,5.8
-8.0,-5.0,2,0.0,NORMAL+STRONG,TP+5%/SL-5%,666,49.4,0.011,0.06,-97.9,7.6
-8.0,-3.0,2,999.0,NORMAL,TP+5%/SL-5%,3308,48.5,0.01,0.06,-175.5,32.7
-4.0,-3.0,3,999.0,ALL,引け決済,1706,48.4,0.008,0.06,-117.1,13.8
-8.0,-4.0,2,2.0,NORMAL,TP+5%/SL-5%,1732,49.1,0.011,0.06,-133.4,18.7
-6.0,-5.0,6,2.0,ALL,TP+5%/SL-3%,219,47.5,0.009,0.06,-29.7,2.0
-4.0,-3.0,5,2.0,NORMAL,TP+2%/SL-2%,413,46.0,0.006,0.06,-49.6,2.6
-8.0,-5.0,3,2.0,NORMAL+STRONG,TP+5%/SL-3%,1059,46.6,0.01,0.06,-68.6,10.2
-7.0,-4.0,4,2.0,NORMAL,TP+3%/SL-3%,924,47.8,0.008,0.06,-67.2,7.7
-7.0,-4.0,4,2.0,NORMAL,TP+5%/SL-5%,924,48.3,0.01,0.06,-81.4,9.3
-8.0,-3.0,4,999.0,NORMAL+STRONG,TP+2%/SL-2%,2669,48.4,0.006,0.06,-59.3,17.1
-7.0,-5.0,5,999.0,NORMAL,引け決済,440,48.6,0.01,0.06,-67.5,4.5
-7.0,-4.0,3,2.0,NORMAL,TP+5%/SL-3%,1211,46.5,0.008,0.05,-105.2,9.5
-8.0,-4.0,6,2.0,NORMAL,TP+5%/SL-5%,574,50.5,0.008,0.05,-62.6,4.7
-6.0,-3.0,2,999.0,ALL,引け決済,4519,48.5,0.008,0.05,-214.0,35.1
-8.0,-3.0,2,2.0,NORMAL,TP+5%/SL-3%,2933,46.8,0.007,0.05,-142.6,21.8
-8.0,-4.0,6,2.0,NORMAL+STRONG,TP+2%/SL-2%,742,48.8,0.005,0.05,-45.9,3.8
-7.0,-3.0,2,2.0,NORMAL,TP+5%/SL-3%,2708,46.9,0.007,0.05,-135.7,18.7
-6.0,-3.0,4,999.0,ALL,TP+5%/SL-3%,2477,46.8,0.008,0.05,-96.8,18.7
-8.0,-4.0,4,2.0,NORMAL,TP+3%/SL-3%,1077,48.3,0.007,0.05,-69.4,7.9
-8.0,-4.0,5,2.0,NORMAL,TP+2%/SL-2%,821,48.2,0.005,0.05,-52.7,4.3
-5.0,-3.0,2,2.0,ALL,引け決済,3289,49.0,0.007,0.05,-158.7,23.8
-7.0,-6.0,5,999.0,NORMAL,TP+5%/SL-3%,188,46.8,0.007,0.05,-23.3,1.3
-8.0,-6.0,3,2.0,STRONG,TP+5%/SL-3%,141,47.5,0.007,0.05,-16.1,1.0
-8.0,-3.0,5,2.0,NORMAL,TP+2%/SL-2%,1234,47.5,0.006,0.05,-89.6,6.8
-7.0,-5.0,6,2.0,NORMAL+STRONG,TP+5%/SL-5%,342,50.3,0.008,0.05,-35.2,2.7
-7.0,-3.0,5,999.0,NORMAL,TP+3%/SL-3%,1222,47.9,0.006,0.04,-86.3,6.8
-8.0,-5.0,5,0.0,NORMAL+STRONG,引け決済,333,48.0,0.007,0.04,-54.0,2.4
-6.0,-3.0,2,999.0,NORMAL,引け決済,2682,48.2,0.006,0.04,-160.4,16.7
-8.0,-5.0,3,0.0,NORMAL+STRONG,引け決済,556,48.9,0.007,0.04,-78.8,4.2
-6.0,-3.0,3,0.0,NORMAL,TP+5%/SL-3%,988,47.2,0.006,0.04,-73.8,5.8
-7.0,-3.0,2,2.0,ALL,TP+5%/SL-5%,4486,48.9,0.005,0.04,-150.0,24.2
-8.0,-3.0,5,0.0,NORMAL+STRONG,TP+3%/SL-3%,841,49.2,0.006,0.04,-65.8,4.7
-8.0,-3.0,3,0.0,NORMAL,TP+5%/SL-3%,1245,46.7,0.006,0.04,-97.1,7.2
-8.0,-4.0,4,2.0,NORMAL,引け決済,1077,48.9,0.006,0.04,-83.0,6.3
-7.0,-5.0,2,0.0,NORMAL+STRONG,引け決済,505,49.7,0.007,0.04,-68.2,3.7
-8.0,-3.0,3,2.0,NORMAL,TP+3%/SL-3%,2316,48.4,0.006,0.04,-126.9,13.4
-6.0,-4.0,4,2.0,NORMAL,引け決済,717,48.3,0.006,0.04,-60.9,4.4
-7.0,-3.0,4,2.0,NORMAL,TP+2%/SL-2%,1566,48.1,0.004,0.04,-96.2,6.9
-6.0,-3.0,3,999.0,NORMAL,TP+3%/SL-3%,2068,47.8,0.004,0.03,-103.2,9.1
-6.0,-5.0,6,999.0,NORMAL+STRONG,TP+5%/SL-5%,228,51.8,0.005,0.03,-39.1,1.2
-6.0,-4.0,4,2.0,NORMAL,TP+5%/SL-5%,717,47.8,0.004,0.03,-54.4,3.0
-7.0,-3.0,2,999.0,NORMAL,TP+5%/SL-5%,3042,48.5,0.005,0.03,-161.0,15.2
-5.0,-4.0,6,2.0,NORMAL,引け決済,206,51.0,0.006,0.03,-31.7,1.2
-8.0,-6.0,3,2.0,NORMAL+STRONG,TP+5%/SL-5%,601,50.2,0.005,0.03,-75.6,2.8
-8.0,-3.0,4,999.0,NORMAL,TP+3%/SL-3%,1911,48.4,0.004,0.03,-105.5,8.4
-6.0,-5.0,4,2.0,NORMAL+STRONG,TP+5%/SL-5%,355,47.0,0.005,0.03,-36.5,1.8
-8.0,-6.0,4,2.0,NORMAL,引け決済,360,50.3,0.005,0.03,-41.0,1.9
-8.0,-6.0,3,0.0,NORMAL,TP+5%/SL-3%,257,45.1,0.006,0.03,-56.2,1.4
-8.0,-5.0,6,2.0,NORMAL+STRONG,TP+5%/SL-3%,474,48.3,0.005,0.03,-57.8,2.1
-6.0,-3.0,3,0.0,NORMAL,引け決済,988,49.9,0.003,0.02,-96.8,3.3
-8.0,-3.0,6,999.0,NORMAL+STRONG,TP+3%/SL-3%,1272,48.9,0.003,0.02,-71.1,3.4
-7.0,-3.0,2,999.0,ALL,TP+5%/SL-5%,5067,48.6,0.004,0.02,-164.9,19.1
-6.0,-4.0,5,999.0,NORMAL,TP+3%/SL-3%,592,48.3,0.003,0.02,-45.7,1.9
-7.0,-6.0,3,999.0,STRONG,TP+2%/SL-2%,96,50.0,0.002,0.02,-11.9,0.2
-5.0,-3.0,4,2.0,ALL,TP+2%/SL-2%,1792,48.3,0.002,0.02,-56.5,4.4
-4.0,-3.0,5,999.0,NORMAL,TP+2%/SL-2%,442,45.9,0.002,0.02,-51.2,0.7
-6.0,-4.0,6,999.0,NORMAL,引け決済,400,51.0,0.003,0.02,-51.8,1.4
-6.0,-3.0,4,2.0,NORMAL,TP+2%/SL-2%,1359,47.9,0.002,0.02,-83.0,2.1
-6.0,-3.0,4,999.0,ALL,TP+5%/SL-5%,2477,48.3,0.004,0.02,-114.3,8.8
-6.0,-4.0,3,2.0,NORMAL,引け決済,948,48.7,0.003,0.02,-83.0,2.4
-8.0,-3.0,4,999.0,NORMAL,引け決済,1911,48.8,0.003,0.02,-142.9,5.9
-7.0,-6.0,6,999.0,NORMAL,TP+2%/SL-2%,135,48.1,0.002,0.02,-14.7,0.3
-4.0,-3.0,4,999.0,ALL,TP+2%/SL-2%,1190,48.4,0.002,0.02,-46.0,2.9
-6.0,-4.0,2,2.0,NORMAL,引け決済,1191,48.7,0.004,0.02,-101.3,4.3
-4.0,-3.0,5,2.0,NORMAL,TP+3%/SL-3%,413,47.0,0.003,0.02,-49.8,1.1
-7.0,-4.0,5,999.0,NORMAL,TP+3%/SL-3%,780,48.2,0.001,0.01,-49.0,0.7
-7.0,-6.0,2,0.0,NORMAL+STRONG,TP+5%/SL-3%,218,47.2,0.002,0.01,-36.0,0.4
-8.0,-5.0,4,0.0,NORMAL+STRONG,TP+5%/SL-5%,426,47.9,0.001,0.01,-56.6,0.5
-7.0,-3.0,5,0.0,NORMAL+STRONG,TP+3%/SL-3%,757,49.3,0.001,0.01,-55.8,0.9
-4.0,-3.0,5,999.0,ALL,TP+3%/SL-3%,779,47.6,0.001,0.01,-48.4,0.7
-8.0,-5.0,6,2.0,NORMAL+STRONG,TP+3%/SL-3%,474,49.4,0.002,0.01,-57.9,0.7
-6.0,-4.0,2,0.0,NORMAL,TP+5%/SL-5%,633,49.3,0.002,0.01,-76.6,1.6
-7.0,-4.0,6,2.0,NORMAL,引け決済,475,50.1,0.002,0.01,-48.3,0.9
-6.0,-5.0,3,2.0,NORMAL+STRONG,TP+5%/SL-3%,458,45.0,0.002,0.01,-36.9,0.7
-8.0,-3.0,6,0.0,NORMAL+STRONG,TP+5%/SL-3%,563,46.4,-0.0,-0.0,-64.7,-0.2
-8.0,-3.0,6,999.0,NORMAL+STRONG,TP+5%/SL-5%,1272,49.7,0.0,0.0,-98.6,0.2
-7.0,-6.0,3,2.0,NORMAL+STRONG,TP+5%/SL-5%,338,51.5,-0.001,-0.0,-62.3,-0.2
-6.0,-3.0,2,2.0,ALL,引け決済,4008,48.8,-0.0,-0.0,-193.9,-0.9
-6.0,-3.0,2,999.0,ALL,TP+5%/SL-3%,4519,46.5,-0.0,-0.0,-231.0,-1.2
-6.0,-3.0,3,999.0,ALL,TP+5%/SL-5%,3463,48.1,0.001,0.0,-196.7,2.3
-7.0,-3.0,3,999.0,NORMAL,引け決済,2368,48.6,-0.0,-0.0,-168.6,-0.9
-4.0,-3.0,3,2.0,ALL,TP+3%/SL-3%,1548,48.4,-0.0,-0.0,-98.3,-0.7
-7.0,-4.0,6,999.0,NORMAL+STRONG,TP+5%/SL-3%,712,47.8,-0.001,-0.0,-47.4,-0.4
-5.0,-4.0,5,0.0,NORMAL,TP+3%/SL-3%,175,50.9,-0.001,-0.0,-19.0,-0.1
-5.0,-4.0,5,0.0,NORMAL,TP+5%/SL-5%,175,50.9,-0.0,-0.0,-27.1,-0.1
-7.0,-6.0,5,999.0,NORMAL+STRONG,TP+2%/SL-2%,245,48.2,0.0,0.0,-22.0,0.1
-5.0,-4.0,2,0.0,ALL,TP+5%/SL-3%,652,47.2,-0.0,-0.0,-87.8,-0.1
-5.0,-4.0,2,2.0,ALL,TP+5%/SL-3%,1233,47.0,-0.0,-0.0,-76.0,-0.3
-6.0,-3.0,3,2.0,ALL,TP+5%/SL-5%,3090,48.1,-0.002,-0.01,-180.0,-7.0
-7.0,-5.0,6,2.0,NORMAL,引け決済,269,49.4,-0.001,-0.01,-40.5,-0.3
-5.0,-3.0,6,0.0,NORMAL+STRONG,TP+5%/SL-5%,329,50.5,-0.002,-0.01,-50.3,-0.7
-6.0,-3.0,2,999.0,NORMAL,TP+5%/SL-3%,2682,46.1,-0.002,-0.01,-129.5,-4.8
-7.0,-3.0,2,2.0,ALL,TP+5%/SL-3%,4486,47.1,-0.001,-0.01,-161.6,-5.1
-8.0,-5.0,2,2.0,NORMAL+STRONG,TP+5%/SL-3%,1289,46.7,-0.001,-0.01,-74.4,-1.7
-8.0,-3.0,5,999.0,NORMAL,TP+3%/SL-3%,1365,48.1,-0.002,-0.01,-86.8,-2.5
-4.0,-3.0,5,2.0,ALL,TP+3%/SL-3%,716,47.2,-0.001,-0.01,-41.3,-0.8
-8.0,-6.0,2,0.0,NORMAL+STRONG,TP+5%/SL-5%,379,49.9,-0.002,-0.01,-72.8,-0.6
-6.0,-3.0,4,2.0,ALL,TP+3%/SL-3%,2223,48.2,-0.002,-0.01,-90.0,-3.8
-8.0,-4.0,6,2.0,NORMAL,TP+2%/SL-2%,574,48.6,-0.001,-0.01,-36.4,-0.4
-7.0,-3.0,3,0.0,NORMAL,TP+5%/SL-3%,1132,46.9,-0.001,-0.01,-91.3,-1.6
-7.0,-4.0,3,2.0,NORMAL+STRONG,TP+2%/SL-2%,1596,48.4,-0.001,-0.01,-57.5,-1.4
-7.0,-5.0,5,999.0,NORMAL,TP+5%/SL-5%,440,48.6,-0.003,-0.02,-64.7,-1.3
-8.0,-6.0,3,2.0,NORMAL+STRONG,引け決済,601,50.7,-0.003,-0.02,-57.2,-1.8
-6.0,-3.0,5,2.0,NORMAL,TP+2%/SL-2%,940,46.7,-0.002,-0.02,-81.7,-2.2
-8.0,-3.0,2,0.0,NORMAL,TP+5%/SL-5%,1554,49.4,-0.004,-0.02,-124.5,-5.5
-5.0,-4.0,6,2.0,NORMAL,TP+5%/SL-5%,206,50.0,-0.003,-0.02,-31.7,-0.6
-7.0,-5.0,5,2.0,NORMAL,TP+5%/SL-5%,386,48.4,-0.004,-0.02,-57.9,-1.4
-6.0,-3.0,2,2.0,NORMAL,TP+3%/SL-3%,2392,48.0,-0.002,-0.02,-115.7,-4.7
-5.0,-3.0,6,0.0,NORMAL+STRONG,TP+2%/SL-2%,329,47.4,-0.002,-0.02,-24.4,-0.6
-6.0,-3.0,3,2.0,ALL,TP+5%/SL-3%,3090,46.5,-0.003,-0.02,-180.0,-7.8
-7.0,-3.0,2,999.0,NORMAL+STRONG,TP+2%/SL-2%,4258,48.2,-0.002,-0.02,-75.3,-8.6
-5.0,-4.0,2,999.0,ALL,TP+5%/SL-5%,1396,48.4,-0.004,-0.02,-65.5,-5.1
-7.0,-5.0,4,999.0,NORMAL+STRONG,引け決済,736,48.5,-0.003,-0.02,-80.7,-2.1
-7.0,-4.0,6,2.0,NORMAL,TP+5%/SL-3%,475,47.4,-0.005,-0.03,-38.2,-2.2
-6.0,-5.0,6,2.0,ALL,TP+3%/SL-3%,219,48.4,-0.004,-0.03,-36.4,-0.8
-8.0,-5.0,2,0.0,NORMAL+STRONG,引け決済,666,49.7,-0.006,-0.03,-81.4,-3.8
-8.0,-4.0,5,999.0,STRONG,TP+3%/SL-3%,307,49.5,-0.004,-0.03,-44.5,-1.4
-6.0,-5.0,3,999.0,NORMAL+STRONG,TP+5%/SL-3%,554,45.3,-0.005,-0.03,-57.7,-2.8
-6.0,-4.0,4,2.0,NORMAL,TP+3%/SL-3%,717,47.3,-0.005,-0.03,-43.9,-3.3
-8.0,-3.0,3,999.0,NORMAL,引け決済,2601,48.6,-0.005,-0.03,-177.1,-13.2
-7.0,-3.0,4,2.0,ALL,TP+5%/SL-5%,2529,48.2,-0.004,-0.03,-111.6,-10.3
-8.0,-5.0,3,999.0,NORMAL+STRONG,引け決済,1270,49.2,-0.005,-0.03,-86.9,-6.9
-7.0,-5.0,2,999.0,NORMAL+STRONG,引け決済,1184,50.1,-0.006,-0.03,-121.2,-6.8
-6.0,-5.0,5,2.0,ALL,引け決済,322,46.3,-0.006,-0.04,-38.1,-1.9
-4.0,-3.0,2,2.0,NORMAL,TP+2%/SL-2%,1201,48.0,-0.004,-0.04,-60.9,-4.7
-8.0,-6.0,5,999.0,NORMAL,TP+5%/SL-5%,331,48.9,-0.007,-0.04,-44.2,-2.3
-7.0,-6.0,3,999.0,STRONG,TP+3%/SL-3%,96,51.0,-0.005,-0.04,-19.3,-0.5
-7.0,-5.0,6,2.0,NORMAL+STRONG,TP+5%/SL-3%,342,48.0,-0.007,-0.04,-27.8,-2.3
-7.0,-4.0,6,2.0,NORMAL,TP+3%/SL-3%,475,48.4,-0.005,-0.04,-37.7,-2.5
-6.0,-4.0,3,2.0,NORMAL+STRONG,TP+2%/SL-2%,1258,47.9,-0.004,-0.04,-60.1,-5.4
-6.0,-3.0,5,2.0,ALL,TP+5%/SL-3%,1533,45.9,-0.006,-0.04,-74.1,-9.8
-8.0,-5.0,5,999.0,NORMAL,引け決済,583,48.9,-0.007,-0.04,-82.3,-4.3
-8.0,-6.0,4,0.0,NORMAL+STRONG,TP+3%/SL-3%,244,48.0,-0.006,-0.04,-30.8,-1.6
-5.0,-3.0,3,999.0,NORMAL,TP+2%/SL-2%,1640,47.6,-0.004,-0.04,-89.7,-7.2
-8.0,-4.0,3,999.0,NORMAL,TP+5%/SL-5%,1611,48.7,-0.008,-0.04,-130.3,-12.3
-8.0,-3.0,2,2.0,ALL,TP+5%/SL-5%,4845,48.7,-0.006,-0.04,-180.2,-27.7
-5.0,-4.0,3,999.0,NORMAL,TP+2%/SL-2%,650,47.7,-0.004,-0.04,-35.8,-2.6
-8.0,-5.0,5,2.0,NORMAL,TP+5%/SL-3%,508,47.6,-0.006,-0.04,-65.4,-3.3
-6.0,-4.0,5,0.0,NORMAL+STRONG,TP+3%/SL-3%,348,49.4,-0.005,-0.04,-33.4,-1.9
-8.0,-3.0,6,2.0,NORMAL,TP+3%/SL-3%,818,47.9,-0.005,-0.04,-53.7,-3.9
-5.0,-4.0,2,999.0,NORMAL+STRONG,TP+2%/SL-2%,1156,48.3,-0.005,-0.04,-43.6,-5.3
-8.0,-5.0,5,2.0,NORMAL,TP+3%/SL-3%,508,48.4,-0.006,-0.04,-56.4,-3.1
-6.0,-3.0,4,2.0,ALL,引け決済,2223,48.3,-0.007,-0.04,-102.2,-14.5
-5.0,-3.0,5,999.0,ALL,TP+5%/SL-5%,1329,48.1,-0.007,-0.05,-74.7,-9.6
-5.0,-4.0,2,2.0,ALL,TP+5%/SL-5%,1233,48.9,-0.008,-0.05,-96.0,-10.1
-6.0,-3.0,3,999.0,ALL,TP+5%/SL-3%,3463,46.2,-0.008,-0.05,-213.7,-27.2
-7.0,-6.0,6,2.0,NORMAL+STRONG,引け決済,156,50.0,-0.007,-0.05,-20.8,-1.1
-7.0,-3.0,2,2.0,NORMAL,引け決済,2708,48.9,-0.008,-0.05,-173.3,-21.1
-6.0,-4.0,2,999.0,NORMAL,TP+5%/SL-5%,1364,48.0,-0.008,-0.05,-91.1,-11.4
-7.0,-5.0,2,999.0,NORMAL+STRONG,TP+5%/SL-5%,1184,49.7,-0.008,-0.05,-111.6,-9.8
-7.0,-6.0,5,999.0,NORMAL,TP+3%/SL-3%,188,47.9,-0.006,-0.05,-20.7,-1.2
-5.0,-3.0,5,0.0,NORMAL,TP+5%/SL-3%,398,46.5,-0.007,-0.05,-46.7,-2.9
-8.0,-6.0,3,0.0,NORMAL+STRONG,TP+3%/SL-3%,320,48.8,-0.007,-0.05,-51.0,-2.2
-7.0,-4.0,3,2.0,NORMAL,TP+5%/SL-5%,1211,48.7,-0.008,-0.05,-119.8,-9.7
-8.0,-4.0,6,0.0,NORMAL+STRONG,TP+5%/SL-3%,374,45.5,-0.008,-0.05,-49.6,-3.0
-7.0,-4.0,6,999.0,NORMAL+STRONG,TP+5%/SL-5%,712,50.4,-0.008,-0.05,-57.5,-5.7
-7.0,-4.0,2,2.0,NORMAL,TP+5%/SL-5%,1507,48.9,-0.009,-0.05,-129.9,-13.6
-8.0,-5.0,5,999.0,NORMAL+STRONG,TP+5%/SL-5%,768,48.6,-0.009,-0.05,-97.0,-6.8
-4.0,-3.0,3,999.0,NORMAL,TP+2%/SL-2%,990,47.5,-0.005,-0.05,-60.4,-4.6
-8.0,-6.0,4,0.0,NORMAL,TP+5%/SL-3%,198,45.5,-0.008,-0.05,-34.3,-1.5
-8.0,-4.0,3,2.0,NORMAL,引け決済,1408,49.3,-0.011,-0.06,-129.9,-15.4
-8.0,-4.0,3,999.0,NORMAL,TP+5%/SL-3%,1611,46.0,-0.009,-0.06,-131.5,-13.9
-6.0,-3.0,2,0.0,NORMAL,引け決済,1250,49.7,-0.01,-0.06,-105.1,-12.6
-5.0,-3.0,2,999.0,ALL,TP+3%/SL-3%,3670,48.3,-0.007,-0.06,-171.6,-27.5
-8.0,-4.0,5,999.0,NORMAL+STRONG,TP+3%/SL-3%,1230,48.7,-0.008,-0.06,-64.7,-10.0
-8.0,-6.0,5,0.0,NORMAL+STRONG,TP+5%/SL-5%,198,47.5,-0.012,-0.06,-38.9,-2.4
-7.0,-6.0,4,999.0,NORMAL+STRONG,TP+5%/SL-3%,309,46.3,-0.01,-0.06,-28.3,-3.0
-6.0,-5.0,3,0.0,NORMAL+STRONG,引け決済,236,47.9,-0.011,-0.06,-34.9,-2.5
-8.0,-4.0,4,999.0,NORMAL+STRONG,TP+3%/SL-3%,1642,48.5,-0.008,-0.06,-68.5,-13.3
-7.0,-6.0,5,999.0,NORMAL+STRONG,TP+5%/SL-5%,245,48.6,-0.01,-0.06,-32.2,-2.5
-6.0,-4.0,2,2.0,NORMAL,TP+5%/SL-3%,1191,45.6,-0.009,-0.06,-82.6,-11.0
-5.0,-3.0,3,999.0,ALL,引け決済,2796,48.6,-0.009,-0.06,-168.0,-25.0
-5.0,-3.0,3,2.0,ALL,TP+3%/SL-3%,2523,48.4,-0.008,-0.06,-137.5,-19.4
-7.0,-4.0,3,2.0,NORMAL,引け決済,1211,49.1,-0.012,-0.07,-122.4,-14.9
-7.0,-4.0,3,999.0,NORMAL,TP+5%/SL-3%,1378,46.0,-0.011,-0.07,-113.7,-15.1
-6.0,-5.0,5,999.0,ALL,引け決済,377,47.2,-0.012,-0.07,-60.4,-4.5
-6.0,-4.0,4,999.0,NORMAL,TP+5%/SL-3%,809,46.1,-0.01,-0.07,-60.7,-8.3
-8.0,-5.0,4,2.0,NORMAL+STRONG,TP+5%/SL-3%,826,46.0,-0.011,-0.07,-68.0,-9.0
-5.0,-3.0,5,2.0,ALL,TP+3%/SL-3%,1211,47.8,-0.01,-0.07,-66.3,-11.6
-5.0,-4.0,5,999.0,ALL,TP+5%/SL-3%,550,46.7,-0.011,-0.07,-48.5,-5.9
-8.0,-4.0,2,999.0,NORMAL+STRONG,TP+3%/SL-3%,2706,48.6,-0.009,-0.07,-80.0,-24.4
-8.0,-3.0,2,2.0,NORMAL,引け決済,2933,49.0,-0.01,-0.07,-184.4,-30.4
-7.0,-5.0,6,999.0,NORMAL+STRONG,引け決済,407,49.9,-0.011,-0.07,-40.9,-4.5
-8.0,-4.0,5,999.0,NORMAL,TP+3%/SL-3%,923,48.4,-0.009,-0.07,-54.8,-8.6
-6.0,-5.0,5,2.0,NORMAL+STRONG,TP+5%/SL-3%,272,46.0,-0.012,-0.08,-34.3,-3.3
-6.0,-4.0,6,999.0,NORMAL+STRONG,TP+2%/SL-2%,533,48.0,-0.009,-0.08,-44.4,-4.7
-8.0,-4.0,6,0.0,NORMAL+STRONG,引け決済,374,49.2,-0.014,-0.08,-52.2,-5.1
-6.0,-5.0,5,2.0,NORMAL,引け決済,214,47.2,-0.013,-0.08,-29.1,-2.8
-7.0,-5.0,4,2.0,NORMAL+STRONG,TP+3%/SL-3%,618,47.2,-0.01,-0.08,-59.9,-6.5
-8.0,-6.0,5,999.0,NORMAL,TP+5%/SL-3%,331,47.1,-0.013,-0.08,-39.3,-4.3
-7.0,-3.0,2,0.0,NORMAL,TP+5%/SL-5%,1425,49.3,-0.014,-0.08,-117.5,-19.8
-6.0,-4.0,4,999.0,NORMAL+STRONG,TP+2%/SL-2%,1083,47.6,-0.009,-0.08,-59.0,-9.5
-7.0,-4.0,6,999.0,STRONG,TP+2%/SL-2%,177,49.7,-0.009,-0.08,-30.2,-1.5
-7.0,-3.0,6,999.0,NORMAL+STRONG,TP+2%/SL-2%,1114,47.5,-0.009,-0.08,-37.1,-9.5
-5.0,-4.0,3,999.0,ALL,TP+5%/SL-5%,1090,48.7,-0.012,-0.08,-62.6,-13.4
-5.0,-3.0,5,2.0,ALL,TP+5%/SL-5%,1211,47.6,-0.013,-0.08,-86.4,-15.8
-5.0,-4.0,3,0.0,ALL,TP+3%/SL-3%,522,49.2,-0.011,-0.08,-76.7,-5.7
-6.0,-5.0,5,2.0,NORMAL+STRONG,TP+3%/SL-3%,272,46.3,-0.013,-0.09,-40.6,-3.5
-7.0,-4.0,6,2.0,NORMAL,TP+2%/SL-2%,475,48.0,-0.01,-0.09,-41.1,-4.8
-4.0,-3.0,3,999.0,ALL,TP+3%/SL-3%,1706,47.9,-0.01,-0.09,-118.4,-17.9
-6.0,-4.0,6,2.0,NORMAL,TP+5%/SL-5%,351,50.1,-0.016,-0.09,-40.2,-5.5
-7.0,-3.0,2,2.0,NORMAL,TP+3%/SL-3%,2708,48.2,-0.012,-0.09,-133.8,-31.9
-8.0,-3.0,2,999.0,ALL,TP+5%/SL-5%,5497,48.3,-0.014,-0.09,-215.2,-76.1
-6.0,-4.0,5,2.0,NORMAL,TP+2%/SL-2%,527,47.2,-0.009,-0.09,-47.7,-4.8
-7.0,-3.0,5,999.0,NORMAL,TP+2%/SL-2%,1222,46.6,-0.01,-0.09,-107.0,-11.9
-6.0,-4.0,6,0.0,NORMAL+STRONG,TP+5%/SL-5%,228,51.3,-0.016,-0.09,-40.9,-3.7
-8.0,-6.0,6,2.0,NORMAL+STRONG,引け決済,288,50.7,-0.015,-0.09,-32.2,-4.4
-7.0,-3.0,3,999.0,NORMAL,TP+3%/SL-3%,2368,47.8,-0.012,-0.09,-123.9,-27.6
-7.0,-4.0,6,0.0,NORMAL+STRONG,引け決済,309,49.8,-0.016,-0.09,-45.2,-5.0
-8.0,-5.0,5,999.0,NORMAL,TP+5%/SL-5%,583,48.7,-0.015,-0.09,-78.5,-8.6
-6.0,-3.0,4,999.0,ALL,引け決済,2477,48.3,-0.014,-0.09,-109.0,-35.5
-6.0,-5.0,5,999.0,NORMAL+STRONG,TP+5%/SL-3%,325,46.5,-0.014,-0.09,-46.6,-4.6
-8.0,-4.0,5,0.0,NORMAL+STRONG,TP+3%/SL-3%,546,48.5,-0.014,-0.09,-48.3,-7.4
-7.0,-3.0,3,2.0,ALL,TP+5%/SL-3%,3483,46.5,-0.014,-0.1,-178.3,-49.4
-8.0,-6.0,3,0.0,NORMAL,TP+5%/SL-5%,257,48.2,-0.02,-0.1,-57.3,-5.1
-4.0,-3.0,5,999.0,NORMAL,引け決済,442,46.4,-0.014,-0.1,-71.5,-6.3
-4.0,-3.0,5,999.0,ALL,引け決済,779,47.2,-0.015,-0.1,-67.2,-11.7
-5.0,-3.0,3,2.0,ALL,引け決済,2523,48.7,-0.014,-0.1,-151.0,-36.3
-7.0,-6.0,5,0.0,NORMAL+STRONG,TP+5%/SL-3%,114,44.7,-0.015,-0.1,-27.4,-1.8
-7.0,-3.0,4,2.0,ALL,TP+3%/SL-3%,2529,48.0,-0.013,-0.1,-83.5,-32.1
-7.0,-4.0,4,999.0,NORMAL,TP+5%/SL-3%,1043,46.1,-0.015,-0.1,-74.9,-15.1
-5.0,-4.0,2,999.0,ALL,TP+5%/SL-3%,1396,46.3,-0.014,-0.1,-64.3,-19.5
-5.0,-4.0,2,2.0,ALL,TP+3%/SL-3%,1233,48.3,-0.014,-0.1,-82.2,-16.9
-6.0,-4.0,4,999.0,NORMAL,引け決済,809,48.5,-0.016,-0.1,-61.2,-13.3
-6.0,-4.0,6,999.0,NORMAL,TP+3%/SL-3%,400,48.8,-0.014,-0.1,-47.3,-5.5
-7.0,-3.0,2,999.0,ALL,TP+5%/SL-3%,5067,46.5,-0.014,-0.1,-233.4,-71.9
-7.0,-3.0,4,999.0,ALL,TP+5%/SL-3%,2831,46.3,-0.014,-0.1,-107.5,-39.6
-6.0,-3.0,6,0.0,NORMAL+STRONG,TP+3%/SL-3%,417,49.4,-0.014,-0.1,-42.3,-5.9
-8.0,-5.0,3,0.0,NORMAL+STRONG,TP+5%/SL-3%,556,45.0,-0.017,-0.1,-84.5,-9.3
-7.0,-3.0,2,999.0,NORMAL,TP+5%/SL-3%,3042,46.2,-0.016,-0.11,-144.9,-48.8
-8.0,-3.0,2,2.0,ALL,TP+5%/SL-3%,4845,46.8,-0.016,-0.11,-201.2,-76.3
-8.0,-5.0,5,2.0,NORMAL+STRONG,TP+3%/SL-3%,653,47.9,-0.015,-0.11,-83.0,-9.9
-7.0,-3.0,3,0.0,NORMAL,引け決済,1132,49.6,-0.018,-0.11,-127.1,-19.9
-6.0,-5.0,2,999.0,NORMAL+STRONG,TP+5%/SL-3%,707,45.1,-0.017,-0.11,-58.0,-11.7
-8.0,-3.0,6,0.0,NORMAL+STRONG,引け決済,563,49.2,-0.018,-0.11,-68.1,-10.3
-8.0,-3.0,3,999.0,NORMAL,TP+3%/SL-3%,2601,47.9,-0.014,-0.11,-133.0,-36.6
-6.0,-3.0,3,0.0,NORMAL+STRONG,TP+2%/SL-2%,1247,48.7,-0.012,-0.11,-52.9,-14.6
-8.0,-4.0,4,2.0,NORMAL+STRONG,TP+2%/SL-2%,1405,47.8,-0.012,-0.11,-60.0,-16.4
-6.0,-5.0,6,999.0,NORMAL+STRONG,TP+5%/SL-3%,228,48.7,-0.017,-0.11,-30.3,-3.9
-6.0,-5.0,6,999.0,NORMAL,引け決済,172,50.6,-0.019,-0.11,-25.7,-3.3
-6.0,-4.0,2,999.0,NORMAL,引け決済,1364,48.1,-0.019,-0.11,-105.9,-26.2
-5.0,-3.0,2,2.0,NORMAL,TP+2%/SL-2%,1946,47.8,-0.012,-0.12,-99.1,-23.9
-6.0,-4.0,4,999.0,NORMAL,TP+5%/SL-5%,809,48.1,-0.02,-0.12,-66.1,-16.0
-6.0,-3.0,2,2.0,ALL,TP+3%/SL-3%,4008,48.2,-0.015,-0.12,-220.4,-59.7
-7.0,-5.0,3,0.0,NORMAL+STRONG,TP+5%/SL-5%,415,48.0,-0.022,-0.12,-71.8,-9.2
-8.0,-3.0,4,2.0,NORMAL,TP+2%/SL-2%,1719,47.8,-0.013,-0.12,-97.9,-22.0
-8.0,-4.0,2,2.0,NORMAL,TP+5%/SL-3%,1732,46.1,-0.018,-0.12,-130.6,-32.0
-8.0,-3.0,4,2.0,ALL,TP+5%/SL-3%,2774,46.4,-0.018,-0.12,-117.0,-49.1
-8.0,-3.0,6,2.0,NORMAL,TP+5%/SL-3%,818,46.3,-0.017,-0.12,-76.2,-13.9
-5.0,-3.0,3,0.0,NORMAL,TP+2%/SL-2%,795,48.8,-0.013,-0.12,-50.3,-10.1
-6.0,-3.0,5,999.0,ALL,TP+5%/SL-5%,1706,47.9,-0.018,-0.12,-108.5,-30.9
-5.0,-4.0,5,0.0,NORMAL,引け決済,175,52.0,-0.022,-0.12,-33.2,-3.9
-7.0,-3.0,6,0.0,NORMAL+STRONG,引け決済,498,49.6,-0.02,-0.12,-61.1,-10.2
-6.0,-4.0,2,999.0,ALL,TP+5%/SL-5%,2245,47.9,-0.021,-0.12,-124.9,-46.3
-8.0,-6.0,5,2.0,NORMAL+STRONG,TP+3%/SL-3%,381,49.1,-0.017,-0.12,-46.0,-6.4
-6.0,-4.0,2,2.0,ALL,TP+5%/SL-5%,1952,48.3,-0.02,-0.12,-111.2,-39.0
-8.0,-3.0,2,999.0,NORMAL,TP+5%/SL-3%,3308,46.0,-0.019,-0.13,-163.4,-63.1
-7.0,-4.0,3,999.0,NORMAL,TP+5%/SL-5%,1378,48.5,-0.022,-0.13,-113.0,-30.3
-8.0,-3.0,3,999.0,NORMAL+STRONG,TP+2%/SL-2%,3632,47.8,-0.014,-0.13,-104.6,-49.6
-6.0,-3.0,5,999.0,ALL,TP+5%/SL-3%,1706,46.0,-0.018,-0.13,-96.6,-31.5
-7.0,-5.0,2,0.0,NORMAL+STRONG,TP+5%/SL-5%,505,48.9,-0.023,-0.13,-72.9,-11.4
-7.0,-3.0,2,999.0,ALL,引け決済,5067,48.6,-0.021,-0.13,-261.6,-104.3
-7.0,-5.0,3,999.0,NORMAL+STRONG,TP+5%/SL-3%,950,46.1,-0.021,-0.13,-65.5,-19.8
-8.0,-5.0,3,999.0,NORMAL+STRONG,TP+5%/SL-5%,1270,48.7,-0.024,-0.13,-96.5,-30.0
-8.0,-3.0,2,2.0,NORMAL,TP+3%/SL-3%,2933,48.1,-0.018,-0.13,-144.0,-51.9
-7.0,-6.0,6,2.0,STRONG,TP+5%/SL-3%,32,50.0,-0.022,-0.13,-12.8,-0.7
-6.0,-3.0,3,999.0,ALL,引け決済,3463,48.1,-0.023,-0.14,-261.7,-79.8
-7.0,-3.0,2,2.0,ALL,引け決済,4486,48.9,-0.022,-0.14,-211.9,-97.0
-7.0,-3.0,4,999.0,ALL,TP+5%/SL-5%,2831,48.0,-0.022,-0.14,-149.3,-62.0
-8.0,-4.0,6,999.0,NORMAL+STRONG,TP+5%/SL-3%,870,47.5,-0.022,-0.14,-54.6,-19.1
-8.0,-6.0,2,2.0,NORMAL+STRONG,TP+5%/SL-3%,707,47.5,-0.022,-0.14,-79.2,-15.7
-7.0,-3.0,6,0.0,NORMAL+STRONG,TP+5%/SL-3%,498,46.6,-0.022,-0.14,-53.9,-11.0
-7.0,-3.0,4,2.0,ALL,引け決済,2529,48.2,-0.022,-0.14,-119.7,-56.2
-6.0,-3.0,5,2.0,ALL,TP+5%/SL-5%,1533,47.4,-0.021,-0.14,-99.9,-32.8
-7.0,-3.0,5,2.0,ALL,TP+5%/SL-3%,1785,45.8,-0.02,-0.14,-90.1,-35.0
-7.0,-3.0,3,2.0,ALL,TP+5%/SL-5%,3483,48.1,-0.021,-0.14,-207.9,-73.1
-7.0,-5.0,4,0.0,NORMAL+STRONG,TP+5%/SL-5%,322,47.5,-0.025,-0.14,-50.6,-8.2
-6.0,-5.0,6,0.0,NORMAL+STRONG,引け決済,88,50.0,-0.021,-0.14,-20.3,-1.8
-7.0,-5.0,3,999.0,NORMAL+STRONG,TP+5%/SL-5%,950,48.9,-0.024,-0.14,-88.8,-22.6
-8.0,-6.0,4,0.0,NORMAL,TP+5%/SL-5%,198,48.0,-0.026,-0.14,-36.0,-5.1
-8.0,-5.0,4,0.0,NORMAL+STRONG,TP+5%/SL-3%,426,44.8,-0.022,-0.14,-46.9,-9.6
-6.0,-3.0,2,0.0,NORMAL,TP+5%/SL-3%,1250,47.0,-0.02,-0.14,-85.0,-25.6
-6.0,-5.0,5,999.0,NORMAL,TP+5%/SL-5%,252,48.4,-0.025,-0.15,-39.4,-6.3
-5.0,-4.0,3,2.0,ALL,TP+3%/SL-3%,975,48.4,-0.019,-0.15,-56.4,-18.7
-5.0,-4.0,2,999.0,ALL,引け決済,1396,48.5,-0.025,-0.15,-81.6,-35.0
-7.0,-4.0,5,999.0,NORMAL,TP+2%/SL-2%,780,46.9,-0.016,-0.15,-73.2,-12.6
-7.0,-3.0,3,0.0,NORMAL+STRONG,TP+2%/SL-2%,1426,48.7,-0.016,-0.15,-66.3,-23.2
-5.0,-4.0,5,2.0,ALL,TP+2%/SL-2%,495,47.5,-0.016,-0.15,-32.3,-7.9
-8.0,-4.0,5,999.0,STRONG,TP+2%/SL-2%,307,47.9,-0.018,-0.16,-43.1,-5.4
-7.0,-5.0,4,999.0,NORMAL+STRONG,TP+5%/SL-5%,736,48.1,-0.027,-0.16,-92.7,-20.2
-5.0,-4.0,4,0.0,ALL,TP+3%/SL-3%,367,48.2,-0.022,-0.16,-45.1,-8.0
-7.0,-6.0,4,0.0,NORMAL+STRONG,TP+3%/SL-3%,140,47.1,-0.023,-0.16,-24.3,-3.3
-8.0,-3.0,3,0.0,NORMAL,引け決済,1245,49.4,-0.027,-0.16,-127.6,-34.0
-7.0,-4.0,3,999.0,NORMAL,引け決済,1378,48.8,-0.028,-0.16,-124.1,-38.3
-5.0,-4.0,2,0.0,ALL,TP+5%/SL-5%,652,49.7,-0.027,-0.16,-111.1,-17.3
-5.0,-4.0,5,2.0,ALL,TP+3%/SL-3%,495,48.7,-0.022,-0.16,-40.4,-10.8
-5.0,-4.0,3,2.0,ALL,TP+5%/SL-5%,975,48.9,-0.025,-0.16,-74.5,-24.7
-8.0,-4.0,6,999.0,NORMAL+STRONG,TP+5%/SL-5%,870,50.1,-0.026,-0.16,-70.4,-22.7
-7.0,-4.0,2,2.0,NORMAL,TP+5%/SL-3%,1507,46.1,-0.023,-0.16,-113.5,-35.1
-7.0,-3.0,2,999.0,NORMAL,引け決済,3042,48.3,-0.026,-0.16,-190.7,-79.6
-8.0,-5.0,5,0.0,NORMAL+STRONG,TP+5%/SL-5%,333,47.7,-0.028,-0.16,-57.0,-9.3
-8.0,-6.0,5,0.0,NORMAL,TP+5%/SL-5%,160,48.1,-0.029,-0.16,-33.4,-4.7
-8.0,-5.0,2,999.0,NORMAL+STRONG,TP+5%/SL-5%,1550,49.0,-0.029,-0.16,-125.7,-45.5
-6.0,-5.0,4,999.0,NORMAL+STRONG,TP+5%/SL-5%,427,47.8,-0.028,-0.16,-61.2,-11.8
-7.0,-6.0,4,999.0,NORMAL+STRONG,TP+5%/SL-5%,309,48.5,-0.027,-0.16,-36.0,-8.3
-5.0,-3.0,3,999.0,ALL,TP+3%/SL-3%,2796,48.0,-0.022,-0.17,-160.9,-60.6
-8.0,-4.0,6,999.0,NORMAL,TP+3%/SL-3%,651,48.5,-0.024,-0.17,-47.5,-15.4
-6.0,-3.0,4,999.0,NORMAL,TP+2%/SL-2%,1499,47.2,-0.017,-0.17,-82.4,-26.1
-5.0,-4.0,4,999.0,ALL,TP+3%/SL-3%,781,48.4,-0.022,-0.17,-50.0,-17.3
-8.0,-4.0,4,999.0,NORMAL,TP+5%/SL-3%,1221,46.0,-0.025,-0.17,-83.1,-30.9
-5.0,-3.0,3,0.0,ALL,TP+5%/SL-3%,1291,47.3,-0.025,-0.17,-122.7,-32.0
-8.0,-6.0,6,2.0,NORMAL+STRONG,TP+3%/SL-3%,288,49.3,-0.024,-0.17,-34.5,-6.8
-6.0,-3.0,3,2.0,ALL,引け決済,3090,48.1,-0.027,-0.17,-217.9,-82.9
-6.0,-3.0,6,0.0,NORMAL+STRONG,TP+5%/SL-5%,417,50.4,-0.029,-0.17,-59.3,-12.1
-7.0,-5.0,6,2.0,NORMAL+STRONG,TP+3%/SL-3%,342,48.8,-0.023,-0.17,-42.5,-7.9
-7.0,-4.0,5,0.0,NORMAL+STRONG,TP+3%/SL-3%,462,48.5,-0.024,-0.17,-43.5,-11.3
-8.0,-3.0,3,2.0,ALL,TP+5%/SL-3%,3798,46.3,-0.024,-0.17,-202.8,-92.4
-4.0,-3.0,6,0.0,NORMAL+STRONG,引け決済,189,49.2,-0.027,-0.17,-24.9,-5.2
-7.0,-5.0,5,999.0,NORMAL+STRONG,TP+5%/SL-3%,570,46.3,-0.026,-0.17,-68.0,-14.6
-8.0,-3.0,3,2.0,ALL,TP+5%/SL-5%,3798,48.1,-0.026,-0.17,-227.0,-98.5
-7.0,-3.0,3,999.0,ALL,TP+5%/SL-5%,3916,48.0,-0.027,-0.17,-229.2,-104.3
-6.0,-3.0,5,999.0,NORMAL,TP+2%/SL-2%,1034,46.1,-0.019,-0.18,-98.3,-19.6
-5.0,-4.0,2,0.0,ALL,TP+3%/SL-3%,652,48.8,-0.025,-0.18,-105.4,-16.0
-8.0,-4.0,3,0.0,NORMAL,TP+5%/SL-5%,779,48.5,-0.033,-0.18,-103.7,-25.5
-6.0,-3.0,5,999.0,ALL,引け決済,1706,47.9,-0.028,-0.18,-96.7,-48.5
-7.0,-5.0,2,999.0,NORMAL+STRONG,TP+5%/SL-3%,1184,46.4,-0.028,-0.18,-87.6,-33.1
-5.0,-3.0,5,999.0,ALL,TP+3%/SL-3%,1329,47.8,-0.024,-0.18,-77.0,-31.3
-8.0,-4.0,3,999.0,NORMAL,引け決済,1611,48.8,-0.031,-0.18,-136.5,-50.6
-7.0,-4.0,4,999.0,NORMAL,TP+5%/SL-5%,1043,48.1,-0.029,-0.18,-76.4,-30.6
-6.0,-4.0,3,2.0,NORMAL,TP+3%/SL-3%,948,47.2,-0.024,-0.18,-58.1,-23.1
-7.0,-5.0,3,2.0,NORMAL+STRONG,TP+3%/SL-3%,796,47.9,-0.025,-0.18,-61.8,-19.8
-6.0,-3.0,4,999.0,ALL,TP+3%/SL-3%,2477,47.9,-0.023,-0.18,-115.6,-55.8
-6.0,-4.0,2,0.0,NORMAL,引け決済,633,49.4,-0.031,-0.18,-101.6,-19.5
-5.0,-4.0,4,999.0,ALL,TP+5%/SL-5%,781,48.5,-0.029,-0.18,-48.1,-22.9
-7.0,-4.0,6,999.0,NORMAL+STRONG,TP+3%/SL-3%,712,48.9,-0.026,-0.18,-43.0,-18.2
-5.0,-3.0,4,999.0,ALL,TP+2%/SL-2%,1971,47.7,-0.019,-0.18,-65.4,-36.7
-6.0,-4.0,2,2.0,NORMAL+STRONG,TP+2%/SL-2%,1583,47.6,-0.019,-0.18,-78.5,-30.2
-8.0,-5.0,2,999.0,NORMAL+STRONG,引け決済,1550,49.4,-0.034,-0.18,-117.9,-52.6
-6.0,-4.0,6,999.0,NORMAL,TP+5%/SL-5%,400,50.5,-0.032,-0.18,-56.6,-12.6
-8.0,-6.0,6,2.0,NORMAL+STRONG,TP+5%/SL-5%,288,50.0,-0.03,-0.18,-36.6,-8.6
-8.0,-3.0,4,2.0,ALL,TP+5%/SL-5%,2774,47.8,-0.028,-0.18,-142.0,-78.4
-8.0,-3.0,2,999.0,NORMAL,引け決済,3308,48.3,-0.03,-0.18,-212.2,-97.8
-7.0,-3.0,3,999.0,ALL,TP+5%/SL-3%,3916,46.0,-0.027,-0.19,-238.8,-106.2
-8.0,-4.0,3,2.0,NORMAL,TP+3%/SL-3%,1408,47.9,-0.026,-0.19,-104.7,-37.3
-5.0,-3.0,5,2.0,ALL,TP+2%/SL-2%,1211,46.7,-0.019,-0.19,-62.9,-23.6
-6.0,-3.0,4,0.0,NORMAL+STRONG,TP+2%/SL-2%,896,48.5,-0.02,-0.19,-42.7,-18.0
-8.0,-6.0,2,2.0,NORMAL,TP+5%/SL-5%,541,50.1,-0.034,-0.19,-80.3,-18.6
-8.0,-6.0,4,2.0,NORMAL+STRONG,TP+3%/SL-3%,471,48.6,-0.027,-0.19,-39.5,-12.6
-7.0,-4.0,6,999.0,NORMAL,引け決済,535,50.1,-0.034,-0.19,-59.4,-18.0
-5.0,-3.0,4,0.0,NORMAL,TP+2%/SL-2%,562,48.6,-0.02,-0.19,-47.7,-11.2
-6.0,-4.0,6,2.0,ALL,TP+5%/SL-3%,546,46.3,-0.029,-0.19,-42.5,-15.6
-6.0,-5.0,2,2.0,ALL,引け決済,719,47.4,-0.034,-0.19,-70.8,-24.6
-6.0,-4.0,2,2.0,ALL,TP+5%/SL-3%,1952,45.9,-0.028,-0.19,-132.9,-54.9
-5.0,-3.0,4,0.0,ALL,TP+5%/SL-3%,893,47.4,-0.028,-0.19,-72.8,-24.9
-8.0,-6.0,5,0.0,NORMAL+STRONG,TP+3%/SL-3%,198,47.0,-0.028,-0.19,-33.0,-5.6
-7.0,-6.0,5,999.0,NORMAL,引け決済,188,48.9,-0.033,-0.2,-39.7,-6.2
-7.0,-6.0,4,999.0,NORMAL,TP+5%/SL-3%,234,46.2,-0.029,-0.2,-28.6,-6.8
-6.0,-4.0,2,999.0,ALL,引け決済,2245,48.1,-0.035,-0.2,-163.5,-77.9
-4.0,-3.0,5,2.0,ALL,引け決済,716,46.4,-0.029,-0.2,-63.6,-20.6
-8.0,-6.0,2,2.0,NORMAL+STRONG,TP+5%/SL-5%,707,50.4,-0.036,-0.2,-81.6,-25.7
-7.0,-4.0,4,999.0,NORMAL+STRONG,TP+2%/SL-2%,1392,47.5,-0.021,-0.2,-57.2,-28.9
-5.0,-4.0,6,0.0,NORMAL,TP+5%/SL-3%,114,45.6,-0.034,-0.2,-21.0,-3.8
-8.0,-4.0,4,999.0,NORMAL,TP+5%/SL-5%,1221,48.1,-0.034,-0.2,-80.3,-41.2
-5.0,-3.0,2,0.0,ALL,TP+5%/SL-5%,1674,48.8,-0.031,-0.2,-152.7,-51.9
-8.0,-6.0,3,2.0,STRONG,TP+5%/SL-5%,141,49.6,-0.034,-0.2,-21.1,-4.8
-5.0,-4.0,3,0.0,ALL,TP+5%/SL-5%,522,50.0,-0.034,-0.2,-97.0,-17.8
-7.0,-4.0,3,2.0,NORMAL,TP+3%/SL-3%,1211,47.6,-0.027,-0.2,-89.6,-32.4
-8.0,-4.0,2,0.0,NORMAL,TP+5%/SL-5%,937,48.9,-0.037,-0.2,-113.4,-34.5
-8.0,-6.0,3,2.0,NORMAL,TP+3%/SL-3%,460,49.6,-0.031,-0.21,-60.8,-14.1
-5.0,-3.0,5,999.0,ALL,引け決済,1329,48.2,-0.033,-0.21,-96.0,-44.0
-7.0,-6.0,5,999.0,NORMAL+STRONG,引け決済,245,49.0,-0.034,-0.21,-41.0,-8.3
-7.0,-3.0,2,2.0,ALL,TP+3%/SL-3%,4486,48.2,-0.027,-0.21,-221.8,-122.5
-4.0,-3.0,2,2.0,ALL,TP+2%/SL-2%,2056,48.0,-0.021,-0.21,-105.1,-42.2
-6.0,-5.0,6,2.0,NORMAL,TP+5%/SL-5%,145,50.3,-0.033,-0.21,-26.1,-4.8
-7.0,-3.0,4,999.0,NORMAL,TP+2%/SL-2%,1733,47.3,-0.021,-0.21,-101.2,-36.7
-6.0,-4.0,5,2.0,ALL,TP+5%/SL-3%,817,45.9,-0.031,-0.21,-63.5,-25.7
-8.0,-6.0,6,2.0,NORMAL+STRONG,TP+5%/SL-3%,288,47.9,-0.032,-0.21,-44.6,-9.3
-7.0,-4.0,2,2.0,NORMAL,引け決済,1507,49.0,-0.036,-0.21,-140.1,-53.8
-8.0,-3.0,2,2.0,ALL,引け決済,4845,48.7,-0.034,-0.21,-247.6,-163.1
-5.0,-4.0,4,2.0,ALL,TP+5%/SL-5%,701,48.6,-0.033,-0.21,-49.8,-23.0
-8.0,-4.0,3,0.0,NORMAL,TP+5%/SL-3%,779,45.1,-0.034,-0.21,-93.9,-26.8
-5.0,-4.0,3,999.0,ALL,引け決済,1090,48.9,-0.036,-0.21,-70.1,-38.8
-8.0,-4.0,2,2.0,NORMAL,引け決済,1732,49.1,-0.036,-0.21,-162.8,-63.0
-8.0,-6.0,5,0.0,NORMAL+STRONG,引け決済,198,48.0,-0.038,-0.21,-37.6,-7.6
-6.0,-3.0,5,2.0,ALL,引け決済,1533,47.4,-0.033,-0.21,-97.6,-50.3
-8.0,-5.0,3,999.0,NORMAL+STRONG,TP+5%/SL-3%,1270,45.7,-0.034,-0.21,-88.2,-43.2
-5.0,-3.0,3,0.0,ALL,TP+5%/SL-5%,1291,48.9,-0.035,-0.22,-150.5,-45.6
-8.0,-6.0,5,999.0,NORMAL,TP+3%/SL-3%,331,48.6,-0.032,-0.22,-31.2,-10.5
-6.0,-4.0,5,2.0,ALL,引け決済,817,48.3,-0.036,-0.22,-73.3,-29.7
-8.0,-4.0,2,999.0,NORMAL,TP+5%/SL-5%,1990,48.2,-0.037,-0.22,-152.3,-73.4
-7.0,-6.0,3,2.0,NORMAL,TP+5%/SL-3%,263,47.9,-0.034,-0.22,-46.0,-8.9
-4.0,-3.0,5,2.0,ALL,TP+2%/SL-2%,716,46.2,-0.022,-0.22,-51.1,-15.7
-5.0,-4.0,4,2.0,ALL,引け決済,701,49.1,-0.036,-0.22,-56.2,-25.3
-7.0,-4.0,2,2.0,NORMAL+STRONG,TP+2%/SL-2%,1992,47.8,-0.024,-0.22,-82.7,-47.2
-8.0,-3.0,2,999.0,ALL,TP+5%/SL-3%,5497,46.1,-0.033,-0.22,-297.9,-180.1
-8.0,-3.0,2,999.0,ALL,引け決済,5497,48.4,-0.037,-0.22,-326.0,-202.0
-8.0,-3.0,3,999.0,ALL,TP+5%/SL-5%,4291,47.8,-0.035,-0.22,-268.0,-148.9
-6.0,-4.0,3,0.0,NORMAL,TP+5%/SL-5%,522,48.7,-0.039,-0.22,-68.1,-20.4
-8.0,-6.0,3,2.0,NORMAL,引け決済,460,50.4,-0.039,-0.22,-60.1,-17.8
-8.0,-5.0,2,0.0,NORMAL+STRONG,TP+5%/SL-3%,666,45.3,-0.037,-0.22,-104.1,-24.9
-6.0,-4.0,5,999.0,ALL,引け決済,927,48.5,-0.04,-0.23,-79.3,-36.8
-5.0,-3.0,6,999.0,NORMAL,TP+5%/SL-3%,488,44.7,-0.034,-0.23,-46.8,-16.5
-8.0,-5.0,6,2.0,STRONG,TP+5%/SL-3%,106,46.2,-0.036,-0.23,-21.4,-3.8
-4.0,-3.0,2,0.0,ALL,TP+5%/SL-5%,1022,48.2,-0.034,-0.23,-75.7,-34.6
-4.0,-3.0,5,0.0,NORMAL+STRONG,TP+2%/SL-2%,295,47.1,-0.024,-0.23,-33.6,-7.0
-8.0,-5.0,4,999.0,NORMAL+STRONG,引け決済,986,48.0,-0.04,-0.23,-79.0,-39.6
-7.0,-4.0,6,999.0,NORMAL,TP+5%/SL-3%,535,46.9,-0.034,-0.23,-54.4,-18.4
-8.0,-6.0,6,0.0,NORMAL+STRONG,TP+5%/SL-3%,146,41.8,-0.038,-0.23,-28.0,-5.5
-6.0,-3.0,2,999.0,NORMAL,TP+3%/SL-3%,2682,47.3,-0.03,-0.23,-123.6,-80.0
-6.0,-5.0,2,2.0,ALL,TP+5%/SL-5%,719,47.1,-0.04,-0.24,-64.2,-29.0
-4.0,-3.0,2,999.0,NORMAL,TP+2%/SL-2%,1318,47.2,-0.024,-0.24,-63.1,-31.7
-6.0,-3.0,5,2.0,ALL,TP+3%/SL-3%,1533,47.0,-0.031,-0.24,-88.4,-47.6
-8.0,-5.0,5,999.0,STRONG,TP+5%/SL-3%,185,45.4,-0.038,-0.24,-35.4,-7.0
-7.0,-3.0,5,2.0,ALL,TP+5%/SL-5%,1785,47.3,-0.038,-0.24,-117.5,-67.6
-8.0,-3.0,2,0.0,NORMAL,TP+5%/SL-3%,1554,46.5,-0.037,-0.24,-116.1,-58.1
-6.0,-4.0,3,2.0,ALL,TP+5%/SL-3%,1542,45.5,-0.036,-0.24,-108.9,-55.9
-8.0,-4.0,6,999.0,NORMAL,TP+5%/SL-3%,651,47.2,-0.035,-0.24,-51.5,-23.1
-7.0,-4.0,6,2.0,NORMAL,TP+5%/SL-5%,475,49.5,-0.041,-0.24,-57.2,-19.3
-4.0,-3.0,3,0.0,ALL,TP+5%/SL-5%,769,48.1,-0.036,-0.24,-64.2,-27.8
-8.0,-6.0,2,2.0,STRONG,TP+5%/SL-5%,166,51.2,-0.043,-0.24,-21.1,-7.1
-4.0,-3.0,5,2.0,NORMAL,引け決済,413,45.8,-0.034,-0.24,-64.1,-14.2
-7.0,-6.0,2,2.0,NORMAL+STRONG,TP+3%/SL-3%,409,50.9,-0.034,-0.24,-45.0,-13.9
-7.0,-6.0,5,999.0,STRONG,引け決済,57,49.1,-0.037,-0.24,-9.7,-2.1
-7.0,-4.0,4,999.0,NORMAL,引け決済,1043,48.4,-0.04,-0.24,-88.6,-42.0
-8.0,-6.0,2,2.0,NORMAL,TP+5%/SL-3%,541,47.1,-0.039,-0.24,-77.5,-21.0
-7.0,-6.0,3,2.0,NORMAL,TP+3%/SL-3%,263,49.4,-0.035,-0.25,-44.1,-9.2
-6.0,-5.0,6,2.0,NORMAL,TP+5%/SL-3%,145,47.6,-0.036,-0.25,-25.3,-5.2
-6.0,-5.0,6,999.0,NORMAL+STRONG,TP+3%/SL-3%,228,49.6,-0.036,-0.25,-33.7,-8.2
-8.0,-4.0,6,999.0,NORMAL+STRONG,TP+3%/SL-3%,870,48.7,-0.035,-0.25,-56.4,-30.3
-8.0,-4.0,6,999.0,NORMAL,引け決済,651,50.1,-0.043,-0.25,-54.8,-27.8
-6.0,-5.0,5,999.0,NORMAL+STRONG,TP+3%/SL-3%,325,47.1,-0.035,-0.25,-47.6,-11.4
-5.0,-4.0,2,2.0,NORMAL,TP+2%/SL-2%,745,47.4,-0.026,-0.25,-43.6,-19.3
-5.0,-4.0,4,999.0,ALL,引け決済,781,49.0,-0.041,-0.25,-60.3,-31.9
-6.0,-4.0,2,2.0,ALL,引け決済,1952,48.3,-0.042,-0.25,-152.5,-82.9
-6.0,-4.0,6,0.0,NORMAL+STRONG,TP+3%/SL-3%,228,48.7,-0.036,-0.25,-32.7,-8.1
-6.0,-4.0,3,999.0,NORMAL,TP+3%/SL-3%,1078,47.1,-0.035,-0.26,-70.9,-37.5
-5.0,-3.0,5,2.0,ALL,引け決済,1211,47.7,-0.04,-0.26,-95.0,-48.3
-8.0,-3.0,2,999.0,NORMAL+STRONG,TP+2%/SL-2%,4624,47.5,-0.027,-0.26,-138.4,-124.4
-7.0,-5.0,6,2.0,NORMAL+STRONG,TP+2%/SL-2%,342,48.5,-0.028,-0.26,-35.2,-9.6
-7.0,-5.0,2,2.0,NORMAL+STRONG,TP+3%/SL-3%,991,48.2,-0.037,-0.26,-85.5,-36.4
-8.0,-6.0,5,2.0,NORMAL+STRONG,TP+2%/SL-2%,381,47.8,-0.028,-0.26,-30.5,-10.6
-5.0,-4.0,4,2.0,ALL,TP+2%/SL-2%,701,47.2,-0.027,-0.26,-37.4,-18.8
-7.0,-6.0,5,999.0,NORMAL+STRONG,TP+5%/SL-3%,245,46.1,-0.041,-0.27,-25.4,-10.0
-6.0,-3.0,2,999.0,ALL,TP+3%/SL-3%,4519,47.6,-0.035,-0.27,-302.6,-156.1
-6.0,-5.0,6,2.0,NORMAL,TP+3%/SL-3%,145,47.6,-0.037,-0.27,-26.7,-5.4
-6.0,-3.0,6,2.0,ALL,TP+5%/SL-3%,979,45.4,-0.039,-0.27,-111.9,-37.9
-7.0,-3.0,2,0.0,NORMAL,TP+5%/SL-3%,1425,46.7,-0.04,-0.27,-110.3,-56.7
-8.0,-3.0,3,999.0,ALL,TP+5%/SL-3%,4291,45.7,-0.039,-0.27,-267.7,-166.9
-6.0,-4.0,3,999.0,ALL,TP+5%/SL-3%,1757,45.2,-0.041,-0.27,-140.6,-71.3
-6.0,-5.0,2,999.0,ALL,引け決済,849,47.3,-0.051,-0.27,-100.3,-42.9
-6.0,-4.0,6,2.0,ALL,引け決済,546,49.1,-0.046,-0.27,-55.5,-25.1
-8.0,-3.0,4,0.0,NORMAL,TP+5%/SL-3%,911,46.2,-0.042,-0.27,-90.2,-37.9
-5.0,-3.0,2,0.0,ALL,TP+5%/SL-3%,1674,47.1,-0.038,-0.27,-143.8,-63.5
-8.0,-3.0,5,999.0,NORMAL,TP+2%/SL-2%,1365,46.4,-0.028,-0.27,-111.8,-38.3
-7.0,-4.0,2,2.0,ALL,TP+5%/SL-3%,2430,46.2,-0.041,-0.27,-127.8,-98.6
-7.0,-3.0,3,2.0,ALL,引け決済,3483,48.2,-0.042,-0.27,-226.6,-145.0
-7.0,-3.0,5,999.0,ALL,TP+5%/SL-5%,1989,47.6,-0.042,-0.27,-131.0,-83.9
-8.0,-6.0,5,999.0,NORMAL,引け決済,331,49.2,-0.045,-0.27,-53.6,-14.9
-8.0,-6.0,6,999.0,NORMAL,TP+3%/SL-3%,251,48.2,-0.039,-0.28,-29.9,-9.9
-6.0,-5.0,2,2.0,NORMAL+STRONG,TP+3%/SL-3%,582,46.4,-0.039,-0.28,-55.5,-22.6
-5.0,-4.0,6,0.0,NORMAL,TP+2%/SL-2%,114,47.4,-0.031,-0.28,-14.3,-3.5
-6.0,-4.0,4,999.0,NORMAL,TP+3%/SL-3%,809,47.2,-0.038,-0.28,-57.8,-30.4
-8.0,-3.0,4,2.0,ALL,引け決済,2774,47.8,-0.044,-0.28,-144.5,-122.4
-7.0,-6.0,3,999.0,NORMAL+STRONG,TP+5%/SL-3%,396,47.2,-0.043,-0.28,-52.4,-17.0
-6.0,-5.0,2,999.0,ALL,TP+5%/SL-5%,849,47.1,-0.048,-0.28,-92.8,-41.2
-4.0,-3.0,6,0.0,NORMAL+STRONG,TP+5%/SL-5%,189,49.2,-0.044,-0.28,-29.4,-8.4
-7.0,-4.0,6,999.0,NORMAL,TP+3%/SL-3%,535,48.0,-0.039,-0.28,-49.1,-21.1
-8.0,-3.0,6,2.0,NORMAL,引け決済,818,48.3,-0.045,-0.28,-92.4,-36.9
-7.0,-3.0,4,999.0,ALL,引け決済,2831,48.0,-0.045,-0.28,-142.8,-128.6
-7.0,-4.0,6,0.0,NORMAL+STRONG,TP+5%/SL-3%,309,45.6,-0.045,-0.28,-38.3,-13.8
-5.0,-4.0,2,999.0,ALL,TP+3%/SL-3%,1396,47.8,-0.039,-0.29,-95.9,-53.8
-6.0,-3.0,6,2.0,NORMAL,TP+5%/SL-3%,595,45.0,-0.042,-0.29,-59.9,-25.1
-7.0,-6.0,2,999.0,NORMAL+STRONG,TP+5%/SL-3%,477,48.2,-0.045,-0.29,-63.9,-21.4
-6.0,-3.0,3,2.0,ALL,TP+3%/SL-3%,3090,47.5,-0.037,-0.29,-236.5,-113.6
-6.0,-4.0,3,999.0,NORMAL+STRONG,TP+2%/SL-2%,1464,47.1,-0.031,-0.29,-92.4,-44.8
-8.0,-3.0,4,999.0,ALL,TP+5%/SL-3%,3120,45.8,-0.042,-0.29,-182.2,-131.5
-8.0,-3.0,5,2.0,ALL,TP+5%/SL-3%,1982,45.6,-0.043,-0.29,-134.1,-84.6
-7.0,-4.0,6,999.0,NORMAL+STRONG,TP+2%/SL-2%,712,47.6,-0.032,-0.29,-51.9,-22.7
-8.0,-3.0,4,999.0,ALL,TP+5%/SL-5%,3120,47.5,-0.047,-0.3,-196.1,-148.1
-8.0,-3.0,4,0.0,NORMAL,TP+5%/SL-5%,911,48.3,-0.05,-0.3,-100.9,-45.9
-7.0,-3.0,3,999.0,ALL,引け決済,3916,48.0,-0.049,-0.3,-291.4,-191.4
-5.0,-4.0,3,999.0,ALL,TP+3%/SL-3%,1090,48.0,-0.039,-0.3,-74.7,-42.7
-7.0,-4.0,2,2.0,ALL,TP+5%/SL-5%,2430,48.5,-0.049,-0.3,-143.4,-119.1
-8.0,-3.0,6,0.0,NORMAL+STRONG,TP+3%/SL-3%,563,47.8,-0.043,-0.3,-58.2,-24.0
-8.0,-6.0,3,0.0,ALL,TP+5%/SL-3%,400,44.2,-0.05,-0.3,-55.6,-20.2
-6.0,-5.0,6,999.0,ALL,TP+5%/SL-5%,262,50.4,-0.052,-0.3,-52.0,-13.7
-5.0,-3.0,6,999.0,NORMAL,TP+3%/SL-3%,488,46.7,-0.04,-0.3,-49.9,-19.3
-6.0,-3.0,2,0.0,ALL,TP+5%/SL-5%,2055,48.3,-0.048,-0.3,-159.6,-99.0
-7.0,-4.0,4,999.0,NORMAL,TP+3%/SL-3%,1043,47.3,-0.041,-0.3,-71.0,-42.5
-6.0,-4.0,3,999.0,ALL,TP+5%/SL-5%,1757,47.5,-0.049,-0.3,-157.5,-86.7
-7.0,-3.0,5,999.0,ALL,TP+5%/SL-3%,1989,45.6,-0.043,-0.3,-122.7,-85.7
-8.0,-4.0,4,999.0,NORMAL,引け決済,1221,48.3,-0.05,-0.3,-89.4,-60.8
-8.0,-3.0,4,2.0,ALL,TP+3%/SL-3%,2774,47.6,-0.039,-0.3,-128.9,-107.3
-5.0,-4.0,2,2.0,ALL,引け決済,1233,48.8,-0.047,-0.3,-109.2,-58.2
-6.0,-4.0,6,2.0,NORMAL,TP+2%/SL-2%,351,47.3,-0.032,-0.3,-38.7,-11.2
-7.0,-5.0,5,2.0,NORMAL,TP+3%/SL-3%,386,46.6,-0.04,-0.3,-50.7,-15.4
-8.0,-3.0,3,2.0,ALL,引け決済,3798,48.1,-0.049,-0.31,-250.4,-187.8
-7.0,-4.0,2,999.0,NORMAL,TP+5%/SL-5%,1724,48.2,-0.053,-0.31,-135.2,-90.9
-6.0,-3.0,2,0.0,NORMAL+STRONG,TP+2%/SL-2%,1571,48.1,-0.033,-0.31,-78.3,-51.2
-8.0,-5.0,6,2.0,NORMAL,TP+2%/SL-2%,368,48.4,-0.034,-0.31,-44.8,-12.5
-7.0,-3.0,2,0.0,NORMAL,引け決済,1425,49.3,-0.052,-0.31,-143.2,-74.6
-7.0,-3.0,5,2.0,ALL,TP+3%/SL-3%,1785,46.9,-0.042,-0.31,-104.3,-74.1
-7.0,-3.0,4,0.0,NORMAL+STRONG,TP+2%/SL-2%,1036,48.4,-0.032,-0.31,-54.4,-33.5
-7.0,-6.0,6,2.0,NORMAL,引け決済,124,48.4,-0.05,-0.31,-24.4,-6.2
-7.0,-6.0,2,2.0,NORMAL+STRONG,引け決済,409,52.6,-0.055,-0.31,-68.8,-22.5
-8.0,-5.0,6,999.0,NORMAL+STRONG,引け決済,565,49.6,-0.052,-0.31,-54.4,-29.5
-6.0,-5.0,5,0.0,NORMAL+STRONG,TP+5%/SL-5%,135,48.1,-0.052,-0.31,-25.4,-7.0
-5.0,-3.0,6,2.0,NORMAL,TP+5%/SL-3%,450,44.2,-0.044,-0.31,-50.2,-19.8
-8.0,-3.0,6,0.0,NORMAL+STRONG,TP+5%/SL-5%,563,48.7,-0.053,-0.31,-76.6,-29.9
-6.0,-4.0,2,2.0,NORMAL,TP+3%/SL-3%,1191,46.8,-0.041,-0.31,-71.7,-49.0
-6.0,-4.0,3,999.0,ALL,引け決済,1757,47.8,-0.053,-0.31,-182.4,-93.7
-4.0,-3.0,3,0.0,NORMAL,TP+2%/SL-2%,466,48.7,-0.033,-0.32,-37.7,-15.2
-5.0,-4.0,3,2.0,ALL,引け決済,975,49.0,-0.053,-0.32,-77.7,-51.5
-8.0,-5.0,4,999.0,NORMAL+STRONG,TP+5%/SL-5%,986,47.6,-0.054,-0.32,-97.7,-53.4
-7.0,-6.0,3,0.0,NORMAL,TP+5%/SL-3%,144,45.1,-0.051,-0.32,-31.2,-7.3
-6.0,-4.0,2,999.0,ALL,TP+5%/SL-3%,2245,45.2,-0.048,-0.32,-173.7,-107.5
-6.0,-3.0,3,0.0,NORMAL,TP+3%/SL-3%,988,48.6,-0.043,-0.32,-87.9,-42.6
-6.0,-5.0,2,0.0,ALL,引け決済,381,47.0,-0.059,-0.32,-37.3,-22.4
-8.0,-4.0,6,0.0,NORMAL+STRONG,TP+5%/SL-5%,374,48.4,-0.058,-0.32,-60.8,-21.5
-4.0,-3.0,5,999.0,ALL,TP+2%/SL-2%,779,46.2,-0.033,-0.32,-58.7,-25.4
-8.0,-3.0,6,2.0,NORMAL,TP+2%/SL-2%,818,46.5,-0.034,-0.32,-58.8,-28.0
-7.0,-4.0,5,2.0,ALL,TP+5%/SL-3%,1069,45.7,-0.048,-0.32,-81.2,-50.9
-7.0,-5.0,4,999.0,NORMAL+STRONG,TP+5%/SL-3%,736,45.4,-0.048,-0.32,-76.1,-35.3
-7.0,-5.0,6,2.0,NORMAL,TP+3%/SL-3%,269,47.6,-0.045,-0.32,-43.0,-12.2
-6.0,-4.0,5,999.0,NORMAL,TP+2%/SL-2%,592,46.3,-0.034,-0.32,-64.9,-20.3
-7.0,-5.0,5,0.0,NORMAL+STRONG,TP+5%/SL-5%,249,47.4,-0.054,-0.32,-49.5,-13.5
-7.0,-3.0,5,2.0,ALL,引け決済,1785,47.4,-0.05,-0.32,-127.3,-89.7
-7.0,-4.0,3,0.0,NORMAL,TP+5%/SL-3%,666,45.0,-0.053,-0.33,-77.0,-35.6
-6.0,-5.0,5,2.0,ALL,TP+5%/SL-5%,322,46.3,-0.053,-0.33,-45.9,-17.0
-8.0,-6.0,4,999.0,STRONG,引け決済,147,47.6,-0.059,-0.33,-29.2,-8.7
-5.0,-3.0,6,2.0,NORMAL,TP+2%/SL-2%,450,44.9,-0.034,-0.33,-46.5,-15.4
-7.0,-4.0,3,0.0,NORMAL,TP+5%/SL-5%,666,48.3,-0.058,-0.33,-107.1,-38.8
-7.0,-6.0,5,0.0,NORMAL+STRONG,TP+5%/SL-5%,114,46.5,-0.057,-0.33,-32.3,-6.6
-8.0,-5.0,5,2.0,STRONG,TP+3%/SL-3%,145,46.2,-0.047,-0.33,-30.7,-6.8
-7.0,-3.0,2,999.0,NORMAL,TP+3%/SL-3%,3042,47.3,-0.044,-0.33,-166.9,-133.4
-4.0,-3.0,6,2.0,ALL,TP+3%/SL-3%,433,46.0,-0.043,-0.33,-74.0,-18.4
-8.0,-4.0,5,999.0,NORMAL+STRONG,TP+2%/SL-2%,1230,46.9,-0.036,-0.34,-64.8,-44.4
-4.0,-3.0,2,0.0,ALL,引け決済,1022,48.1,-0.05,-0.34,-98.7,-51.4
-7.0,-6.0,6,2.0,STRONG,TP+5%/SL-5%,32,53.1,-0.061,-0.34,-15.3,-2.0
-8.0,-5.0,4,999.0,STRONG,TP+3%/SL-3%,240,47.5,-0.048,-0.34,-44.6,-11.5
-7.0,-4.0,3,2.0,ALL,TP+5%/SL-3%,1935,45.6,-0.05,-0.34,-132.0,-97.5
-6.0,-4.0,3,0.0,NORMAL,TP+5%/SL-3%,522,45.0,-0.054,-0.34,-66.3,-28.2
-8.0,-6.0,3,2.0,NORMAL+STRONG,TP+3%/SL-3%,601,49.1,-0.049,-0.34,-66.9,-29.5
-7.0,-4.0,2,0.0,NORMAL,TP+5%/SL-5%,808,48.6,-0.06,-0.34,-119.8,-48.7
-6.0,-3.0,4,0.0,NORMAL,TP+5%/SL-3%,713,46.4,-0.051,-0.34,-66.0,-36.4
-8.0,-3.0,2,2.0,ALL,TP+3%/SL-3%,4845,47.8,-0.044,-0.34,-268.7,-214.7
-6.0,-5.0,5,999.0,ALL,TP+5%/SL-5%,377,47.2,-0.056,-0.34,-69.6,-21.3
-8.0,-5.0,5,0.0,NORMAL+STRONG,TP+5%/SL-3%,333,44.7,-0.054,-0.34,-65.5,-18.1
-6.0,-3.0,6,2.0,NORMAL,TP+3%/SL-3%,595,46.6,-0.045,-0.34,-59.0,-26.8
-6.0,-4.0,4,2.0,ALL,TP+5%/SL-3%,1132,45.1,-0.05,-0.34,-89.0,-56.1
-7.0,-5.0,6,2.0,ALL,引け決済,402,48.3,-0.057,-0.34,-41.9,-22.7
-6.0,-4.0,6,999.0,ALL,引け決済,628,49.4,-0.058,-0.34,-70.7,-36.6
-7.0,-3.0,4,999.0,ALL,TP+3%/SL-3%,2831,47.5,-0.044,-0.34,-151.7,-124.9
-7.0,-4.0,2,999.0,ALL,TP+5%/SL-5%,2793,48.1,-0.057,-0.34,-177.2,-160.3
-7.0,-6.0,2,2.0,NORMAL+STRONG,TP+5%/SL-5%,409,51.8,-0.06,-0.34,-77.4,-24.4
-8.0,-6.0,3,0.0,ALL,TP+5%/SL-5%,400,47.5,-0.064,-0.34,-67.5,-25.7
-5.0,-4.0,5,2.0,ALL,引け決済,495,49.7,-0.056,-0.34,-57.6,-27.7
-6.0,-3.0,4,2.0,ALL,TP+2%/SL-2%,2223,47.1,-0.035,-0.35,-98.9,-78.7
-7.0,-3.0,6,2.0,NORMAL,TP+3%/SL-3%,719,46.7,-0.047,-0.35,-64.2,-33.6
-8.0,-5.0,2,999.0,NORMAL+STRONG,TP+5%/SL-3%,1550,45.5,-0.055,-0.35,-108.4,-86.0
-8.0,-4.0,6,999.0,NORMAL,TP+5%/SL-5%,651,49.6,-0.059,-0.35,-61.6,-38.4
-8.0,-3.0,6,999.0,NORMAL+STRONG,TP+2%/SL-2%,1272,46.9,-0.037,-0.35,-70.1,-47.5
-8.0,-6.0,6,2.0,NORMAL+STRONG,TP+2%/SL-2%,288,48.3,-0.039,-0.35,-29.0,-11.1
-5.0,-4.0,5,0.0,ALL,TP+3%/SL-3%,263,48.3,-0.049,-0.35,-36.6,-12.8
-8.0,-4.0,3,2.0,NORMAL+STRONG,TP+2%/SL-2%,1859,47.3,-0.037,-0.35,-93.0,-68.6
-6.0,-3.0,6,2.0,ALL,TP+3%/SL-3%,979,46.7,-0.047,-0.35,-101.0,-45.8
-6.0,-4.0,2,999.0,NORMAL,TP+5%/SL-3%,1364,44.8,-0.052,-0.35,-117.6,-71.2
-8.0,-3.0,3,999.0,ALL,引け決済,4291,47.9,-0.057,-0.35,-326.5,-246.7
-5.0,-4.0,5,999.0,ALL,引け決済,550,49.5,-0.059,-0.35,-56.7,-32.3
-6.0,-4.0,3,2.0,ALL,TP+5%/SL-5%,1542,47.5,-0.057,-0.35,-143.9,-88.5
-8.0,-5.0,4,2.0,NORMAL+STRONG,TP+3%/SL-3%,826,47.0,-0.049,-0.35,-80.6,-40.6
-6.0,-5.0,4,2.0,NORMAL+STRONG,TP+5%/SL-3%,355,44.2,-0.051,-0.35,-32.2,-18.2
-6.0,-3.0,4,0.0,NORMAL,TP+5%/SL-5%,713,48.4,-0.057,-0.35,-81.3,-40.8
-8.0,-3.0,6,2.0,NORMAL,TP+5%/SL-5%,818,47.9,-0.057,-0.35,-98.2,-46.7
-8.0,-6.0,3,999.0,NORMAL,TP+5%/SL-3%,533,46.0,-0.057,-0.35,-91.5,-30.2
-8.0,-6.0,3,999.0,NORMAL+STRONG,TP+5%/SL-3%,716,45.9,-0.056,-0.35,-92.1,-40.4
-8.0,-4.0,2,2.0,ALL,TP+5%/SL-5%,2789,48.2,-0.061,-0.36,-196.9,-171.1
-7.0,-6.0,5,0.0,NORMAL+STRONG,引け決済,114,47.4,-0.06,-0.36,-32.4,-6.8
-6.0,-3.0,5,999.0,ALL,TP+3%/SL-3%,1706,47.1,-0.048,-0.36,-114.2,-81.3
-8.0,-3.0,2,0.0,NORMAL,引け決済,1554,49.2,-0.061,-0.36,-157.5,-94.8
-5.0,-4.0,6,2.0,ALL,TP+5%/SL-3%,327,45.6,-0.054,-0.36,-38.8,-17.7
-8.0,-3.0,2,999.0,NORMAL,TP+3%/SL-3%,3308,47.3,-0.048,-0.36,-200.6,-159.7
-7.0,-4.0,4,2.0,ALL,TP+5%/SL-3%,1438,45.2,-0.053,-0.36,-122.7,-76.7
-8.0,-6.0,4,999.0,NORMAL,TP+5%/SL-3%,412,45.9,-0.055,-0.36,-47.1,-22.6
-7.0,-6.0,3,2.0,NORMAL,TP+2%/SL-2%,263,48.7,-0.04,-0.36,-39.5,-10.4
-8.0,-6.0,4,999.0,NORMAL,TP+5%/SL-5%,412,48.1,-0.061,-0.36,-46.0,-25.2
-7.0,-6.0,4,999.0,NORMAL+STRONG,引け決済,309,49.2,-0.061,-0.36,-46.6,-18.7
-8.0,-3.0,3,0.0,NORMAL+STRONG,TP+2%/SL-2%,1567,47.9,-0.038,-0.36,-72.5,-59.6
-7.0,-3.0,3,0.0,NORMAL,TP+3%/SL-3%,1132,48.3,-0.05,-0.36,-98.3,-56.2
-5.0,-3.0,6,2.0,NORMAL,TP+3%/SL-3%,450,46.2,-0.048,-0.36,-47.6,-21.4
-5.0,-3.0,5,0.0,NORMAL,TP+5%/SL-5%,398,48.0,-0.061,-0.36,-50.5,-24.4
-6.0,-3.0,4,0.0,NORMAL,引け決済,713,48.7,-0.06,-0.36,-88.7,-43.0
-8.0,-5.0,5,2.0,NORMAL+STRONG,TP+2%/SL-2%,653,46.9,-0.039,-0.36,-51.4,-25.6
-8.0,-6.0,3,999.0,STRONG,TP+5%/SL-3%,183,45.9,-0.056,-0.36,-36.6,-10.2
-8.0,-4.0,4,999.0,NORMAL,TP+3%/SL-3%,1221,47.3,-0.05,-0.36,-82.9,-60.4
-8.0,-3.0,5,2.0,ALL,TP+5%/SL-5%,1982,47.1,-0.056,-0.36,-153.7,-111.6
-7.0,-4.0,6,999.0,NORMAL,TP+2%/SL-2%,535,46.9,-0.04,-0.36,-63.7,-21.1
-7.0,-3.0,4,0.0,NORMAL,TP+5%/SL-3%,828,46.1,-0.054,-0.36,-81.9,-44.3
-6.0,-3.0,6,999.0,NORMAL,TP+5%/SL-3%,660,45.3,-0.052,-0.36,-69.5,-34.6
-6.0,-4.0,5,999.0,ALL,TP+5%/SL-3%,927,45.6,-0.054,-0.36,-74.8,-50.1
-7.0,-5.0,5,2.0,NORMAL,TP+5%/SL-3%,386,46.1,-0.052,-0.36,-54.6,-20.1
-6.0,-4.0,5,2.0,ALL,TP+5%/SL-5%,817,48.0,-0.059,-0.36,-82.5,-47.8
-6.0,-4.0,5,999.0,ALL,TP+5%/SL-5%,927,48.1,-0.06,-0.36,-96.9,-55.6
-7.0,-3.0,3,2.0,ALL,TP+3%/SL-3%,3483,47.5,-0.048,-0.37,-238.8,-165.9
-4.0,-3.0,6,2.0,ALL,TP+5%/SL-3%,433,44.1,-0.052,-0.37,-89.4,-22.3
-4.0,-3.0,6,0.0,NORMAL+STRONG,TP+2%/SL-2%,189,46.0,-0.038,-0.37,-24.8,-7.2
-7.0,-3.0,5,999.0,ALL,引け決済,1989,47.6,-0.059,-0.37,-152.8,-118.2
-6.0,-4.0,2,0.0,ALL,TP+5%/SL-5%,1033,48.4,-0.062,-0.37,-119.6,-64.4
-7.0,-6.0,4,999.0,NORMAL,TP+5%/SL-5%,234,48.3,-0.062,-0.37,-39.6,-14.6
-6.0,-4.0,6,2.0,ALL,TP+3%/SL-3%,546,47.3,-0.05,-0.37,-58.2,-27.4
-7.0,-4.0,2,2.0,NORMAL,TP+3%/SL-3%,1507,47.3,-0.051,-0.37,-102.1,-76.3
-8.0,-6.0,3,999.0,STRONG,TP+5%/SL-5%,183,48.6,-0.062,-0.37,-30.7,-11.4
-8.0,-6.0,3,999.0,NORMAL+STRONG,TP+5%/SL-5%,716,48.7,-0.066,-0.37,-100.2,-47.6
-8.0,-5.0,3,2.0,NORMAL+STRONG,TP+3%/SL-3%,1059,47.6,-0.052,-0.37,-78.8,-55.2
-5.0,-3.0,6,2.0,ALL,TP+5%/SL-3%,760,44.7,-0.053,-0.37,-97.3,-40.0
-4.0,-3.0,4,0.0,ALL,TP+5%/SL-5%,526,48.5,-0.055,-0.37,-51.7,-28.9
-7.0,-3.0,6,2.0,NORMAL,TP+5%/SL-3%,719,45.2,-0.053,-0.37,-71.3,-38.1
-5.0,-4.0,5,2.0,ALL,TP+5%/SL-5%,495,49.1,-0.062,-0.37,-51.9,-30.8
-8.0,-4.0,3,999.0,NORMAL,TP+3%/SL-3%,1611,47.4,-0.052,-0.37,-129.4,-83.2
-7.0,-4.0,3,999.0,NORMAL+STRONG,TP+2%/SL-2%,1860,47.2,-0.039,-0.37,-91.0,-73.1
-7.0,-5.0,5,999.0,NORMAL+STRONG,TP+2%/SL-2%,570,46.5,-0.041,-0.38,-42.9,-23.7
-5.0,-4.0,6,999.0,ALL,TP+5%/SL-3%,366,45.4,-0.057,-0.38,-43.5,-21.0
-5.0,-4.0,5,999.0,ALL,TP+5%/SL-5%,550,48.7,-0.062,-0.38,-54.7,-34.3
-8.0,-6.0,3,999.0,NORMAL+STRONG,引け決済,716,49.4,-0.069,-0.38,-87.0,-49.4
-7.0,-6.0,4,999.0,NORMAL,TP+3%/SL-3%,234,47.4,-0.052,-0.38,-26.6,-12.1
-7.0,-3.0,4,0.0,NORMAL,TP+5%/SL-5%,828,48.2,-0.062,-0.38,-98.5,-51.7
-4.0,-3.0,3,0.0,ALL,引け決済,769,47.9,-0.056,-0.38,-74.5,-43.3
-8.0,-6.0,2,2.0,NORMAL+STRONG,引け決済,707,50.6,-0.07,-0.38,-72.7,-49.6
-5.0,-3.0,5,999.0,ALL,TP+2%/SL-2%,1329,46.4,-0.04,-0.38,-80.9,-52.6
-7.0,-5.0,5,999.0,NORMAL+STRONG,TP+3%/SL-3%,570,47.0,-0.053,-0.38,-74.5,-30.1
-7.0,-3.0,6,0.0,NORMAL+STRONG,TP+5%/SL-5%,498,49.0,-0.065,-0.38,-66.4,-32.4
-5.0,-3.0,5,0.0,NORMAL,引け決済,398,48.5,-0.063,-0.38,-55.7,-25.1
-7.0,-6.0,6,2.0,NORMAL,TP+3%/SL-3%,124,47.6,-0.055,-0.38,-17.5,-6.8
-8.0,-5.0,5,999.0,NORMAL+STRONG,TP+5%/SL-3%,768,45.8,-0.057,-0.38,-97.7,-44.1
-7.0,-6.0,2,2.0,NORMAL+STRONG,TP+2%/SL-2%,409,48.9,-0.041,-0.38,-44.1,-17.0
-8.0,-6.0,3,999.0,NORMAL,TP+5%/SL-5%,533,48.8,-0.068,-0.38,-96.4,-36.2
-6.0,-4.0,3,2.0,ALL,引け決済,1542,47.7,-0.064,-0.38,-159.3,-98.0
-7.0,-6.0,3,2.0,NORMAL,引け決済,263,50.6,-0.066,-0.38,-53.6,-17.3
-6.0,-3.0,3,999.0,ALL,TP+3%/SL-3%,3463,47.2,-0.049,-0.38,-282.0,-170.6
-7.0,-3.0,2,999.0,ALL,TP+3%/SL-3%,5067,47.5,-0.05,-0.38,-337.6,-253.3
-5.0,-4.0,2,0.0,NORMAL,TP+2%/SL-2%,399,47.9,-0.042,-0.39,-35.7,-16.7
-8.0,-6.0,4,2.0,STRONG,TP+5%/SL-3%,111,43.2,-0.062,-0.39,-18.0,-6.9
-5.0,-4.0,6,0.0,ALL,TP+5%/SL-3%,174,44.8,-0.062,-0.39,-28.8,-10.8
-6.0,-4.0,2,2.0,ALL,TP+3%/SL-3%,1952,47.1,-0.053,-0.39,-174.9,-103.6
-6.0,-4.0,6,999.0,ALL,TP+5%/SL-3%,628,46.2,-0.059,-0.39,-61.6,-37.3
-8.0,-3.0,2,0.0,ALL,TP+5%/SL-5%,2534,48.2,-0.065,-0.39,-212.4,-164.6
-7.0,-4.0,6,999.0,NORMAL,TP+5%/SL-5%,535,49.5,-0.066,-0.39,-65.1,-35.2
-7.0,-4.0,3,999.0,NORMAL,TP+3%/SL-3%,1378,47.2,-0.054,-0.39,-103.4,-74.2
-7.0,-4.0,5,2.0,ALL,引け決済,1069,48.1,-0.065,-0.39,-100.0,-69.1
-8.0,-4.0,2,2.0,NORMAL,TP+3%/SL-3%,1732,47.3,-0.056,-0.4,-125.8,-96.2
-8.0,-5.0,4,2.0,NORMAL,TP+5%/SL-5%,641,47.4,-0.065,-0.4,-72.3,-41.7
-7.0,-3.0,2,0.0,ALL,TP+5%/SL-5%,2327,48.2,-0.065,-0.4,-201.3,-150.3
-8.0,-4.0,2,2.0,ALL,TP+5%/SL-3%,2789,45.6,-0.061,-0.4,-199.1,-169.8
-8.0,-6.0,2,2.0,STRONG,TP+2%/SL-2%,166,47.0,-0.043,-0.4,-21.8,-7.2
-7.0,-3.0,2,0.0,NORMAL+STRONG,TP+2%/SL-2%,1789,48.0,-0.042,-0.4,-98.8,-75.2
-4.0,-3.0,2,999.0,ALL,TP+2%/SL-2%,2274,47.3,-0.04,-0.4,-151.7,-91.9
-6.0,-4.0,2,0.0,NORMAL,TP+5%/SL-3%,633,45.0,-0.063,-0.4,-81.1,-39.9
-8.0,-3.0,3,0.0,NORMAL,TP+3%/SL-3%,1245,48.3,-0.055,-0.4,-94.5,-68.8
-6.0,-5.0,6,999.0,ALL,TP+5%/SL-3%,262,47.3,-0.062,-0.4,-45.3,-16.3
-8.0,-4.0,2,999.0,NORMAL,引け決済,1990,48.2,-0.071,-0.4,-170.3,-140.6
-8.0,-5.0,3,2.0,NORMAL,TP+5%/SL-5%,816,47.8,-0.069,-0.4,-98.5,-56.4
-8.0,-4.0,5,999.0,NORMAL,TP+2%/SL-2%,923,46.6,-0.042,-0.4,-78.0,-39.0
-8.0,-3.0,6,999.0,NORMAL,TP+3%/SL-3%,911,47.2,-0.054,-0.4,-81.9,-49.4
-7.0,-5.0,3,0.0,NORMAL+STRONG,TP+5%/SL-3%,415,44.3,-0.066,-0.41,-55.5,-27.5
-7.0,-5.0,6,999.0,STRONG,TP+5%/SL-3%,100,48.0,-0.065,-0.41,-27.5,-6.5
-6.0,-3.0,5,2.0,ALL,TP+2%/SL-2%,1533,46.1,-0.042,-0.41,-91.3,-64.5
-8.0,-6.0,5,0.0,NORMAL,TP+3%/SL-3%,160,47.5,-0.061,-0.41,-27.8,-9.7
-7.0,-3.0,5,2.0,ALL,TP+2%/SL-2%,1785,46.1,-0.043,-0.41,-116.1,-77.2
-7.0,-6.0,5,2.0,STRONG,TP+3%/SL-3%,42,50.0,-0.056,-0.41,-9.8,-2.3
-8.0,-4.0,3,2.0,ALL,TP+5%/SL-3%,2250,45.3,-0.062,-0.41,-164.2,-140.5
-6.0,-4.0,4,2.0,ALL,引け決済,1132,47.3,-0.068,-0.41,-122.8,-76.9
-6.0,-5.0,5,2.0,NORMAL,TP+5%/SL-5%,214,47.2,-0.062,-0.41,-36.0,-13.3
-7.0,-4.0,2,999.0,NORMAL,引け決済,1724,48.3,-0.071,-0.41,-145.9,-122.4
-6.0,-3.0,2,0.0,NORMAL,TP+3%/SL-3%,1250,48.4,-0.055,-0.41,-103.0,-69.3
-6.0,-5.0,3,2.0,NORMAL+STRONG,TP+3%/SL-3%,458,45.6,-0.056,-0.41,-57.1,-25.7
-8.0,-3.0,4,999.0,NORMAL,TP+2%/SL-2%,1911,46.8,-0.043,-0.41,-116.3,-81.2
-7.0,-4.0,2,999.0,ALL,TP+5%/SL-3%,2793,45.4,-0.064,-0.42,-201.1,-178.1
-6.0,-5.0,3,0.0,NORMAL+STRONG,TP+5%/SL-5%,236,47.0,-0.073,-0.42,-41.8,-17.3
-8.0,-4.0,2,999.0,NORMAL,TP+5%/SL-3%,1990,45.0,-0.065,-0.42,-181.2,-129.5
-8.0,-5.0,5,999.0,NORMAL,TP+5%/SL-3%,583,46.0,-0.064,-0.42,-73.6,-37.1
-7.0,-3.0,6,0.0,NORMAL+STRONG,TP+3%/SL-3%,498,48.0,-0.058,-0.42,-48.0,-29.0
-5.0,-3.0,2,999.0,NORMAL,TP+2%/SL-2%,2146,46.7,-0.042,-0.42,-112.5,-90.9
-6.0,-4.0,5,2.0,ALL,TP+3%/SL-3%,817,46.9,-0.057,-0.42,-79.0,-46.8
-8.0,-3.0,4,0.0,NORMAL,引け決済,911,48.4,-0.071,-0.42,-110.3,-64.3
-7.0,-3.0,4,2.0,ALL,TP+2%/SL-2%,2529,46.9,-0.043,-0.42,-122.3,-109.4
-4.0,-3.0,4,0.0,NORMAL,TP+2%/SL-2%,321,48.6,-0.043,-0.43,-34.8,-13.8
-7.0,-3.0,6,2.0,NORMAL,TP+2%/SL-2%,719,45.8,-0.045,-0.43,-65.1,-32.4
-7.0,-6.0,3,999.0,NORMAL+STRONG,引け決済,396,50.5,-0.077,-0.43,-62.2,-30.4
-5.0,-3.0,5,0.0,NORMAL,TP+3%/SL-3%,398,48.5,-0.059,-0.43,-45.7,-23.6
-8.0,-3.0,4,999.0,ALL,引け決済,3120,47.6,-0.07,-0.43,-236.4,-217.3
-6.0,-3.0,2,0.0,ALL,引け決済,2055,48.4,-0.069,-0.43,-210.0,-141.4
-6.0,-4.0,3,0.0,NORMAL,引け決済,522,49.2,-0.076,-0.43,-82.9,-39.6
-8.0,-3.0,3,0.0,ALL,TP+5%/SL-5%,1998,47.8,-0.072,-0.43,-179.2,-143.3
-5.0,-4.0,5,999.0,ALL,TP+3%/SL-3%,550,48.0,-0.058,-0.43,-52.6,-32.1
-7.0,-3.0,3,2.0,NORMAL,TP+2%/SL-2%,2119,46.8,-0.045,-0.43,-128.7,-94.4
-6.0,-3.0,6,999.0,ALL,TP+5%/SL-3%,1097,45.5,-0.063,-0.43,-132.9,-69.4
-7.0,-5.0,5,2.0,ALL,引け決済,574,46.7,-0.072,-0.43,-64.9,-41.4
-7.0,-5.0,6,2.0,NORMAL,TP+5%/SL-5%,269,49.1,-0.069,-0.43,-45.4,-18.6
-7.0,-4.0,4,2.0,NORMAL,TP+2%/SL-2%,924,46.6,-0.045,-0.43,-81.2,-41.8
-7.0,-3.0,4,0.0,NORMAL,引け決済,828,48.4,-0.072,-0.43,-107.9,-59.9
-7.0,-6.0,4,999.0,NORMAL,TP+2%/SL-2%,234,47.4,-0.046,-0.43,-25.8,-10.7
-4.0,-3.0,3,2.0,ALL,TP+2%/SL-2%,1548,47.3,-0.042,-0.43,-119.5,-65.8
-7.0,-6.0,3,0.0,NORMAL+STRONG,TP+2%/SL-2%,179,48.6,-0.048,-0.43,-21.8,-8.6
-8.0,-5.0,6,0.0,NORMAL+STRONG,引け決済,234,46.6,-0.074,-0.44,-39.2,-17.3
-8.0,-5.0,6,999.0,STRONG,TP+5%/SL-5%,142,49.3,-0.075,-0.44,-34.8,-10.6
-7.0,-3.0,6,2.0,NORMAL,引け決済,719,47.3,-0.071,-0.44,-85.6,-51.0
-8.0,-3.0,5,999.0,ALL,TP+5%/SL-5%,2218,47.2,-0.071,-0.44,-196.8,-157.8
-5.0,-3.0,4,0.0,ALL,TP+5%/SL-5%,893,48.4,-0.069,-0.44,-102.5,-61.7
-7.0,-4.0,6,0.0,NORMAL+STRONG,TP+5%/SL-5%,309,48.9,-0.078,-0.44,-51.1,-24.0
-8.0,-5.0,2,2.0,NORMAL,TP+5%/SL-5%,987,48.1,-0.078,-0.44,-118.1,-76.6
-7.0,-5.0,6,999.0,NORMAL,引け決済,307,49.2,-0.074,-0.44,-46.0,-22.7
-6.0,-3.0,3,2.0,NORMAL,TP+2%/SL-2%,1856,46.6,-0.045,-0.44,-115.7,-83.9
-8.0,-6.0,5,999.0,NORMAL+STRONG,TP+5%/SL-5%,443,47.6,-0.074,-0.44,-59.9,-32.7
-7.0,-4.0,2,999.0,NORMAL,TP+5%/SL-3%,1724,45.2,-0.067,-0.44,-157.4,-115.3
-8.0,-5.0,4,2.0,NORMAL,引け決済,641,47.6,-0.073,-0.44,-68.1,-46.6
-6.0,-5.0,6,0.0,ALL,引け決済,104,49.0,-0.065,-0.44,-23.6,-6.7
-7.0,-4.0,2,2.0,ALL,引け決済,2430,48.6,-0.074,-0.44,-206.1,-179.0
-5.0,-3.0,6,999.0,ALL,TP+5%/SL-3%,835,44.9,-0.064,-0.44,-101.7,-53.1
-8.0,-3.0,5,2.0,ALL,引け決済,1982,47.2,-0.071,-0.44,-173.5,-140.4
-8.0,-6.0,4,999.0,NORMAL+STRONG,TP+5%/SL-5%,559,47.4,-0.074,-0.44,-55.1,-41.6
-6.0,-4.0,4,999.0,ALL,TP+5%/SL-3%,1287,45.1,-0.067,-0.45,-111.2,-86.4
-7.0,-5.0,2,0.0,NORMAL+STRONG,TP+5%/SL-3%,505,45.1,-0.073,-0.45,-66.5,-37.0
-8.0,-6.0,6,0.0,NORMAL,TP+5%/SL-3%,119,42.0,-0.075,-0.45,-27.5,-8.9
-8.0,-6.0,4,2.0,STRONG,TP+5%/SL-5%,111,45.9,-0.078,-0.45,-21.1,-8.6
-4.0,-3.0,6,999.0,ALL,TP+3%/SL-3%,469,46.3,-0.059,-0.45,-79.9,-27.6
-7.0,-5.0,4,2.0,NORMAL+STRONG,TP+2%/SL-2%,618,46.6,-0.048,-0.45,-48.3,-29.5
-7.0,-6.0,4,2.0,ALL,TP+5%/SL-3%,306,45.4,-0.067,-0.45,-44.2,-20.6
-7.0,-6.0,4,0.0,NORMAL,TP+5%/SL-3%,115,44.3,-0.069,-0.45,-29.7,-8.0
-5.0,-4.0,6,2.0,ALL,TP+2%/SL-2%,327,46.2,-0.048,-0.45,-26.9,-15.6
-8.0,-5.0,6,2.0,NORMAL+STRONG,TP+2%/SL-2%,474,47.9,-0.049,-0.45,-54.7,-23.3
-6.0,-3.0,6,999.0,NORMAL,TP+3%/SL-3%,660,46.8,-0.06,-0.45,-71.7,-39.5
-7.0,-4.0,3,999.0,ALL,TP+5%/SL-3%,2210,45.1,-0.068,-0.45,-175.0,-150.4
-8.0,-6.0,2,0.0,NORMAL+STRONG,引け決済,379,49.9,-0.091,-0.45,-68.3,-34.7
-7.0,-4.0,2,999.0,ALL,引け決済,2793,48.3,-0.078,-0.45,-237.3,-217.3
-8.0,-6.0,3,2.0,STRONG,TP+2%/SL-2%,141,46.8,-0.049,-0.45,-22.0,-6.9
-5.0,-3.0,6,999.0,NORMAL,TP+2%/SL-2%,488,44.7,-0.047,-0.45,-58.7,-23.2
-7.0,-6.0,2,0.0,NORMAL+STRONG,TP+3%/SL-3%,218,48.2,-0.067,-0.45,-31.9,-14.6
-4.0,-3.0,2,0.0,ALL,TP+5%/SL-3%,1022,47.1,-0.062,-0.45,-100.1,-63.4
-6.0,-5.0,3,999.0,NORMAL+STRONG,TP+3%/SL-3%,554,46.0,-0.063,-0.45,-83.5,-34.8
-5.0,-3.0,6,2.0,ALL,TP+3%/SL-3%,760,46.2,-0.059,-0.45,-78.1,-45.0
-6.0,-3.0,3,0.0,ALL,TP+5%/SL-5%,1598,47.9,-0.074,-0.46,-169.8,-117.6
-7.0,-6.0,5,2.0,ALL,TP+2%/SL-2%,252,46.4,-0.05,-0.46,-32.2,-12.7
-6.0,-5.0,4,0.0,NORMAL+STRONG,TP+5%/SL-5%,182,46.7,-0.08,-0.46,-26.4,-14.6
-8.0,-6.0,2,999.0,STRONG,TP+5%/SL-3%,217,46.5,-0.073,-0.46,-35.9,-15.9
-8.0,-5.0,2,2.0,NORMAL+STRONG,TP+3%/SL-3%,1289,47.6,-0.065,-0.46,-110.4,-84.1
-5.0,-3.0,6,2.0,ALL,TP+2%/SL-2%,760,45.4,-0.048,-0.46,-53.9,-36.5
-8.0,-3.0,6,999.0,NORMAL,TP+5%/SL-3%,911,45.6,-0.068,-0.46,-97.7,-61.9
-6.0,-5.0,3,999.0,ALL,引け決済,667,45.9,-0.082,-0.46,-124.9,-54.8
-8.0,-4.0,2,999.0,ALL,TP+5%/SL-5%,3223,47.7,-0.079,-0.46,-266.8,-255.6
-8.0,-3.0,3,2.0,ALL,TP+3%/SL-3%,3798,47.3,-0.06,-0.46,-264.1,-229.1
-5.0,-3.0,2,0.0,ALL,引け決済,1674,48.7,-0.071,-0.46,-197.9,-119.0
-5.0,-4.0,5,999.0,ALL,TP+2%/SL-2%,550,46.5,-0.05,-0.47,-45.2,-27.3
-5.0,-3.0,2,2.0,ALL,TP+2%/SL-2%,3289,47.2,-0.048,-0.47,-208.7,-157.0
-7.0,-5.0,6,2.0,NORMAL,TP+5%/SL-3%,269,46.8,-0.068,-0.47,-39.3,-18.2
-7.0,-3.0,6,2.0,ALL,TP+5%/SL-3%,1162,45.0,-0.069,-0.47,-128.9,-79.6
-7.0,-5.0,4,0.0,NORMAL+STRONG,TP+5%/SL-3%,322,44.1,-0.075,-0.47,-41.0,-24.1
-5.0,-3.0,3,0.0,ALL,引け決済,1291,48.8,-0.074,-0.47,-164.0,-95.3
-4.0,-3.0,4,0.0,ALL,TP+5%/SL-3%,526,47.7,-0.066,-0.47,-58.3,-34.7
-7.0,-6.0,3,0.0,ALL,TP+5%/SL-3%,221,43.9,-0.076,-0.47,-28.4,-16.9
-8.0,-5.0,6,999.0,NORMAL,引け決済,423,49.4,-0.077,-0.47,-61.8,-32.5
-6.0,-5.0,3,2.0,ALL,引け決済,567,45.3,-0.082,-0.47,-99.5,-46.6
-6.0,-3.0,6,2.0,NORMAL,引け決済,595,47.1,-0.075,-0.47,-80.2,-44.7
-7.0,-4.0,5,2.0,ALL,TP+5%/SL-5%,1069,47.7,-0.077,-0.47,-112.6,-82.6
-5.0,-3.0,2,0.0,NORMAL,TP+2%/SL-2%,1016,48.1,-0.049,-0.47,-66.2,-49.4
-4.0,-3.0,6,2.0,ALL,TP+2%/SL-2%,433,44.8,-0.048,-0.47,-49.7,-20.8
-8.0,-4.0,2,0.0,ALL,TP+5%/SL-5%,1512,48.2,-0.086,-0.48,-155.4,-130.0
-7.0,-6.0,2,0.0,NORMAL+STRONG,TP+5%/SL-5%,218,49.1,-0.09,-0.48,-46.5,-19.7
-8.0,-4.0,6,0.0,NORMAL+STRONG,TP+3%/SL-3%,374,46.5,-0.07,-0.48,-45.5,-26.2
-6.0,-4.0,4,999.0,ALL,引け決済,1287,47.5,-0.082,-0.48,-143.3,-105.2
-6.0,-4.0,4,2.0,ALL,TP+3%/SL-3%,1132,46.5,-0.064,-0.48,-99.7,-72.2
-8.0,-4.0,5,0.0,NORMAL,TP+5%/SL-5%,446,48.2,-0.086,-0.48,-73.1,-38.2
-8.0,-4.0,2,0.0,NORMAL,TP+5%/SL-3%,937,44.8,-0.077,-0.48,-104.2,-72.4
-8.0,-3.0,5,2.0,ALL,TP+3%/SL-3%,1982,46.7,-0.064,-0.48,-151.8,-125.9
-7.0,-4.0,3,2.0,ALL,TP+5%/SL-5%,1935,47.6,-0.08,-0.48,-190.9,-154.7
-8.0,-4.0,3,2.0,ALL,TP+5%/SL-5%,2250,47.6,-0.08,-0.48,-203.6,-180.0
-5.0,-3.0,5,0.0,ALL,TP+5%/SL-3%,625,45.6,-0.072,-0.48,-71.0,-44.9
-6.0,-3.0,2,0.0,ALL,TP+5%/SL-3%,2055,46.2,-0.071,-0.49,-202.2,-145.9
-5.0,-4.0,4,999.0,ALL,TP+2%/SL-2%,781,46.6,-0.051,-0.49,-44.6,-39.6
-7.0,-3.0,3,0.0,ALL,TP+5%/SL-5%,1819,47.7,-0.081,-0.49,-195.6,-146.9
-8.0,-4.0,4,0.0,NORMAL,TP+5%/SL-3%,590,44.6,-0.077,-0.49,-76.0,-45.5
-7.0,-6.0,2,2.0,NORMAL,TP+5%/SL-3%,316,48.1,-0.076,-0.49,-52.8,-24.1
-8.0,-4.0,6,999.0,STRONG,TP+3%/SL-3%,219,49.3,-0.068,-0.49,-44.3,-14.9
-5.0,-3.0,2,0.0,ALL,TP+3%/SL-3%,1674,48.3,-0.065,-0.49,-167.4,-108.3
-7.0,-6.0,4,999.0,NORMAL+STRONG,TP+3%/SL-3%,309,47.2,-0.067,-0.49,-36.1,-20.6
-7.0,-3.0,6,999.0,NORMAL,TP+5%/SL-3%,795,45.2,-0.072,-0.49,-90.5,-57.2
-5.0,-4.0,5,0.0,ALL,引け決済,263,49.8,-0.087,-0.49,-43.3,-22.8
-4.0,-3.0,4,0.0,ALL,引け決済,526,48.1,-0.073,-0.49,-54.9,-38.5
-7.0,-4.0,3,2.0,ALL,引け決済,1935,48.0,-0.083,-0.49,-197.8,-160.1
-6.0,-5.0,2,2.0,ALL,TP+5%/SL-3%,719,43.8,-0.076,-0.49,-90.4,-54.6
-7.0,-5.0,5,999.0,NORMAL,TP+5%/SL-3%,440,45.5,-0.071,-0.49,-56.8,-31.4
-8.0,-3.0,5,999.0,ALL,TP+5%/SL-3%,2218,45.2,-0.071,-0.49,-192.4,-158.0
-6.0,-4.0,4,2.0,ALL,TP+5%/SL-5%,1132,46.9,-0.078,-0.49,-112.2,-88.0
-8.0,-3.0,4,0.0,NORMAL+STRONG,TP+2%/SL-2%,1140,47.5,-0.052,-0.49,-68.4,-59.4
-6.0,-5.0,4,999.0,NORMAL+STRONG,TP+5%/SL-3%,427,44.7,-0.076,-0.5,-62.5,-32.3
-8.0,-5.0,4,999.0,NORMAL+STRONG,TP+5%/SL-3%,986,44.8,-0.076,-0.5,-94.4,-75.2
-8.0,-5.0,4,2.0,NORMAL,TP+5%/SL-3%,641,45.4,-0.075,-0.5,-68.5,-47.8
-8.0,-5.0,6,999.0,NORMAL,TP+3%/SL-3%,423,47.8,-0.071,-0.5,-44.3,-30.0
-8.0,-4.0,3,0.0,ALL,TP+5%/SL-3%,1229,44.7,-0.08,-0.5,-122.3,-97.8
-7.0,-4.0,2,2.0,ALL,TP+3%/SL-3%,2430,47.4,-0.068,-0.5,-195.5,-166.4
-6.0,-3.0,5,0.0,NORMAL+STRONG,TP+2%/SL-2%,643,46.5,-0.053,-0.5,-51.7,-34.0
-6.0,-4.0,5,0.0,ALL,引け決済,426,47.9,-0.087,-0.5,-61.3,-37.2
-7.0,-5.0,5,2.0,NORMAL,TP+2%/SL-2%,386,46.1,-0.053,-0.5,-38.8,-20.6
-8.0,-6.0,4,999.0,NORMAL+STRONG,TP+5%/SL-3%,559,44.9,-0.077,-0.5,-56.7,-42.8
-6.0,-4.0,6,999.0,NORMAL,TP+2%/SL-2%,400,46.5,-0.053,-0.5,-58.1,-21.4
-6.0,-3.0,6,2.0,ALL,引け決済,979,47.1,-0.082,-0.5,-124.8,-80.1
-7.0,-4.0,5,2.0,ALL,TP+3%/SL-3%,1069,46.8,-0.069,-0.5,-95.8,-73.3
-6.0,-4.0,2,0.0,ALL,引け決済,1033,48.6,-0.087,-0.5,-145.3,-90.0
-7.0,-4.0,4,2.0,ALL,引け決済,1438,47.3,-0.082,-0.5,-134.9,-118.5
-4.0,-3.0,6,999.0,ALL,TP+5%/SL-3%,469,44.6,-0.069,-0.5,-96.2,-32.2
-8.0,-3.0,2,999.0,ALL,TP+3%/SL-3%,5497,47.2,-0.067,-0.5,-400.5,-366.5
-8.0,-6.0,6,999.0,NORMAL,TP+2%/SL-2%,251,47.4,-0.055,-0.5,-24.3,-13.7
-8.0,-4.0,6,999.0,NORMAL,TP+2%/SL-2%,651,46.9,-0.054,-0.5,-61.9,-35.1
-7.0,-4.0,2,0.0,ALL,TP+5%/SL-5%,1305,48.2,-0.089,-0.51,-142.8,-115.7
-8.0,-5.0,3,2.0,NORMAL,TP+5%/SL-3%,816,45.0,-0.08,-0.51,-101.9,-65.0
-7.0,-3.0,2,0.0,ALL,TP+5%/SL-3%,2327,46.1,-0.076,-0.51,-221.8,-177.1
-8.0,-3.0,3,0.0,ALL,TP+5%/SL-3%,1998,45.4,-0.077,-0.51,-183.7,-153.3
-8.0,-4.0,2,2.0,ALL,引け決済,2789,48.3,-0.088,-0.51,-271.0,-245.1
-5.0,-3.0,4,0.0,ALL,引け決済,893,48.5,-0.081,-0.51,-102.7,-72.5
-8.0,-6.0,2,0.0,NORMAL+STRONG,TP+3%/SL-3%,379,48.0,-0.077,-0.51,-62.6,-29.2
-7.0,-3.0,6,999.0,NORMAL,TP+3%/SL-3%,795,46.7,-0.069,-0.51,-85.6,-55.1
-7.0,-3.0,6,2.0,ALL,TP+3%/SL-3%,1162,46.4,-0.07,-0.52,-111.7,-81.7
-4.0,-3.0,2,0.0,NORMAL,TP+2%/SL-2%,617,48.3,-0.053,-0.52,-44.1,-32.7
-6.0,-4.0,4,999.0,ALL,TP+5%/SL-5%,1287,47.1,-0.085,-0.52,-153.2,-109.6
-8.0,-6.0,4,999.0,NORMAL,TP+3%/SL-3%,412,47.6,-0.073,-0.52,-44.3,-30.1
-6.0,-5.0,5,2.0,NORMAL+STRONG,TP+2%/SL-2%,272,45.6,-0.055,-0.52,-35.6,-15.0
-7.0,-4.0,4,2.0,ALL,TP+5%/SL-5%,1438,46.9,-0.084,-0.52,-135.1,-121.3
-7.0,-3.0,5,999.0,ALL,TP+3%/SL-3%,1989,46.7,-0.069,-0.52,-166.2,-137.1
-7.0,-3.0,5,0.0,NORMAL+STRONG,TP+2%/SL-2%,757,46.6,-0.056,-0.52,-65.8,-42.4
-8.0,-5.0,3,2.0,NORMAL,引け決済,816,48.0,-0.089,-0.52,-101.0,-72.9
-8.0,-6.0,5,999.0,NORMAL,TP+2%/SL-2%,331,47.1,-0.057,-0.52,-26.8,-18.7
-7.0,-3.0,3,999.0,ALL,TP+3%/SL-3%,3916,47.0,-0.068,-0.52,-320.4,-264.5
-5.0,-3.0,4,0.0,ALL,TP+3%/SL-3%,893,48.7,-0.068,-0.52,-83.3,-60.9
-6.0,-3.0,6,2.0,ALL,TP+2%/SL-2%,979,45.7,-0.054,-0.52,-76.3,-53.3
-7.0,-4.0,3,999.0,ALL,TP+5%/SL-5%,2210,47.4,-0.087,-0.52,-211.8,-193.3
-8.0,-5.0,6,2.0,ALL,引け決済,554,48.2,-0.086,-0.52,-63.3,-47.8
-6.0,-5.0,6,999.0,ALL,TP+3%/SL-3%,262,48.5,-0.075,-0.52,-41.9,-19.6
-4.0,-3.0,3,0.0,ALL,TP+5%/SL-3%,769,46.7,-0.072,-0.52,-89.5,-55.4
-6.0,-5.0,3,999.0,NORMAL,引け決済,428,46.5,-0.091,-0.52,-77.3,-39.0
-7.0,-4.0,5,999.0,ALL,引け決済,1210,47.9,-0.088,-0.52,-135.3,-106.6
-7.0,-4.0,4,2.0,ALL,TP+3%/SL-3%,1438,46.5,-0.07,-0.52,-112.1,-100.6
-6.0,-3.0,6,999.0,NORMAL,引け決済,660,47.6,-0.086,-0.52,-92.1,-56.6
-6.0,-4.0,2,0.0,ALL,TP+5%/SL-3%,1033,45.3,-0.08,-0.52,-136.7,-82.5
-7.0,-4.0,6,2.0,ALL,TP+5%/SL-3%,729,45.5,-0.079,-0.52,-76.8,-57.3
-8.0,-4.0,5,0.0,NORMAL,TP+5%/SL-3%,446,45.1,-0.084,-0.52,-67.1,-37.5
-8.0,-4.0,3,0.0,ALL,TP+5%/SL-5%,1229,47.6,-0.094,-0.53,-136.5,-115.5
-8.0,-3.0,4,999.0,ALL,TP+3%/SL-3%,3120,47.0,-0.07,-0.53,-235.0,-218.2
-5.0,-4.0,4,0.0,ALL,TP+5%/SL-5%,367,48.2,-0.089,-0.53,-68.7,-32.8
-7.0,-3.0,2,0.0,NORMAL,TP+3%/SL-3%,1425,48.1,-0.073,-0.53,-128.8,-103.8
-8.0,-4.0,5,2.0,ALL,TP+5%/SL-3%,1266,45.3,-0.079,-0.53,-120.0,-100.5
-7.0,-5.0,2,2.0,ALL,TP+5%/SL-5%,1197,48.1,-0.091,-0.53,-121.7,-109.1
-6.0,-3.0,6,999.0,ALL,TP+3%/SL-3%,1097,46.9,-0.071,-0.53,-114.6,-78.2
-8.0,-4.0,3,999.0,ALL,TP+5%/SL-3%,2585,44.8,-0.082,-0.53,-233.5,-211.1
-8.0,-3.0,6,2.0,ALL,TP+5%/SL-3%,1314,45.1,-0.078,-0.53,-171.0,-102.3
-8.0,-3.0,6,2.0,ALL,TP+3%/SL-3%,1314,46.4,-0.072,-0.53,-138.6,-95.1
-5.0,-3.0,6,999.0,ALL,TP+3%/SL-3%,835,46.3,-0.07,-0.53,-81.1,-58.6
-7.0,-5.0,2,2.0,ALL,TP+5%/SL-3%,1197,45.3,-0.082,-0.53,-110.5,-98.3
-8.0,-4.0,3,2.0,ALL,引け決済,2250,47.8,-0.09,-0.53,-231.0,-202.9
-7.0,-4.0,3,0.0,NORMAL,引け決済,666,48.8,-0.094,-0.53,-123.8,-62.8
-7.0,-4.0,3,999.0,ALL,引け決済,2210,47.7,-0.093,-0.53,-228.8,-205.3
-6.0,-5.0,5,0.0,ALL,引け決済,163,44.8,-0.088,-0.53,-25.2,-14.4
-8.0,-5.0,3,999.0,NORMAL,TP+5%/SL-5%,961,47.6,-0.094,-0.53,-117.4,-90.1
-8.0,-3.0,2,0.0,ALL,TP+5%/SL-3%,2534,45.8,-0.08,-0.53,-240.5,-201.5
-7.0,-6.0,4,0.0,NORMAL,TP+5%/SL-5%,115,47.0,-0.095,-0.54,-38.0,-11.0
-7.0,-5.0,3,999.0,NORMAL+STRONG,TP+3%/SL-3%,950,46.9,-0.076,-0.54,-93.3,-72.0
-8.0,-4.0,3,999.0,ALL,TP+5%/SL-5%,2585,47.3,-0.092,-0.54,-256.4,-237.9
-8.0,-4.0,4,0.0,NORMAL,TP+5%/SL-5%,590,47.3,-0.097,-0.54,-90.4,-57.0
-7.0,-5.0,4,2.0,NORMAL,引け決済,488,46.7,-0.088,-0.54,-64.6,-42.8
-8.0,-4.0,3,0.0,NORMAL,引け決済,779,48.7,-0.099,-0.54,-125.4,-76.8
-7.0,-4.0,6,2.0,ALL,引け決済,729,48.3,-0.092,-0.54,-85.9,-67.3
-5.0,-4.0,5,0.0,ALL,TP+5%/SL-5%,263,48.7,-0.095,-0.54,-42.7,-25.1
-8.0,-4.0,2,2.0,NORMAL+STRONG,TP+2%/SL-2%,2290,46.8,-0.057,-0.54,-143.8,-129.8
-8.0,-3.0,5,0.0,NORMAL,TP+5%/SL-5%,669,47.4,-0.094,-0.54,-88.1,-62.6
-8.0,-3.0,5,999.0,ALL,引け決済,2218,47.2,-0.089,-0.54,-228.8,-197.2
-5.0,-3.0,3,2.0,ALL,TP+2%/SL-2%,2523,46.9,-0.055,-0.54,-180.3,-139.3
-5.0,-4.0,4,0.0,ALL,引け決済,367,49.0,-0.093,-0.54,-70.6,-34.0
-7.0,-4.0,5,999.0,ALL,TP+5%/SL-5%,1210,47.5,-0.09,-0.54,-136.3,-108.5
-7.0,-4.0,5,2.0,ALL,TP+2%/SL-2%,1069,46.0,-0.058,-0.54,-86.1,-61.5
-8.0,-5.0,5,2.0,NORMAL,TP+2%/SL-2%,508,46.7,-0.059,-0.55,-43.6,-29.9
-6.0,-4.0,5,0.0,NORMAL,引け決済,286,49.0,-0.098,-0.55,-49.3,-28.0
-7.0,-6.0,5,999.0,NORMAL+STRONG,TP+3%/SL-3%,245,46.9,-0.076,-0.55,-28.2,-18.7
-5.0,-3.0,3,0.0,ALL,TP+3%/SL-3%,1291,48.3,-0.072,-0.55,-143.4,-92.6
-8.0,-3.0,5,0.0,NORMAL,TP+5%/SL-3%,669,45.0,-0.085,-0.55,-85.7,-56.9
-8.0,-6.0,2,999.0,NORMAL,TP+5%/SL-5%,626,48.7,-0.099,-0.55,-117.0,-62.0
-8.0,-6.0,2,999.0,NORMAL+STRONG,TP+5%/SL-3%,843,45.8,-0.088,-0.55,-110.4,-74.2
-6.0,-4.0,3,2.0,ALL,TP+3%/SL-3%,1542,46.6,-0.073,-0.55,-161.3,-113.0
-8.0,-4.0,5,0.0,NORMAL,引け決済,446,48.7,-0.098,-0.55,-77.2,-43.6
-7.0,-3.0,3,0.0,ALL,TP+5%/SL-3%,1819,45.5,-0.082,-0.55,-193.0,-150.0
-8.0,-4.0,2,999.0,ALL,引け決済,3223,47.9,-0.098,-0.55,-334.8,-315.0
-6.0,-3.0,6,999.0,ALL,引け決済,1097,47.7,-0.089,-0.55,-137.1,-98.1
-8.0,-6.0,5,0.0,NORMAL,引け決済,160,48.1,-0.098,-0.55,-34.8,-15.7
-6.0,-4.0,6,2.0,ALL,TP+2%/SL-2%,546,46.3,-0.059,-0.55,-48.4,-32.4
-6.0,-3.0,3,999.0,NORMAL,TP+2%/SL-2%,2068,46.0,-0.056,-0.55,-146.3,-116.6
-8.0,-5.0,5,999.0,NORMAL,TP+3%/SL-3%,583,46.8,-0.079,-0.56,-65.2,-45.8
-7.0,-5.0,2,2.0,ALL,引け決済,1197,48.5,-0.101,-0.56,-136.4,-120.8
-7.0,-4.0,2,0.0,ALL,TP+5%/SL-3%,1305,45.3,-0.087,-0.56,-144.3,-113.7
-7.0,-4.0,2,0.0,NORMAL,TP+5%/SL-3%,808,44.9,-0.088,-0.56,-105.7,-71.0
-7.0,-5.0,5,2.0,ALL,TP+5%/SL-5%,574,46.5,-0.09,-0.56,-73.5,-51.8
-6.0,-3.0,3,0.0,ALL,引け決済,1598,48.0,-0.09,-0.56,-192.9,-143.6
-6.0,-4.0,5,2.0,ALL,TP+2%/SL-2%,817,45.9,-0.06,-0.56,-73.6,-48.8
-7.0,-5.0,6,999.0,NORMAL+STRONG,TP+5%/SL-5%,407,49.4,-0.094,-0.56,-56.0,-38.1
-6.0,-3.0,4,999.0,ALL,TP+2%/SL-2%,2477,46.5,-0.057,-0.56,-157.0,-141.9
-7.0,-4.0,2,0.0,NORMAL,引け決済,808,48.8,-0.101,-0.56,-148.1,-81.5
-7.0,-3.0,2,0.0,ALL,引け決済,2327,48.3,-0.094,-0.57,-266.4,-218.1
-8.0,-3.0,5,0.0,NORMAL,引け決済,669,47.7,-0.097,-0.57,-96.1,-64.9
-8.0,-4.0,5,2.0,ALL,引け決済,1266,47.6,-0.095,-0.57,-147.3,-119.8
-6.0,-3.0,3,0.0,ALL,TP+5%/SL-3%,1598,45.7,-0.083,-0.57,-173.5,-133.1
-6.0,-5.0,2,999.0,NORMAL+STRONG,TP+3%/SL-3%,707,45.8,-0.08,-0.57,-98.5,-56.3
-8.0,-4.0,3,999.0,ALL,引け決済,2585,47.6,-0.101,-0.57,-277.2,-260.6
-7.0,-4.0,5,999.0,ALL,TP+5%/SL-3%,1210,45.0,-0.086,-0.57,-123.8,-104.3
-4.0,-3.0,3,999.0,ALL,TP+2%/SL-2%,1706,46.7,-0.058,-0.57,-145.5,-98.2
-8.0,-3.0,6,999.0,NORMAL,引け決済,911,47.9,-0.094,-0.57,-121.1,-85.8
-8.0,-3.0,2,0.0,NORMAL+STRONG,TP+2%/SL-2%,1950,47.2,-0.06,-0.57,-132.0,-116.9
-8.0,-6.0,5,999.0,NORMAL+STRONG,引け決済,443,48.1,-0.097,-0.57,-65.9,-43.0
-8.0,-6.0,5,999.0,NORMAL+STRONG,TP+5%/SL-3%,443,45.4,-0.089,-0.58,-68.8,-39.5
-7.0,-6.0,5,0.0,NORMAL+STRONG,TP+3%/SL-3%,114,45.6,-0.082,-0.58,-26.9,-9.4
-5.0,-4.0,3,0.0,ALL,引け決済,522,50.2,-0.1,-0.58,-104.3,-52.0
-7.0,-3.0,6,999.0,NORMAL,引け決済,795,47.5,-0.096,-0.58,-109.7,-76.0
-6.0,-5.0,4,2.0,NORMAL+STRONG,TP+3%/SL-3%,355,44.8,-0.079,-0.58,-46.3,-28.0
-8.0,-3.0,3,999.0,ALL,TP+3%/SL-3%,4291,46.8,-0.077,-0.58,-360.6,-331.2
-8.0,-6.0,2,999.0,NORMAL,TP+5%/SL-3%,626,45.5,-0.093,-0.58,-108.1,-58.3
-8.0,-4.0,2,0.0,ALL,TP+5%/SL-3%,1512,45.0,-0.091,-0.58,-169.0,-138.1
-8.0,-6.0,4,999.0,NORMAL+STRONG,引け決済,559,47.9,-0.101,-0.58,-67.6,-56.2
-7.0,-5.0,6,2.0,NORMAL,TP+2%/SL-2%,269,47.2,-0.063,-0.58,-36.3,-17.0
-7.0,-6.0,4,999.0,NORMAL+STRONG,TP+2%/SL-2%,309,46.9,-0.063,-0.58,-29.2,-19.4
-7.0,-4.0,3,0.0,ALL,TP+5%/SL-3%,1050,44.7,-0.09,-0.58,-124.3,-94.6
-5.0,-3.0,6,999.0,NORMAL,TP+5%/SL-5%,488,46.3,-0.095,-0.58,-76.3,-46.2
-8.0,-4.0,2,999.0,ALL,TP+5%/SL-3%,3223,44.8,-0.089,-0.58,-305.4,-286.4
-8.0,-5.0,4,999.0,STRONG,TP+2%/SL-2%,240,45.8,-0.065,-0.58,-43.0,-15.5
-6.0,-4.0,6,999.0,ALL,TP+3%/SL-3%,628,47.3,-0.081,-0.58,-68.8,-50.6
-6.0,-3.0,5,0.0,NORMAL,引け決済,509,47.5,-0.097,-0.58,-75.2,-49.2
-8.0,-5.0,6,999.0,NORMAL+STRONG,TP+5%/SL-5%,565,49.2,-0.098,-0.59,-78.5,-55.2
-7.0,-4.0,4,999.0,ALL,TP+5%/SL-3%,1641,44.7,-0.088,-0.59,-152.3,-144.7
-8.0,-5.0,2,2.0,ALL,TP+5%/SL-5%,1556,47.7,-0.103,-0.59,-180.8,-161.0
-8.0,-6.0,4,0.0,NORMAL,引け決済,198,47.5,-0.108,-0.59,-35.2,-21.4
-5.0,-4.0,6,999.0,ALL,TP+2%/SL-2%,366,45.6,-0.063,-0.59,-36.0,-23.1
-8.0,-6.0,3,999.0,NORMAL,TP+3%/SL-3%,533,48.0,-0.086,-0.59,-79.4,-45.7
-8.0,-5.0,4,2.0,NORMAL,TP+3%/SL-3%,641,46.5,-0.082,-0.59,-67.2,-52.3
-6.0,-3.0,4,0.0,ALL,引け決済,1122,47.6,-0.095,-0.59,-123.7,-107.1
-6.0,-3.0,5,999.0,ALL,TP+2%/SL-2%,1706,45.7,-0.062,-0.59,-130.4,-105.6
-7.0,-6.0,6,2.0,NORMAL+STRONG,TP+5%/SL-3%,156,46.8,-0.088,-0.59,-22.0,-13.7
-8.0,-4.0,2,0.0,NORMAL,引け決済,937,48.8,-0.109,-0.59,-157.1,-101.7
-7.0,-6.0,2,2.0,ALL,TP+5%/SL-3%,478,47.5,-0.092,-0.59,-62.5,-43.8
-7.0,-6.0,3,999.0,NORMAL+STRONG,TP+5%/SL-5%,396,49.5,-0.101,-0.59,-69.1,-40.2
-8.0,-3.0,3,2.0,NORMAL,TP+2%/SL-2%,2316,46.5,-0.061,-0.59,-171.5,-140.3
-8.0,-3.0,2,0.0,NORMAL,TP+3%/SL-3%,1554,47.9,-0.081,-0.59,-148.1,-126.0
-7.0,-3.0,3,999.0,NORMAL,TP+2%/SL-2%,2368,46.1,-0.061,-0.59,-174.1,-145.1
-5.0,-4.0,5,0.0,ALL,TP+2%/SL-2%,263,46.0,-0.063,-0.59,-24.7,-16.5
-6.0,-3.0,6,2.0,NORMAL,TP+5%/SL-5%,595,46.7,-0.096,-0.6,-97.6,-56.9
-7.0,-6.0,6,2.0,NORMAL+STRONG,TP+5%/SL-5%,156,48.7,-0.101,-0.6,-23.6,-15.8
-8.0,-4.0,6,2.0,ALL,TP+5%/SL-3%,881,45.5,-0.091,-0.6,-96.0,-80.0
-7.0,-3.0,6,2.0,ALL,TP+2%/SL-2%,1162,45.6,-0.064,-0.6,-94.9,-74.0
-7.0,-6.0,2,2.0,NORMAL,TP+3%/SL-3%,316,49.4,-0.086,-0.6,-46.9,-27.3
-5.0,-4.0,6,2.0,ALL,TP+3%/SL-3%,327,46.5,-0.081,-0.6,-37.1,-26.6
-8.0,-3.0,2,0.0,ALL,引け決済,2534,48.3,-0.101,-0.6,-297.0,-255.4
-6.0,-3.0,6,999.0,NORMAL,TP+5%/SL-5%,660,47.4,-0.099,-0.6,-105.7,-65.0
-6.0,-4.0,2,999.0,ALL,TP+3%/SL-3%,2245,46.5,-0.081,-0.6,-236.3,-182.4
-7.0,-6.0,3,2.0,NORMAL,TP+5%/SL-5%,263,49.8,-0.102,-0.6,-62.6,-26.9
-8.0,-6.0,2,0.0,NORMAL,TP+5%/SL-5%,304,48.0,-0.119,-0.6,-67.5,-36.1
-8.0,-6.0,2,2.0,NORMAL,TP+3%/SL-3%,541,48.6,-0.087,-0.6,-70.7,-47.2
-8.0,-6.0,6,0.0,NORMAL+STRONG,引け決済,146,44.5,-0.106,-0.6,-29.7,-15.5
-8.0,-3.0,6,999.0,NORMAL,TP+5%/SL-5%,911,47.6,-0.1,-0.61,-132.4,-90.8
-7.0,-3.0,6,2.0,NORMAL,TP+5%/SL-5%,719,46.9,-0.098,-0.61,-109.7,-70.7
-8.0,-4.0,4,999.0,NORMAL+STRONG,TP+2%/SL-2%,1642,46.3,-0.065,-0.61,-109.6,-106.3
-8.0,-6.0,2,999.0,NORMAL+STRONG,TP+5%/SL-5%,843,48.9,-0.111,-0.61,-120.8,-93.6
-5.0,-4.0,6,0.0,ALL,TP+2%/SL-2%,174,45.4,-0.066,-0.61,-21.7,-11.5
-7.0,-5.0,5,999.0,NORMAL,TP+3%/SL-3%,440,45.9,-0.083,-0.61,-53.1,-36.5
-8.0,-6.0,2,2.0,NORMAL+STRONG,TP+3%/SL-3%,707,48.7,-0.087,-0.61,-75.8,-61.5
-4.0,-3.0,5,0.0,NORMAL,TP+5%/SL-3%,223,44.8,-0.087,-0.61,-34.6,-19.4
-8.0,-4.0,5,2.0,ALL,TP+5%/SL-5%,1266,47.3,-0.1,-0.61,-154.5,-126.6
-8.0,-5.0,3,999.0,NORMAL+STRONG,TP+3%/SL-3%,1270,46.9,-0.086,-0.61,-127.0,-109.3
-6.0,-4.0,2,999.0,NORMAL+STRONG,TP+2%/SL-2%,1863,46.2,-0.064,-0.61,-161.8,-119.8
-8.0,-3.0,3,0.0,ALL,引け決済,1998,47.8,-0.103,-0.61,-232.2,-205.4
-6.0,-5.0,6,2.0,NORMAL+STRONG,TP+2%/SL-2%,186,47.3,-0.066,-0.61,-28.2,-12.2
-6.0,-4.0,3,0.0,ALL,TP+5%/SL-3%,829,44.9,-0.094,-0.61,-113.4,-77.7
-8.0,-4.0,4,2.0,ALL,TP+5%/SL-3%,1683,44.6,-0.09,-0.61,-160.8,-151.2
-8.0,-5.0,3,999.0,NORMAL,引け決済,961,47.8,-0.109,-0.61,-125.5,-104.4
-6.0,-5.0,2,999.0,NORMAL,引け決済,536,46.5,-0.112,-0.61,-97.9,-60.0
-7.0,-3.0,3,0.0,ALL,引け決済,1819,47.8,-0.101,-0.61,-230.8,-183.5
-4.0,-3.0,6,999.0,ALL,TP+5%/SL-5%,469,45.6,-0.094,-0.62,-87.5,-44.2
-5.0,-4.0,6,999.0,ALL,TP+3%/SL-3%,366,46.4,-0.085,-0.62,-41.9,-31.0
-7.0,-4.0,3,0.0,NORMAL+STRONG,TP+2%/SL-2%,825,46.9,-0.067,-0.62,-66.7,-55.6
-4.0,-3.0,5,0.0,NORMAL,引け決済,223,45.7,-0.095,-0.62,-40.2,-21.2
-8.0,-5.0,3,999.0,NORMAL,TP+5%/SL-3%,961,44.5,-0.098,-0.62,-126.6,-94.0
-8.0,-3.0,4,0.0,NORMAL,TP+3%/SL-3%,911,47.7,-0.086,-0.62,-90.3,-78.3
-5.0,-4.0,2,0.0,ALL,引け決済,652,49.5,-0.104,-0.62,-127.4,-67.6
-8.0,-4.0,6,2.0,ALL,引け決済,881,48.2,-0.105,-0.62,-109.0,-92.4
-5.0,-3.0,5,0.0,NORMAL,TP+2%/SL-2%,398,46.0,-0.066,-0.62,-55.4,-26.4
-6.0,-3.0,4,0.0,ALL,TP+5%/SL-3%,1122,45.8,-0.09,-0.62,-114.4,-100.5
-6.0,-3.0,4,0.0,NORMAL,TP+3%/SL-3%,713,48.0,-0.084,-0.62,-70.2,-59.9
-5.0,-4.0,6,999.0,ALL,引け決済,366,48.6,-0.109,-0.62,-52.2,-39.8
-8.0,-6.0,4,2.0,NORMAL,TP+2%/SL-2%,360,47.5,-0.067,-0.62,-36.0,-24.1
-7.0,-5.0,2,999.0,ALL,TP+5%/SL-5%,1397,47.7,-0.111,-0.63,-173.4,-155.2
-8.0,-4.0,6,2.0,ALL,TP+3%/SL-3%,881,46.7,-0.087,-0.63,-86.9,-76.7
-7.0,-4.0,3,2.0,ALL,TP+3%/SL-3%,1935,46.8,-0.085,-0.63,-191.3,-165.2
-7.0,-5.0,2,999.0,NORMAL+STRONG,TP+3%/SL-3%,1184,47.1,-0.09,-0.63,-124.5,-106.1
-6.0,-3.0,6,2.0,NORMAL,TP+2%/SL-2%,595,44.9,-0.065,-0.63,-65.4,-38.8
-8.0,-4.0,4,2.0,NORMAL,TP+2%/SL-2%,1077,46.3,-0.066,-0.63,-95.2,-70.7
-7.0,-6.0,2,0.0,NORMAL+STRONG,引け決済,218,50.0,-0.125,-0.63,-59.3,-27.2
-8.0,-6.0,4,0.0,NORMAL,TP+3%/SL-3%,198,47.0,-0.093,-0.63,-29.6,-18.3
-7.0,-4.0,6,2.0,ALL,TP+3%/SL-3%,729,46.6,-0.087,-0.63,-74.5,-63.3
-6.0,-4.0,4,2.0,NORMAL,TP+2%/SL-2%,717,45.7,-0.065,-0.63,-70.8,-46.6
-8.0,-6.0,2,2.0,STRONG,TP+3%/SL-3%,166,48.8,-0.086,-0.63,-21.8,-14.3
-8.0,-6.0,2,0.0,NORMAL,TP+5%/SL-3%,304,44.4,-0.107,-0.63,-70.0,-32.5
-6.0,-4.0,6,2.0,ALL,TP+5%/SL-5%,546,48.4,-0.107,-0.63,-86.6,-58.4
-4.0,-3.0,6,2.0,ALL,TP+5%/SL-5%,433,44.6,-0.097,-0.64,-92.1,-42.2
-8.0,-5.0,2,999.0,NORMAL,TP+5%/SL-5%,1162,47.5,-0.113,-0.64,-156.6,-131.5
-8.0,-4.0,6,999.0,NORMAL+STRONG,TP+2%/SL-2%,870,46.7,-0.07,-0.64,-78.8,-60.7
-6.0,-5.0,6,999.0,NORMAL,TP+5%/SL-5%,172,50.6,-0.109,-0.64,-29.9,-18.8
-7.0,-5.0,6,0.0,NORMAL+STRONG,引け決済,169,46.7,-0.102,-0.64,-39.2,-17.2
-8.0,-5.0,6,999.0,NORMAL,TP+5%/SL-5%,423,49.2,-0.105,-0.64,-64.2,-44.6
-7.0,-5.0,6,2.0,ALL,TP+5%/SL-5%,402,47.8,-0.106,-0.64,-58.8,-42.6
-8.0,-5.0,6,2.0,ALL,TP+3%/SL-3%,554,46.8,-0.09,-0.64,-71.2,-50.1
-8.0,-6.0,6,0.0,NORMAL,TP+5%/SL-5%,119,44.5,-0.118,-0.64,-31.2,-14.0
-6.0,-3.0,4,0.0,ALL,TP+5%/SL-5%,1122,47.4,-0.101,-0.64,-134.1,-113.5
-8.0,-3.0,5,0.0,NORMAL+STRONG,TP+2%/SL-2%,841,46.0,-0.069,-0.64,-70.2,-58.4
-7.0,-6.0,3,0.0,NORMAL,TP+3%/SL-3%,144,46.5,-0.095,-0.64,-23.2,-13.7
-6.0,-3.0,6,2.0,ALL,TP+5%/SL-5%,979,46.7,-0.103,-0.64,-152.6,-100.5
-8.0,-5.0,5,999.0,NORMAL+STRONG,TP+3%/SL-3%,768,46.7,-0.089,-0.64,-100.7,-68.5
-6.0,-4.0,3,0.0,ALL,TP+5%/SL-5%,829,47.6,-0.108,-0.64,-129.9,-89.8
-6.0,-4.0,2,999.0,NORMAL,TP+3%/SL-3%,1364,46.0,-0.086,-0.64,-133.6,-117.2
-6.0,-5.0,3,999.0,ALL,TP+5%/SL-5%,667,45.6,-0.11,-0.64,-118.0,-73.3
-6.0,-4.0,3,999.0,ALL,TP+3%/SL-3%,1757,46.4,-0.087,-0.64,-205.4,-152.7
-8.0,-6.0,6,999.0,NORMAL,TP+5%/SL-5%,251,48.2,-0.103,-0.64,-42.2,-25.8
-7.0,-3.0,5,0.0,NORMAL,引け決済,604,47.4,-0.109,-0.65,-89.3,-65.9
-7.0,-5.0,3,2.0,ALL,引け決済,960,46.9,-0.113,-0.65,-132.5,-108.6
-7.0,-6.0,5,0.0,NORMAL+STRONG,TP+2%/SL-2%,114,47.4,-0.074,-0.65,-18.2,-8.4
-6.0,-4.0,5,999.0,ALL,TP+3%/SL-3%,927,46.7,-0.089,-0.65,-104.7,-82.0
-7.0,-5.0,6,2.0,ALL,TP+3%/SL-3%,402,46.8,-0.091,-0.65,-48.3,-36.7
-7.0,-5.0,4,2.0,NORMAL,TP+5%/SL-5%,488,46.3,-0.104,-0.65,-70.4,-50.8
-7.0,-5.0,4,999.0,NORMAL+STRONG,TP+3%/SL-3%,736,46.2,-0.09,-0.65,-90.5,-65.9
-6.0,-5.0,2,2.0,NORMAL,引け決済,446,46.2,-0.114,-0.65,-74.7,-51.0
-7.0,-3.0,6,2.0,ALL,引け決済,1162,46.9,-0.105,-0.65,-152.9,-122.3
-7.0,-4.0,3,0.0,ALL,TP+5%/SL-5%,1050,47.3,-0.113,-0.65,-142.0,-119.1
-7.0,-6.0,4,2.0,ALL,TP+5%/SL-5%,306,47.1,-0.109,-0.65,-57.2,-33.3
-6.0,-3.0,6,999.0,ALL,TP+5%/SL-5%,1097,47.3,-0.107,-0.66,-170.0,-117.3
-6.0,-4.0,5,0.0,NORMAL,TP+5%/SL-5%,286,48.3,-0.117,-0.66,-49.1,-33.5
-6.0,-4.0,4,0.0,ALL,引け決済,596,47.1,-0.115,-0.66,-82.7,-68.6
-5.0,-3.0,6,999.0,NORMAL,引け決済,488,46.5,-0.109,-0.66,-79.1,-53.3
-7.0,-5.0,5,999.0,ALL,引け決済,660,46.5,-0.112,-0.66,-97.1,-74.2
-6.0,-5.0,2,999.0,ALL,TP+5%/SL-3%,849,43.3,-0.104,-0.66,-129.8,-87.9
-8.0,-6.0,4,999.0,STRONG,TP+5%/SL-5%,147,45.6,-0.112,-0.66,-28.3,-16.4
-6.0,-3.0,2,2.0,NORMAL,TP+2%/SL-2%,2392,46.2,-0.067,-0.66,-187.5,-159.7
-8.0,-5.0,6,2.0,ALL,TP+5%/SL-5%,554,47.8,-0.109,-0.66,-79.6,-60.6
-8.0,-6.0,6,0.0,NORMAL+STRONG,TP+5%/SL-5%,146,43.8,-0.122,-0.66,-33.3,-17.9
-8.0,-4.0,4,2.0,ALL,引け決済,1683,46.8,-0.11,-0.66,-194.3,-184.8
-7.0,-5.0,6,2.0,ALL,TP+5%/SL-3%,402,45.5,-0.099,-0.66,-56.0,-39.7
-6.0,-4.0,6,0.0,ALL,引け決済,278,48.9,-0.114,-0.66,-52.0,-31.7
-7.0,-3.0,4,0.0,ALL,TP+5%/SL-3%,1294,45.3,-0.097,-0.66,-134.4,-125.1
-7.0,-6.0,3,999.0,NORMAL+STRONG,TP+2%/SL-2%,396,47.5,-0.071,-0.66,-45.8,-28.3
-8.0,-5.0,2,2.0,ALL,引け決済,1556,47.9,-0.12,-0.66,-206.1,-186.8
-7.0,-4.0,4,0.0,NORMAL,TP+5%/SL-3%,507,44.2,-0.102,-0.66,-70.6,-52.0
-7.0,-3.0,6,999.0,NORMAL,TP+2%/SL-2%,795,45.0,-0.071,-0.67,-92.1,-56.7
-8.0,-5.0,3,2.0,ALL,引け決済,1275,46.9,-0.119,-0.67,-181.5,-151.4
-7.0,-3.0,6,999.0,NORMAL,TP+5%/SL-5%,795,47.3,-0.11,-0.67,-126.6,-87.6
-7.0,-5.0,5,999.0,ALL,TP+5%/SL-5%,660,46.5,-0.113,-0.67,-100.2,-74.3
-7.0,-3.0,4,0.0,NORMAL,TP+3%/SL-3%,828,47.6,-0.092,-0.67,-86.8,-76.1
-7.0,-6.0,4,2.0,ALL,TP+3%/SL-3%,306,46.7,-0.093,-0.67,-40.0,-28.3
-6.0,-3.0,5,0.0,NORMAL,TP+5%/SL-5%,509,47.2,-0.114,-0.67,-80.0,-57.9
-8.0,-6.0,3,0.0,NORMAL,TP+3%/SL-3%,257,47.1,-0.102,-0.67,-47.0,-26.2
-8.0,-4.0,4,0.0,NORMAL,引け決済,590,47.6,-0.119,-0.67,-98.8,-70.5
-8.0,-5.0,2,2.0,NORMAL,引け決済,987,48.2,-0.12,-0.67,-147.0,-118.3
-6.0,-5.0,3,2.0,ALL,TP+5%/SL-5%,567,45.0,-0.113,-0.67,-103.3,-63.8
-7.0,-6.0,3,999.0,NORMAL+STRONG,TP+3%/SL-3%,396,48.2,-0.094,-0.67,-54.4,-37.2
-8.0,-5.0,4,999.0,NORMAL,TP+5%/SL-5%,746,46.9,-0.113,-0.67,-104.3,-84.1
-7.0,-4.0,4,999.0,ALL,TP+5%/SL-5%,1641,46.7,-0.11,-0.67,-186.6,-180.3
-7.0,-4.0,6,2.0,ALL,TP+2%/SL-2%,729,46.1,-0.073,-0.67,-66.9,-53.1
-8.0,-4.0,2,2.0,ALL,TP+3%/SL-3%,2789,46.9,-0.093,-0.67,-282.1,-258.6
-7.0,-4.0,5,0.0,NORMAL,引け決済,381,48.3,-0.117,-0.67,-73.8,-44.7
-7.0,-6.0,6,2.0,NORMAL,TP+5%/SL-5%,124,47.6,-0.111,-0.68,-24.5,-13.8
-7.0,-4.0,2,999.0,NORMAL+STRONG,TP+2%/SL-2%,2340,46.3,-0.072,-0.68,-183.5,-168.1
-7.0,-4.0,5,0.0,NORMAL,TP+5%/SL-5%,381,47.8,-0.12,-0.68,-73.3,-45.6
-6.0,-4.0,3,0.0,NORMAL+STRONG,TP+2%/SL-2%,646,46.4,-0.073,-0.68,-71.3,-47.0
-7.0,-6.0,3,999.0,NORMAL,TP+5%/SL-3%,300,46.0,-0.104,-0.68,-54.6,-31.3
-8.0,-3.0,4,0.0,ALL,TP+5%/SL-3%,1427,45.0,-0.102,-0.68,-158.8,-145.3
-7.0,-6.0,5,2.0,ALL,TP+5%/SL-3%,252,45.2,-0.1,-0.68,-32.3,-25.3
-7.0,-3.0,5,999.0,ALL,TP+2%/SL-2%,1989,45.4,-0.071,-0.68,-159.6,-141.3
-8.0,-6.0,3,999.0,NORMAL,引け決済,533,48.8,-0.123,-0.68,-89.8,-65.5
-6.0,-4.0,6,999.0,ALL,TP+5%/SL-5%,628,48.6,-0.116,-0.68,-110.8,-73.2
-6.0,-5.0,5,999.0,NORMAL+STRONG,TP+2%/SL-2%,325,45.2,-0.073,-0.68,-48.8,-23.8
-8.0,-6.0,4,999.0,NORMAL,引け決済,412,48.1,-0.115,-0.68,-62.0,-47.5
-6.0,-3.0,5,0.0,ALL,引け決済,788,46.8,-0.112,-0.68,-114.5,-87.9
-8.0,-4.0,4,2.0,ALL,TP+5%/SL-5%,1683,46.5,-0.113,-0.69,-201.4,-189.5
-8.0,-6.0,2,2.0,NORMAL,引け決済,541,49.9,-0.124,-0.69,-87.0,-67.3
-8.0,-6.0,2,0.0,ALL,TP+5%/SL-3%,479,44.3,-0.116,-0.69,-80.0,-55.6
-5.0,-4.0,2,999.0,NORMAL,TP+2%/SL-2%,828,45.9,-0.072,-0.69,-76.4,-59.2
-6.0,-4.0,3,0.0,ALL,引け決済,829,48.1,-0.121,-0.69,-134.2,-100.3
-8.0,-3.0,6,2.0,ALL,引け決済,1314,47.0,-0.112,-0.69,-176.8,-147.4
-7.0,-3.0,2,2.0,NORMAL,TP+2%/SL-2%,2708,46.3,-0.071,-0.69,-217.7,-191.5
-8.0,-4.0,3,999.0,NORMAL+STRONG,TP+2%/SL-2%,2180,46.2,-0.074,-0.69,-176.3,-160.3
-6.0,-5.0,4,2.0,ALL,引け決済,431,44.3,-0.12,-0.69,-89.0,-51.6
-6.0,-4.0,4,999.0,ALL,TP+3%/SL-3%,1287,46.4,-0.093,-0.69,-137.4,-119.1
-7.0,-6.0,3,2.0,ALL,TP+5%/SL-3%,393,46.3,-0.106,-0.69,-60.7,-41.6
-8.0,-5.0,6,0.0,NORMAL+STRONG,TP+5%/SL-3%,234,43.2,-0.109,-0.69,-49.3,-25.5
-7.0,-6.0,2,999.0,NORMAL+STRONG,TP+5%/SL-5%,477,50.5,-0.121,-0.69,-90.3,-57.9
-8.0,-5.0,2,2.0,ALL,TP+5%/SL-3%,1556,44.5,-0.109,-0.69,-188.9,-169.5
-7.0,-3.0,5,0.0,NORMAL,TP+5%/SL-5%,604,47.0,-0.116,-0.69,-92.8,-69.9
-7.0,-4.0,5,0.0,NORMAL+STRONG,TP+2%/SL-2%,462,46.3,-0.077,-0.69,-41.9,-35.4
-8.0,-5.0,3,2.0,ALL,TP+5%/SL-5%,1275,46.6,-0.122,-0.7,-174.5,-155.3
-7.0,-5.0,3,2.0,NORMAL,引け決済,619,47.3,-0.117,-0.7,-91.7,-72.4
-8.0,-3.0,5,2.0,ALL,TP+2%/SL-2%,1982,45.5,-0.073,-0.7,-161.0,-145.4
-8.0,-6.0,2,999.0,NORMAL+STRONG,引け決済,843,49.5,-0.131,-0.7,-128.8,-110.1
-7.0,-6.0,3,0.0,NORMAL,TP+5%/SL-5%,144,47.2,-0.128,-0.7,-43.0,-18.4
-7.0,-3.0,4,0.0,ALL,TP+5%/SL-5%,1294,47.0,-0.113,-0.7,-159.9,-146.0
-6.0,-4.0,4,0.0,NORMAL,引け決済,392,47.7,-0.125,-0.7,-65.4,-49.1
-7.0,-3.0,4,999.0,ALL,TP+2%/SL-2%,2831,46.1,-0.073,-0.7,-219.3,-205.5
-6.0,-5.0,6,999.0,NORMAL,TP+5%/SL-3%,172,47.1,-0.105,-0.7,-28.2,-18.1
-8.0,-5.0,2,2.0,NORMAL,TP+5%/SL-3%,987,44.7,-0.11,-0.7,-130.0,-108.4
-4.0,-3.0,5,0.0,NORMAL,TP+5%/SL-5%,223,45.7,-0.109,-0.7,-39.6,-24.4
-5.0,-3.0,6,2.0,NORMAL,引け決済,450,46.0,-0.113,-0.7,-76.5,-50.7
-7.0,-6.0,6,2.0,NORMAL+STRONG,TP+3%/SL-3%,156,48.1,-0.099,-0.7,-20.9,-15.5
-7.0,-4.0,6,0.0,NORMAL+STRONG,TP+3%/SL-3%,309,46.6,-0.101,-0.7,-41.0,-31.3
-5.0,-3.0,6,999.0,ALL,TP+2%/SL-2%,835,44.9,-0.073,-0.7,-76.6,-61.2
-4.0,-3.0,2,0.0,ALL,TP+3%/SL-3%,1022,48.0,-0.09,-0.7,-118.6,-92.3
-7.0,-5.0,3,2.0,NORMAL+STRONG,TP+2%/SL-2%,796,46.2,-0.074,-0.7,-72.0,-59.2
-7.0,-5.0,2,999.0,ALL,引け決済,1397,48.0,-0.13,-0.71,-201.7,-182.3
-7.0,-5.0,3,999.0,NORMAL,引け決済,728,47.4,-0.127,-0.71,-111.5,-92.2
-5.0,-3.0,2,999.0,ALL,TP+2%/SL-2%,3670,46.4,-0.072,-0.71,-285.0,-264.0
-7.0,-4.0,4,0.0,NORMAL,TP+5%/SL-5%,507,46.9,-0.124,-0.71,-95.2,-62.8
-7.0,-3.0,4,0.0,ALL,引け決済,1294,47.1,-0.118,-0.71,-163.9,-152.6
-6.0,-4.0,5,0.0,ALL,TP+5%/SL-3%,426,44.4,-0.11,-0.71,-58.3,-47.0
-8.0,-6.0,2,0.0,ALL,TP+5%/SL-5%,479,47.8,-0.137,-0.71,-85.9,-65.6
-8.0,-5.0,2,0.0,ALL,TP+5%/SL-5%,860,47.1,-0.131,-0.71,-127.6,-112.8
-8.0,-5.0,6,0.0,NORMAL+STRONG,TP+5%/SL-5%,234,46.2,-0.125,-0.71,-48.6,-29.3
-5.0,-3.0,3,999.0,ALL,TP+2%/SL-2%,2796,46.3,-0.072,-0.71,-227.7,-201.4
-7.0,-6.0,2,0.0,ALL,TP+5%/SL-3%,272,45.2,-0.115,-0.71,-37.4,-31.2
-8.0,-5.0,5,2.0,ALL,引け決済,771,46.3,-0.119,-0.71,-115.0,-92.1
-7.0,-4.0,4,999.0,ALL,引け決済,1641,47.1,-0.121,-0.71,-205.4,-198.2
-6.0,-5.0,2,0.0,ALL,TP+5%/SL-5%,381,46.2,-0.124,-0.71,-54.6,-47.1
-6.0,-5.0,6,2.0,ALL,TP+2%/SL-2%,219,46.6,-0.077,-0.71,-31.7,-16.8
-7.0,-6.0,4,999.0,NORMAL,引け決済,234,48.3,-0.123,-0.71,-49.5,-28.7
-6.0,-4.0,5,0.0,NORMAL+STRONG,TP+2%/SL-2%,348,46.0,-0.078,-0.71,-41.6,-27.0
-6.0,-4.0,4,0.0,NORMAL+STRONG,TP+2%/SL-2%,474,46.2,-0.076,-0.71,-52.9,-36.0
-8.0,-6.0,6,999.0,NORMAL,引け決済,251,48.6,-0.116,-0.72,-46.3,-29.2
-6.0,-3.0,2,2.0,ALL,TP+2%/SL-2%,4008,46.3,-0.073,-0.72,-329.1,-294.4
-8.0,-4.0,5,2.0,ALL,TP+3%/SL-3%,1266,46.4,-0.099,-0.72,-141.4,-125.1
-7.0,-5.0,4,2.0,NORMAL,TP+5%/SL-3%,488,44.3,-0.105,-0.72,-60.4,-51.3
-8.0,-6.0,3,2.0,ALL,TP+5%/SL-5%,708,47.9,-0.129,-0.72,-106.3,-91.5
-5.0,-3.0,6,2.0,NORMAL,TP+5%/SL-5%,450,45.6,-0.116,-0.72,-82.1,-52.1
-7.0,-4.0,4,999.0,NORMAL,TP+2%/SL-2%,1043,45.7,-0.075,-0.72,-98.3,-78.7
-7.0,-6.0,6,2.0,NORMAL,TP+5%/SL-3%,124,46.0,-0.105,-0.72,-19.4,-13.0
-8.0,-3.0,4,0.0,ALL,TP+5%/SL-5%,1427,46.8,-0.119,-0.72,-185.3,-169.2
-7.0,-4.0,2,999.0,NORMAL,TP+3%/SL-3%,1724,46.4,-0.099,-0.72,-188.8,-170.6
-6.0,-3.0,2,0.0,ALL,TP+3%/SL-3%,2055,47.4,-0.096,-0.72,-251.6,-198.3
-7.0,-6.0,3,0.0,ALL,TP+5%/SL-5%,221,46.2,-0.133,-0.72,-41.9,-29.3
-8.0,-3.0,5,999.0,ALL,TP+3%/SL-3%,2218,46.3,-0.096,-0.72,-236.5,-213.3
-7.0,-4.0,2,0.0,ALL,引け決済,1305,48.4,-0.128,-0.72,-196.2,-166.6
-8.0,-3.0,4,2.0,ALL,TP+2%/SL-2%,2774,46.1,-0.074,-0.72,-219.0,-206.1
-8.0,-5.0,6,999.0,NORMAL,TP+5%/SL-3%,423,46.6,-0.107,-0.72,-57.2,-45.4
-8.0,-5.0,4,0.0,NORMAL+STRONG,TP+3%/SL-3%,426,45.8,-0.104,-0.72,-50.3,-44.5
-7.0,-5.0,2,999.0,ALL,TP+5%/SL-3%,1397,44.5,-0.114,-0.72,-175.2,-158.6
-8.0,-4.0,2,999.0,NORMAL,TP+3%/SL-3%,1990,46.4,-0.099,-0.72,-224.5,-197.0
-6.0,-4.0,4,0.0,NORMAL,TP+5%/SL-3%,392,44.1,-0.112,-0.72,-49.1,-44.0
-5.0,-3.0,5,0.0,ALL,引け決済,625,47.4,-0.118,-0.72,-101.1,-73.5
-6.0,-4.0,5,0.0,ALL,TP+5%/SL-5%,426,47.2,-0.124,-0.72,-69.9,-52.7
-5.0,-4.0,3,0.0,ALL,TP+2%/SL-2%,522,46.6,-0.077,-0.73,-73.3,-40.3
-5.0,-3.0,5,0.0,ALL,TP+5%/SL-5%,625,46.9,-0.119,-0.73,-106.8,-74.5
-7.0,-4.0,2,999.0,ALL,TP+3%/SL-3%,2793,46.7,-0.1,-0.73,-302.3,-279.7
-5.0,-4.0,3,2.0,ALL,TP+2%/SL-2%,975,46.4,-0.075,-0.73,-89.4,-73.5
-6.0,-4.0,4,0.0,ALL,TP+5%/SL-3%,596,44.1,-0.11,-0.73,-77.8,-65.8
-8.0,-4.0,3,0.0,ALL,引け決済,1229,47.8,-0.132,-0.73,-182.8,-162.1
-7.0,-5.0,5,2.0,ALL,TP+5%/SL-3%,574,44.3,-0.108,-0.73,-80.2,-62.2
-7.0,-4.0,4,0.0,NORMAL,引け決済,507,47.5,-0.13,-0.73,-97.4,-66.1
-8.0,-6.0,3,999.0,NORMAL+STRONG,TP+3%/SL-3%,716,47.6,-0.104,-0.73,-85.8,-74.5
-8.0,-3.0,6,999.0,NORMAL,TP+2%/SL-2%,911,45.2,-0.078,-0.73,-104.2,-70.7
-7.0,-6.0,2,999.0,NORMAL+STRONG,引け決済,477,51.2,-0.135,-0.74,-84.9,-64.3
-7.0,-6.0,2,999.0,NORMAL+STRONG,TP+3%/SL-3%,477,49.1,-0.104,-0.74,-61.9,-49.8
-6.0,-5.0,3,999.0,NORMAL,TP+5%/SL-5%,428,46.0,-0.126,-0.74,-80.5,-53.9
-7.0,-6.0,5,0.0,NORMAL,TP+5%/SL-5%,95,46.3,-0.127,-0.74,-32.4,-12.1
-8.0,-6.0,6,999.0,NORMAL,TP+5%/SL-3%,251,46.2,-0.109,-0.74,-44.9,-27.2
-8.0,-4.0,2,0.0,ALL,引け決済,1512,48.3,-0.135,-0.74,-228.2,-204.0
-8.0,-6.0,3,0.0,NORMAL,引け決済,257,47.5,-0.145,-0.74,-56.4,-37.2
-8.0,-4.0,3,2.0,ALL,TP+3%/SL-3%,2250,46.5,-0.102,-0.74,-242.9,-228.4
-7.0,-3.0,6,999.0,ALL,TP+5%/SL-3%,1303,44.7,-0.108,-0.74,-177.6,-140.8
-6.0,-4.0,2,0.0,ALL,TP+3%/SL-3%,1033,46.8,-0.103,-0.74,-162.6,-106.0
-7.0,-5.0,4,2.0,ALL,引け決済,737,45.6,-0.127,-0.74,-106.6,-93.2
-5.0,-4.0,4,0.0,ALL,TP+2%/SL-2%,367,45.8,-0.077,-0.74,-46.3,-28.2
-8.0,-5.0,4,999.0,NORMAL,引け決済,746,47.1,-0.125,-0.74,-116.9,-93.3
-8.0,-4.0,5,999.0,ALL,引け決済,1439,47.3,-0.129,-0.75,-210.7,-185.6
-6.0,-5.0,2,999.0,NORMAL,TP+5%/SL-5%,536,46.1,-0.13,-0.75,-97.4,-69.4
-8.0,-3.0,4,0.0,ALL,引け決済,1427,46.9,-0.126,-0.75,-192.5,-180.1
-8.0,-5.0,3,0.0,ALL,TP+5%/SL-5%,707,45.8,-0.138,-0.75,-109.3,-97.7
-8.0,-5.0,6,2.0,ALL,TP+5%/SL-3%,554,45.5,-0.113,-0.75,-81.0,-62.4
-8.0,-6.0,3,2.0,ALL,TP+5%/SL-3%,708,45.1,-0.119,-0.75,-98.4,-84.6
-7.0,-6.0,5,2.0,ALL,TP+3%/SL-3%,252,46.4,-0.105,-0.75,-34.3,-26.5
-7.0,-4.0,3,0.0,ALL,引け決済,1050,47.8,-0.134,-0.75,-165.4,-140.2
-5.0,-3.0,6,999.0,ALL,引け決済,835,46.8,-0.121,-0.75,-123.6,-101.3
-6.0,-4.0,4,0.0,NORMAL,TP+5%/SL-5%,392,46.9,-0.132,-0.76,-64.5,-51.9
-8.0,-5.0,3,0.0,NORMAL+STRONG,TP+3%/SL-3%,556,46.2,-0.112,-0.76,-79.7,-62.3
-8.0,-4.0,5,999.0,ALL,TP+5%/SL-5%,1439,46.9,-0.127,-0.76,-206.4,-182.4
-8.0,-5.0,5,2.0,ALL,TP+5%/SL-5%,771,46.2,-0.124,-0.76,-118.2,-95.8
-7.0,-5.0,4,999.0,NORMAL,引け決済,568,46.8,-0.131,-0.76,-89.8,-74.5
-7.0,-4.0,6,999.0,ALL,引け決済,834,48.1,-0.13,-0.76,-128.5,-108.4
-6.0,-5.0,5,999.0,ALL,TP+5%/SL-3%,377,44.0,-0.117,-0.77,-77.1,-44.2
-6.0,-3.0,5,0.0,NORMAL,TP+5%/SL-3%,509,44.6,-0.119,-0.77,-75.8,-60.3
-6.0,-5.0,2,2.0,NORMAL,TP+5%/SL-5%,446,45.7,-0.13,-0.77,-75.2,-58.0
-6.0,-3.0,6,0.0,NORMAL+STRONG,TP+2%/SL-2%,417,45.6,-0.082,-0.77,-42.5,-34.2
-7.0,-4.0,4,0.0,ALL,TP+5%/SL-3%,768,43.6,-0.118,-0.77,-95.9,-90.4
-5.0,-4.0,6,0.0,NORMAL,TP+3%/SL-3%,114,47.4,-0.114,-0.77,-19.7,-13.0
-8.0,-6.0,5,2.0,STRONG,引け決済,87,44.8,-0.138,-0.77,-19.4,-12.0
-7.0,-3.0,2,0.0,ALL,TP+3%/SL-3%,2327,47.3,-0.104,-0.77,-282.4,-243.0
-8.0,-3.0,3,999.0,NORMAL,TP+2%/SL-2%,2601,45.7,-0.08,-0.77,-236.3,-206.9
-7.0,-4.0,4,0.0,NORMAL+STRONG,TP+2%/SL-2%,614,46.4,-0.084,-0.77,-55.0,-51.5
-8.0,-5.0,2,999.0,ALL,TP+5%/SL-5%,1827,47.1,-0.137,-0.77,-274.9,-250.4
-8.0,-5.0,6,999.0,NORMAL+STRONG,TP+5%/SL-3%,565,46.4,-0.117,-0.77,-81.6,-66.0
-8.0,-4.0,4,2.0,ALL,TP+3%/SL-3%,1683,46.0,-0.104,-0.77,-183.6,-175.7
-5.0,-4.0,6,0.0,ALL,引け決済,174,48.9,-0.143,-0.77,-35.5,-24.9
-7.0,-5.0,6,999.0,NORMAL+STRONG,TP+5%/SL-3%,407,46.4,-0.116,-0.77,-57.1,-47.3
-6.0,-5.0,4,999.0,NORMAL+STRONG,TP+3%/SL-3%,427,45.4,-0.106,-0.77,-78.1,-45.3
-7.0,-5.0,3,2.0,ALL,TP+5%/SL-3%,960,43.9,-0.12,-0.78,-135.5,-115.2
-6.0,-5.0,5,2.0,ALL,TP+5%/SL-3%,322,43.5,-0.115,-0.78,-59.2,-36.9
-7.0,-5.0,4,999.0,NORMAL,TP+5%/SL-5%,568,46.7,-0.13,-0.78,-89.6,-73.6
-7.0,-3.0,2,2.0,ALL,TP+2%/SL-2%,4486,46.3,-0.08,-0.78,-371.0,-358.1
-5.0,-4.0,6,2.0,ALL,引け決済,327,48.3,-0.136,-0.78,-59.4,-44.6
-5.0,-3.0,6,999.0,ALL,TP+5%/SL-5%,835,46.3,-0.124,-0.78,-129.4,-103.7
-4.0,-3.0,6,999.0,ALL,TP+2%/SL-2%,469,44.3,-0.081,-0.78,-64.5,-38.1
-7.0,-3.0,5,0.0,NORMAL,TP+5%/SL-3%,604,44.5,-0.119,-0.78,-87.4,-71.8
-7.0,-5.0,6,999.0,STRONG,TP+2%/SL-2%,100,49.0,-0.089,-0.78,-26.3,-8.9
-7.0,-6.0,2,999.0,NORMAL,TP+5%/SL-3%,360,46.7,-0.122,-0.78,-62.3,-44.0
-4.0,-3.0,4,0.0,ALL,TP+3%/SL-3%,526,49.0,-0.101,-0.79,-66.3,-52.9
-6.0,-5.0,2,0.0,NORMAL,引け決済,234,45.7,-0.145,-0.79,-47.9,-33.9
-6.0,-3.0,5,0.0,ALL,TP+5%/SL-5%,788,46.4,-0.13,-0.79,-134.5,-102.1
-8.0,-5.0,2,999.0,NORMAL+STRONG,TP+3%/SL-3%,1550,46.6,-0.112,-0.79,-189.3,-173.0
-8.0,-5.0,3,2.0,ALL,TP+5%/SL-3%,1275,43.8,-0.124,-0.79,-180.8,-158.2
-8.0,-5.0,5,0.0,NORMAL,TP+5%/SL-5%,271,46.5,-0.141,-0.79,-54.1,-38.2
-6.0,-4.0,6,0.0,ALL,TP+5%/SL-3%,278,45.0,-0.122,-0.79,-44.0,-33.9
-8.0,-5.0,3,0.0,NORMAL,TP+5%/SL-5%,450,46.0,-0.149,-0.79,-98.2,-66.9
-7.0,-3.0,6,2.0,ALL,TP+5%/SL-5%,1162,46.4,-0.129,-0.79,-187.3,-149.8
-7.0,-3.0,6,999.0,ALL,引け決済,1303,47.1,-0.13,-0.79,-200.5,-170.0
-8.0,-4.0,4,0.0,ALL,TP+5%/SL-3%,901,43.4,-0.123,-0.79,-116.8,-110.6
-8.0,-3.0,6,2.0,ALL,TP+5%/SL-5%,1314,46.6,-0.128,-0.79,-205.3,-167.8
-8.0,-6.0,3,2.0,STRONG,TP+3%/SL-3%,141,47.5,-0.109,-0.79,-22.2,-15.4
-7.0,-5.0,4,2.0,NORMAL,TP+3%/SL-3%,488,45.1,-0.108,-0.79,-62.1,-52.5
-4.0,-3.0,5,0.0,NORMAL,TP+3%/SL-3%,223,46.6,-0.105,-0.79,-33.7,-23.5
-7.0,-5.0,5,2.0,ALL,TP+3%/SL-3%,574,45.1,-0.109,-0.79,-77.3,-62.5
-6.0,-3.0,6,999.0,ALL,TP+2%/SL-2%,1097,45.1,-0.084,-0.79,-116.2,-92.3
-8.0,-5.0,6,999.0,NORMAL+STRONG,TP+3%/SL-3%,565,47.6,-0.112,-0.79,-78.4,-63.1
-6.0,-5.0,4,999.0,NORMAL,引け決済,334,45.8,-0.137,-0.8,-71.1,-45.8
-7.0,-5.0,3,2.0,ALL,TP+5%/SL-5%,960,46.4,-0.135,-0.8,-146.5,-130.0
-8.0,-5.0,4,999.0,NORMAL,TP+5%/SL-3%,746,44.4,-0.121,-0.8,-109.8,-90.3
-6.0,-5.0,3,999.0,ALL,TP+5%/SL-3%,667,42.6,-0.126,-0.8,-132.1,-83.8
-7.0,-6.0,5,999.0,STRONG,TP+5%/SL-5%,57,47.4,-0.13,-0.8,-14.0,-7.4
-7.0,-6.0,5,0.0,NORMAL,TP+5%/SL-3%,95,44.2,-0.12,-0.8,-27.6,-11.4
-6.0,-4.0,6,999.0,ALL,TP+2%/SL-2%,628,45.7,-0.086,-0.8,-70.9,-54.1
-5.0,-4.0,6,0.0,ALL,TP+3%/SL-3%,174,46.0,-0.113,-0.8,-28.8,-19.7
-8.0,-3.0,6,2.0,ALL,TP+2%/SL-2%,1314,45.2,-0.085,-0.8,-123.1,-111.3
-7.0,-3.0,6,999.0,ALL,TP+3%/SL-3%,1303,46.1,-0.109,-0.8,-169.4,-141.4
-8.0,-5.0,5,0.0,NORMAL+STRONG,TP+3%/SL-3%,333,45.3,-0.118,-0.81,-56.3,-39.2
-7.0,-5.0,6,999.0,NORMAL,TP+5%/SL-5%,307,48.9,-0.135,-0.81,-52.0,-41.3
-6.0,-4.0,4,999.0,NORMAL,TP+2%/SL-2%,809,45.2,-0.084,-0.81,-84.9,-68.1
-6.0,-5.0,6,0.0,NORMAL+STRONG,TP+5%/SL-5%,88,50.0,-0.13,-0.81,-21.3,-11.4
-8.0,-4.0,5,999.0,ALL,TP+5%/SL-3%,1439,44.5,-0.123,-0.81,-197.3,-176.6
-6.0,-5.0,2,0.0,NORMAL+STRONG,TP+5%/SL-3%,287,43.6,-0.131,-0.81,-48.4,-37.5
-6.0,-5.0,4,999.0,ALL,引け決済,506,45.1,-0.145,-0.81,-114.1,-73.2
-7.0,-5.0,2,2.0,NORMAL,引け決済,762,47.9,-0.143,-0.81,-140.0,-109.0
-7.0,-4.0,3,2.0,NORMAL,TP+2%/SL-2%,1211,45.7,-0.085,-0.81,-122.9,-103.2
-8.0,-6.0,2,999.0,STRONG,TP+5%/SL-5%,217,49.3,-0.145,-0.81,-43.7,-31.5
-5.0,-3.0,6,2.0,ALL,引け決済,760,46.2,-0.131,-0.81,-124.2,-99.6
-8.0,-6.0,3,0.0,ALL,引け決済,400,47.2,-0.155,-0.81,-69.5,-61.8
-6.0,-4.0,5,999.0,ALL,TP+2%/SL-2%,927,45.2,-0.087,-0.81,-100.9,-80.2
-7.0,-5.0,2,0.0,ALL,引け決済,653,47.3,-0.152,-0.81,-111.2,-99.0
-8.0,-5.0,2,999.0,NORMAL,引け決済,1162,47.6,-0.15,-0.82,-200.4,-174.5
-7.0,-4.0,2,0.0,ALL,TP+3%/SL-3%,1305,46.7,-0.115,-0.82,-177.7,-150.7
-8.0,-6.0,6,0.0,NORMAL,TP+3%/SL-3%,119,43.7,-0.124,-0.82,-26.5,-14.8
-7.0,-6.0,4,0.0,NORMAL,引け決済,115,47.0,-0.147,-0.82,-34.6,-17.0
-8.0,-4.0,3,0.0,NORMAL,TP+3%/SL-3%,779,46.6,-0.118,-0.82,-109.5,-92.2
-7.0,-6.0,4,2.0,ALL,引け決済,306,47.4,-0.136,-0.82,-60.6,-41.6
-7.0,-5.0,5,999.0,NORMAL,TP+2%/SL-2%,440,44.8,-0.087,-0.82,-49.3,-38.1
-7.0,-5.0,4,2.0,ALL,TP+5%/SL-5%,737,45.3,-0.133,-0.82,-112.2,-98.4
-7.0,-6.0,6,999.0,NORMAL,TP+3%/SL-3%,135,45.9,-0.115,-0.82,-22.2,-15.6
-8.0,-5.0,3,999.0,ALL,引け決済,1495,46.6,-0.148,-0.82,-243.2,-221.7
-7.0,-4.0,3,999.0,ALL,TP+3%/SL-3%,2210,46.2,-0.112,-0.82,-263.9,-246.6
-8.0,-4.0,4,999.0,ALL,TP+5%/SL-3%,1930,44.0,-0.123,-0.82,-246.1,-236.6
-6.0,-5.0,5,2.0,ALL,TP+3%/SL-3%,322,44.1,-0.112,-0.82,-57.6,-36.0
-8.0,-5.0,2,999.0,ALL,引け決済,1827,47.5,-0.153,-0.82,-304.8,-280.0
-6.0,-3.0,6,999.0,NORMAL,TP+2%/SL-2%,660,44.4,-0.086,-0.82,-85.4,-57.0
-8.0,-5.0,2,0.0,ALL,引け決済,860,47.4,-0.159,-0.83,-150.5,-136.4
-8.0,-6.0,6,0.0,NORMAL+STRONG,TP+3%/SL-3%,146,43.2,-0.124,-0.83,-29.1,-18.1
-7.0,-5.0,3,999.0,ALL,引け決済,1120,46.6,-0.149,-0.83,-191.3,-166.4
-8.0,-3.0,2,2.0,NORMAL,TP+2%/SL-2%,2933,45.9,-0.086,-0.83,-277.8,-252.1
-7.0,-4.0,5,999.0,ALL,TP+3%/SL-3%,1210,46.1,-0.114,-0.83,-156.9,-137.8
-8.0,-4.0,5,0.0,ALL,TP+5%/SL-3%,674,43.5,-0.13,-0.83,-93.0,-87.4
-7.0,-6.0,2,999.0,ALL,TP+5%/SL-3%,548,46.4,-0.129,-0.83,-85.0,-70.7
-8.0,-5.0,4,999.0,NORMAL+STRONG,TP+3%/SL-3%,986,45.9,-0.115,-0.83,-128.4,-113.5
-8.0,-5.0,2,0.0,NORMAL+STRONG,TP+3%/SL-3%,666,46.4,-0.123,-0.83,-92.5,-81.6
-7.0,-5.0,2,2.0,NORMAL,TP+5%/SL-5%,762,47.5,-0.143,-0.83,-124.4,-108.9
-6.0,-3.0,5,0.0,ALL,TP+5%/SL-3%,788,44.5,-0.125,-0.83,-120.7,-98.4
-7.0,-6.0,5,2.0,ALL,TP+5%/SL-5%,252,46.8,-0.138,-0.83,-46.5,-34.8
-7.0,-5.0,6,999.0,NORMAL,TP+3%/SL-3%,307,46.6,-0.116,-0.83,-46.8,-35.7
-8.0,-4.0,4,999.0,ALL,TP+5%/SL-5%,1930,46.2,-0.138,-0.83,-278.1,-266.5
-8.0,-3.0,2,0.0,ALL,TP+3%/SL-3%,2534,47.1,-0.113,-0.83,-318.0,-286.9
-7.0,-5.0,2,0.0,ALL,TP+5%/SL-5%,653,46.7,-0.151,-0.84,-107.8,-98.4
-8.0,-5.0,3,0.0,ALL,引け決済,707,46.1,-0.156,-0.84,-121.0,-110.1
-8.0,-6.0,4,2.0,NORMAL+STRONG,TP+2%/SL-2%,471,46.3,-0.091,-0.84,-48.8,-42.7
-6.0,-4.0,2,0.0,NORMAL,TP+3%/SL-3%,633,46.4,-0.118,-0.84,-101.0,-74.5
-7.0,-6.0,3,0.0,NORMAL,引け決済,144,47.2,-0.161,-0.84,-43.6,-23.2
-6.0,-5.0,4,0.0,ALL,引け決済,229,44.1,-0.151,-0.84,-46.2,-34.6
-7.0,-4.0,4,0.0,ALL,引け決済,768,46.5,-0.149,-0.84,-121.9,-114.1
-7.0,-6.0,4,999.0,STRONG,TP+3%/SL-3%,75,46.7,-0.113,-0.84,-17.6,-8.5
-8.0,-4.0,6,0.0,NORMAL,TP+5%/SL-3%,308,43.2,-0.136,-0.84,-56.3,-41.9
-8.0,-6.0,3,2.0,ALL,引け決済,708,48.2,-0.148,-0.84,-117.0,-104.9
-6.0,-5.0,6,999.0,NORMAL,TP+3%/SL-3%,172,47.1,-0.117,-0.84,-32.6,-20.1
-6.0,-5.0,3,2.0,ALL,TP+5%/SL-3%,567,42.2,-0.13,-0.84,-114.8,-73.6
-7.0,-4.0,3,0.0,NORMAL,TP+3%/SL-3%,666,46.4,-0.12,-0.84,-97.2,-79.6
-8.0,-5.0,5,0.0,NORMAL,引け決済,271,46.5,-0.147,-0.85,-60.8,-39.7
-6.0,-4.0,4,0.0,ALL,TP+5%/SL-5%,596,46.5,-0.142,-0.85,-97.1,-84.6
-8.0,-4.0,5,0.0,NORMAL+STRONG,TP+2%/SL-2%,546,45.4,-0.094,-0.85,-53.7,-51.5
-7.0,-5.0,6,2.0,ALL,TP+2%/SL-2%,402,46.0,-0.093,-0.85,-50.8,-37.5
-6.0,-3.0,3,2.0,ALL,TP+2%/SL-2%,3090,45.8,-0.087,-0.85,-297.6,-267.6
-7.0,-5.0,3,999.0,NORMAL,TP+5%/SL-3%,728,44.1,-0.131,-0.85,-109.0,-95.2
-8.0,-4.0,6,2.0,ALL,TP+5%/SL-5%,881,47.6,-0.143,-0.85,-145.4,-125.6
-8.0,-5.0,3,999.0,ALL,TP+5%/SL-5%,1495,46.2,-0.15,-0.85,-247.4,-224.5
-4.0,-3.0,6,2.0,ALL,引け決済,433,44.6,-0.127,-0.85,-81.5,-55.0
-7.0,-4.0,4,999.0,ALL,TP+3%/SL-3%,1641,45.9,-0.115,-0.85,-195.1,-188.1
-8.0,-5.0,3,2.0,NORMAL,TP+3%/SL-3%,816,46.2,-0.12,-0.85,-114.2,-97.6
-7.0,-4.0,6,999.0,ALL,TP+5%/SL-3%,834,44.8,-0.13,-0.86,-130.4,-108.7
-7.0,-5.0,6,999.0,ALL,引け決済,468,47.6,-0.147,-0.86,-84.9,-68.6
-7.0,-6.0,3,999.0,NORMAL,TP+3%/SL-3%,300,47.3,-0.122,-0.86,-53.4,-36.7
-6.0,-5.0,6,0.0,ALL,TP+5%/SL-5%,104,49.0,-0.137,-0.86,-24.5,-14.2
-7.0,-5.0,3,999.0,NORMAL,TP+5%/SL-5%,728,47.0,-0.148,-0.86,-125.4,-108.1
-6.0,-5.0,2,2.0,ALL,TP+3%/SL-3%,719,44.9,-0.121,-0.86,-112.0,-86.7
-8.0,-5.0,5,999.0,STRONG,TP+2%/SL-2%,185,45.4,-0.096,-0.86,-38.5,-17.8
-7.0,-4.0,5,0.0,ALL,引け決済,568,46.7,-0.15,-0.86,-99.1,-85.4
-8.0,-6.0,2,2.0,ALL,TP+5%/SL-3%,837,45.2,-0.137,-0.86,-132.0,-115.0
-6.0,-4.0,4,2.0,ALL,TP+2%/SL-2%,1132,45.1,-0.09,-0.86,-121.4,-101.8
-5.0,-3.0,6,0.0,ALL,TP+5%/SL-3%,407,44.2,-0.13,-0.86,-78.9,-53.0
-8.0,-5.0,2,0.0,NORMAL,TP+5%/SL-5%,538,46.7,-0.163,-0.86,-110.4,-87.5
-8.0,-5.0,5,999.0,STRONG,TP+3%/SL-3%,185,46.5,-0.123,-0.86,-46.9,-22.7
-5.0,-3.0,5,0.0,ALL,TP+3%/SL-3%,625,47.0,-0.119,-0.87,-93.4,-74.2
-8.0,-4.0,3,0.0,NORMAL+STRONG,TP+2%/SL-2%,966,45.9,-0.095,-0.87,-98.3,-92.0
-8.0,-4.0,4,999.0,ALL,引け決済,1930,46.6,-0.149,-0.87,-296.1,-286.9
-8.0,-5.0,2,999.0,NORMAL,TP+5%/SL-3%,1162,43.9,-0.138,-0.87,-187.2,-160.7
-8.0,-6.0,4,999.0,NORMAL+STRONG,TP+3%/SL-3%,559,46.3,-0.122,-0.87,-79.5,-68.2
-7.0,-5.0,3,2.0,NORMAL,TP+5%/SL-5%,619,46.7,-0.147,-0.87,-108.7,-90.9
-7.0,-5.0,5,2.0,ALL,TP+2%/SL-2%,574,44.8,-0.093,-0.87,-69.2,-53.6
-7.0,-4.0,6,2.0,ALL,TP+5%/SL-5%,729,47.5,-0.148,-0.87,-127.4,-107.6
-8.0,-3.0,6,999.0,ALL,TP+5%/SL-3%,1482,44.5,-0.128,-0.87,-225.5,-189.6
-7.0,-6.0,6,999.0,NORMAL,引け決済,135,47.4,-0.143,-0.87,-30.1,-19.3
-8.0,-6.0,2,2.0,ALL,TP+5%/SL-5%,837,48.1,-0.158,-0.87,-148.1,-132.0
-7.0,-4.0,5,0.0,NORMAL,TP+5%/SL-3%,381,44.4,-0.137,-0.87,-61.8,-52.4
-4.0,-3.0,6,999.0,ALL,引け決済,469,45.4,-0.131,-0.87,-82.1,-61.5
-7.0,-6.0,3,999.0,NORMAL,TP+2%/SL-2%,300,46.7,-0.095,-0.87,-43.9,-28.5
-8.0,-4.0,3,999.0,ALL,TP+3%/SL-3%,2585,46.1,-0.121,-0.88,-325.8,-313.3
-7.0,-3.0,5,0.0,ALL,引け決済,930,46.2,-0.146,-0.88,-153.5,-136.1
-5.0,-3.0,6,2.0,ALL,TP+5%/SL-5%,760,45.7,-0.141,-0.88,-135.3,-107.2
-8.0,-6.0,6,0.0,NORMAL,引け決済,119,44.5,-0.158,-0.88,-30.4,-18.8
-8.0,-4.0,2,999.0,ALL,TP+3%/SL-3%,3223,46.2,-0.122,-0.88,-407.1,-392.9
-6.0,-3.0,4,0.0,ALL,TP+3%/SL-3%,1122,47.2,-0.116,-0.88,-149.5,-130.4
-7.0,-3.0,3,2.0,ALL,TP+2%/SL-2%,3483,45.9,-0.091,-0.88,-340.5,-316.7
-7.0,-4.0,4,2.0,ALL,TP+2%/SL-2%,1438,45.3,-0.092,-0.88,-138.7,-132.5
-7.0,-4.0,5,0.0,ALL,TP+5%/SL-3%,568,43.5,-0.136,-0.88,-85.9,-77.2
-7.0,-5.0,3,2.0,NORMAL,TP+5%/SL-3%,619,44.1,-0.133,-0.88,-97.1,-82.3
-7.0,-5.0,2,2.0,ALL,TP+3%/SL-3%,1197,46.4,-0.125,-0.88,-157.9,-149.5
-7.0,-5.0,2,2.0,NORMAL+STRONG,TP+2%/SL-2%,991,45.8,-0.094,-0.88,-102.5,-93.5
-8.0,-3.0,6,999.0,ALL,TP+3%/SL-3%,1482,46.0,-0.12,-0.88,-203.5,-178.6
-6.0,-4.0,2,0.0,NORMAL+STRONG,TP+2%/SL-2%,785,46.0,-0.095,-0.88,-102.3,-74.6
-8.0,-6.0,2,999.0,NORMAL,TP+3%/SL-3%,626,47.3,-0.127,-0.88,-99.0,-79.7
-4.0,-3.0,3,0.0,ALL,TP+3%/SL-3%,769,47.7,-0.113,-0.88,-111.0,-86.9
-8.0,-3.0,5,0.0,ALL,TP+5%/SL-3%,1036,43.9,-0.134,-0.88,-156.0,-138.8
-6.0,-5.0,3,0.0,ALL,引け決済,307,44.6,-0.157,-0.88,-68.4,-48.3
-7.0,-3.0,6,999.0,ALL,TP+5%/SL-5%,1303,46.7,-0.146,-0.89,-227.6,-190.1
-7.0,-5.0,4,999.0,NORMAL,TP+5%/SL-3%,568,44.0,-0.131,-0.89,-85.6,-74.6
-4.0,-3.0,5,0.0,ALL,TP+5%/SL-5%,362,45.6,-0.137,-0.89,-67.4,-49.5
-8.0,-4.0,4,0.0,ALL,引け決済,901,46.2,-0.157,-0.89,-150.8,-141.6
-6.0,-4.0,5,0.0,NORMAL,TP+5%/SL-3%,286,44.4,-0.143,-0.89,-45.1,-40.9
-7.0,-5.0,6,999.0,NORMAL+STRONG,TP+3%/SL-3%,407,47.4,-0.125,-0.89,-59.8,-50.9
-6.0,-5.0,5,999.0,NORMAL,TP+5%/SL-3%,252,44.4,-0.13,-0.89,-52.0,-32.8
-8.0,-6.0,4,999.0,STRONG,TP+5%/SL-3%,147,42.2,-0.138,-0.89,-28.7,-20.2
-7.0,-5.0,6,999.0,NORMAL,TP+5%/SL-3%,307,45.9,-0.133,-0.9,-48.1,-40.8
-8.0,-4.0,4,0.0,ALL,TP+5%/SL-5%,901,45.8,-0.156,-0.9,-147.1,-140.3
-6.0,-4.0,3,0.0,NORMAL,TP+3%/SL-3%,522,46.4,-0.126,-0.9,-83.7,-66.0
-5.0,-4.0,2,2.0,ALL,TP+2%/SL-2%,1233,46.0,-0.093,-0.9,-145.6,-114.8
-7.0,-4.0,5,999.0,ALL,TP+2%/SL-2%,1210,45.0,-0.096,-0.9,-128.3,-115.9
-7.0,-5.0,3,0.0,NORMAL+STRONG,TP+3%/SL-3%,415,45.3,-0.131,-0.9,-63.3,-54.5
-7.0,-4.0,4,0.0,ALL,TP+5%/SL-5%,768,46.0,-0.153,-0.9,-124.3,-117.1
-8.0,-4.0,2,0.0,ALL,TP+3%/SL-3%,1512,46.4,-0.129,-0.91,-217.7,-194.7
-7.0,-6.0,6,999.0,NORMAL+STRONG,TP+2%/SL-2%,179,46.4,-0.1,-0.91,-25.8,-17.9
-7.0,-3.0,5,0.0,ALL,TP+5%/SL-5%,930,45.9,-0.15,-0.91,-163.9,-139.5
-8.0,-5.0,6,2.0,STRONG,TP+2%/SL-2%,106,46.2,-0.102,-0.91,-23.9,-10.8
-7.0,-5.0,5,0.0,NORMAL+STRONG,TP+5%/SL-3%,249,43.8,-0.141,-0.91,-53.1,-35.1
-8.0,-6.0,3,0.0,ALL,TP+3%/SL-3%,400,46.0,-0.137,-0.91,-59.4,-54.6
-5.0,-4.0,3,999.0,ALL,TP+2%/SL-2%,1090,45.7,-0.095,-0.91,-112.6,-103.2
-7.0,-5.0,2,0.0,NORMAL+STRONG,TP+3%/SL-3%,505,45.9,-0.133,-0.91,-74.3,-67.0
-8.0,-6.0,4,0.0,ALL,TP+5%/SL-3%,305,42.0,-0.147,-0.91,-55.0,-44.8
-4.0,-3.0,5,0.0,ALL,引け決済,362,45.6,-0.14,-0.91,-64.4,-50.7
-7.0,-5.0,3,0.0,ALL,引け決済,528,45.5,-0.167,-0.91,-105.0,-88.2
-8.0,-3.0,3,0.0,ALL,TP+3%/SL-3%,1998,46.7,-0.125,-0.91,-273.2,-249.8
-8.0,-6.0,5,999.0,NORMAL+STRONG,TP+3%/SL-3%,443,46.5,-0.129,-0.91,-67.5,-57.1
-7.0,-6.0,4,0.0,ALL,TP+5%/SL-3%,172,41.9,-0.143,-0.91,-26.6,-24.5
-7.0,-4.0,2,0.0,NORMAL+STRONG,TP+2%/SL-2%,1003,46.2,-0.098,-0.91,-113.0,-98.6
-7.0,-3.0,5,0.0,ALL,TP+5%/SL-3%,930,44.0,-0.138,-0.92,-144.7,-128.6
-8.0,-3.0,6,999.0,ALL,引け決済,1482,47.0,-0.152,-0.92,-250.8,-225.9
-8.0,-3.0,5,0.0,ALL,引け決済,1036,46.1,-0.155,-0.92,-177.9,-160.6
-7.0,-6.0,3,2.0,ALL,引け決済,393,49.1,-0.158,-0.92,-73.7,-62.1
-7.0,-6.0,2,2.0,NORMAL,TP+2%/SL-2%,316,47.2,-0.1,-0.92,-46.3,-31.7
-8.0,-3.0,5,0.0,ALL,TP+5%/SL-5%,1036,45.8,-0.154,-0.92,-183.1,-159.5
-6.0,-3.0,3,0.0,ALL,TP+3%/SL-3%,1598,46.9,-0.122,-0.92,-225.6,-195.1
-8.0,-5.0,6,999.0,STRONG,TP+5%/SL-3%,142,45.8,-0.145,-0.92,-38.0,-20.6
-8.0,-4.0,5,0.0,ALL,引け決済,674,46.4,-0.163,-0.92,-118.0,-109.9
-8.0,-5.0,2,999.0,ALL,TP+5%/SL-3%,1827,43.6,-0.146,-0.92,-292.5,-266.8
-5.0,-4.0,6,0.0,NORMAL,引け決済,114,50.0,-0.182,-0.92,-34.1,-20.7
-7.0,-6.0,2,2.0,NORMAL,TP+5%/SL-5%,316,50.0,-0.161,-0.92,-76.4,-50.9
-5.0,-3.0,6,0.0,NORMAL,TP+5%/SL-3%,258,43.8,-0.14,-0.92,-55.1,-36.1
-7.0,-3.0,3,0.0,ALL,TP+3%/SL-3%,1819,46.7,-0.124,-0.92,-259.6,-226.4
-6.0,-3.0,2,999.0,NORMAL,TP+2%/SL-2%,2682,45.2,-0.094,-0.92,-274.7,-252.0
-7.0,-4.0,5,0.0,ALL,TP+5%/SL-5%,568,46.1,-0.158,-0.92,-103.9,-90.0
-7.0,-6.0,2,2.0,ALL,TP+3%/SL-3%,478,48.5,-0.131,-0.92,-70.0,-62.8
-8.0,-5.0,3,999.0,NORMAL,TP+3%/SL-3%,961,45.9,-0.132,-0.93,-144.5,-127.0
-8.0,-3.0,5,0.0,NORMAL,TP+3%/SL-3%,669,46.5,-0.132,-0.93,-101.2,-88.1
-7.0,-6.0,2,999.0,NORMAL+STRONG,TP+2%/SL-2%,477,46.8,-0.101,-0.93,-56.1,-48.4
-8.0,-4.0,5,0.0,ALL,TP+5%/SL-5%,674,46.0,-0.163,-0.93,-119.4,-110.0
-8.0,-4.0,3,0.0,ALL,TP+3%/SL-3%,1229,46.1,-0.133,-0.93,-177.4,-162.9
-7.0,-5.0,4,2.0,ALL,TP+5%/SL-3%,737,43.0,-0.139,-0.93,-115.8,-102.3
-7.0,-5.0,3,999.0,ALL,TP+5%/SL-5%,1120,46.2,-0.161,-0.93,-197.1,-179.9
-6.0,-4.0,6,0.0,ALL,TP+3%/SL-3%,278,46.0,-0.132,-0.93,-46.5,-36.6
-7.0,-6.0,4,2.0,ALL,TP+2%/SL-2%,306,45.8,-0.1,-0.93,-38.9,-30.7
-6.0,-5.0,4,2.0,ALL,TP+5%/SL-5%,431,44.1,-0.151,-0.94,-93.3,-65.1
-8.0,-4.0,6,999.0,ALL,引け決済,1013,47.7,-0.162,-0.94,-178.4,-164.4
-7.0,-5.0,3,999.0,ALL,TP+5%/SL-3%,1120,43.4,-0.145,-0.94,-183.0,-162.8
-6.0,-4.0,3,2.0,NORMAL,TP+2%/SL-2%,948,44.9,-0.098,-0.94,-113.8,-92.8
-6.0,-5.0,3,2.0,NORMAL,引け決済,356,44.9,-0.155,-0.94,-77.3,-55.1
-7.0,-5.0,2,999.0,NORMAL,引け決済,896,47.4,-0.174,-0.94,-176.5,-156.2
-7.0,-6.0,3,2.0,ALL,TP+3%/SL-3%,393,47.6,-0.133,-0.94,-61.9,-52.2
-7.0,-5.0,2,2.0,NORMAL,TP+5%/SL-3%,762,44.4,-0.146,-0.95,-122.7,-111.5
-8.0,-5.0,4,2.0,ALL,引け決済,982,45.2,-0.162,-0.95,-178.3,-159.5
-6.0,-5.0,5,999.0,ALL,TP+3%/SL-3%,377,44.8,-0.133,-0.95,-77.9,-50.0
-6.0,-4.0,3,0.0,ALL,TP+3%/SL-3%,829,46.2,-0.131,-0.95,-137.9,-108.2
-6.0,-4.0,4,0.0,ALL,TP+3%/SL-3%,596,45.6,-0.13,-0.95,-94.9,-77.5
-6.0,-3.0,6,0.0,ALL,引け決済,511,47.0,-0.156,-0.95,-105.4,-79.6
-7.0,-6.0,2,2.0,ALL,TP+5%/SL-5%,478,49.6,-0.168,-0.95,-89.8,-80.1
-7.0,-4.0,3,0.0,ALL,TP+3%/SL-3%,1050,46.0,-0.133,-0.95,-160.4,-139.5
-7.0,-4.0,2,0.0,NORMAL,TP+3%/SL-3%,808,46.3,-0.135,-0.95,-126.2,-109.0
-7.0,-5.0,2,999.0,NORMAL,TP+5%/SL-5%,896,47.2,-0.166,-0.95,-168.7,-149.0
-7.0,-6.0,5,2.0,ALL,引け決済,252,47.2,-0.157,-0.95,-46.2,-39.5
-8.0,-4.0,6,0.0,NORMAL,引け決済,308,47.1,-0.171,-0.95,-66.2,-52.6
-7.0,-5.0,6,999.0,NORMAL+STRONG,TP+2%/SL-2%,407,46.4,-0.104,-0.95,-56.2,-42.4
-8.0,-4.0,6,2.0,ALL,TP+2%/SL-2%,881,45.4,-0.103,-0.95,-95.0,-90.5
-8.0,-5.0,3,999.0,ALL,TP+5%/SL-3%,1495,43.2,-0.15,-0.95,-246.9,-223.6
-7.0,-6.0,3,999.0,NORMAL,引け決済,300,48.7,-0.177,-0.96,-70.8,-53.2
-7.0,-6.0,3,0.0,ALL,TP+3%/SL-3%,221,45.2,-0.141,-0.96,-36.0,-31.3
-7.0,-6.0,3,0.0,ALL,引け決済,221,46.6,-0.181,-0.96,-48.9,-39.9
-7.0,-3.0,4,0.0,ALL,TP+3%/SL-3%,1294,46.7,-0.129,-0.96,-182.8,-167.1
-6.0,-3.0,2,999.0,ALL,TP+2%/SL-2%,4519,45.5,-0.099,-0.96,-466.2,-446.6
-8.0,-4.0,4,999.0,NORMAL,TP+2%/SL-2%,1221,45.2,-0.101,-0.96,-138.7,-123.2
-7.0,-3.0,6,999.0,ALL,TP+2%/SL-2%,1303,44.7,-0.102,-0.96,-154.3,-133.6
-8.0,-4.0,4,0.0,NORMAL,TP+3%/SL-3%,590,45.9,-0.137,-0.96,-90.7,-81.1
-5.0,-4.0,6,999.0,ALL,TP+5%/SL-5%,366,47.3,-0.163,-0.96,-72.1,-59.5
-8.0,-4.0,5,2.0,ALL,TP+2%/SL-2%,1266,45.0,-0.102,-0.96,-138.8,-129.8
-8.0,-6.0,2,999.0,NORMAL+STRONG,TP+3%/SL-3%,843,47.2,-0.138,-0.97,-132.7,-116.7
-6.0,-5.0,3,999.0,NORMAL,TP+5%/SL-3%,428,42.8,-0.149,-0.97,-87.2,-63.9
-8.0,-5.0,5,2.0,ALL,TP+5%/SL-3%,771,44.0,-0.145,-0.97,-129.5,-111.8
-8.0,-4.0,2,0.0,NORMAL,TP+3%/SL-3%,937,46.3,-0.14,-0.97,-152.2,-131.2
-8.0,-6.0,3,2.0,NORMAL+STRONG,TP+2%/SL-2%,601,46.3,-0.105,-0.97,-70.1,-63.3
-8.0,-5.0,6,0.0,NORMAL,引け決済,194,45.4,-0.164,-0.97,-41.6,-31.9
-7.0,-3.0,2,999.0,NORMAL,TP+2%/SL-2%,3042,45.2,-0.1,-0.97,-325.5,-302.9
-7.0,-6.0,3,2.0,ALL,TP+5%/SL-5%,393,48.3,-0.168,-0.97,-83.2,-66.1
-7.0,-3.0,6,0.0,NORMAL+STRONG,TP+2%/SL-2%,498,45.2,-0.105,-0.97,-57.8,-52.3
-7.0,-4.0,3,999.0,NORMAL,TP+2%/SL-2%,1378,45.1,-0.102,-0.97,-157.7,-140.6
-8.0,-3.0,2,2.0,ALL,TP+2%/SL-2%,4845,45.7,-0.1,-0.97,-492.7,-484.7
-5.0,-4.0,6,0.0,NORMAL,TP+5%/SL-5%,114,48.2,-0.183,-0.97,-31.0,-20.8
-8.0,-3.0,6,999.0,ALL,TP+5%/SL-5%,1482,46.6,-0.16,-0.98,-273.0,-237.3
-8.0,-5.0,4,2.0,NORMAL+STRONG,TP+2%/SL-2%,826,45.2,-0.105,-0.98,-99.1,-86.5
-8.0,-6.0,6,999.0,NORMAL+STRONG,引け決済,337,48.1,-0.165,-0.98,-58.8,-55.8
-8.0,-5.0,2,0.0,ALL,TP+5%/SL-3%,860,43.3,-0.16,-0.98,-153.6,-138.0
-7.0,-4.0,6,999.0,ALL,TP+3%/SL-3%,834,46.0,-0.136,-0.98,-128.1,-113.8
-6.0,-5.0,6,999.0,NORMAL+STRONG,TP+2%/SL-2%,228,46.5,-0.107,-0.98,-42.4,-24.5
-8.0,-5.0,4,999.0,NORMAL,TP+3%/SL-3%,746,45.4,-0.137,-0.98,-119.0,-102.0
-8.0,-5.0,5,999.0,ALL,TP+5%/SL-5%,889,45.8,-0.167,-0.99,-170.0,-148.2
-8.0,-5.0,5,999.0,NORMAL+STRONG,TP+2%/SL-2%,768,44.9,-0.107,-0.99,-97.8,-82.4
-4.0,-3.0,5,0.0,ALL,TP+5%/SL-3%,362,44.8,-0.142,-0.99,-67.8,-51.4
-8.0,-5.0,5,999.0,ALL,引け決済,889,45.9,-0.172,-0.99,-175.3,-153.2
-6.0,-3.0,3,999.0,ALL,TP+2%/SL-2%,3463,45.3,-0.101,-0.99,-374.2,-350.8
-8.0,-4.0,4,0.0,NORMAL+STRONG,TP+2%/SL-2%,718,45.4,-0.108,-0.99,-79.6,-77.4
-8.0,-4.0,2,999.0,NORMAL+STRONG,TP+2%/SL-2%,2706,45.3,-0.105,-0.99,-291.2,-283.9
-8.0,-4.0,5,0.0,NORMAL,TP+3%/SL-3%,446,46.4,-0.145,-0.99,-72.3,-64.6
-6.0,-4.0,6,0.0,NORMAL,引け決済,189,48.7,-0.179,-0.99,-42.1,-33.8
-7.0,-6.0,2,0.0,NORMAL+STRONG,TP+2%/SL-2%,218,46.8,-0.11,-0.99,-30.2,-24.0
-7.0,-6.0,4,0.0,NORMAL+STRONG,TP+2%/SL-2%,140,47.1,-0.111,-0.99,-21.2,-15.5
-7.0,-6.0,4,0.0,NORMAL,TP+3%/SL-3%,115,45.2,-0.14,-0.99,-28.8,-16.1
-7.0,-5.0,4,0.0,NORMAL+STRONG,TP+3%/SL-3%,322,44.7,-0.143,-1.0,-50.7,-46.2
-6.0,-4.0,3,999.0,NORMAL,TP+2%/SL-2%,1078,44.6,-0.104,-1.0,-135.2,-112.1
-8.0,-3.0,4,0.0,ALL,TP+3%/SL-3%,1427,46.5,-0.136,-1.0,-207.9,-194.6
-7.0,-5.0,5,999.0,ALL,TP+5%/SL-3%,660,43.6,-0.149,-1.0,-115.3,-98.3
-8.0,-6.0,2,999.0,NORMAL,引け決済,626,48.6,-0.183,-1.0,-137.0,-114.4
-6.0,-5.0,5,2.0,NORMAL,TP+3%/SL-3%,214,43.9,-0.133,-1.0,-38.5,-28.4
-6.0,-3.0,6,0.0,ALL,TP+5%/SL-3%,511,44.4,-0.149,-1.0,-101.0,-76.1
-8.0,-6.0,4,0.0,ALL,TP+5%/SL-5%,305,44.6,-0.183,-1.0,-60.4,-55.7
-7.0,-6.0,2,0.0,ALL,TP+5%/SL-5%,272,47.4,-0.189,-1.01,-57.5,-51.3
-8.0,-3.0,5,999.0,ALL,TP+2%/SL-2%,2218,44.6,-0.107,-1.01,-252.0,-236.5
-8.0,-3.0,4,999.0,ALL,TP+2%/SL-2%,3120,45.2,-0.105,-1.01,-342.6,-326.8
-8.0,-4.0,3,2.0,NORMAL,TP+2%/SL-2%,1408,45.3,-0.106,-1.01,-167.7,-149.2
-7.0,-6.0,5,0.0,NORMAL,TP+3%/SL-3%,95,45.3,-0.143,-1.01,-25.2,-13.6
-7.0,-5.0,6,999.0,NORMAL,TP+2%/SL-2%,307,45.6,-0.109,-1.01,-53.6,-33.5
-4.0,-3.0,6,2.0,NORMAL,TP+3%/SL-3%,244,43.4,-0.127,-1.01,-49.5,-31.1
-8.0,-6.0,5,0.0,ALL,TP+5%/SL-3%,248,41.9,-0.163,-1.02,-53.5,-40.4
-8.0,-5.0,4,2.0,ALL,TP+5%/SL-5%,982,45.0,-0.17,-1.02,-185.2,-166.5
-8.0,-6.0,3,999.0,ALL,TP+5%/SL-5%,828,46.7,-0.183,-1.02,-167.1,-151.2
-7.0,-5.0,4,999.0,NORMAL+STRONG,TP+2%/SL-2%,736,45.0,-0.109,-1.02,-91.3,-80.2
-8.0,-4.0,6,0.0,NORMAL,TP+5%/SL-5%,308,46.4,-0.187,-1.02,-71.4,-57.5
-7.0,-6.0,2,999.0,NORMAL,TP+3%/SL-3%,360,47.8,-0.148,-1.03,-63.1,-53.4
-7.0,-6.0,3,999.0,NORMAL,TP+5%/SL-5%,300,48.3,-0.18,-1.03,-69.4,-54.1
-7.0,-3.0,2,999.0,ALL,TP+2%/SL-2%,5067,45.4,-0.107,-1.03,-549.1,-540.9
-8.0,-6.0,6,999.0,NORMAL+STRONG,TP+5%/SL-5%,337,47.5,-0.167,-1.03,-60.7,-56.3
-7.0,-4.0,6,999.0,ALL,TP+5%/SL-5%,834,47.2,-0.175,-1.03,-168.0,-145.9
-6.0,-5.0,5,999.0,NORMAL,TP+3%/SL-3%,252,44.4,-0.14,-1.03,-54.3,-35.3
-7.0,-6.0,6,2.0,ALL,TP+2%/SL-2%,183,45.4,-0.113,-1.03,-33.4,-20.7
-8.0,-4.0,6,999.0,ALL,TP+5%/SL-3%,1013,44.5,-0.155,-1.03,-174.7,-157.4
-8.0,-6.0,6,2.0,ALL,TP+3%/SL-3%,335,45.7,-0.147,-1.03,-53.0,-49.3
-4.0,-3.0,6,999.0,NORMAL,TP+3%/SL-3%,260,43.8,-0.131,-1.03,-52.4,-34.0
-6.0,-5.0,4,999.0,ALL,TP+5%/SL-5%,506,44.9,-0.171,-1.03,-118.7,-86.7
-8.0,-5.0,6,999.0,NORMAL,TP+2%/SL-2%,423,45.9,-0.112,-1.03,-63.7,-47.5
-8.0,-5.0,6,0.0,NORMAL+STRONG,TP+3%/SL-3%,234,44.0,-0.151,-1.04,-45.6,-35.4
-6.0,-5.0,5,0.0,ALL,TP+5%/SL-5%,163,44.8,-0.169,-1.04,-39.0,-27.6
-7.0,-6.0,6,999.0,NORMAL,TP+5%/SL-5%,135,46.7,-0.167,-1.04,-25.8,-22.6
-8.0,-5.0,5,999.0,NORMAL,TP+2%/SL-2%,583,44.8,-0.111,-1.04,-75.5,-64.5
-7.0,-5.0,2,999.0,NORMAL,TP+5%/SL-3%,896,43.9,-0.163,-1.05,-160.2,-146.5
-7.0,-5.0,3,999.0,NORMAL+STRONG,TP+2%/SL-2%,950,45.1,-0.112,-1.05,-124.2,-106.5
-8.0,-6.0,5,2.0,ALL,TP+5%/SL-5%,449,46.1,-0.176,-1.05,-87.6,-78.8
-7.0,-6.0,6,999.0,NORMAL+STRONG,引け決済,179,47.5,-0.172,-1.05,-34.1,-30.8
-7.0,-6.0,2,2.0,NORMAL,引け決済,316,50.3,-0.184,-1.05,-78.9,-58.1
-6.0,-4.0,5,0.0,ALL,TP+3%/SL-3%,426,45.5,-0.148,-1.05,-79.3,-63.0
-7.0,-5.0,4,2.0,ALL,TP+3%/SL-3%,737,44.4,-0.145,-1.05,-120.0,-106.8
-6.0,-4.0,6,0.0,ALL,TP+5%/SL-5%,278,47.8,-0.181,-1.05,-62.0,-50.4
-8.0,-5.0,3,0.0,ALL,TP+5%/SL-3%,707,42.1,-0.172,-1.05,-135.5,-121.3
-7.0,-6.0,5,0.0,NORMAL,引け決済,95,46.3,-0.176,-1.05,-32.5,-16.7
-8.0,-3.0,6,0.0,NORMAL+STRONG,TP+2%/SL-2%,563,44.6,-0.114,-1.05,-67.3,-64.4
-8.0,-5.0,5,2.0,ALL,TP+3%/SL-3%,771,44.9,-0.148,-1.06,-127.8,-114.3
-7.0,-6.0,6,2.0,STRONG,TP+2%/SL-2%,32,50.0,-0.118,-1.06,-9.0,-3.8
-8.0,-3.0,6,0.0,NORMAL,TP+5%/SL-3%,452,42.9,-0.164,-1.06,-92.6,-74.1
-8.0,-6.0,2,2.0,ALL,引け決済,837,48.4,-0.194,-1.06,-177.5,-162.2
-6.0,-3.0,3,0.0,NORMAL,TP+2%/SL-2%,988,45.7,-0.11,-1.06,-126.6,-109.2
-8.0,-5.0,6,0.0,NORMAL,TP+5%/SL-5%,194,45.4,-0.189,-1.06,-48.5,-36.7
-7.0,-5.0,6,999.0,STRONG,TP+3%/SL-3%,100,50.0,-0.152,-1.06,-34.6,-15.2
-7.0,-4.0,6,999.0,ALL,TP+2%/SL-2%,834,45.0,-0.114,-1.06,-106.0,-95.4
-8.0,-5.0,4,0.0,NORMAL,TP+5%/SL-5%,349,45.3,-0.19,-1.06,-76.7,-66.2
-7.0,-6.0,4,0.0,ALL,TP+5%/SL-5%,172,44.2,-0.189,-1.06,-39.0,-32.6
-8.0,-4.0,6,999.0,ALL,TP+3%/SL-3%,1013,45.8,-0.149,-1.06,-160.7,-151.0
-6.0,-5.0,4,2.0,NORMAL,引け決済,281,44.1,-0.173,-1.06,-59.7,-48.5
-5.0,-3.0,6,0.0,ALL,引け決済,407,46.4,-0.179,-1.06,-96.3,-72.9
-8.0,-4.0,4,999.0,ALL,TP+3%/SL-3%,1930,45.4,-0.146,-1.07,-290.3,-281.5
-7.0,-6.0,4,999.0,STRONG,TP+2%/SL-2%,75,45.3,-0.116,-1.07,-13.3,-8.7
-7.0,-4.0,4,0.0,ALL,TP+3%/SL-3%,768,45.1,-0.149,-1.07,-123.2,-114.2
-6.0,-5.0,2,999.0,ALL,TP+3%/SL-3%,849,44.4,-0.151,-1.07,-155.6,-128.6
-8.0,-4.0,6,0.0,ALL,TP+5%/SL-3%,458,42.4,-0.168,-1.07,-79.7,-76.8
-8.0,-4.0,6,999.0,STRONG,TP+2%/SL-2%,219,46.1,-0.117,-1.07,-52.2,-25.5
-8.0,-3.0,3,2.0,ALL,TP+2%/SL-2%,3798,45.3,-0.111,-1.07,-440.8,-420.0
-7.0,-3.0,3,999.0,ALL,TP+2%/SL-2%,3916,45.1,-0.11,-1.07,-451.4,-431.2
-8.0,-6.0,3,999.0,ALL,TP+5%/SL-3%,828,43.7,-0.169,-1.07,-157.5,-139.8
-8.0,-4.0,5,999.0,ALL,TP+3%/SL-3%,1439,45.6,-0.149,-1.07,-226.7,-214.0
-6.0,-5.0,4,999.0,NORMAL,TP+5%/SL-5%,334,45.5,-0.177,-1.07,-82.1,-59.0
-7.0,-5.0,2,0.0,ALL,TP+5%/SL-3%,653,43.3,-0.174,-1.08,-122.9,-113.6
-6.0,-4.0,6,0.0,NORMAL+STRONG,TP+2%/SL-2%,228,45.2,-0.119,-1.08,-31.5,-27.0
-6.0,-5.0,6,999.0,ALL,TP+2%/SL-2%,262,45.8,-0.119,-1.08,-48.7,-31.1
-7.0,-5.0,3,2.0,NORMAL,TP+3%/SL-3%,619,45.1,-0.15,-1.08,-104.0,-92.7
-7.0,-5.0,3,0.0,ALL,TP+5%/SL-5%,528,44.7,-0.192,-1.08,-110.7,-101.3
-6.0,-4.0,4,999.0,ALL,TP+2%/SL-2%,1287,44.7,-0.113,-1.08,-158.5,-144.8
-8.0,-6.0,6,2.0,STRONG,引け決済,65,47.7,-0.188,-1.08,-24.5,-12.2
-7.0,-5.0,4,999.0,NORMAL,TP+3%/SL-3%,568,44.7,-0.148,-1.08,-95.6,-84.1
-7.0,-5.0,4,999.0,ALL,TP+5%/SL-5%,860,45.1,-0.183,-1.09,-172.2,-157.4
-8.0,-5.0,2,2.0,ALL,TP+3%/SL-3%,1556,45.7,-0.155,-1.09,-257.4,-241.7
-7.0,-5.0,3,2.0,ALL,TP+3%/SL-3%,960,45.1,-0.153,-1.09,-162.8,-146.5
-8.0,-6.0,4,2.0,ALL,TP+5%/SL-5%,551,45.7,-0.184,-1.09,-111.1,-101.4
-7.0,-3.0,5,0.0,NORMAL,TP+3%/SL-3%,604,46.0,-0.152,-1.09,-105.3,-91.9
-5.0,-3.0,6,0.0,ALL,TP+3%/SL-3%,407,45.9,-0.15,-1.09,-78.8,-61.0
-4.0,-3.0,6,2.0,NORMAL,TP+5%/SL-3%,244,41.0,-0.147,-1.09,-57.1,-35.9
-7.0,-5.0,6,999.0,ALL,TP+5%/SL-5%,468,47.2,-0.185,-1.09,-105.0,-86.4
-6.0,-5.0,3,2.0,NORMAL,TP+5%/SL-5%,356,44.4,-0.18,-1.09,-80.1,-64.0
-7.0,-3.0,3,0.0,NORMAL,TP+2%/SL-2%,1132,45.8,-0.115,-1.09,-145.7,-129.6
-7.0,-6.0,4,999.0,ALL,TP+5%/SL-3%,354,43.2,-0.165,-1.1,-62.5,-58.3
-7.0,-4.0,4,0.0,NORMAL,TP+3%/SL-3%,507,45.4,-0.156,-1.1,-88.2,-78.9
-7.0,-5.0,4,999.0,ALL,引け決済,860,45.3,-0.193,-1.1,-181.0,-166.3
-7.0,-6.0,2,0.0,NORMAL,TP+5%/SL-3%,175,44.6,-0.178,-1.1,-41.8,-31.1
-8.0,-5.0,3,0.0,NORMAL,引け決済,450,46.0,-0.205,-1.1,-104.2,-92.3
-6.0,-3.0,6,0.0,ALL,TP+3%/SL-3%,511,46.0,-0.152,-1.1,-94.1,-77.9
-6.0,-4.0,6,0.0,NORMAL,TP+5%/SL-3%,189,43.9,-0.174,-1.1,-36.8,-33.0
-8.0,-6.0,3,999.0,ALL,引け決済,828,47.2,-0.202,-1.1,-179.3,-166.9
-6.0,-3.0,5,0.0,NORMAL,TP+3%/SL-3%,509,46.2,-0.154,-1.1,-91.6,-78.4
-7.0,-5.0,6,0.0,NORMAL+STRONG,TP+5%/SL-5%,169,46.2,-0.188,-1.1,-41.8,-31.8
-8.0,-4.0,6,0.0,ALL,引け決済,458,45.9,-0.191,-1.1,-92.7,-87.3
-4.0,-3.0,6,999.0,NORMAL,TP+5%/SL-3%,260,41.5,-0.149,-1.1,-61.4,-38.8
-8.0,-6.0,5,2.0,ALL,TP+5%/SL-3%,449,44.3,-0.167,-1.1,-83.9,-74.9
-8.0,-6.0,5,0.0,NORMAL+STRONG,TP+2%/SL-2%,198,44.4,-0.124,-1.11,-24.8,-24.5
-7.0,-4.0,6,0.0,ALL,引け決済,379,46.4,-0.192,-1.11,-82.7,-72.8
-7.0,-5.0,4,0.0,ALL,引け決済,401,44.1,-0.2,-1.11,-84.4,-80.1
-8.0,-5.0,2,0.0,NORMAL,引け決済,538,46.7,-0.216,-1.11,-128.9,-116.1
-7.0,-6.0,6,0.0,NORMAL+STRONG,引け決済,81,43.2,-0.19,-1.11,-25.3,-15.4
-8.0,-5.0,4,0.0,ALL,引け決済,534,44.2,-0.201,-1.11,-114.7,-107.6
-8.0,-4.0,2,0.0,NORMAL+STRONG,TP+2%/SL-2%,1164,45.2,-0.121,-1.11,-148.9,-140.4
-8.0,-5.0,3,2.0,NORMAL+STRONG,TP+2%/SL-2%,1059,44.9,-0.119,-1.11,-138.5,-126.4
-7.0,-6.0,2,0.0,ALL,TP+3%/SL-3%,272,46.3,-0.164,-1.11,-48.8,-44.7
-8.0,-4.0,4,0.0,ALL,TP+3%/SL-3%,901,45.0,-0.157,-1.12,-151.0,-141.7
-8.0,-5.0,6,2.0,STRONG,TP+3%/SL-3%,106,47.2,-0.158,-1.12,-31.1,-16.8
-8.0,-5.0,2,2.0,NORMAL,TP+3%/SL-3%,987,45.7,-0.159,-1.12,-171.8,-156.7
-8.0,-3.0,2,999.0,NORMAL,TP+2%/SL-2%,3308,44.8,-0.115,-1.12,-405.1,-382.0
-8.0,-6.0,3,2.0,NORMAL,TP+2%/SL-2%,460,46.1,-0.123,-1.12,-66.8,-56.4
-8.0,-5.0,6,999.0,ALL,引け決済,647,47.1,-0.193,-1.12,-137.9,-124.6
-5.0,-4.0,2,0.0,ALL,TP+2%/SL-2%,652,45.7,-0.119,-1.12,-108.2,-77.6
-8.0,-4.0,6,999.0,ALL,TP+5%/SL-5%,1013,47.0,-0.191,-1.13,-213.4,-193.1
-8.0,-3.0,6,0.0,ALL,TP+5%/SL-3%,691,42.8,-0.172,-1.13,-133.9,-119.0
-8.0,-6.0,4,2.0,ALL,TP+5%/SL-3%,551,43.6,-0.173,-1.13,-105.0,-95.1
-7.0,-6.0,5,999.0,ALL,TP+5%/SL-5%,283,45.6,-0.187,-1.13,-57.3,-53.0
-5.0,-3.0,4,0.0,ALL,TP+2%/SL-2%,893,45.9,-0.116,-1.13,-113.6,-103.2
-4.0,-3.0,6,2.0,NORMAL,TP+2%/SL-2%,244,41.4,-0.113,-1.13,-38.8,-27.6
-6.0,-5.0,5,2.0,NORMAL,TP+5%/SL-3%,214,43.9,-0.158,-1.13,-42.1,-33.9
-8.0,-6.0,3,2.0,ALL,TP+3%/SL-3%,708,46.5,-0.163,-1.13,-126.3,-115.5
-6.0,-4.0,4,0.0,NORMAL,TP+3%/SL-3%,392,45.4,-0.16,-1.13,-69.7,-62.8
-7.0,-5.0,2,999.0,ALL,TP+3%/SL-3%,1397,45.5,-0.162,-1.14,-236.7,-225.9
-8.0,-6.0,2,999.0,ALL,TP+5%/SL-3%,978,43.9,-0.183,-1.14,-202.1,-178.9
-7.0,-6.0,2,2.0,ALL,引け決済,478,50.0,-0.201,-1.14,-107.8,-96.2
-7.0,-6.0,3,999.0,ALL,TP+5%/SL-3%,453,44.6,-0.174,-1.14,-88.1,-79.0
-6.0,-5.0,6,0.0,NORMAL,引け決済,75,46.7,-0.174,-1.14,-23.4,-13.1
-7.0,-6.0,3,2.0,ALL,TP+2%/SL-2%,393,46.1,-0.125,-1.15,-56.3,-49.0
-8.0,-5.0,4,0.0,ALL,TP+5%/SL-5%,534,44.2,-0.201,-1.15,-115.7,-107.5
-8.0,-6.0,6,999.0,NORMAL+STRONG,TP+3%/SL-3%,337,46.3,-0.163,-1.15,-61.2,-54.9
-5.0,-3.0,6,0.0,NORMAL,TP+3%/SL-3%,258,46.1,-0.161,-1.15,-55.0,-41.4
-6.0,-5.0,6,0.0,ALL,TP+3%/SL-3%,104,46.2,-0.162,-1.15,-24.2,-16.9
-6.0,-3.0,5,0.0,ALL,TP+3%/SL-3%,788,45.8,-0.158,-1.15,-145.7,-124.4
-8.0,-6.0,3,999.0,STRONG,TP+3%/SL-3%,183,46.4,-0.157,-1.15,-38.8,-28.8
-7.0,-5.0,5,999.0,ALL,TP+3%/SL-3%,660,44.5,-0.16,-1.15,-119.1,-105.7
-5.0,-4.0,6,0.0,ALL,TP+5%/SL-5%,174,47.1,-0.208,-1.15,-46.0,-36.2
-7.0,-4.0,6,0.0,ALL,TP+5%/SL-3%,379,42.7,-0.177,-1.15,-72.9,-67.2
-8.0,-3.0,6,0.0,NORMAL,引け決済,452,46.0,-0.199,-1.16,-108.0,-90.1
-8.0,-5.0,3,2.0,ALL,TP+3%/SL-3%,1275,45.1,-0.165,-1.16,-226.9,-209.7
-8.0,-6.0,4,2.0,ALL,引け決済,551,45.9,-0.196,-1.16,-116.4,-107.9
-8.0,-5.0,4,0.0,NORMAL,引け決済,349,45.3,-0.211,-1.16,-82.1,-73.7
-8.0,-5.0,3,0.0,NORMAL,TP+5%/SL-3%,450,41.8,-0.195,-1.16,-103.3,-87.5
-7.0,-5.0,3,999.0,NORMAL,TP+3%/SL-3%,728,44.9,-0.162,-1.16,-128.3,-118.0
-5.0,-4.0,6,2.0,ALL,TP+5%/SL-5%,327,47.1,-0.199,-1.16,-80.0,-65.0
-6.0,-5.0,4,2.0,NORMAL+STRONG,TP+2%/SL-2%,355,43.7,-0.123,-1.17,-61.2,-43.8
-7.0,-6.0,5,999.0,ALL,TP+2%/SL-2%,283,44.2,-0.126,-1.17,-43.5,-35.7
-7.0,-6.0,2,999.0,ALL,TP+5%/SL-5%,548,48.7,-0.208,-1.17,-128.1,-114.1
-8.0,-3.0,6,0.0,ALL,引け決済,691,45.4,-0.196,-1.17,-150.1,-135.2
-7.0,-6.0,6,999.0,NORMAL,TP+5%/SL-3%,135,44.4,-0.168,-1.17,-25.0,-22.6
-6.0,-5.0,3,999.0,ALL,TP+3%/SL-3%,667,43.8,-0.165,-1.18,-150.8,-110.0
-7.0,-6.0,4,999.0,ALL,TP+5%/SL-5%,354,45.5,-0.2,-1.18,-74.7,-70.7
-5.0,-4.0,2,999.0,ALL,TP+2%/SL-2%,1396,45.0,-0.123,-1.18,-190.2,-172.2
-8.0,-6.0,2,999.0,ALL,TP+5%/SL-5%,978,47.0,-0.214,-1.18,-228.7,-209.3
-7.0,-4.0,2,2.0,NORMAL,TP+2%/SL-2%,1507,44.9,-0.124,-1.18,-203.2,-186.8
-5.0,-3.0,6,0.0,NORMAL,TP+2%/SL-2%,258,43.4,-0.124,-1.18,-46.7,-32.0
-8.0,-4.0,3,999.0,NORMAL,TP+2%/SL-2%,1611,44.6,-0.126,-1.19,-222.4,-202.3
-7.0,-6.0,5,999.0,STRONG,TP+2%/SL-2%,57,45.6,-0.133,-1.19,-8.6,-7.6
-8.0,-5.0,5,0.0,ALL,TP+5%/SL-5%,411,44.3,-0.207,-1.19,-94.7,-85.0
-7.0,-3.0,6,0.0,ALL,TP+5%/SL-3%,612,43.1,-0.179,-1.19,-128.4,-109.4
-8.0,-6.0,5,2.0,ALL,引け決済,449,46.3,-0.201,-1.19,-97.8,-90.2
-6.0,-3.0,6,0.0,ALL,TP+5%/SL-5%,511,46.4,-0.199,-1.19,-134.0,-101.8
-7.0,-3.0,6,0.0,ALL,引け決済,612,45.8,-0.197,-1.19,-140.1,-120.7
-8.0,-6.0,5,2.0,STRONG,TP+5%/SL-5%,87,43.7,-0.197,-1.19,-20.2,-17.2
-6.0,-5.0,5,2.0,ALL,TP+2%/SL-2%,322,43.5,-0.127,-1.19,-62.5,-40.9
-7.0,-5.0,5,0.0,ALL,引け決済,305,43.9,-0.205,-1.2,-69.7,-62.5
-6.0,-5.0,3,2.0,ALL,TP+3%/SL-3%,567,43.4,-0.166,-1.2,-129.2,-94.3
-8.0,-5.0,4,2.0,ALL,TP+5%/SL-3%,982,42.6,-0.18,-1.2,-195.7,-176.8
-7.0,-4.0,5,0.0,ALL,TP+3%/SL-3%,568,44.7,-0.169,-1.2,-107.7,-96.1
-8.0,-4.0,5,0.0,ALL,TP+3%/SL-3%,674,44.7,-0.171,-1.2,-121.1,-115.2
-8.0,-6.0,2,0.0,ALL,引け決済,479,47.8,-0.238,-1.2,-125.0,-114.0
-7.0,-5.0,5,0.0,NORMAL,引け決済,206,45.1,-0.198,-1.2,-48.0,-40.8
-8.0,-6.0,6,2.0,ALL,引け決済,335,46.9,-0.201,-1.21,-70.2,-67.3
-8.0,-4.0,6,0.0,NORMAL,TP+3%/SL-3%,308,44.5,-0.179,-1.21,-59.2,-55.2
-7.0,-5.0,5,0.0,NORMAL+STRONG,TP+3%/SL-3%,249,44.2,-0.173,-1.21,-48.6,-43.0
-8.0,-5.0,5,0.0,ALL,引け決済,411,44.3,-0.212,-1.21,-94.7,-87.1
-7.0,-4.0,4,999.0,ALL,TP+2%/SL-2%,1641,44.4,-0.127,-1.21,-212.8,-208.4
-8.0,-6.0,5,999.0,NORMAL+STRONG,TP+2%/SL-2%,443,44.7,-0.132,-1.22,-65.2,-58.6
-8.0,-3.0,5,0.0,ALL,TP+3%/SL-3%,1036,45.2,-0.17,-1.22,-191.4,-176.5
-8.0,-6.0,2,0.0,NORMAL,TP+3%/SL-3%,304,46.1,-0.186,-1.22,-62.9,-56.7
-7.0,-5.0,4,0.0,ALL,TP+5%/SL-5%,401,43.9,-0.21,-1.22,-88.6,-84.3
-8.0,-6.0,6,2.0,ALL,TP+5%/SL-5%,335,46.3,-0.201,-1.22,-71.4,-67.2
-8.0,-6.0,2,0.0,ALL,TP+3%/SL-3%,479,45.7,-0.185,-1.23,-96.4,-88.6
-7.0,-6.0,2,2.0,ALL,TP+2%/SL-2%,478,45.8,-0.133,-1.23,-68.9,-63.7
-7.0,-4.0,6,0.0,NORMAL,引け決済,257,46.7,-0.218,-1.23,-65.2,-56.0
-6.0,-5.0,2,999.0,NORMAL,TP+5%/SL-3%,536,42.0,-0.191,-1.23,-115.4,-102.4
-7.0,-3.0,5,0.0,ALL,TP+3%/SL-3%,930,45.3,-0.169,-1.23,-174.0,-157.5
-7.0,-4.0,2,2.0,ALL,TP+2%/SL-2%,2430,44.8,-0.13,-1.23,-327.3,-315.9
-8.0,-6.0,5,2.0,ALL,TP+3%/SL-3%,449,45.4,-0.174,-1.23,-86.8,-78.3
-8.0,-3.0,2,999.0,ALL,TP+2%/SL-2%,5497,44.7,-0.128,-1.24,-712.3,-705.9
-8.0,-6.0,4,999.0,NORMAL,TP+2%/SL-2%,412,45.1,-0.134,-1.24,-64.3,-55.2
-7.0,-6.0,2,999.0,NORMAL,TP+5%/SL-5%,360,48.9,-0.221,-1.24,-94.0,-79.6
-8.0,-5.0,6,2.0,ALL,TP+2%/SL-2%,554,44.9,-0.135,-1.24,-82.2,-74.9
-8.0,-6.0,2,999.0,STRONG,TP+3%/SL-3%,217,47.0,-0.171,-1.24,-42.8,-37.0
-6.0,-5.0,2,0.0,NORMAL,TP+5%/SL-5%,234,44.9,-0.22,-1.24,-64.5,-51.4
-6.0,-5.0,2,2.0,NORMAL+STRONG,TP+2%/SL-2%,582,43.6,-0.132,-1.24,-95.6,-76.5
-6.0,-4.0,2,2.0,ALL,TP+2%/SL-2%,1952,44.6,-0.129,-1.24,-292.7,-252.2
-7.0,-5.0,2,0.0,NORMAL,引け決済,409,46.0,-0.234,-1.24,-108.6,-95.9
-8.0,-6.0,6,999.0,NORMAL+STRONG,TP+5%/SL-3%,337,44.8,-0.184,-1.24,-70.4,-62.1
-7.0,-5.0,6,999.0,ALL,TP+5%/SL-3%,468,44.4,-0.187,-1.24,-101.2,-87.7
-8.0,-5.0,6,0.0,NORMAL,TP+5%/SL-3%,194,41.8,-0.196,-1.24,-50.9,-38.0
-7.0,-5.0,6,999.0,ALL,TP+3%/SL-3%,468,45.7,-0.177,-1.24,-93.1,-82.8
-5.0,-3.0,2,0.0,ALL,TP+2%/SL-2%,1674,45.8,-0.128,-1.24,-238.0,-214.2
-5.0,-3.0,3,0.0,ALL,TP+2%/SL-2%,1291,45.7,-0.128,-1.24,-182.9,-164.8
-7.0,-5.0,4,999.0,ALL,TP+5%/SL-3%,860,42.4,-0.186,-1.24,-174.5,-160.1
-8.0,-5.0,6,999.0,ALL,TP+5%/SL-5%,647,46.8,-0.207,-1.24,-153.1,-133.6
-7.0,-4.0,3,2.0,ALL,TP+2%/SL-2%,1935,44.7,-0.13,-1.24,-263.4,-250.9
-8.0,-5.0,5,0.0,NORMAL,TP+5%/SL-3%,271,42.8,-0.199,-1.25,-62.0,-54.0
-8.0,-5.0,4,999.0,ALL,TP+5%/SL-5%,1149,44.6,-0.212,-1.25,-266.5,-243.6
-7.0,-4.0,5,0.0,NORMAL,TP+3%/SL-3%,381,45.7,-0.18,-1.25,-76.6,-68.5
-6.0,-3.0,4,0.0,NORMAL,TP+2%/SL-2%,713,45.3,-0.13,-1.25,-108.7,-93.0
-7.0,-5.0,5,999.0,ALL,TP+2%/SL-2%,660,43.6,-0.134,-1.25,-98.0,-88.7
-8.0,-4.0,6,0.0,ALL,TP+3%/SL-3%,458,43.7,-0.18,-1.25,-83.4,-82.5
-8.0,-3.0,6,999.0,ALL,TP+2%/SL-2%,1482,44.1,-0.133,-1.25,-208.5,-197.1
-4.0,-3.0,6,0.0,ALL,TP+5%/SL-3%,233,43.8,-0.181,-1.25,-68.2,-42.2
-7.0,-6.0,2,999.0,ALL,TP+3%/SL-3%,548,47.3,-0.177,-1.25,-107.8,-97.3
-6.0,-4.0,2,2.0,NORMAL,TP+2%/SL-2%,1191,44.2,-0.13,-1.26,-173.6,-155.1
-7.0,-5.0,5,0.0,ALL,TP+5%/SL-5%,305,43.9,-0.213,-1.26,-73.2,-65.0
-8.0,-6.0,3,0.0,NORMAL+STRONG,TP+2%/SL-2%,320,44.7,-0.141,-1.26,-50.5,-45.0
-8.0,-5.0,5,999.0,ALL,TP+5%/SL-3%,889,43.1,-0.192,-1.26,-193.6,-170.7
-6.0,-4.0,3,2.0,ALL,TP+2%/SL-2%,1542,44.4,-0.131,-1.26,-230.8,-201.9
-8.0,-3.0,3,999.0,ALL,TP+2%/SL-2%,4291,44.6,-0.13,-1.26,-579.2,-559.9
-8.0,-5.0,4,999.0,ALL,引け決済,1149,44.9,-0.222,-1.26,-277.7,-255.0
-8.0,-3.0,6,0.0,NORMAL,TP+5%/SL-5%,452,45.6,-0.221,-1.26,-124.8,-99.9
-6.0,-3.0,2,0.0,NORMAL,TP+2%/SL-2%,1250,45.5,-0.131,-1.26,-182.4,-164.2
-8.0,-3.0,6,0.0,ALL,TP+3%/SL-3%,691,44.4,-0.179,-1.27,-130.9,-123.8
-8.0,-5.0,3,999.0,ALL,TP+3%/SL-3%,1495,44.7,-0.181,-1.27,-289.3,-270.6
-8.0,-5.0,2,2.0,NORMAL+STRONG,TP+2%/SL-2%,1289,44.5,-0.137,-1.27,-182.9,-176.1
-6.0,-3.0,6,0.0,NORMAL,引け決済,333,46.5,-0.214,-1.27,-91.0,-71.2
-5.0,-3.0,6,0.0,ALL,TP+5%/SL-5%,407,45.7,-0.215,-1.27,-116.4,-87.6
-7.0,-6.0,3,0.0,NORMAL,TP+2%/SL-2%,144,45.8,-0.142,-1.27,-25.9,-20.5
-6.0,-5.0,2,0.0,NORMAL+STRONG,TP+3%/SL-3%,287,44.3,-0.182,-1.27,-61.3,-52.4
-6.0,-4.0,6,0.0,NORMAL,TP+5%/SL-5%,189,47.6,-0.23,-1.27,-52.8,-43.5
-7.0,-5.0,2,999.0,NORMAL+STRONG,TP+2%/SL-2%,1184,44.4,-0.138,-1.28,-174.5,-162.9
-8.0,-4.0,6,0.0,ALL,TP+5%/SL-5%,458,45.0,-0.226,-1.28,-110.5,-103.4
-6.0,-5.0,2,2.0,NORMAL,TP+5%/SL-3%,446,41.7,-0.196,-1.28,-98.0,-87.4
-7.0,-6.0,6,0.0,NORMAL+STRONG,TP+5%/SL-3%,81,39.5,-0.201,-1.28,-21.0,-16.3
-8.0,-6.0,2,2.0,ALL,TP+3%/SL-3%,837,46.4,-0.185,-1.28,-168.9,-155.0
-4.0,-3.0,5,0.0,ALL,TP+3%/SL-3%,362,46.1,-0.17,-1.28,-73.8,-61.4
-7.0,-5.0,3,0.0,NORMAL,引け決済,337,45.4,-0.232,-1.28,-92.3,-78.3
-7.0,-5.0,2,2.0,NORMAL,TP+3%/SL-3%,762,45.1,-0.179,-1.28,-145.3,-136.7
-6.0,-5.0,4,2.0,ALL,TP+5%/SL-3%,431,41.3,-0.189,-1.28,-100.5,-81.7
-8.0,-6.0,5,0.0,ALL,TP+5%/SL-5%,248,44.0,-0.231,-1.28,-62.1,-57.4
-6.0,-5.0,4,2.0,NORMAL,TP+5%/SL-5%,281,43.8,-0.203,-1.29,-64.8,-57.1
-8.0,-4.0,4,2.0,ALL,TP+2%/SL-2%,1683,44.2,-0.136,-1.29,-234.9,-229.2
-8.0,-3.0,6,0.0,NORMAL,TP+3%/SL-3%,452,44.7,-0.185,-1.29,-95.8,-83.6
-8.0,-5.0,2,999.0,NORMAL,TP+3%/SL-3%,1162,45.0,-0.184,-1.29,-232.0,-214.4
-8.0,-6.0,3,999.0,STRONG,TP+2%/SL-2%,183,44.3,-0.138,-1.29,-38.1,-25.2
-8.0,-6.0,2,999.0,ALL,引け決済,978,47.5,-0.242,-1.29,-256.8,-237.1
-4.0,-3.0,5,0.0,NORMAL,TP+2%/SL-2%,223,43.5,-0.133,-1.29,-41.6,-29.6
-8.0,-6.0,6,2.0,ALL,TP+5%/SL-3%,335,44.2,-0.192,-1.29,-68.8,-64.4
-6.0,-3.0,6,0.0,NORMAL,TP+5%/SL-3%,333,43.2,-0.196,-1.29,-84.4,-65.2
-8.0,-6.0,2,2.0,NORMAL+STRONG,TP+2%/SL-2%,707,45.1,-0.141,-1.3,-105.1,-99.5
-7.0,-6.0,5,999.0,ALL,TP+5%/SL-3%,283,43.1,-0.191,-1.3,-58.7,-54.2
-8.0,-5.0,6,999.0,NORMAL+STRONG,TP+2%/SL-2%,565,45.3,-0.142,-1.3,-92.2,-80.4
-7.0,-5.0,3,999.0,ALL,TP+3%/SL-3%,1120,44.6,-0.182,-1.3,-220.6,-203.9
-7.0,-6.0,5,999.0,STRONG,TP+5%/SL-3%,57,43.9,-0.198,-1.3,-15.8,-11.3
-8.0,-5.0,2,999.0,ALL,TP+3%/SL-3%,1827,44.9,-0.186,-1.3,-359.4,-339.0
-8.0,-5.0,6,999.0,ALL,TP+3%/SL-3%,647,45.4,-0.185,-1.3,-129.9,-120.0
-5.0,-3.0,5,0.0,ALL,TP+2%/SL-2%,625,44.2,-0.137,-1.31,-95.3,-85.4
-4.0,-3.0,2,0.0,ALL,TP+2%/SL-2%,1022,45.9,-0.134,-1.31,-155.8,-136.6
-8.0,-3.0,6,0.0,ALL,TP+5%/SL-5%,691,44.9,-0.224,-1.31,-175.7,-154.7
-6.0,-5.0,5,999.0,ALL,TP+2%/SL-2%,377,43.2,-0.14,-1.31,-77.0,-52.9
-8.0,-6.0,4,0.0,ALL,引け決済,305,44.3,-0.239,-1.31,-76.5,-73.0
-7.0,-5.0,5,0.0,NORMAL,TP+5%/SL-5%,206,45.1,-0.221,-1.31,-53.2,-45.5
-5.0,-3.0,6,0.0,NORMAL,引け決済,258,46.5,-0.226,-1.31,-73.8,-58.2
-7.0,-4.0,6,0.0,NORMAL+STRONG,TP+2%/SL-2%,309,44.7,-0.146,-1.31,-45.7,-45.1
-7.0,-6.0,2,999.0,NORMAL,TP+2%/SL-2%,360,45.6,-0.142,-1.31,-56.1,-50.9
-6.0,-5.0,3,2.0,NORMAL+STRONG,TP+2%/SL-2%,458,43.2,-0.138,-1.31,-87.3,-63.1
-6.0,-5.0,4,0.0,NORMAL+STRONG,TP+5%/SL-3%,182,42.3,-0.207,-1.31,-40.4,-37.7
-8.0,-3.0,3,0.0,NORMAL,TP+2%/SL-2%,1245,45.0,-0.139,-1.31,-187.5,-173.3
-8.0,-5.0,6,0.0,ALL,引け決済,284,44.0,-0.22,-1.32,-69.2,-62.4
-7.0,-4.0,6,0.0,ALL,TP+3%/SL-3%,379,44.1,-0.189,-1.32,-75.0,-71.5
-4.0,-3.0,6,999.0,NORMAL,TP+5%/SL-5%,260,42.7,-0.201,-1.32,-73.5,-52.4
-7.0,-6.0,2,0.0,NORMAL,TP+3%/SL-3%,175,45.7,-0.197,-1.32,-37.5,-34.5
-5.0,-3.0,6,0.0,ALL,TP+2%/SL-2%,407,43.5,-0.139,-1.32,-66.9,-56.5
-7.0,-3.0,6,0.0,ALL,TP+3%/SL-3%,612,44.8,-0.184,-1.32,-123.5,-112.7
-4.0,-3.0,6,0.0,ALL,TP+3%/SL-3%,233,45.9,-0.177,-1.32,-58.3,-41.3
-4.0,-3.0,6,0.0,ALL,引け決済,233,44.6,-0.206,-1.33,-64.0,-47.9
-8.0,-5.0,4,2.0,ALL,TP+3%/SL-3%,982,44.0,-0.185,-1.33,-198.7,-182.0
-7.0,-5.0,3,0.0,NORMAL,TP+5%/SL-5%,337,44.8,-0.238,-1.33,-92.8,-80.2
-8.0,-6.0,4,2.0,ALL,TP+3%/SL-3%,551,45.0,-0.188,-1.33,-112.9,-103.5
-6.0,-4.0,5,0.0,NORMAL,TP+3%/SL-3%,286,45.8,-0.192,-1.33,-60.8,-54.9
-8.0,-6.0,5,999.0,STRONG,引け決済,112,44.6,-0.251,-1.33,-38.5,-28.1
-6.0,-5.0,4,2.0,ALL,TP+3%/SL-3%,431,42.7,-0.182,-1.33,-98.0,-78.5
-6.0,-5.0,3,999.0,NORMAL+STRONG,TP+2%/SL-2%,554,43.3,-0.141,-1.33,-109.3,-78.2
-6.0,-5.0,3,0.0,NORMAL+STRONG,TP+5%/SL-3%,236,41.9,-0.214,-1.33,-64.2,-50.6
-6.0,-5.0,5,0.0,NORMAL,引け決済,111,44.1,-0.217,-1.33,-32.9,-24.1
-6.0,-5.0,4,999.0,NORMAL+STRONG,TP+2%/SL-2%,427,43.6,-0.142,-1.34,-81.2,-60.8
-7.0,-6.0,6,999.0,NORMAL+STRONG,TP+5%/SL-5%,179,46.4,-0.219,-1.34,-41.0,-39.2
-7.0,-3.0,4,0.0,NORMAL,TP+2%/SL-2%,828,45.2,-0.141,-1.34,-127.7,-116.7
-6.0,-4.0,6,0.0,ALL,TP+2%/SL-2%,278,43.9,-0.146,-1.34,-43.3,-40.7
-6.0,-5.0,4,999.0,ALL,TP+5%/SL-3%,506,41.9,-0.201,-1.34,-119.3,-101.8
-7.0,-6.0,3,999.0,ALL,TP+5%/SL-5%,453,47.0,-0.235,-1.35,-115.3,-106.6
-7.0,-6.0,5,0.0,NORMAL,TP+2%/SL-2%,95,45.3,-0.15,-1.35,-19.2,-14.2
-8.0,-6.0,3,999.0,ALL,TP+3%/SL-3%,828,45.5,-0.194,-1.35,-173.0,-160.6
-4.0,-3.0,6,999.0,NORMAL,TP+2%/SL-2%,260,41.2,-0.137,-1.35,-48.1,-35.6
-8.0,-6.0,2,0.0,NORMAL,引け決済,304,47.4,-0.27,-1.35,-91.6,-82.1
-8.0,-4.0,2,2.0,NORMAL,TP+2%/SL-2%,1732,44.3,-0.143,-1.36,-262.1,-247.4
-6.0,-5.0,4,0.0,ALL,TP+5%/SL-5%,229,43.7,-0.226,-1.36,-58.7,-51.7
-6.0,-5.0,2,0.0,ALL,TP+5%/SL-3%,381,42.0,-0.216,-1.36,-98.1,-82.4
-7.0,-6.0,6,2.0,ALL,引け決済,183,45.9,-0.231,-1.37,-54.5,-42.2
-8.0,-4.0,6,0.0,NORMAL+STRONG,TP+2%/SL-2%,374,43.9,-0.153,-1.37,-55.2,-57.2
-6.0,-5.0,3,0.0,ALL,TP+5%/SL-5%,307,43.6,-0.235,-1.37,-89.7,-72.0
-7.0,-3.0,2,0.0,NORMAL,TP+2%/SL-2%,1425,45.3,-0.144,-1.37,-219.5,-205.1
-6.0,-4.0,3,999.0,ALL,TP+2%/SL-2%,1757,43.9,-0.144,-1.37,-277.2,-252.5
-7.0,-6.0,6,2.0,ALL,TP+3%/SL-3%,183,44.8,-0.196,-1.37,-41.1,-35.9
-8.0,-4.0,5,999.0,ALL,TP+2%/SL-2%,1439,43.8,-0.147,-1.37,-218.9,-211.1
-7.0,-5.0,2,0.0,NORMAL,TP+5%/SL-5%,409,45.5,-0.249,-1.37,-112.6,-101.7
-8.0,-5.0,6,0.0,ALL,TP+5%/SL-5%,284,43.7,-0.236,-1.37,-76.1,-67.1
-6.0,-5.0,3,2.0,NORMAL,TP+5%/SL-3%,356,41.3,-0.206,-1.37,-87.5,-73.5
-8.0,-5.0,2,0.0,NORMAL,TP+5%/SL-3%,538,42.0,-0.23,-1.38,-137.4,-123.5
-7.0,-4.0,6,0.0,NORMAL,TP+5%/SL-3%,257,42.4,-0.217,-1.38,-61.0,-55.7
-7.0,-4.0,6,0.0,ALL,TP+5%/SL-5%,379,45.4,-0.241,-1.38,-101.4,-91.4
-7.0,-3.0,6,0.0,ALL,TP+5%/SL-5%,612,45.1,-0.233,-1.38,-167.0,-142.7
-8.0,-5.0,4,0.0,NORMAL,TP+5%/SL-3%,349,41.8,-0.221,-1.38,-84.4,-77.0
-7.0,-3.0,6,0.0,NORMAL,引け決済,401,45.6,-0.233,-1.38,-111.5,-93.5
-6.0,-5.0,4,999.0,NORMAL,TP+5%/SL-3%,334,42.5,-0.203,-1.38,-74.4,-67.7
-6.0,-5.0,3,999.0,NORMAL,TP+3%/SL-3%,428,43.2,-0.19,-1.38,-98.0,-81.3
-7.0,-6.0,3,999.0,ALL,引け決済,453,47.7,-0.246,-1.38,-123.2,-111.6
-7.0,-6.0,2,999.0,ALL,引け決済,548,49.1,-0.254,-1.39,-154.8,-139.3
-7.0,-6.0,6,0.0,NORMAL+STRONG,TP+5%/SL-5%,81,42.0,-0.251,-1.39,-26.0,-20.4
-4.0,-3.0,6,0.0,ALL,TP+5%/SL-5%,233,44.6,-0.22,-1.39,-73.6,-51.3
-8.0,-5.0,6,999.0,ALL,TP+5%/SL-3%,647,44.0,-0.211,-1.4,-150.7,-136.5
-4.0,-3.0,6,2.0,NORMAL,TP+5%/SL-5%,244,41.8,-0.211,-1.4,-72.6,-51.4
-7.0,-5.0,3,0.0,ALL,TP+5%/SL-3%,528,41.3,-0.224,-1.4,-132.5,-118.0
-7.0,-6.0,5,0.0,ALL,TP+5%/SL-3%,142,40.8,-0.213,-1.4,-32.8,-30.2
-6.0,-5.0,6,0.0,NORMAL+STRONG,TP+3%/SL-3%,88,45.5,-0.198,-1.4,-25.0,-17.4
-7.0,-6.0,5,999.0,ALL,TP+3%/SL-3%,283,44.2,-0.197,-1.41,-60.6,-55.8
-7.0,-5.0,6,999.0,ALL,TP+2%/SL-2%,468,44.4,-0.155,-1.41,-85.6,-72.3
-7.0,-6.0,4,999.0,ALL,TP+3%/SL-3%,354,44.4,-0.195,-1.41,-73.4,-69.0
-5.0,-3.0,6,0.0,NORMAL,TP+5%/SL-5%,258,45.7,-0.245,-1.41,-83.8,-63.2
-4.0,-3.0,4,0.0,ALL,TP+2%/SL-2%,526,46.0,-0.143,-1.42,-85.3,-75.0
-8.0,-5.0,3,999.0,NORMAL+STRONG,TP+2%/SL-2%,1270,43.9,-0.153,-1.42,-210.6,-193.7
-8.0,-5.0,2,0.0,ALL,TP+3%/SL-3%,860,44.7,-0.208,-1.42,-189.6,-178.7
-7.0,-5.0,2,0.0,ALL,TP+3%/SL-3%,653,44.6,-0.206,-1.42,-142.0,-134.7
-7.0,-5.0,6,0.0,NORMAL+STRONG,TP+5%/SL-3%,169,42.6,-0.215,-1.43,-37.7,-36.3
-7.0,-4.0,3,999.0,ALL,TP+2%/SL-2%,2210,44.0,-0.151,-1.43,-341.1,-333.0
-8.0,-6.0,4,999.0,ALL,TP+5%/SL-5%,643,44.5,-0.244,-1.43,-171.5,-156.9
-8.0,-5.0,4,0.0,ALL,TP+5%/SL-3%,534,41.0,-0.225,-1.43,-128.7,-120.4
-7.0,-6.0,2,999.0,NORMAL,引け決済,360,48.9,-0.267,-1.44,-112.1,-96.2
-7.0,-5.0,4,2.0,NORMAL,TP+2%/SL-2%,488,43.9,-0.152,-1.44,-81.6,-74.0
-7.0,-4.0,6,0.0,NORMAL,TP+5%/SL-5%,257,45.9,-0.258,-1.44,-76.6,-66.3
-7.0,-5.0,4,999.0,ALL,TP+3%/SL-3%,860,43.7,-0.199,-1.44,-187.5,-170.8
-8.0,-6.0,4,0.0,ALL,TP+3%/SL-3%,305,43.6,-0.21,-1.44,-66.9,-64.2
-8.0,-5.0,4,999.0,ALL,TP+5%/SL-3%,1149,41.9,-0.219,-1.44,-275.2,-252.0
-8.0,-6.0,5,0.0,ALL,TP+3%/SL-3%,248,43.1,-0.21,-1.44,-54.8,-52.1
-7.0,-5.0,6,0.0,ALL,引け決済,205,44.4,-0.233,-1.44,-52.0,-47.9
-7.0,-3.0,6,0.0,NORMAL,TP+5%/SL-3%,401,42.4,-0.219,-1.45,-105.6,-88.0
-7.0,-5.0,4,0.0,NORMAL,引け決済,266,44.4,-0.26,-1.45,-75.9,-69.3
-7.0,-5.0,4,2.0,ALL,TP+2%/SL-2%,737,43.4,-0.154,-1.45,-125.2,-113.7
-8.0,-4.0,6,999.0,ALL,TP+2%/SL-2%,1013,43.9,-0.157,-1.45,-162.9,-159.0
-8.0,-5.0,5,0.0,ALL,TP+5%/SL-3%,411,41.4,-0.229,-1.46,-101.8,-93.9
-7.0,-6.0,3,999.0,ALL,TP+3%/SL-3%,453,45.7,-0.207,-1.46,-101.2,-93.9
-6.0,-4.0,6,0.0,NORMAL,TP+3%/SL-3%,189,45.0,-0.214,-1.46,-44.1,-40.4
-8.0,-5.0,5,999.0,ALL,TP+3%/SL-3%,889,44.1,-0.205,-1.46,-199.9,-181.9
-6.0,-5.0,4,999.0,ALL,TP+3%/SL-3%,506,43.3,-0.201,-1.46,-123.4,-101.8
-7.0,-6.0,2,0.0,ALL,引け決済,272,47.8,-0.282,-1.46,-85.7,-76.7
-8.0,-6.0,2,999.0,STRONG,TP+2%/SL-2%,217,43.8,-0.157,-1.46,-39.2,-34.1
-8.0,-6.0,5,999.0,ALL,TP+5%/SL-5%,512,44.7,-0.248,-1.47,-139.4,-126.9
-8.0,-5.0,5,2.0,ALL,TP+2%/SL-2%,771,43.5,-0.158,-1.47,-133.2,-121.8
-7.0,-6.0,4,0.0,ALL,引け決済,172,44.2,-0.264,-1.47,-46.8,-45.4
-8.0,-5.0,6,0.0,NORMAL,TP+3%/SL-3%,194,42.8,-0.218,-1.47,-48.7,-42.2
-6.0,-3.0,6,0.0,NORMAL,TP+3%/SL-3%,333,45.0,-0.207,-1.47,-82.1,-68.9
-4.0,-3.0,6,2.0,NORMAL,引け決済,244,41.8,-0.213,-1.47,-68.0,-51.9
-7.0,-6.0,5,999.0,ALL,引け決済,283,45.6,-0.247,-1.48,-74.1,-69.8
-8.0,-4.0,3,2.0,ALL,TP+2%/SL-2%,2250,44.0,-0.157,-1.49,-357.8,-354.3
-7.0,-5.0,2,999.0,NORMAL,TP+3%/SL-3%,896,44.5,-0.21,-1.49,-198.2,-188.0
-8.0,-6.0,3,999.0,NORMAL+STRONG,TP+2%/SL-2%,716,44.4,-0.161,-1.49,-123.6,-115.5
-4.0,-3.0,6,0.0,NORMAL,TP+3%/SL-3%,144,45.1,-0.198,-1.49,-40.4,-28.5
-8.0,-6.0,2,999.0,ALL,TP+3%/SL-3%,978,45.4,-0.215,-1.49,-227.5,-210.4
-7.0,-6.0,4,0.0,ALL,TP+3%/SL-3%,172,43.0,-0.213,-1.49,-38.4,-36.6
-8.0,-6.0,6,0.0,ALL,TP+5%/SL-3%,180,38.3,-0.238,-1.49,-48.2,-42.9
-6.0,-3.0,6,0.0,NORMAL,TP+5%/SL-5%,333,45.9,-0.258,-1.5,-111.6,-85.9
-4.0,-3.0,6,999.0,NORMAL,引け決済,260,42.3,-0.223,-1.5,-74.1,-58.0
-8.0,-3.0,4,0.0,NORMAL,TP+2%/SL-2%,911,44.6,-0.159,-1.5,-153.8,-144.5
-8.0,-4.0,2,2.0,ALL,TP+2%/SL-2%,2789,44.0,-0.159,-1.5,-446.0,-442.5
-8.0,-5.0,4,999.0,NORMAL+STRONG,TP+2%/SL-2%,986,43.6,-0.16,-1.5,-170.9,-157.6
-7.0,-6.0,5,0.0,ALL,TP+5%/SL-5%,142,43.0,-0.263,-1.5,-39.9,-37.4
-8.0,-5.0,6,0.0,ALL,TP+5%/SL-3%,284,40.8,-0.232,-1.5,-73.6,-66.0
-7.0,-4.0,2,999.0,NORMAL,TP+2%/SL-2%,1724,43.7,-0.157,-1.5,-283.4,-271.2
-6.0,-4.0,5,0.0,ALL,TP+2%/SL-2%,426,43.0,-0.163,-1.51,-76.2,-69.6
-6.0,-4.0,2,999.0,ALL,TP+2%/SL-2%,2245,43.7,-0.158,-1.51,-384.5,-354.7
-7.0,-4.0,2,999.0,ALL,TP+2%/SL-2%,2793,43.8,-0.161,-1.52,-452.5,-449.1
-8.0,-6.0,6,999.0,NORMAL+STRONG,TP+2%/SL-2%,337,44.5,-0.166,-1.52,-56.5,-55.9
-8.0,-5.0,3,0.0,ALL,TP+3%/SL-3%,707,43.8,-0.222,-1.52,-168.1,-157.2
-7.0,-6.0,4,999.0,ALL,引け決済,354,45.8,-0.263,-1.52,-97.0,-93.1
-8.0,-5.0,6,0.0,ALL,TP+3%/SL-3%,284,42.3,-0.221,-1.52,-66.5,-62.8
-6.0,-5.0,2,999.0,NORMAL+STRONG,TP+2%/SL-2%,707,42.9,-0.162,-1.52,-135.8,-114.5
-6.0,-3.0,4,0.0,ALL,TP+2%/SL-2%,1122,44.5,-0.157,-1.52,-189.0,-175.9
-8.0,-5.0,4,2.0,NORMAL,TP+2%/SL-2%,641,44.0,-0.16,-1.52,-114.7,-102.9
-6.0,-5.0,6,0.0,ALL,TP+5%/SL-3%,104,45.2,-0.222,-1.53,-23.2,-23.1
-8.0,-6.0,4,999.0,ALL,TP+5%/SL-3%,643,41.8,-0.234,-1.53,-165.1,-150.2
-6.0,-5.0,6,2.0,NORMAL,TP+2%/SL-2%,145,44.8,-0.161,-1.53,-34.0,-23.4
-7.0,-6.0,6,2.0,ALL,TP+5%/SL-3%,183,43.2,-0.228,-1.54,-47.5,-41.7
-7.0,-5.0,6,0.0,NORMAL,引け決済,143,44.1,-0.247,-1.54,-42.2,-35.3
-8.0,-6.0,4,0.0,NORMAL+STRONG,TP+2%/SL-2%,244,43.9,-0.17,-1.54,-40.7,-41.4
-6.0,-4.0,2,999.0,NORMAL,TP+2%/SL-2%,1364,43.3,-0.161,-1.55,-234.4,-220.3
-8.0,-6.0,4,2.0,STRONG,TP+3%/SL-3%,111,43.2,-0.214,-1.55,-27.8,-23.8
-7.0,-6.0,2,0.0,NORMAL,TP+5%/SL-5%,175,46.3,-0.287,-1.55,-56.4,-50.3
-8.0,-6.0,4,2.0,STRONG,TP+2%/SL-2%,111,42.3,-0.168,-1.55,-25.0,-18.6
-8.0,-6.0,3,999.0,NORMAL,TP+2%/SL-2%,533,44.5,-0.169,-1.56,-98.1,-90.2
-8.0,-3.0,2,0.0,NORMAL,TP+2%/SL-2%,1554,44.5,-0.164,-1.56,-267.2,-255.6
-7.0,-5.0,4,0.0,NORMAL,TP+5%/SL-5%,266,44.0,-0.271,-1.56,-79.7,-72.0
-6.0,-3.0,6,0.0,ALL,TP+2%/SL-2%,511,43.1,-0.168,-1.57,-94.1,-85.6
-7.0,-3.0,5,0.0,NORMAL,TP+2%/SL-2%,604,43.4,-0.168,-1.57,-111.8,-101.6
-7.0,-5.0,2,2.0,ALL,TP+2%/SL-2%,1197,43.6,-0.168,-1.57,-207.7,-201.1
-6.0,-5.0,6,0.0,NORMAL+STRONG,TP+5%/SL-3%,88,45.5,-0.227,-1.57,-23.8,-20.0
-8.0,-6.0,2,0.0,NORMAL+STRONG,TP+2%/SL-2%,379,43.5,-0.173,-1.57,-66.5,-65.7
-6.0,-3.0,2,0.0,ALL,TP+2%/SL-2%,2055,44.5,-0.163,-1.57,-357.7,-334.8
-7.0,-3.0,6,0.0,NORMAL,TP+5%/SL-5%,401,45.1,-0.271,-1.57,-132.8,-108.7
-8.0,-6.0,2,2.0,NORMAL,TP+2%/SL-2%,541,44.5,-0.171,-1.58,-97.0,-92.4
-7.0,-4.0,3,0.0,NORMAL,TP+2%/SL-2%,666,43.7,-0.172,-1.58,-126.5,-114.4
-4.0,-3.0,6,0.0,NORMAL,TP+5%/SL-3%,144,42.4,-0.224,-1.58,-49.4,-32.3
-8.0,-6.0,5,2.0,STRONG,TP+5%/SL-3%,87,40.2,-0.247,-1.59,-26.9,-21.5
-7.0,-6.0,2,999.0,ALL,TP+2%/SL-2%,548,44.3,-0.172,-1.59,-99.6,-94.4
-7.0,-5.0,6,0.0,ALL,TP+5%/SL-5%,205,43.9,-0.269,-1.59,-60.3,-55.1
-8.0,-6.0,6,2.0,ALL,TP+2%/SL-2%,335,43.9,-0.173,-1.59,-57.9,-58.1
-6.0,-5.0,4,999.0,NORMAL,TP+3%/SL-3%,334,42.8,-0.215,-1.59,-87.2,-72.0
-6.0,-4.0,4,0.0,ALL,TP+2%/SL-2%,596,43.1,-0.169,-1.6,-113.1,-100.8
-4.0,-3.0,3,0.0,ALL,TP+2%/SL-2%,769,45.1,-0.162,-1.6,-142.5,-124.6
-6.0,-5.0,4,2.0,NORMAL,TP+5%/SL-3%,281,41.3,-0.227,-1.6,-66.6,-63.9
-8.0,-6.0,4,999.0,NORMAL+STRONG,TP+2%/SL-2%,559,43.6,-0.173,-1.61,-105.0,-96.9
-6.0,-5.0,5,0.0,NORMAL+STRONG,TP+5%/SL-3%,135,43.0,-0.247,-1.61,-39.1,-33.3
-6.0,-3.0,5,0.0,NORMAL,TP+2%/SL-2%,509,43.0,-0.172,-1.61,-101.0,-87.4
-7.0,-3.0,2,0.0,ALL,TP+2%/SL-2%,2327,44.4,-0.168,-1.61,-410.9,-391.4
-8.0,-6.0,5,0.0,ALL,引け決済,248,44.0,-0.293,-1.62,-76.3,-72.7
-7.0,-5.0,4,0.0,ALL,TP+5%/SL-3%,401,40.6,-0.25,-1.62,-104.4,-100.2
-8.0,-3.0,5,0.0,NORMAL,TP+2%/SL-2%,669,43.2,-0.174,-1.62,-126.7,-116.6
-8.0,-4.0,4,999.0,ALL,TP+2%/SL-2%,1930,43.3,-0.171,-1.62,-334.8,-329.7
-7.0,-6.0,6,2.0,ALL,TP+5%/SL-5%,183,44.8,-0.269,-1.62,-55.8,-49.3
-7.0,-6.0,6,999.0,STRONG,引け決済,44,47.7,-0.259,-1.62,-19.8,-11.4
-8.0,-6.0,4,999.0,ALL,引け決済,643,44.8,-0.283,-1.63,-194.2,-181.8
-7.0,-3.0,6,0.0,NORMAL,TP+3%/SL-3%,401,44.1,-0.231,-1.63,-105.7,-92.5
-8.0,-5.0,5,0.0,NORMAL,TP+3%/SL-3%,271,43.5,-0.238,-1.63,-69.9,-64.5
-6.0,-5.0,3,0.0,NORMAL,引け決済,193,44.0,-0.286,-1.63,-66.3,-55.1
-8.0,-6.0,5,999.0,ALL,TP+5%/SL-3%,512,42.4,-0.247,-1.63,-140.1,-126.5
-7.0,-6.0,5,0.0,ALL,TP+3%/SL-3%,142,42.3,-0.233,-1.63,-36.2,-33.0
-6.0,-5.0,4,0.0,NORMAL+STRONG,TP+3%/SL-3%,182,42.9,-0.236,-1.63,-46.3,-42.9
-7.0,-5.0,4,999.0,NORMAL,TP+2%/SL-2%,568,43.1,-0.172,-1.64,-105.9,-97.6
-8.0,-6.0,6,0.0,ALL,TP+5%/SL-5%,180,40.6,-0.294,-1.64,-56.9,-52.9
-8.0,-5.0,6,999.0,STRONG,TP+3%/SL-3%,142,47.2,-0.233,-1.64,-49.0,-33.0
-7.0,-6.0,3,999.0,ALL,TP+2%/SL-2%,453,44.2,-0.178,-1.65,-85.7,-80.5
-8.0,-6.0,5,999.0,STRONG,TP+5%/SL-5%,112,43.8,-0.271,-1.65,-33.3,-30.3
-8.0,-6.0,5,0.0,NORMAL,TP+2%/SL-2%,160,43.8,-0.183,-1.65,-31.2,-29.2
-8.0,-5.0,4,999.0,ALL,TP+3%/SL-3%,1149,43.3,-0.23,-1.65,-282.8,-264.1
-7.0,-6.0,6,999.0,NORMAL+STRONG,TP+5%/SL-3%,179,43.6,-0.242,-1.65,-50.1,-43.4
-6.0,-5.0,2,0.0,ALL,TP+3%/SL-3%,381,43.3,-0.236,-1.65,-102.6,-90.0
-8.0,-6.0,6,2.0,STRONG,TP+5%/SL-5%,65,46.2,-0.289,-1.67,-24.5,-18.8
-6.0,-3.0,5,0.0,ALL,TP+2%/SL-2%,788,42.9,-0.176,-1.67,-149.1,-138.5
-8.0,-6.0,6,999.0,STRONG,引け決済,86,46.5,-0.309,-1.67,-42.9,-26.6
-8.0,-4.0,2,999.0,NORMAL,TP+2%/SL-2%,1990,43.2,-0.176,-1.67,-362.8,-350.3
-7.0,-3.0,4,0.0,ALL,TP+2%/SL-2%,1294,44.0,-0.174,-1.67,-235.7,-224.7
-8.0,-6.0,5,2.0,ALL,TP+2%/SL-2%,449,43.4,-0.18,-1.67,-87.1,-80.9
-8.0,-6.0,5,999.0,ALL,引け決済,512,44.9,-0.291,-1.68,-156.3,-148.8
-8.0,-5.0,2,999.0,NORMAL+STRONG,TP+2%/SL-2%,1550,43.1,-0.18,-1.68,-284.7,-278.7
-7.0,-6.0,4,999.0,ALL,TP+2%/SL-2%,354,43.2,-0.18,-1.68,-66.8,-63.6
-6.0,-4.0,3,0.0,NORMAL,TP+2%/SL-2%,522,43.1,-0.18,-1.68,-104.7,-93.9
-8.0,-4.0,3,999.0,ALL,TP+2%/SL-2%,2585,43.2,-0.179,-1.69,-466.5,-461.6
-6.0,-3.0,3,0.0,ALL,TP+2%/SL-2%,1598,44.1,-0.175,-1.69,-297.5,-279.0
-7.0,-4.0,5,0.0,ALL,TP+2%/SL-2%,568,42.6,-0.183,-1.69,-108.0,-104.2
-6.0,-5.0,4,2.0,NORMAL,TP+3%/SL-3%,281,41.6,-0.226,-1.69,-67.5,-63.5
-7.0,-5.0,6,0.0,NORMAL+STRONG,TP+3%/SL-3%,169,43.2,-0.24,-1.69,-41.9,-40.5
-7.0,-6.0,6,999.0,NORMAL+STRONG,TP+3%/SL-3%,179,44.7,-0.239,-1.7,-47.4,-42.8
-7.0,-4.0,6,0.0,NORMAL,TP+3%/SL-3%,257,43.6,-0.249,-1.71,-69.1,-64.0
-7.0,-3.0,3,0.0,ALL,TP+2%/SL-2%,1819,44.0,-0.179,-1.71,-344.0,-325.0
-8.0,-6.0,6,0.0,ALL,TP+3%/SL-3%,180,40.0,-0.255,-1.72,-47.9,-46.0
-7.0,-4.0,5,0.0,NORMAL,TP+2%/SL-2%,381,43.3,-0.189,-1.72,-78.2,-72.1
-6.0,-5.0,3,2.0,NORMAL,TP+3%/SL-3%,356,41.9,-0.234,-1.72,-94.9,-83.5
-8.0,-3.0,2,0.0,ALL,TP+2%/SL-2%,2534,43.9,-0.181,-1.73,-473.5,-459.6
-8.0,-5.0,5,0.0,ALL,TP+3%/SL-3%,411,42.3,-0.249,-1.73,-108.2,-102.3
-8.0,-5.0,4,0.0,ALL,TP+3%/SL-3%,534,42.7,-0.25,-1.73,-143.2,-133.7
-4.0,-3.0,6,0.0,NORMAL,引け決済,144,43.8,-0.26,-1.73,-49.7,-37.5
-6.0,-5.0,5,999.0,NORMAL,TP+2%/SL-2%,252,41.7,-0.182,-1.74,-60.4,-45.8
-6.0,-5.0,5,0.0,NORMAL+STRONG,TP+3%/SL-3%,135,43.0,-0.249,-1.74,-40.8,-33.6
-7.0,-5.0,3,2.0,ALL,TP+2%/SL-2%,960,43.0,-0.185,-1.74,-188.0,-177.4
-8.0,-6.0,6,0.0,ALL,引け決済,180,41.1,-0.309,-1.75,-58.4,-55.6
-7.0,-3.0,5,0.0,ALL,TP+2%/SL-2%,930,42.7,-0.186,-1.75,-181.8,-173.1
-6.0,-4.0,3,0.0,ALL,TP+2%/SL-2%,829,43.1,-0.186,-1.76,-165.9,-154.5
-7.0,-5.0,3,0.0,ALL,TP+3%/SL-3%,528,42.8,-0.253,-1.76,-144.1,-133.8
-6.0,-5.0,5,2.0,NORMAL,TP+2%/SL-2%,214,42.1,-0.182,-1.76,-48.8,-38.9
-8.0,-5.0,3,0.0,NORMAL,TP+3%/SL-3%,450,43.3,-0.262,-1.76,-125.1,-118.0
-6.0,-5.0,3,0.0,NORMAL+STRONG,TP+3%/SL-3%,236,42.8,-0.255,-1.77,-69.9,-60.1
-7.0,-5.0,6,0.0,ALL,TP+3%/SL-3%,205,42.4,-0.252,-1.77,-53.1,-51.7
-6.0,-5.0,2,2.0,NORMAL,TP+3%/SL-3%,446,42.2,-0.245,-1.77,-118.0,-109.5
-8.0,-4.0,5,0.0,NORMAL,TP+2%/SL-2%,446,43.0,-0.195,-1.78,-90.8,-87.1
-7.0,-5.0,3,0.0,NORMAL,TP+5%/SL-3%,337,40.7,-0.286,-1.78,-106.4,-96.3
-7.0,-5.0,3,999.0,NORMAL,TP+2%/SL-2%,728,42.7,-0.189,-1.79,-150.2,-137.9
-8.0,-6.0,4,999.0,ALL,TP+3%/SL-3%,643,43.4,-0.252,-1.79,-174.7,-162.3
-7.0,-4.0,3,0.0,ALL,TP+2%/SL-2%,1050,43.1,-0.191,-1.79,-208.6,-200.4
-6.0,-5.0,2,999.0,NORMAL,TP+3%/SL-3%,536,42.4,-0.251,-1.8,-143.3,-134.6
-7.0,-5.0,3,2.0,NORMAL,TP+2%/SL-2%,619,43.0,-0.189,-1.8,-125.6,-117.2
-8.0,-4.0,2,999.0,ALL,TP+2%/SL-2%,3223,42.9,-0.191,-1.8,-617.3,-614.0
-6.0,-5.0,5,0.0,NORMAL,TP+5%/SL-5%,111,44.1,-0.302,-1.8,-41.3,-33.5
-6.0,-5.0,6,0.0,NORMAL,TP+5%/SL-5%,75,46.7,-0.302,-1.8,-24.3,-22.7
-8.0,-5.0,4,999.0,NORMAL,TP+2%/SL-2%,746,42.9,-0.191,-1.8,-154.7,-142.2
-8.0,-5.0,4,0.0,NORMAL,TP+3%/SL-3%,349,43.0,-0.262,-1.8,-96.9,-91.5
-7.0,-4.0,6,0.0,ALL,TP+2%/SL-2%,379,42.5,-0.199,-1.81,-75.8,-75.5
-8.0,-6.0,2,999.0,NORMAL+STRONG,TP+2%/SL-2%,843,43.3,-0.195,-1.81,-169.7,-164.1
-7.0,-6.0,2,0.0,NORMAL,引け決済,175,46.3,-0.354,-1.81,-70.8,-61.9
-6.0,-5.0,2,2.0,ALL,TP+2%/SL-2%,719,42.1,-0.191,-1.81,-156.7,-137.4
-6.0,-4.0,2,0.0,ALL,TP+2%/SL-2%,1033,43.2,-0.192,-1.81,-222.4,-198.2
-6.0,-5.0,3,0.0,NORMAL,TP+5%/SL-5%,193,43.0,-0.32,-1.82,-73.1,-61.8
-7.0,-5.0,5,0.0,ALL,TP+5%/SL-3%,305,40.7,-0.275,-1.82,-88.3,-83.8
-8.0,-3.0,3,0.0,ALL,TP+2%/SL-2%,1998,43.5,-0.191,-1.82,-399.8,-382.1
-7.0,-4.0,2,0.0,ALL,TP+2%/SL-2%,1305,43.2,-0.195,-1.82,-265.5,-254.8
-6.0,-5.0,4,2.0,ALL,TP+2%/SL-2%,431,41.8,-0.193,-1.82,-104.7,-83.1
-8.0,-6.0,5,999.0,ALL,TP+3%/SL-3%,512,43.6,-0.258,-1.82,-142.5,-132.0
-8.0,-6.0,6,0.0,NORMAL+STRONG,TP+2%/SL-2%,146,41.8,-0.207,-1.83,-28.3,-30.2
-7.0,-3.0,6,0.0,ALL,TP+2%/SL-2%,612,42.3,-0.197,-1.83,-124.8,-120.4
-7.0,-4.0,4,0.0,ALL,TP+2%/SL-2%,768,42.7,-0.195,-1.83,-154.9,-149.7
-4.0,-3.0,6,0.0,NORMAL,TP+5%/SL-5%,144,43.8,-0.295,-1.84,-59.6,-42.4
-8.0,-6.0,6,999.0,ALL,TP+3%/SL-3%,385,43.4,-0.261,-1.84,-103.9,-100.4
-6.0,-5.0,6,999.0,NORMAL,TP+2%/SL-2%,172,43.6,-0.196,-1.84,-46.6,-33.8
-7.0,-5.0,6,0.0,ALL,TP+5%/SL-3%,205,41.0,-0.275,-1.84,-57.8,-56.4
-8.0,-5.0,5,0.0,NORMAL+STRONG,TP+2%/SL-2%,333,42.0,-0.204,-1.84,-70.6,-68.0
-7.0,-6.0,6,999.0,ALL,TP+2%/SL-2%,206,42.7,-0.2,-1.84,-48.3,-41.3
-6.0,-4.0,5,0.0,NORMAL,TP+2%/SL-2%,286,42.7,-0.202,-1.85,-68.2,-57.8
-7.0,-5.0,4,999.0,ALL,TP+2%/SL-2%,860,42.3,-0.196,-1.85,-181.2,-168.9
-7.0,-5.0,6,0.0,NORMAL,TP+5%/SL-5%,143,44.1,-0.318,-1.86,-53.2,-45.5
-7.0,-5.0,2,999.0,ALL,TP+2%/SL-2%,1397,42.6,-0.198,-1.86,-283.5,-276.9
-7.0,-5.0,4,0.0,ALL,TP+3%/SL-3%,401,42.1,-0.265,-1.86,-113.7,-106.2
-4.0,-3.0,5,0.0,ALL,TP+2%/SL-2%,362,42.8,-0.19,-1.86,-78.7,-68.9
-8.0,-3.0,4,0.0,ALL,TP+2%/SL-2%,1427,43.4,-0.195,-1.86,-288.8,-277.9
-7.0,-5.0,2,0.0,NORMAL,TP+5%/SL-3%,409,41.3,-0.299,-1.86,-129.2,-122.2
-8.0,-4.0,3,0.0,NORMAL,TP+2%/SL-2%,779,42.7,-0.203,-1.87,-166.1,-158.0
-4.0,-3.0,6,0.0,ALL,TP+2%/SL-2%,233,42.1,-0.193,-1.87,-55.2,-44.9
-7.0,-5.0,5,0.0,NORMAL+STRONG,TP+2%/SL-2%,249,42.6,-0.209,-1.87,-56.0,-51.9
-7.0,-6.0,4,0.0,NORMAL,TP+2%/SL-2%,115,44.3,-0.206,-1.88,-27.5,-23.7
-7.0,-6.0,3,0.0,ALL,TP+2%/SL-2%,221,43.4,-0.208,-1.88,-48.1,-46.0
-8.0,-5.0,3,2.0,NORMAL,TP+2%/SL-2%,816,42.9,-0.2,-1.88,-174.4,-163.1
-8.0,-6.0,4,999.0,STRONG,TP+3%/SL-3%,147,42.9,-0.26,-1.88,-41.8,-38.2
-6.0,-4.0,4,0.0,NORMAL,TP+2%/SL-2%,392,42.6,-0.202,-1.89,-90.9,-79.2
-7.0,-4.0,4,0.0,NORMAL,TP+2%/SL-2%,507,43.0,-0.203,-1.89,-110.1,-102.9
-7.0,-6.0,2,0.0,ALL,TP+2%/SL-2%,272,43.4,-0.208,-1.89,-58.6,-56.5
-8.0,-6.0,6,999.0,ALL,TP+5%/SL-5%,385,44.4,-0.312,-1.91,-123.6,-120.0
-8.0,-3.0,5,0.0,ALL,TP+2%/SL-2%,1036,42.2,-0.204,-1.91,-219.8,-211.1
-7.0,-6.0,6,0.0,NORMAL,TP+5%/SL-5%,68,41.2,-0.336,-1.91,-26.0,-22.8
-8.0,-5.0,5,999.0,ALL,TP+2%/SL-2%,889,42.1,-0.207,-1.92,-196.0,-183.8
-8.0,-5.0,6,999.0,ALL,TP+2%/SL-2%,647,43.0,-0.21,-1.93,-142.0,-135.9
-8.0,-6.0,6,999.0,ALL,引け決済,385,44.9,-0.332,-1.93,-127.6,-127.8
-6.0,-5.0,4,0.0,NORMAL,引け決済,151,42.4,-0.347,-1.93,-56.8,-52.3
-7.0,-5.0,3,0.0,NORMAL+STRONG,TP+2%/SL-2%,415,42.7,-0.212,-1.93,-94.2,-88.1
-7.0,-6.0,6,0.0,NORMAL,引け決済,68,41.2,-0.327,-1.93,-24.0,-22.2
-8.0,-6.0,2,999.0,NORMAL,TP+2%/SL-2%,626,43.1,-0.208,-1.93,-138.7,-130.1
-7.0,-5.0,5,0.0,ALL,TP+3%/SL-3%,305,41.6,-0.273,-1.93,-87.7,-83.3
-7.0,-5.0,3,999.0,ALL,TP+2%/SL-2%,1120,42.3,-0.205,-1.93,-245.5,-229.8
-6.0,-4.0,2,0.0,NORMAL,TP+2%/SL-2%,633,42.8,-0.208,-1.94,-146.7,-131.6
-8.0,-5.0,2,0.0,NORMAL,TP+3%/SL-3%,538,43.3,-0.289,-1.94,-162.7,-155.3
-4.0,-3.0,6,0.0,NORMAL,TP+2%/SL-2%,144,40.3,-0.198,-1.95,-40.1,-28.5
-8.0,-4.0,5,0.0,ALL,TP+2%/SL-2%,674,41.8,-0.211,-1.95,-144.4,-142.2
-7.0,-6.0,6,0.0,NORMAL+STRONG,TP+2%/SL-2%,81,43.2,-0.224,-1.95,-20.1,-18.1
-7.0,-6.0,5,0.0,ALL,引け決済,142,43.0,-0.339,-1.95,-50.7,-48.2
-8.0,-5.0,3,999.0,NORMAL,TP+2%/SL-2%,961,42.5,-0.208,-1.96,-217.4,-199.7
-8.0,-4.0,3,0.0,ALL,TP+2%/SL-2%,1229,42.6,-0.21,-1.96,-263.4,-257.5
-6.0,-5.0,4,999.0,ALL,TP+2%/SL-2%,506,41.7,-0.208,-1.97,-129.7,-105.2
-8.0,-5.0,2,2.0,ALL,TP+2%/SL-2%,1556,42.4,-0.211,-1.97,-336.0,-327.6
-8.0,-6.0,6,0.0,NORMAL,TP+2%/SL-2%,119,42.0,-0.223,-1.97,-28.3,-26.5
-8.0,-3.0,6,0.0,ALL,TP+2%/SL-2%,691,41.7,-0.214,-1.98,-149.7,-147.5
-7.0,-4.0,2,0.0,NORMAL,TP+2%/SL-2%,808,42.9,-0.213,-1.98,-185.2,-172.4
-7.0,-6.0,6,2.0,STRONG,TP+3%/SL-3%,32,50.0,-0.272,-1.98,-14.4,-8.7
-8.0,-6.0,3,2.0,ALL,TP+2%/SL-2%,708,43.1,-0.215,-1.99,-160.3,-152.4
-8.0,-6.0,6,2.0,STRONG,TP+5%/SL-3%,65,41.5,-0.316,-1.99,-26.3,-20.5
-7.0,-6.0,6,0.0,NORMAL+STRONG,TP+3%/SL-3%,81,40.7,-0.286,-1.99,-24.7,-23.1
-8.0,-4.0,2,0.0,ALL,TP+2%/SL-2%,1512,42.5,-0.214,-1.99,-328.8,-323.0
-8.0,-3.0,6,0.0,NORMAL,TP+2%/SL-2%,452,41.6,-0.216,-2.0,-103.9,-97.8
-8.0,-5.0,4,2.0,ALL,TP+2%/SL-2%,982,42.1,-0.214,-2.01,-224.1,-210.5
-6.0,-3.0,6,0.0,NORMAL,TP+2%/SL-2%,333,41.4,-0.214,-2.01,-79.7,-71.2
-6.0,-5.0,2,999.0,ALL,TP+2%/SL-2%,849,41.5,-0.215,-2.03,-204.9,-182.5
-8.0,-4.0,6,0.0,NORMAL,TP+2%/SL-2%,308,42.2,-0.225,-2.03,-69.6,-69.3
-8.0,-4.0,6,0.0,ALL,TP+2%/SL-2%,458,41.5,-0.224,-2.04,-100.6,-102.6
-8.0,-5.0,3,0.0,NORMAL+STRONG,TP+2%/SL-2%,556,41.9,-0.224,-2.04,-128.6,-124.5
-7.0,-5.0,4,0.0,NORMAL,TP+5%/SL-3%,266,40.2,-0.314,-2.04,-86.5,-83.4
-7.0,-5.0,2,0.0,NORMAL+STRONG,TP+2%/SL-2%,505,42.4,-0.224,-2.05,-119.3,-113.2
-8.0,-4.0,4,0.0,NORMAL,TP+2%/SL-2%,590,42.4,-0.222,-2.05,-135.5,-130.7
-6.0,-4.0,6,0.0,NORMAL,TP+2%/SL-2%,189,42.3,-0.226,-2.06,-45.4,-42.7
-7.0,-6.0,6,999.0,ALL,引け決済,206,44.2,-0.349,-2.06,-73.8,-71.8
-7.0,-5.0,4,0.0,NORMAL+STRONG,TP+2%/SL-2%,322,42.5,-0.227,-2.06,-76.5,-73.1
-8.0,-5.0,3,2.0,ALL,TP+2%/SL-2%,1275,42.1,-0.22,-2.07,-293.9,-280.7
-8.0,-6.0,5,999.0,STRONG,TP+5%/SL-3%,112,40.2,-0.314,-2.07,-40.5,-35.1
-8.0,-6.0,5,2.0,STRONG,TP+2%/SL-2%,87,40.2,-0.226,-2.07,-23.4,-19.6
-7.0,-5.0,2,2.0,NORMAL,TP+2%/SL-2%,762,42.4,-0.22,-2.08,-174.1,-167.5
-6.0,-5.0,3,0.0,ALL,TP+5%/SL-3%,307,39.4,-0.329,-2.1,-118.3,-101.1
-8.0,-5.0,6,999.0,STRONG,TP+2%/SL-2%,142,43.7,-0.232,-2.1,-48.4,-32.9
-7.0,-3.0,6,0.0,NORMAL,TP+2%/SL-2%,401,41.4,-0.226,-2.1,-98.8,-90.5
-8.0,-6.0,6,999.0,ALL,TP+5%/SL-3%,385,41.8,-0.312,-2.11,-124.8,-120.2
-8.0,-6.0,2,2.0,ALL,TP+2%/SL-2%,837,42.5,-0.227,-2.11,-196.9,-190.2
-8.0,-4.0,4,0.0,ALL,TP+2%/SL-2%,901,41.8,-0.225,-2.11,-208.0,-202.8
-7.0,-6.0,2,0.0,NORMAL,TP+2%/SL-2%,175,43.4,-0.233,-2.11,-42.8,-40.8
-8.0,-5.0,4,0.0,NORMAL+STRONG,TP+2%/SL-2%,426,41.8,-0.232,-2.12,-101.7,-99.0
-6.0,-5.0,3,999.0,ALL,TP+2%/SL-2%,667,41.1,-0.224,-2.13,-180.5,-149.3
-8.0,-6.0,6,999.0,STRONG,TP+5%/SL-5%,86,45.3,-0.355,-2.13,-38.6,-30.5
-8.0,-5.0,2,0.0,NORMAL+STRONG,TP+2%/SL-2%,666,41.6,-0.233,-2.13,-157.7,-154.9
-7.0,-6.0,6,0.0,ALL,TP+5%/SL-3%,101,36.6,-0.329,-2.14,-35.2,-33.3
-6.0,-5.0,4,0.0,ALL,TP+3%/SL-3%,229,41.5,-0.304,-2.15,-79.2,-69.5
-7.0,-5.0,3,0.0,NORMAL,TP+3%/SL-3%,337,41.8,-0.313,-2.15,-111.5,-105.5
-8.0,-6.0,4,2.0,ALL,TP+2%/SL-2%,551,42.3,-0.231,-2.16,-134.6,-127.4
-7.0,-6.0,6,999.0,ALL,TP+5%/SL-5%,206,43.2,-0.353,-2.17,-73.6,-72.8
-7.0,-6.0,6,999.0,ALL,TP+3%/SL-3%,206,42.2,-0.307,-2.17,-67.0,-63.2
-6.0,-5.0,4,0.0,ALL,TP+5%/SL-3%,229,39.7,-0.33,-2.17,-83.3,-75.6
-6.0,-5.0,3,2.0,ALL,TP+2%/SL-2%,567,40.9,-0.226,-2.17,-152.4,-128.3
-7.0,-4.0,6,0.0,NORMAL,TP+2%/SL-2%,257,42.0,-0.241,-2.18,-65.8,-62.0
-8.0,-5.0,2,2.0,NORMAL,TP+2%/SL-2%,987,42.0,-0.231,-2.18,-232.8,-228.2
-6.0,-5.0,5,0.0,ALL,TP+5%/SL-3%,163,40.5,-0.329,-2.19,-56.9,-53.6
-6.0,-5.0,5,0.0,ALL,TP+3%/SL-3%,163,41.1,-0.308,-2.19,-56.2,-50.2
-8.0,-4.0,2,0.0,NORMAL,TP+2%/SL-2%,937,42.0,-0.238,-2.2,-230.4,-222.9
-7.0,-6.0,5,0.0,ALL,TP+2%/SL-2%,142,41.5,-0.244,-2.21,-35.3,-34.7
-7.0,-6.0,6,0.0,NORMAL,TP+5%/SL-3%,68,38.2,-0.335,-2.22,-25.1,-22.8
-7.0,-5.0,5,0.0,NORMAL,TP+5%/SL-3%,206,40.8,-0.335,-2.22,-72.0,-68.9
-7.0,-6.0,5,999.0,STRONG,TP+3%/SL-3%,57,43.9,-0.307,-2.22,-17.6,-17.5
-7.0,-5.0,2,999.0,NORMAL,TP+2%/SL-2%,896,41.7,-0.237,-2.23,-218.6,-212.0
-7.0,-5.0,2,0.0,NORMAL,TP+3%/SL-3%,409,42.3,-0.325,-2.23,-137.4,-133.1
-7.0,-6.0,6,999.0,STRONG,TP+5%/SL-5%,44,45.5,-0.379,-2.24,-24.3,-16.7
-8.0,-6.0,3,0.0,NORMAL,TP+2%/SL-2%,257,42.0,-0.25,-2.25,-64.9,-64.1
-8.0,-5.0,3,999.0,ALL,TP+2%/SL-2%,1495,41.5,-0.24,-2.25,-372.1,-358.5
-8.0,-5.0,2,999.0,ALL,TP+2%/SL-2%,1827,41.3,-0.242,-2.27,-451.0,-441.9
-7.0,-6.0,6,0.0,ALL,TP+5%/SL-5%,101,38.6,-0.405,-2.29,-44.4,-40.9
-7.0,-6.0,6,0.0,ALL,引け決済,101,39.6,-0.407,-2.31,-43.7,-41.1
-7.0,-5.0,5,0.0,NORMAL,TP+3%/SL-3%,206,41.3,-0.332,-2.34,-71.4,-68.4
-8.0,-6.0,3,0.0,ALL,TP+2%/SL-2%,400,41.5,-0.258,-2.34,-103.9,-103.0
-8.0,-6.0,3,999.0,ALL,TP+2%/SL-2%,828,41.8,-0.253,-2.35,-218.3,-209.1
-7.0,-5.0,4,0.0,NORMAL,TP+3%/SL-3%,266,41.0,-0.336,-2.35,-92.3,-89.3
-6.0,-5.0,4,0.0,NORMAL,TP+5%/SL-5%,151,41.7,-0.404,-2.36,-66.5,-61.1
-6.0,-5.0,3,0.0,ALL,TP+3%/SL-3%,307,41.0,-0.334,-2.36,-118.6,-102.5
-8.0,-5.0,2,999.0,NORMAL,TP+2%/SL-2%,1162,41.3,-0.251,-2.36,-298.2,-291.1
-8.0,-6.0,2,0.0,ALL,TP+2%/SL-2%,479,41.1,-0.26,-2.38,-125.5,-124.7
-7.0,-6.0,6,999.0,ALL,TP+5%/SL-3%,206,40.8,-0.346,-2.38,-75.6,-71.4
-8.0,-6.0,5,999.0,ALL,TP+2%/SL-2%,512,41.2,-0.256,-2.38,-138.6,-130.9
-8.0,-6.0,4,0.0,NORMAL,TP+2%/SL-2%,198,41.9,-0.26,-2.38,-53.6,-51.6
-8.0,-5.0,4,999.0,ALL,TP+2%/SL-2%,1149,41.0,-0.252,-2.38,-304.5,-290.1
-7.0,-6.0,6,0.0,ALL,TP+3%/SL-3%,101,38.6,-0.345,-2.39,-35.8,-34.9
-7.0,-6.0,6,0.0,NORMAL,TP+3%/SL-3%,68,39.7,-0.347,-2.4,-26.2,-23.6
-6.0,-5.0,2,0.0,NORMAL,TP+5%/SL-3%,234,38.9,-0.389,-2.43,-99.1,-91.0
-7.0,-5.0,6,0.0,NORMAL,TP+5%/SL-3%,143,39.9,-0.363,-2.44,-55.0,-51.9
-8.0,-5.0,6,0.0,NORMAL+STRONG,TP+2%/SL-2%,234,40.6,-0.273,-2.45,-63.2,-63.8
-8.0,-6.0,2,999.0,ALL,TP+2%/SL-2%,978,41.2,-0.265,-2.47,-266.0,-259.3
-6.0,-5.0,3,999.0,NORMAL,TP+2%/SL-2%,428,40.0,-0.256,-2.47,-124.3,-109.5
-7.0,-5.0,6,0.0,NORMAL,TP+3%/SL-3%,143,40.6,-0.357,-2.49,-54.1,-51.0
-7.0,-6.0,6,0.0,NORMAL,TP+2%/SL-2%,68,41.2,-0.283,-2.51,-21.1,-19.3
-7.0,-5.0,2,0.0,ALL,TP+2%/SL-2%,653,40.7,-0.271,-2.51,-182.5,-177.2
-6.0,-5.0,4,999.0,NORMAL,TP+2%/SL-2%,334,40.1,-0.26,-2.53,-96.9,-87.0
-8.0,-6.0,6,999.0,ALL,TP+2%/SL-2%,385,41.0,-0.272,-2.53,-105.5,-104.9
-6.0,-5.0,6,0.0,ALL,TP+2%/SL-2%,104,41.3,-0.28,-2.55,-31.3,-29.2
-6.0,-5.0,6,0.0,NORMAL,TP+3%/SL-3%,75,41.3,-0.366,-2.57,-27.9,-27.4
-7.0,-6.0,4,0.0,ALL,TP+2%/SL-2%,172,41.3,-0.284,-2.6,-49.0,-48.9
-7.0,-5.0,5,0.0,ALL,TP+2%/SL-2%,305,39.7,-0.288,-2.63,-91.1,-87.7
-8.0,-5.0,2,0.0,ALL,TP+2%/SL-2%,860,40.1,-0.285,-2.64,-248.2,-245.4
-8.0,-6.0,5,2.0,STRONG,TP+3%/SL-3%,87,40.2,-0.364,-2.64,-35.6,-31.7
-8.0,-6.0,6,999.0,STRONG,TP+5%/SL-3%,86,40.7,-0.405,-2.64,-40.5,-34.8
-6.0,-5.0,6,0.0,NORMAL,TP+5%/SL-3%,75,41.3,-0.388,-2.64,-27.4,-29.1
-8.0,-6.0,4,999.0,STRONG,TP+2%/SL-2%,147,39.5,-0.284,-2.66,-45.7,-41.7
-8.0,-6.0,5,0.0,ALL,TP+2%/SL-2%,248,39.9,-0.293,-2.68,-72.0,-72.7
-8.0,-6.0,4,999.0,ALL,TP+2%/SL-2%,643,40.4,-0.287,-2.69,-194.1,-184.9
-8.0,-6.0,2,0.0,NORMAL,TP+2%/SL-2%,304,40.5,-0.3,-2.73,-92.0,-91.3
-6.0,-5.0,4,2.0,NORMAL,TP+2%/SL-2%,281,39.5,-0.28,-2.74,-84.2,-78.8
-7.0,-5.0,6,0.0,NORMAL+STRONG,TP+2%/SL-2%,169,40.8,-0.306,-2.74,-51.2,-51.8
-8.0,-5.0,5,0.0,ALL,TP+2%/SL-2%,411,39.2,-0.306,-2.8,-128.3,-125.7
-7.0,-5.0,4,0.0,ALL,TP+2%/SL-2%,401,39.9,-0.303,-2.8,-126.9,-121.5
-7.0,-5.0,3,0.0,ALL,TP+2%/SL-2%,528,39.8,-0.303,-2.82,-167.5,-160.1
-7.0,-5.0,6,0.0,ALL,TP+2%/SL-2%,205,40.0,-0.312,-2.82,-63.3,-63.9
-8.0,-5.0,3,0.0,ALL,TP+2%/SL-2%,707,39.6,-0.307,-2.85,-223.3,-217.2
-6.0,-5.0,2,999.0,NORMAL,TP+2%/SL-2%,536,39.2,-0.3,-2.89,-167.3,-161.0
-6.0,-5.0,2,0.0,NORMAL+STRONG,TP+2%/SL-2%,287,39.0,-0.311,-2.9,-98.0,-89.2
-6.0,-5.0,4,0.0,NORMAL+STRONG,TP+2%/SL-2%,182,39.0,-0.317,-2.9,-61.6,-57.6
-6.0,-5.0,3,0.0,NORMAL,TP+5%/SL-3%,193,37.3,-0.461,-2.9,-98.0,-89.0
-8.0,-5.0,6,0.0,ALL,TP+2%/SL-2%,284,39.1,-0.321,-2.91,-90.4,-91.1
-6.0,-5.0,2,0.0,NORMAL,TP+3%/SL-3%,234,39.7,-0.421,-2.94,-104.7,-98.6
-6.0,-5.0,3,2.0,NORMAL,TP+2%/SL-2%,356,38.8,-0.3,-2.94,-114.5,-106.8
-6.0,-5.0,5,0.0,NORMAL+STRONG,TP+2%/SL-2%,135,38.5,-0.322,-2.94,-48.7,-43.5
-6.0,-5.0,2,2.0,NORMAL,TP+2%/SL-2%,446,39.0,-0.304,-2.95,-141.8,-135.8
-6.0,-5.0,4,0.0,ALL,TP+2%/SL-2%,229,38.9,-0.317,-2.95,-83.2,-72.6
-6.0,-5.0,2,0.0,ALL,TP+2%/SL-2%,381,38.8,-0.317,-2.98,-129.7,-120.7
-6.0,-5.0,5,0.0,ALL,TP+2%/SL-2%,163,38.0,-0.325,-3.0,-56.2,-53.0
-7.0,-6.0,6,999.0,STRONG,TP+5%/SL-3%,44,40.9,-0.472,-3.02,-25.7,-20.8
-8.0,-5.0,4,0.0,ALL,TP+2%/SL-2%,534,39.1,-0.327,-3.03,-180.0,-174.6
-8.0,-6.0,5,999.0,STRONG,TP+3%/SL-3%,112,40.2,-0.416,-3.04,-49.9,-46.6
-8.0,-5.0,6,0.0,NORMAL,TP+2%/SL-2%,194,39.2,-0.339,-3.06,-67.5,-65.7
-8.0,-5.0,5,0.0,NORMAL,TP+2%/SL-2%,271,39.1,-0.333,-3.06,-92.3,-90.3
-8.0,-6.0,4,0.0,ALL,TP+2%/SL-2%,305,39.3,-0.334,-3.08,-101.3,-102.0
-7.0,-6.0,6,0.0,ALL,TP+2%/SL-2%,101,38.6,-0.344,-3.1,-35.8,-34.8
-8.0,-6.0,6,2.0,STRONG,TP+2%/SL-2%,65,40.0,-0.338,-3.11,-26.5,-22.0
-8.0,-6.0,6,0.0,ALL,TP+2%/SL-2%,180,37.8,-0.344,-3.11,-60.0,-61.9
-6.0,-5.0,3,0.0,NORMAL+STRONG,TP+2%/SL-2%,236,38.1,-0.337,-3.15,-86.4,-79.5
-7.0,-5.0,3,0.0,NORMAL,TP+2%/SL-2%,337,38.6,-0.355,-3.28,-124.6,-119.6
-6.0,-5.0,4,0.0,NORMAL,TP+5%/SL-3%,151,37.1,-0.5,-3.29,-75.9,-75.5
-8.0,-6.0,6,2.0,STRONG,TP+3%/SL-3%,65,41.5,-0.458,-3.31,-34.0,-29.8
-8.0,-6.0,5,999.0,STRONG,TP+2%/SL-2%,112,37.5,-0.356,-3.32,-43.4,-39.9
-6.0,-5.0,3,0.0,NORMAL,TP+3%/SL-3%,193,38.3,-0.476,-3.33,-96.1,-91.8
-8.0,-5.0,3,0.0,NORMAL,TP+2%/SL-2%,450,38.2,-0.363,-3.35,-164.8,-163.2
-7.0,-5.0,5,0.0,NORMAL,TP+2%/SL-2%,206,38.3,-0.365,-3.37,-78.5,-75.2
-6.0,-5.0,4,0.0,NORMAL,TP+3%/SL-3%,151,37.7,-0.484,-3.39,-73.6,-73.1
-6.0,-5.0,5,0.0,NORMAL,TP+5%/SL-3%,111,37.8,-0.518,-3.46,-57.9,-57.5
-6.0,-5.0,5,0.0,NORMAL,TP+3%/SL-3%,111,37.8,-0.494,-3.5,-55.2,-54.8
-6.0,-5.0,6,0.0,NORMAL+STRONG,TP+2%/SL-2%,88,38.6,-0.383,-3.52,-34.9,-33.7
-8.0,-5.0,4,0.0,NORMAL,TP+2%/SL-2%,349,38.1,-0.382,-3.54,-135.3,-133.3
-6.0,-5.0,3,0.0,ALL,TP+2%/SL-2%,307,37.1,-0.372,-3.55,-121.5,-114.2
-7.0,-5.0,2,0.0,NORMAL,TP+2%/SL-2%,409,38.1,-0.381,-3.55,-159.0,-155.7
-8.0,-5.0,2,0.0,NORMAL,TP+2%/SL-2%,538,37.7,-0.383,-3.56,-206.9,-206.2
-7.0,-5.0,4,0.0,NORMAL,TP+2%/SL-2%,266,38.0,-0.396,-3.68,-108.7,-105.5
-7.0,-5.0,6,0.0,NORMAL,TP+2%/SL-2%,143,37.8,-0.409,-3.73,-61.5,-58.5
-7.0,-6.0,6,999.0,STRONG,TP+2%/SL-2%,44,40.9,-0.413,-3.81,-17.9,-18.2
-8.0,-6.0,6,999.0,STRONG,TP+3%/SL-3%,86,40.7,-0.523,-3.85,-48.7,-45.0
-7.0,-6.0,6,999.0,STRONG,TP+3%/SL-3%,44,40.9,-0.618,-4.53,-28.2,-27.2
-8.0,-6.0,6,999.0,STRONG,TP+2%/SL-2%,86,36.0,-0.491,-4.69,-46.5,-42.2
-6.0,-5.0,2,0.0,NORMAL,TP+2%/SL-2%,234,34.2,-0.491,-4.71,-120.2,-114.9
-6.0,-5.0,6,0.0,NORMAL,TP+2%/SL-2%,75,34.7,-0.523,-4.93,-40.5,-39.2
-6.0,-5.0,3,0.0,NORMAL,TP+2%/SL-2%,193,33.2,-0.513,-4.95,-102.4,-99.1
-6.0,-5.0,4,0.0,NORMAL,TP+2%/SL-2%,151,33.1,-0.541,-5.16,-82.2,-81.7
-6.0,-5.0,5,0.0,NORMAL,TP+2%/SL-2%,111,32.4,-0.55,-5.26,-62.2,-61.0
