code,scan_date,trade_date,scan_cond,trade_cond,today_rise,rb_score,gap_pct,ret_oc,ret_max,ret_low,lower_shadow_ratio,vol_decay_3d,consec_drop
1301,2025-08-04,2025-08-05,NORMAL,STRONG,-6.67,4,0.45,-0.79,0.56,-1.02,0.079,0,1
1301,2025-11-04,2025-11-05,NORMAL,WEAK,-4.93,6,0.11,-0.44,0.77,-1.98,0.254,0,2
1306,2025-04-11,2025-04-14,NORMAL,STRONG,-3.13,3,1.09,-0.21,1.04,-0.21,0.089,1,1
130A,2025-04-16,2025-04-17,NORMAL,STRONG,-7.07,6,2.73,-4.61,10.34,-8.24,0.014,0,1
130A,2025-06-17,2025-06-18,NORMAL,NORMAL,-4.65,4,0.74,-3.38,0.44,-3.52,0.155,0,2
130A,2025-06-19,2025-06-20,WEAK,WEAK,-5.17,6,1.12,-2.54,0.0,-4.75,0.043,0,4
130A,2025-07-04,2025-07-07,NORMAL,NORMAL,-4.38,8,1.23,5.75,7.49,-0.87,0.016,0,1
130A,2025-07-31,2025-08-01,STRONG,NORMAL,-7.68,3,-1.81,-4.29,13.87,-6.13,0.236,0,1
130A,2025-08-01,2025-08-04,NORMAL,NORMAL,-6.02,3,-1.92,7.84,10.46,-0.26,0.092,0,2
130A,2025-08-20,2025-08-21,NORMAL,WEAK,-3.38,3,0.0,0.56,2.1,0.0,0.167,0,1
130A,2025-10-15,2025-10-16,STRONG,NORMAL,-13.49,9,0.69,2.07,2.93,-1.55,0.0,0,3
130A,2025-12-26,2025-12-29,NORMAL,NORMAL,-10.15,3,3.7,-8.57,4.29,-8.57,0.155,0,2
130A,2025-12-29,2025-12-30,NORMAL,WEAK,-5.19,2,-0.59,-5.7,0.79,-6.09,0.0,1,3
130A,2026-01-20,2026-01-21,WEAK,WEAK,-5.91,4,-5.71,-0.2,3.43,-0.4,0.176,0,1
1325,2025-07-10,2025-07-11,NORMAL,NORMAL,-4.72,5,2.89,-2.05,0.0,-2.33,0.571,0,1
1325,2026-01-30,2026-02-02,NORMAL,NORMAL,-3.3,2,-2.64,-1.17,1.99,-1.17,0.209,0,1
1325,2026-03-13,2026-03-16,WEAK,NORMAL,-3.24,3,-0.99,-0.23,0.13,-0.64,0.14,0,2
1326,2025-10-22,2025-10-23,STRONG,NORMAL,-4.11,2,-1.3,1.1,1.44,-0.33,0.275,0,1
1326,2026-01-30,2026-02-02,NORMAL,NORMAL,-6.94,3,-6.47,-6.42,1.89,-6.42,0.171,0,1
1326,2026-02-02,2026-02-03,NORMAL,STRONG,-12.47,5,7.09,1.59,1.59,-0.79,0.0,0,2
1328,2025-04-23,2025-04-24,STRONG,NORMAL,-3.57,2,0.49,0.18,1.32,-0.04,0.176,0,1
1328,2025-05-15,2025-05-16,WEAK,NORMAL,-3.55,3,2.91,-0.71,0.09,-1.06,0.155,0,2
1328,2025-10-22,2025-10-23,STRONG,NORMAL,-3.94,2,-1.23,0.98,1.25,-0.47,0.384,0,1
1328,2026-01-30,2026-02-02,NORMAL,NORMAL,-6.85,2,-6.64,-6.49,1.96,-7.4,0.17,0,1
1328,2026-02-02,2026-02-03,NORMAL,STRONG,-12.7,5,7.09,1.78,1.78,-0.48,0.097,0,2
1332,2025-12-17,2025-12-18,NORMAL,NORMAL,-5.73,4,2.16,1.35,1.65,-0.72,0.261,0,1
1333,2025-05-13,2025-05-14,NORMAL,WEAK,-8.65,6,-0.47,0.03,0.47,-0.73,0.0,0,1
1333,2025-12-29,2025-12-30,NORMAL,WEAK,-66.72,10,-0.42,-1.83,0.38,-1.91,0.511,0,1
1356,2025-04-25,2025-04-28,NORMAL,NORMAL,-3.16,4,-1.63,0.07,0.5,-1.19,0.279,0,4
1356,2025-07-23,2025-07-24,STRONG,STRONG,-6.38,7,-2.29,-1.38,0.33,-2.01,0.217,0,2
1356,2025-07-24,2025-07-25,STRONG,NORMAL,-3.63,8,0.68,1.09,1.43,-0.17,0.268,0,3
1356,2025-08-15,2025-08-18,NORMAL,STRONG,-3.36,6,-0.19,-0.6,0.09,-1.25,0.038,0,1
1357,2025-04-25,2025-04-28,NORMAL,NORMAL,-3.78,4,-1.49,0.84,1.16,-0.52,0.288,0,3
1357,2025-05-29,2025-05-30,NORMAL,NORMAL,-3.7,4,3.16,-1.02,0.44,-1.37,0.024,0,1
1357,2025-06-26,2025-06-27,NORMAL,NORMAL,-3.25,5,-2.04,-1.02,0.25,-1.79,0.067,0,3
1357,2025-06-27,2025-06-30,NORMAL,STRONG,-3.04,6,-2.39,0.63,1.39,-1.28,0.376,0,4
1357,2025-07-23,2025-07-24,STRONG,STRONG,-7.5,7,-2.24,-0.75,0.41,-1.85,0.107,0,1
1357,2025-08-08,2025-08-12,NORMAL,STRONG,-3.79,5,-2.6,-1.87,0.34,-3.22,0.272,0,4
1357,2025-08-12,2025-08-13,STRONG,NORMAL,-4.42,7,-2.52,-0.26,1.17,-0.93,0.378,0,5
1357,2025-08-15,2025-08-18,NORMAL,STRONG,-3.41,4,-0.39,-1.06,0.38,-1.68,0.026,0,1
1357,2025-10-03,2025-10-06,STRONG,STRONG,-3.64,4,-7.45,-2.34,0.41,-3.15,0.004,0,2
1357,2025-10-06,2025-10-07,STRONG,NORMAL,-9.61,8,-1.59,1.66,1.81,-0.73,0.226,0,3
1357,2025-10-15,2025-10-16,STRONG,NORMAL,-3.84,4,-1.89,-0.56,0.94,-0.7,0.089,0,1
1357,2025-10-20,2025-10-21,STRONG,NORMAL,-6.76,5,-2.16,1.54,2.26,-1.14,0.0,0,1
1357,2025-10-31,2025-11-04,NORMAL,NORMAL,-4.3,6,0.05,2.98,3.03,-0.93,0.0,0,1
1357,2026-01-05,2026-01-06,NORMAL,STRONG,-6.04,4,-1.09,-1.36,0.53,-1.44,0.211,0,1
1357,2026-01-09,2026-01-13,NORMAL,NORMAL,-3.07,3,-7.2,1.0,1.32,-0.41,0.106,0,1
1357,2026-01-13,2026-01-14,NORMAL,NORMAL,-6.27,5,-1.6,-1.55,0.61,-2.02,0.239,0,2
1357,2026-01-14,2026-01-15,NORMAL,STRONG,-3.12,6,1.41,-0.5,0.99,-0.64,0.18,0,3
1357,2026-01-22,2026-01-23,STRONG,NORMAL,-3.53,3,-0.98,0.3,1.25,-0.36,0.363,0,1
1357,2026-02-03,2026-02-04,STRONG,NORMAL,-7.82,3,2.35,-0.85,0.54,-1.27,0.03,0,1
1357,2026-02-09,2026-02-10,STRONG,STRONG,-7.91,6,-2.33,-2.16,0.0,-3.33,0.535,0,2
1357,2026-02-10,2026-02-12,STRONG,NORMAL,-4.44,7,-0.76,0.56,1.07,-0.56,0.351,0,3
1357,2026-02-25,2026-02-26,NORMAL,NORMAL,-4.59,5,-1.67,1.16,1.77,-0.82,0.217,0,2
135A,2025-05-19,2025-05-20,NORMAL,NORMAL,-3.74,5,1.69,4.56,5.44,-0.74,0.123,0,1
135A,2025-07-18,2025-07-22,WEAK,WEAK,-4.39,6,1.66,-6.7,0.42,-7.68,0.116,1,1
135A,2025-07-22,2025-07-23,WEAK,STRONG,-5.16,7,2.5,2.34,4.67,-0.63,0.121,0,2
135A,2025-07-29,2025-07-30,NORMAL,NORMAL,-3.12,3,0.18,2.86,3.7,-0.18,0.068,1,2
135A,2025-08-01,2025-08-04,NORMAL,NORMAL,-3.75,3,-2.29,4.22,5.96,-0.99,0.071,0,2
135A,2025-12-12,2025-12-15,STRONG,NORMAL,-4.29,2,-1.7,6.92,8.18,-0.31,0.314,0,4
135A,2025-12-16,2025-12-17,WEAK,NORMAL,-3.82,2,-0.61,-1.38,0.62,-2.31,0.359,0,1
135A,2025-12-18,2025-12-19,NORMAL,NORMAL,-3.9,5,1.46,4.48,5.6,-1.12,0.0,0,3
135A,2025-12-24,2025-12-25,NORMAL,NORMAL,-3.63,3,1.25,0.62,1.24,-0.62,0.083,0,1
135A,2025-12-30,2026-01-05,WEAK,NORMAL,-3.21,3,2.21,-2.31,4.01,-3.24,0.158,0,1
135A,2026-01-15,2026-01-16,STRONG,NORMAL,-9.25,6,-1.15,0.33,0.83,-3.39,0.124,0,1
135A,2026-01-20,2026-01-21,WEAK,WEAK,-7.08,7,-1.8,-0.51,0.99,-2.31,0.004,0,4
135A,2026-02-04,2026-02-05,NORMAL,NORMAL,-4.98,7,-1.5,-0.87,1.07,-1.73,0.16,0,1
135A,2026-02-13,2026-02-16,WEAK,NORMAL,-4.54,4,-0.33,0.99,0.99,-1.6,0.19,0,2
135A,2026-03-26,2026-03-27,WEAK,NORMAL,-7.67,2,0.04,4.49,4.57,0.0,0.023,0,1
1360,2025-04-25,2025-04-28,NORMAL,NORMAL,-4.21,4,-1.44,0.94,1.3,-0.42,0.222,0,3
1360,2025-05-29,2025-05-30,NORMAL,NORMAL,-3.7,3,2.98,-0.8,0.65,-1.19,0.02,0,1
1360,2025-06-26,2025-06-27,NORMAL,NORMAL,-3.29,5,-2.02,-1.01,0.2,-1.78,0.08,0,3
1360,2025-06-27,2025-06-30,NORMAL,STRONG,-3.01,4,-2.41,0.84,1.42,-1.3,0.388,0,4
1360,2025-07-23,2025-07-24,STRONG,STRONG,-7.42,6,-2.64,-0.36,0.71,-1.56,0.124,0,1
1360,2025-08-08,2025-08-12,NORMAL,STRONG,-3.84,5,-1.84,-2.56,0.0,-3.84,0.245,0,4
1360,2025-08-12,2025-08-13,STRONG,NORMAL,-4.35,7,-2.2,-0.58,0.91,-1.2,0.333,0,5
1360,2025-08-15,2025-08-18,NORMAL,STRONG,-3.46,4,-0.44,-0.97,0.44,-1.66,0.029,0,1
1360,2025-09-08,2025-09-09,NORMAL,NORMAL,-3.06,2,-0.94,1.99,2.04,-1.4,0.34,0,3
1365,2025-04-11,2025-04-14,NORMAL,STRONG,-5.21,6,1.99,0.29,2.04,-0.45,0.225,0,1
1365,2025-11-05,2025-11-06,WEAK,NORMAL,-5.42,2,4.0,-1.77,0.09,-2.49,0.753,0,2
1366,2025-04-10,2025-04-11,STRONG,NORMAL,-17.9,3,9.3,-3.72,1.86,-3.72,0.133,0,1
1366,2025-04-25,2025-04-28,NORMAL,NORMAL,-3.89,4,-1.87,0.95,1.27,-0.32,0.444,0,3
1366,2025-05-29,2025-05-30,NORMAL,NORMAL,-3.85,4,2.91,-0.71,0.71,-1.41,0.0,0,1
1366,2025-06-26,2025-06-27,NORMAL,NORMAL,-3.36,4,-1.93,-0.79,0.0,-2.36,0.125,0,3
1366,2025-07-23,2025-07-24,STRONG,STRONG,-7.45,7,-2.54,-0.43,0.87,-1.74,0.133,0,1
1366,2025-08-08,2025-08-12,NORMAL,STRONG,-3.78,5,-1.75,-2.67,0.0,-4.44,0.3,0,4
1366,2025-08-12,2025-08-13,STRONG,NORMAL,-4.37,8,-2.28,-0.93,0.93,-1.4,0.4,0,5
1366,2025-08-13,2025-08-14,NORMAL,NORMAL,-3.2,4,1.42,1.86,2.33,-0.93,0.2,0,6
1366,2025-08-15,2025-08-18,NORMAL,STRONG,-3.2,4,-0.47,-1.42,0.47,-1.9,0.143,1,1
1368,2025-04-25,2025-04-28,NORMAL,NORMAL,-3.47,4,-1.35,0.0,0.23,-1.37,0.125,1,4
1368,2025-06-27,2025-06-30,NORMAL,STRONG,-3.07,3,-1.32,0.8,1.34,-0.53,0.143,0,4
1368,2025-07-23,2025-07-24,STRONG,STRONG,-6.82,7,-1.69,-1.43,0.0,-2.29,0.133,0,1
1368,2025-07-24,2025-07-25,STRONG,NORMAL,-3.1,8,0.87,0.86,1.15,-0.58,0.375,0,2
1368,2025-08-12,2025-08-13,STRONG,NORMAL,-3.3,8,-0.62,-1.25,0.0,-1.56,0.333,0,5
1368,2025-10-06,2025-10-07,STRONG,NORMAL,-6.29,6,-1.06,1.79,1.79,-0.36,0.25,0,2
1368,2025-11-06,2025-11-07,NORMAL,NORMAL,-3.28,3,1.51,-0.37,1.49,-0.74,0.167,0,1
1368,2025-11-26,2025-11-27,STRONG,NORMAL,-4.1,2,-0.39,-0.39,0.39,-1.17,0.111,0,1
1368,2025-12-12,2025-12-15,STRONG,NORMAL,-3.91,5,1.22,-1.61,0.0,-2.01,0.0,0,1
1368,2026-01-05,2026-01-06,NORMAL,STRONG,-4.44,4,-0.42,-1.69,0.0,-2.97,0.125,0,1
1376,2026-01-07,2026-01-08,NORMAL,NORMAL,-3.78,4,-0.19,-2.67,0.57,-2.79,0.096,0,2
1377,2025-07-15,2025-07-16,NORMAL,NORMAL,-3.13,3,-0.15,-1.03,0.15,-1.03,0.083,0,1
1377,2026-01-14,2026-01-15,NORMAL,STRONG,-7.0,6,1.25,1.61,2.35,-0.25,0.393,0,2
1379,2025-05-14,2025-05-15,WEAK,WEAK,-4.61,7,0.17,1.15,2.13,-0.17,0.18,0,3
137A,2025-04-17,2025-04-18,STRONG,STRONG,-4.17,2,-6.22,-1.92,3.17,-2.65,0.371,0,1
137A,2025-07-14,2025-07-15,NORMAL,NORMAL,-9.94,4,0.29,-7.57,0.0,-7.57,0.699,0,2
137A,2025-07-15,2025-07-16,NORMAL,NORMAL,-7.31,5,-2.32,0.63,2.77,-2.69,0.0,0,3
137A,2026-01-13,2026-01-14,NORMAL,NORMAL,-21.51,8,0.23,-6.52,0.11,-6.52,0.143,0,1
137A,2026-01-14,2026-01-15,NORMAL,STRONG,-6.31,9,0.24,1.83,2.44,-2.32,0.0,0,2
1381,2025-11-05,2025-11-06,WEAK,NORMAL,-3.83,3,-1.86,3.78,4.46,-4.46,0.375,0,1
1382,2025-09-04,2025-09-05,NORMAL,NORMAL,-14.79,3,-4.24,-4.17,2.55,-4.17,0.0,0,1
1382,2025-09-05,2025-09-08,NORMAL,NORMAL,-8.23,3,1.03,-2.15,0.54,-2.9,0.0,0,2
1382,2025-10-07,2025-10-08,NORMAL,NORMAL,-14.08,3,2.07,4.06,7.72,-2.18,0.117,0,6
1383,2025-04-25,2025-04-28,NORMAL,NORMAL,-4.05,3,-7.39,0.98,20.2,-0.65,0.28,0,1
1383,2025-04-28,2025-04-30,NORMAL,NORMAL,-6.49,5,2.1,-2.53,0.16,-3.95,0.031,0,2
1384,2025-05-15,2025-05-16,WEAK,NORMAL,-3.37,5,2.13,1.39,2.58,-1.11,0.118,0,2
1384,2025-12-22,2025-12-23,NORMAL,NORMAL,-3.12,3,-0.11,2.21,2.46,0.0,0.194,0,1
1384,2026-02-16,2026-02-17,NORMAL,NORMAL,-4.15,2,0.0,-3.53,0.0,-4.49,0.3,0,1
1384,2026-02-17,2026-02-18,NORMAL,STRONG,-3.53,2,0.5,3.14,3.8,-0.86,0.214,1,2
1401,2025-06-18,2025-06-19,NORMAL,WEAK,-5.21,3,0.0,-1.73,3.24,-5.5,0.18,0,1
1401,2025-10-16,2025-10-17,NORMAL,WEAK,-6.95,4,9.14,-5.93,4.12,-7.75,0.304,0,1
1407,2025-04-16,2025-04-17,NORMAL,STRONG,-4.57,4,1.86,-0.49,0.91,-2.81,0.044,0,3
1407,2025-07-15,2025-07-16,NORMAL,NORMAL,-9.95,4,-4.09,-1.07,2.4,-1.13,0.029,0,1
1407,2025-07-16,2025-07-17,NORMAL,STRONG,-5.11,5,1.08,-1.53,2.07,-2.93,0.019,0,2
1407,2025-07-18,2025-07-22,WEAK,WEAK,-5.07,7,1.78,3.57,6.09,-0.21,0.0,0,4
1407,2025-08-28,2025-08-29,NORMAL,NORMAL,-3.91,2,0.56,-0.61,0.31,-1.84,0.541,0,1
1407,2025-10-06,2025-10-07,STRONG,NORMAL,-10.64,4,-0.45,2.93,3.44,-2.14,0.343,0,1
1407,2025-10-15,2025-10-16,STRONG,NORMAL,-5.03,3,-4.5,5.96,7.13,0.0,0.187,0,2
1407,2025-10-17,2025-10-20,WEAK,STRONG,-5.01,3,-0.41,0.88,0.88,-1.06,0.333,1,1
1407,2025-10-22,2025-10-23,STRONG,NORMAL,-4.96,4,-0.86,-0.06,1.36,-0.74,0.0,0,2
1407,2025-10-30,2025-10-31,NORMAL,NORMAL,-3.71,7,0.2,-0.27,3.11,-0.88,0.095,0,4
1407,2025-11-20,2025-11-21,STRONG,STRONG,-4.17,6,-1.87,5.81,5.81,-1.15,0.213,0,4
1407,2026-03-17,2026-03-18,NORMAL,STRONG,-4.26,2,-2.17,2.55,3.6,-0.22,0.055,0,1
1414,2025-05-12,2025-05-13,NORMAL,NORMAL,-5.69,3,1.2,-1.03,0.0,-2.1,0.282,0,1
1414,2025-11-11,2025-11-12,NORMAL,STRONG,-3.45,2,0.51,0.06,1.25,-0.1,0.429,0,1
1414,2025-12-29,2025-12-30,NORMAL,WEAK,-74.6,10,0.3,-0.64,0.23,-1.2,0.024,0,1
1414,2026-02-12,2026-02-13,NORMAL,WEAK,-8.95,4,0.65,-0.64,0.57,-2.0,0.358,0,1
1417,2025-08-13,2025-08-14,NORMAL,NORMAL,-7.03,3,-0.17,0.29,0.68,-1.97,0.117,0,1
1417,2026-02-13,2026-02-16,WEAK,NORMAL,-6.0,2,-0.54,-0.9,0.49,-3.6,0.161,0,1
1417,2026-03-06,2026-03-10,NORMAL,WEAK,-4.32,2,-2.5,1.54,1.9,-0.77,0.43,0,3
1418,2025-04-15,2025-04-16,NORMAL,NORMAL,-16.2,2,0.0,-6.11,0.25,-7.38,0.033,0,2
1418,2025-04-16,2025-04-17,NORMAL,STRONG,-6.11,3,-1.08,4.11,4.11,-0.55,0.167,0,3
1418,2025-04-25,2025-04-28,NORMAL,NORMAL,-8.64,4,0.27,1.35,2.16,-0.54,0.0,0,1
1418,2026-01-15,2026-01-16,STRONG,NORMAL,-8.9,4,0.0,-0.79,2.83,-2.2,0.452,0,2
1419,2025-05-29,2025-05-30,NORMAL,NORMAL,-7.1,7,-1.61,-2.72,0.27,-2.86,0.16,0,1
1419,2025-05-30,2025-06-02,NORMAL,WEAK,-4.29,8,-0.56,-0.28,0.7,-0.85,0.043,0,2
1419,2026-01-08,2026-01-09,NORMAL,NORMAL,-5.28,4,0.14,-1.57,0.43,-1.57,0.0,0,1
141A,2025-05-16,2025-05-19,NORMAL,NORMAL,-5.2,2,0.0,1.86,2.46,-1.08,0.163,0,1
141A,2025-08-14,2025-08-15,NORMAL,NORMAL,-11.33,6,1.06,7.22,7.22,-1.05,0.211,0,1
141A,2025-10-02,2025-10-03,NORMAL,STRONG,-4.28,5,1.24,1.55,2.23,0.0,0.079,0,3
1429,2025-11-10,2025-11-11,STRONG,NORMAL,-8.9,5,0.12,-0.7,0.12,-1.97,0.143,0,2
1429,2026-02-16,2026-02-17,NORMAL,NORMAL,-5.23,6,1.8,0.47,1.18,-1.18,0.36,0,2
142A,2025-04-21,2025-04-22,NORMAL,NORMAL,-4.48,6,1.22,0.6,2.22,-0.81,0.0,0,1
142A,2025-05-23,2025-05-26,NORMAL,NORMAL,-8.76,3,3.2,3.72,10.54,-3.26,0.066,0,1
142A,2025-09-10,2025-09-11,NORMAL,NORMAL,-6.93,2,-1.15,-6.58,1.27,-6.58,0.288,0,1
142A,2025-12-09,2025-12-10,NORMAL,NORMAL,-3.35,9,-1.57,1.76,5.92,0.0,0.0,0,4
1431,2025-11-13,2025-11-14,NORMAL,NORMAL,-5.22,5,0.0,-0.85,0.28,-0.99,0.45,0,1
1431,2025-12-29,2025-12-30,NORMAL,WEAK,-6.29,6,-0.15,0.0,0.61,-0.15,0.2,0,1
1433,2026-01-29,2026-01-30,NORMAL,NORMAL,-8.67,6,-1.57,-1.34,1.26,-2.1,0.55,0,2
1433,2026-03-13,2026-03-16,WEAK,NORMAL,-7.96,6,-0.94,-0.52,1.38,-1.9,0.564,0,2
1434,2025-10-06,2025-10-07,STRONG,NORMAL,-5.68,5,0.0,-2.18,0.17,-3.58,0.093,0,1
1434,2025-10-17,2025-10-20,WEAK,STRONG,-3.61,3,1.7,-0.08,0.67,-1.42,0.14,1,1
1434,2025-12-18,2025-12-19,NORMAL,NORMAL,-3.65,3,0.0,-1.76,1.44,-2.87,0.138,0,1
1435,2026-02-16,2026-02-17,NORMAL,NORMAL,-4.07,2,-0.94,3.33,4.76,-1.43,0.174,0,1
1443,2026-02-09,2026-02-10,STRONG,STRONG,-4.68,2,-2.31,0.89,1.78,-1.48,0.39,0,1
1443,2026-03-17,2026-03-18,NORMAL,STRONG,-3.69,3,1.6,0.63,1.26,-0.63,0.0,0,1
1443,2026-03-26,2026-03-27,WEAK,NORMAL,-4.52,3,-1.01,-0.68,0.34,-2.39,0.211,0,1
1447,2026-02-13,2026-02-16,WEAK,NORMAL,-3.3,2,1.82,2.24,3.8,-4.92,0.359,0,2
1456,2025-10-06,2025-10-07,STRONG,NORMAL,-4.7,6,-1.01,0.86,1.02,-0.21,0.237,0,3
1456,2025-10-20,2025-10-21,STRONG,NORMAL,-3.48,4,-1.25,0.94,1.33,-0.33,0.0,0,1
1456,2026-01-05,2026-01-06,NORMAL,STRONG,-3.16,5,0.12,-0.29,0.12,-1.05,0.107,0,1
1456,2026-01-13,2026-01-14,NORMAL,NORMAL,-3.03,6,-0.72,-0.79,0.12,-1.09,0.0,0,2
1456,2026-02-09,2026-02-10,STRONG,STRONG,-3.8,5,-1.15,-1.03,0.0,-1.67,0.094,0,2
1458,2025-11-05,2025-11-06,WEAK,NORMAL,-5.29,2,3.8,-1.54,0.24,-2.35,0.76,0,2
1458,2025-11-21,2025-11-25,STRONG,NORMAL,-4.58,4,2.44,-2.44,0.12,-2.89,0.073,0,1
1458,2025-12-01,2025-12-02,WEAK,WEAK,-3.81,2,0.96,-1.11,0.4,-1.15,0.077,0,1
1458,2026-03-10,2026-03-11,WEAK,NORMAL,-5.48,3,3.22,-0.38,2.38,-0.73,0.579,1,4
1459,2025-10-03,2025-10-06,STRONG,STRONG,-3.25,4,-7.05,-2.89,0.36,-3.97,0.1,0,2
1459,2025-10-06,2025-10-07,STRONG,NORMAL,-9.73,9,-1.86,1.89,2.27,-0.76,0.25,0,3
1459,2025-10-15,2025-10-16,STRONG,NORMAL,-4.26,4,-1.48,-0.75,0.75,-1.13,0.091,0,1
1459,2025-10-20,2025-10-21,STRONG,NORMAL,-6.64,5,-2.77,2.44,3.25,-0.41,0.0,0,1
1459,2025-10-31,2025-11-04,NORMAL,NORMAL,-4.33,6,0.0,3.17,3.62,-0.9,0.0,0,1
1459,2026-01-05,2026-01-06,NORMAL,STRONG,-6.36,5,-0.9,-1.37,0.91,-1.83,0.222,0,1
1459,2026-01-09,2026-01-13,NORMAL,NORMAL,-3.07,3,-7.69,1.47,1.96,0.0,0.167,0,1
1459,2026-01-13,2026-01-14,NORMAL,NORMAL,-6.33,6,-1.45,-1.47,0.49,-2.45,0.0,0,2
1459,2026-01-22,2026-01-23,STRONG,NORMAL,-3.3,3,-0.98,0.0,1.48,-0.49,0.333,0,1
145A,2025-11-14,2025-11-17,NORMAL,NORMAL,-3.87,3,-2.75,-1.32,1.69,-7.63,0.171,0,1
145A,2025-11-19,2025-11-20,NORMAL,STRONG,-5.81,6,0.96,-4.42,0.84,-5.68,0.015,0,4
145A,2025-11-20,2025-11-21,STRONG,STRONG,-3.51,5,-1.65,5.71,5.71,-0.34,0.194,0,5
145A,2025-12-01,2025-12-02,WEAK,WEAK,-8.0,2,0.0,-0.1,1.23,-0.31,0.0,0,1
145A,2026-02-16,2026-02-17,NORMAL,NORMAL,-4.89,7,-4.09,0.44,1.31,-3.17,0.314,0,1
145A,2026-02-19,2026-02-20,NORMAL,WEAK,-8.89,9,1.71,-3.0,0.0,-3.36,0.112,0,4
146A,2025-10-02,2025-10-03,NORMAL,STRONG,-5.06,2,1.01,5.99,6.13,0.0,0.057,0,3
146A,2025-10-31,2025-11-04,NORMAL,NORMAL,-3.62,6,0.29,-4.03,0.0,-4.32,0.309,0,4
146A,2025-11-04,2025-11-05,NORMAL,WEAK,-3.75,4,-1.35,-0.76,0.15,-5.02,0.067,0,5
146A,2025-11-14,2025-11-17,NORMAL,NORMAL,-3.8,3,0.0,-0.59,0.0,-4.98,0.079,0,2
146A,2025-11-25,2025-11-26,NORMAL,STRONG,-3.24,3,0.32,0.95,1.91,0.0,0.097,0,1
146A,2025-12-01,2025-12-02,WEAK,WEAK,-7.8,3,-1.21,-6.88,1.83,-7.03,0.071,0,1
146A,2025-12-02,2025-12-03,WEAK,WEAK,-8.01,6,-0.82,-0.5,0.99,-1.26,0.017,0,2
146A,2026-01-21,2026-01-22,WEAK,STRONG,-3.38,2,1.07,0.9,1.36,-0.6,0.591,0,3
146A,2026-03-26,2026-03-27,WEAK,NORMAL,-5.63,2,-1.02,1.41,1.92,-1.03,0.045,0,1
147A,2025-11-21,2025-11-25,STRONG,NORMAL,-5.11,2,1.12,-4.12,0.2,-4.62,0.222,0,1
147A,2026-01-19,2026-01-20,NORMAL,WEAK,-4.4,2,0.34,-1.7,1.87,-2.55,0.127,0,2
147A,2026-01-30,2026-02-02,NORMAL,NORMAL,-4.14,4,0.83,0.91,3.65,-0.46,0.372,0,1
147A,2026-02-12,2026-02-13,NORMAL,WEAK,-4.33,2,5.04,-1.46,3.01,-3.66,0.115,0,1
147A,2026-02-16,2026-02-17,NORMAL,NORMAL,-5.28,2,-1.83,-7.72,0.62,-9.14,0.304,0,1
147A,2026-02-17,2026-02-18,NORMAL,STRONG,-9.41,4,-0.48,-2.9,0.0,-3.48,0.145,0,2
147A,2026-02-18,2026-02-19,STRONG,NORMAL,-3.37,3,0.0,4.18,4.98,-0.7,0.167,0,3
147A,2026-02-20,2026-02-24,WEAK,NORMAL,-3.06,2,-1.48,-2.4,0.0,-2.4,0.378,1,1
147A,2026-02-24,2026-02-25,NORMAL,NORMAL,-3.84,3,0.0,1.74,3.69,0.0,0.0,0,2
148A,2025-11-13,2025-11-14,NORMAL,NORMAL,-8.97,6,-2.14,-3.15,1.79,-3.94,0.073,0,1
148A,2025-11-14,2025-11-17,NORMAL,NORMAL,-5.22,6,-0.14,-0.32,0.0,-5.02,0.137,0,2
148A,2026-02-13,2026-02-16,WEAK,NORMAL,-21.27,8,0.06,-0.59,1.01,-1.13,0.151,0,2
1491,2025-10-23,2025-10-24,NORMAL,NORMAL,-4.29,2,0.22,0.22,2.12,0.0,0.0,0,2
1491,2025-11-14,2025-11-17,NORMAL,NORMAL,-5.96,6,-0.98,-6.4,0.0,-8.62,0.242,0,1
1491,2025-11-21,2025-11-25,STRONG,NORMAL,-3.66,7,0.99,-0.56,1.95,-2.51,0.2,0,6
1491,2025-12-18,2025-12-19,NORMAL,NORMAL,-3.71,3,0.4,4.11,6.49,0.0,0.24,0,1
1491,2025-12-25,2025-12-26,NORMAL,NORMAL,-4.57,3,-0.23,1.49,5.49,-0.23,0.212,0,1
1491,2025-12-30,2026-01-05,WEAK,NORMAL,-11.75,3,3.71,-4.0,0.32,-4.63,0.221,0,1
1491,2026-02-16,2026-02-17,NORMAL,NORMAL,-4.71,3,-1.04,-4.03,0.0,-4.61,0.186,0,2
1491,2026-02-17,2026-02-18,NORMAL,STRONG,-5.03,2,-1.0,0.4,2.32,-0.51,0.125,0,3
1514,2025-10-08,2025-10-09,NORMAL,NORMAL,-3.33,5,0.34,-0.17,0.69,-1.37,0.042,0,2
1514,2025-12-03,2025-12-04,WEAK,NORMAL,-3.18,2,0.18,1.82,1.82,-0.18,0.0,0,5
1514,2025-12-05,2025-12-08,WEAK,NORMAL,-3.76,5,0.37,-0.37,0.74,-0.56,0.0,0,1
1514,2026-01-29,2026-01-30,NORMAL,NORMAL,-17.23,3,-4.92,-0.59,1.63,-3.7,0.012,0,1
1514,2026-01-30,2026-02-02,NORMAL,NORMAL,-5.49,2,1.49,-6.01,7.48,-7.04,0.583,0,2
1514,2026-02-02,2026-02-03,NORMAL,STRONG,-4.61,2,1.56,6.45,6.91,-0.31,0.071,0,3
1514,2026-02-18,2026-02-19,STRONG,NORMAL,-21.98,3,-7.32,0.61,7.29,-0.71,0.0,0,1
1514,2026-03-26,2026-03-27,WEAK,NORMAL,-3.81,3,17.35,0.1,0.1,-1.69,0.138,0,1
1515,2025-10-02,2025-10-03,NORMAL,STRONG,-3.09,10,-1.42,1.62,1.85,-1.16,0.148,1,2
1515,2025-11-04,2025-11-05,NORMAL,WEAK,-3.25,2,-2.14,2.19,2.81,-2.0,0.097,0,1
1515,2025-11-14,2025-11-17,NORMAL,NORMAL,-3.15,4,0.75,5.41,5.84,-0.44,0.192,0,1
1515,2026-03-06,2026-03-10,NORMAL,WEAK,-19.43,5,-6.49,2.15,2.15,-1.26,0.317,1,2
1515,2026-03-10,2026-03-11,WEAK,NORMAL,-4.48,6,2.27,-2.37,2.53,-3.48,0.369,0,3
1515,2026-03-16,2026-03-17,NORMAL,NORMAL,-4.59,5,1.76,-1.66,1.07,-1.73,0.254,0,7
151A,2025-11-04,2025-11-05,NORMAL,WEAK,-3.08,4,0.61,0.9,0.9,-2.86,0.036,0,2
151A,2026-02-09,2026-02-10,STRONG,STRONG,-4.53,5,0.0,2.96,3.26,-0.15,0.185,0,2
153A,2025-10-17,2025-10-20,WEAK,STRONG,-4.36,2,2.02,3.64,3.73,-1.29,0.215,0,2
153A,2025-11-21,2025-11-25,STRONG,NORMAL,-6.24,8,3.65,-9.39,0.0,-10.9,0.336,0,1
153A,2025-11-25,2025-11-26,NORMAL,STRONG,-6.08,8,0.46,-2.5,0.0,-3.56,0.139,0,2
153A,2025-12-01,2025-12-02,WEAK,WEAK,-3.06,6,-0.72,-0.36,1.88,-1.59,0.296,0,1
153A,2025-12-09,2025-12-10,NORMAL,NORMAL,-5.61,2,0.0,-2.7,1.49,-3.17,0.0,0,1
153A,2025-12-11,2025-12-12,WEAK,STRONG,-4.09,3,-0.07,0.14,2.61,-0.51,0.091,0,3
153A,2025-12-16,2025-12-17,WEAK,NORMAL,-5.28,2,-0.77,-1.64,0.86,-6.64,0.02,0,2
153A,2025-12-18,2025-12-19,NORMAL,NORMAL,-3.02,5,-0.16,-1.64,0.66,-1.64,0.028,0,4
153A,2026-02-16,2026-02-17,NORMAL,NORMAL,-11.34,4,2.09,-6.91,0.17,-7.33,0.0,0,2
153A,2026-02-17,2026-02-18,NORMAL,STRONG,-4.96,3,-0.82,2.95,3.32,-0.65,0.057,0,3
153A,2026-02-24,2026-02-25,NORMAL,NORMAL,-5.76,3,0.38,4.28,4.47,0.0,0.151,0,2
153A,2026-03-25,2026-03-26,STRONG,WEAK,-10.04,3,1.49,-3.29,1.04,-5.37,0.076,0,1
1540,2025-12-30,2026-01-05,WEAK,NORMAL,-3.05,2,1.71,0.52,1.23,-0.43,0.079,0,3
1540,2026-01-30,2026-02-02,NORMAL,NORMAL,-6.81,2,-7.33,-7.21,3.32,-7.47,0.3,0,1
1540,2026-02-02,2026-02-03,NORMAL,STRONG,-14.01,5,7.84,2.03,2.4,-1.35,0.024,0,2
1541,2025-10-23,2025-10-24,NORMAL,NORMAL,-4.15,2,1.54,-0.95,2.58,-0.95,0.22,0,4
1541,2025-11-04,2025-11-05,NORMAL,WEAK,-5.01,4,-2.86,1.23,2.9,-0.65,0.007,0,1
1541,2025-12-30,2026-01-05,WEAK,NORMAL,-4.39,2,2.88,-4.25,0.13,-7.18,0.091,0,2
1541,2026-02-02,2026-02-03,NORMAL,STRONG,-22.22,4,4.76,5.41,7.27,0.0,0.0,0,2
1541,2026-02-04,2026-02-05,NORMAL,NORMAL,-3.45,2,2.59,-8.01,0.57,-12.06,0.116,0,1
1541,2026-02-05,2026-02-06,NORMAL,NORMAL,-5.63,3,-11.22,4.37,5.99,-2.67,0.321,0,2
1541,2026-02-06,2026-02-09,NORMAL,STRONG,-7.34,4,7.25,-2.57,0.24,-4.14,0.308,0,3
1541,2026-02-13,2026-02-16,WEAK,NORMAL,-5.84,5,1.17,0.09,1.19,-0.61,0.037,0,3
1541,2026-02-17,2026-02-18,NORMAL,STRONG,-3.62,6,0.11,2.66,3.1,-0.11,0.075,0,1
1542,2025-10-20,2025-10-21,STRONG,NORMAL,-12.19,2,5.21,-7.24,0.18,-8.78,0.025,0,1
1542,2025-11-04,2025-11-05,NORMAL,WEAK,-4.06,3,-2.74,3.42,3.42,-1.08,0.037,0,1
1542,2025-12-30,2026-01-05,WEAK,NORMAL,-3.56,2,-1.78,-1.48,2.17,-2.03,0.289,0,1
1542,2026-01-30,2026-02-02,NORMAL,NORMAL,-9.81,3,-17.61,0.0,0.0,0.0,0.317,0,1
1542,2026-02-03,2026-02-04,STRONG,NORMAL,-3.25,2,2.69,2.43,6.84,-0.9,0.222,0,3
1542,2026-02-05,2026-02-06,NORMAL,NORMAL,-12.49,3,-16.79,4.38,7.67,0.0,0.119,0,1
1542,2026-02-06,2026-02-09,NORMAL,STRONG,-13.15,4,10.91,-3.39,0.67,-3.39,0.0,0,2
1542,2026-02-10,2026-02-12,STRONG,NORMAL,-3.07,4,1.46,-0.26,0.24,-2.8,0.152,1,1
1542,2026-02-13,2026-02-16,WEAK,NORMAL,-9.62,5,0.17,-0.73,1.07,-2.15,0.433,0,1
1542,2026-03-26,2026-03-27,WEAK,NORMAL,-3.25,5,-2.24,2.75,3.5,-1.83,0.255,0,1
155A,2025-11-27,2025-11-28,NORMAL,NORMAL,-11.86,3,0.13,-1.14,2.48,-4.23,0.123,0,1
155A,2025-12-16,2025-12-17,WEAK,NORMAL,-6.74,4,-0.77,-0.93,2.33,-3.88,0.122,0,3
155A,2026-02-09,2026-02-10,STRONG,STRONG,-3.62,2,-0.08,2.48,3.52,-1.52,0.0,0,2
155A,2026-02-16,2026-02-17,NORMAL,NORMAL,-15.28,9,1.34,-9.19,0.57,-10.04,0.018,0,2
155A,2026-02-17,2026-02-18,NORMAL,STRONG,-7.97,10,0.0,-2.29,0.63,-5.84,0.08,0,3
155A,2026-02-20,2026-02-24,WEAK,NORMAL,-6.74,7,-1.67,-6.44,0.0,-7.57,0.0,1,1
155A,2026-02-24,2026-02-25,NORMAL,NORMAL,-8.0,9,3.99,1.63,6.16,-1.05,0.149,0,2
1563,2025-12-02,2025-12-03,WEAK,WEAK,-3.77,4,0.0,-1.22,0.29,-2.74,0.0,0,2
1568,2026-03-10,2026-03-11,WEAK,NORMAL,-3.25,3,3.05,-1.0,1.28,-1.31,0.382,1,4
1569,2025-10-06,2025-10-07,STRONG,NORMAL,-3.24,5,-0.44,0.44,0.58,-0.18,0.236,0,2
156A,2025-10-16,2025-10-17,NORMAL,WEAK,-3.88,7,-1.95,-1.59,0.27,-2.92,0.378,0,4
156A,2025-10-17,2025-10-20,WEAK,STRONG,-3.51,8,1.08,0.53,1.6,-1.07,0.417,0,5
156A,2026-02-04,2026-02-05,NORMAL,NORMAL,-6.81,2,-0.81,-0.94,0.23,-3.04,0.214,0,3
156A,2026-02-06,2026-02-09,NORMAL,STRONG,-5.55,3,1.75,1.35,1.97,-0.37,0.167,0,5
1570,2025-11-21,2025-11-25,STRONG,NORMAL,-4.41,4,2.25,-2.46,0.1,-2.97,0.032,1,1
1570,2025-12-01,2025-12-02,WEAK,WEAK,-3.6,2,0.84,-1.1,0.38,-1.15,0.102,0,1
1570,2026-03-10,2026-03-11,WEAK,NORMAL,-5.46,3,2.86,-0.3,2.72,-0.4,0.57,0,4
1571,2025-10-06,2025-10-07,STRONG,NORMAL,-4.95,7,-0.9,1.14,1.14,-0.23,0.2,0,3
1571,2025-10-20,2025-10-21,STRONG,NORMAL,-3.37,4,-1.16,1.18,1.41,-0.47,0.0,0,1
1571,2026-02-09,2026-02-10,STRONG,STRONG,-4.17,5,-0.82,-0.82,0.0,-1.64,0.125,0,2
1579,2025-11-21,2025-11-25,STRONG,NORMAL,-4.45,4,2.37,-2.49,0.07,-3.01,0.205,0,1
1579,2025-12-01,2025-12-02,WEAK,WEAK,-3.65,2,0.81,-1.09,0.4,-1.11,0.104,0,1
1579,2026-03-10,2026-03-11,WEAK,NORMAL,-5.51,3,3.32,-0.37,2.33,-0.79,0.553,0,4
157A,2025-11-20,2025-11-21,STRONG,STRONG,-20.34,3,-5.2,7.23,7.23,-3.37,0.141,0,1
157A,2025-11-25,2025-11-26,NORMAL,STRONG,-5.47,2,1.85,-3.02,0.0,-7.25,0.14,0,1
157A,2026-02-06,2026-02-09,NORMAL,STRONG,-4.72,2,-0.21,-4.86,0.1,-5.89,0.289,0,3
157A,2026-02-09,2026-02-10,STRONG,STRONG,-5.05,4,3.15,-2.42,2.84,-2.63,0.172,1,4
157A,2026-02-17,2026-02-18,NORMAL,STRONG,-5.08,2,3.21,6.41,8.58,-4.81,0.163,0,1
1580,2025-10-06,2025-10-07,STRONG,NORMAL,-4.78,5,-0.85,0.81,0.9,-0.43,0.255,0,3
1580,2025-10-20,2025-10-21,STRONG,NORMAL,-3.42,4,-1.31,1.02,1.28,-0.4,0.024,0,1
1580,2026-01-13,2026-01-14,NORMAL,NORMAL,-3.36,6,-0.58,-0.83,0.05,-1.07,0.0,0,2
1580,2026-02-09,2026-02-10,STRONG,STRONG,-3.96,7,-1.08,-0.92,0.0,-1.56,0.081,0,2
1597,2025-11-06,2025-11-07,NORMAL,NORMAL,-3.94,2,0.29,-0.34,0.0,-0.63,0.857,0,1
1605,2025-12-16,2025-12-17,WEAK,NORMAL,-3.25,2,-1.63,1.14,1.63,-0.59,0.0,0,1
1605,2026-01-07,2026-01-08,NORMAL,NORMAL,-5.3,5,0.17,0.76,1.85,0.0,0.0,0,1
1605,2026-02-13,2026-02-16,WEAK,NORMAL,-13.13,3,2.22,-0.2,0.96,-1.27,0.114,0,1
160A,2025-11-04,2025-11-05,NORMAL,WEAK,-4.73,6,-1.77,1.05,1.05,-2.24,0.397,0,1
1615,2026-01-21,2026-01-22,WEAK,STRONG,-3.31,2,2.03,-1.07,0.2,-1.6,0.089,0,3
1662,2025-12-16,2025-12-17,WEAK,NORMAL,-3.82,2,-1.23,0.07,0.37,-2.27,0.044,0,1
1662,2026-01-15,2026-01-16,STRONG,NORMAL,-3.67,3,-1.76,-6.32,0.2,-8.06,0.175,0,1
1662,2026-01-16,2026-01-19,NORMAL,NORMAL,-7.96,2,1.91,-0.52,0.78,-2.81,0.211,1,2
1663,2025-11-14,2025-11-17,NORMAL,NORMAL,-9.97,4,1.65,3.68,4.42,0.0,0.111,0,1
166A,2026-02-16,2026-02-17,NORMAL,NORMAL,-5.46,6,0.63,1.5,2.74,-0.12,0.279,0,2
1671,2025-10-17,2025-10-20,WEAK,STRONG,-3.44,6,0.86,-0.64,0.36,-0.82,0.364,0,5
1673,2025-10-20,2025-10-21,STRONG,NORMAL,-10.74,2,4.2,-3.9,0.12,-4.8,0.167,0,1
1673,2026-02-02,2026-02-03,NORMAL,STRONG,-26.02,5,3.91,1.9,3.26,-1.9,0.0,0,2
1673,2026-02-06,2026-02-09,NORMAL,STRONG,-6.58,5,8.51,1.61,2.35,-1.53,0.014,1,2
1673,2026-02-13,2026-02-16,WEAK,NORMAL,-8.76,5,-0.84,-0.19,2.08,-1.51,0.407,0,1
1689,2025-12-12,2025-12-15,STRONG,NORMAL,-4.63,3,-1.9,-2.14,1.94,-2.14,0.444,0,4
1689,2025-12-15,2025-12-16,NORMAL,WEAK,-4.0,4,-1.69,-2.72,0.0,-3.03,0.0,0,5
1689,2025-12-16,2025-12-17,WEAK,NORMAL,-4.37,5,0.31,0.62,0.83,0.0,0.1,0,6
1689,2025-12-19,2025-12-22,NORMAL,NORMAL,-4.02,7,1.05,1.35,1.45,-0.21,0.545,0,1
1689,2025-12-23,2025-12-24,NORMAL,NORMAL,-5.92,9,1.63,2.56,4.59,0.0,0.5,0,1
1689,2026-01-05,2026-01-06,NORMAL,STRONG,-9.93,9,-1.12,-2.16,1.02,-2.96,0.189,0,1
1689,2026-01-06,2026-01-07,STRONG,NORMAL,-3.26,9,-0.12,0.35,0.47,-0.7,0.2,0,2
1689,2026-01-15,2026-01-16,STRONG,NORMAL,-3.72,6,-1.45,-0.61,1.35,-0.86,0.379,0,1
168A,2025-10-17,2025-10-20,WEAK,STRONG,-7.89,2,-6.21,8.91,12.57,-0.61,0.152,1,1
168A,2025-12-17,2025-12-18,NORMAL,NORMAL,-13.94,3,2.25,-2.05,1.47,-2.49,0.0,0,1
168A,2026-01-14,2026-01-15,NORMAL,STRONG,-4.46,2,-1.8,4.88,5.73,-1.71,0.154,0,1
1692,2026-01-07,2026-01-08,NORMAL,NORMAL,-5.72,3,6.08,-5.9,0.0,-8.03,0.021,0,1
1693,2026-01-30,2026-02-02,NORMAL,NORMAL,-3.96,3,-3.4,-4.25,1.77,-4.43,0.182,0,1
1693,2026-02-02,2026-02-03,NORMAL,STRONG,-7.51,4,5.43,2.77,2.77,-0.2,0.029,0,2
1696,2026-03-17,2026-03-18,NORMAL,STRONG,-8.34,3,-3.25,-1.26,2.07,-2.62,0.351,0,1
1696,2026-03-26,2026-03-27,WEAK,NORMAL,-4.84,3,1.13,-0.91,0.18,-3.39,0.364,0,1
1699,2025-10-17,2025-10-20,WEAK,STRONG,-3.2,5,1.28,-0.55,0.27,-0.8,0.344,0,1
1711,2025-11-21,2025-11-25,STRONG,NORMAL,-8.11,2,1.47,-5.07,0.0,-5.43,0.045,1,2
1711,2025-12-25,2025-12-26,NORMAL,NORMAL,-8.88,7,0.0,-2.54,0.42,-4.24,0.087,0,1
1711,2026-02-19,2026-02-20,NORMAL,WEAK,-10.85,3,-4.93,-3.81,0.35,-8.3,0.388,0,1
1711,2026-02-20,2026-02-24,WEAK,NORMAL,-8.55,3,2.88,-4.9,0.0,-5.94,0.52,0,2
1718,2026-02-16,2026-02-17,NORMAL,NORMAL,-13.97,5,0.24,0.0,0.6,-1.57,0.268,0,2
1719,2026-03-06,2026-03-10,NORMAL,WEAK,-4.33,4,-0.79,0.95,1.56,-0.82,0.769,1,3
1720,2025-11-10,2025-11-11,STRONG,NORMAL,-3.29,4,0.28,2.26,2.54,-0.75,0.238,0,1
1720,2026-03-10,2026-03-11,WEAK,NORMAL,-4.62,2,1.55,-0.66,1.39,-0.86,0.243,1,3
1723,2025-11-05,2025-11-06,WEAK,NORMAL,-4.05,3,-0.34,1.69,2.2,-0.51,0.512,0,1
1723,2025-12-16,2025-12-17,WEAK,NORMAL,-4.85,2,0.96,1.91,3.82,-2.59,0.102,0,1
1723,2026-03-10,2026-03-11,WEAK,NORMAL,-3.13,2,0.46,0.18,2.48,-0.18,0.622,1,3
1723,2026-03-26,2026-03-27,WEAK,NORMAL,-3.33,5,-0.73,-2.63,0.21,-3.89,0.095,0,1
1736,2026-02-10,2026-02-12,STRONG,NORMAL,-5.7,5,0.12,-1.01,0.16,-3.51,0.302,0,1
1758,2026-01-29,2026-01-30,NORMAL,NORMAL,-6.31,7,2.02,0.79,0.79,-1.5,0.306,0,4
175A,2025-10-06,2025-10-07,STRONG,NORMAL,-11.74,4,0.0,-0.67,1.14,-0.86,0.356,0,1
175A,2025-10-17,2025-10-20,WEAK,STRONG,-8.14,6,1.32,4.32,4.52,-0.3,0.029,0,1
1762,2026-02-13,2026-02-16,WEAK,NORMAL,-9.68,4,0.13,1.66,1.66,-1.02,0.067,0,1
1776,2026-02-13,2026-02-16,WEAK,NORMAL,-3.34,3,1.54,-0.12,0.3,-2.07,0.261,0,1
1786,2025-11-12,2025-11-13,STRONG,NORMAL,-3.23,3,0.48,0.48,2.14,0.0,0.095,0,2
1786,2026-02-13,2026-02-16,WEAK,NORMAL,-3.89,3,1.67,-2.58,0.0,-2.81,0.0,0,1
178A,2025-11-21,2025-11-25,STRONG,NORMAL,-4.66,3,2.58,-0.54,0.07,-0.54,0.182,0,1
1799,2025-11-14,2025-11-17,NORMAL,NORMAL,-7.33,3,0.86,-0.43,0.14,-4.85,0.102,0,1
1799,2026-02-12,2026-02-13,NORMAL,WEAK,-8.25,3,-0.37,-0.5,1.38,-1.5,0.405,0,1
1802,2026-03-06,2026-03-10,NORMAL,WEAK,-3.71,2,-2.65,0.57,1.98,-0.44,0.574,0,3
1803,2026-03-06,2026-03-10,NORMAL,WEAK,-6.74,2,-3.9,0.32,1.59,-2.0,0.769,0,2
1803,2026-03-10,2026-03-11,WEAK,NORMAL,-3.6,2,2.22,-1.58,0.9,-2.17,0.558,1,3
1803,2026-03-16,2026-03-17,NORMAL,NORMAL,-3.31,4,0.43,-0.26,2.15,-0.4,0.104,0,3
1808,2026-02-13,2026-02-16,WEAK,NORMAL,-6.13,2,0.09,-2.71,0.15,-4.21,0.0,0,2
1808,2026-03-10,2026-03-11,WEAK,NORMAL,-3.37,3,1.28,-1.14,0.41,-1.14,0.218,0,4
1810,2026-03-10,2026-03-11,WEAK,NORMAL,-3.4,2,0.64,-0.75,0.46,-0.98,0.2,0,4
1810,2026-03-17,2026-03-18,NORMAL,STRONG,-3.83,5,0.67,4.27,4.27,-0.06,0.036,0,2
1812,2025-11-12,2025-11-13,STRONG,NORMAL,-4.15,2,0.7,2.76,2.94,-0.15,0.224,0,1
1812,2026-03-06,2026-03-10,NORMAL,WEAK,-5.57,4,-3.82,2.18,2.76,-0.16,0.701,1,3
1813,2025-10-31,2025-11-04,NORMAL,NORMAL,-3.13,3,-1.02,1.65,3.02,-0.33,0.37,1,1
1813,2025-11-14,2025-11-17,NORMAL,NORMAL,-4.11,4,0.25,0.08,0.82,-1.56,0.0,0,1
1813,2026-01-19,2026-01-20,NORMAL,WEAK,-3.24,2,0.0,-1.59,0.96,-1.91,0.444,0,1
1813,2026-03-06,2026-03-10,NORMAL,WEAK,-4.87,2,-3.19,-0.29,2.15,-1.0,0.476,0,3
1813,2026-03-10,2026-03-11,WEAK,NORMAL,-3.46,2,0.43,-0.86,1.57,-0.86,0.227,0,4
1814,2025-11-14,2025-11-17,NORMAL,NORMAL,-7.15,3,-0.43,0.43,0.72,-3.44,0.108,0,1
1814,2026-02-02,2026-02-03,NORMAL,STRONG,-3.0,2,1.75,0.13,0.66,-0.93,0.0,0,3
1814,2026-03-06,2026-03-10,NORMAL,WEAK,-3.92,2,-2.35,1.9,3.42,-0.63,0.556,0,3
1815,2026-02-13,2026-02-16,WEAK,NORMAL,-17.45,4,-1.27,1.39,3.64,-1.93,0.0,0,1
1815,2026-03-06,2026-03-10,NORMAL,WEAK,-3.97,4,-3.26,1.57,2.7,-0.11,0.667,1,3
1827,2026-02-16,2026-02-17,NORMAL,NORMAL,-7.12,3,1.21,3.26,4.98,-0.33,0.0,0,1
1828,2026-02-09,2026-02-10,STRONG,STRONG,-8.13,4,-0.48,3.42,3.42,0.0,0.148,0,1
1833,2026-03-06,2026-03-10,NORMAL,WEAK,-4.24,2,-1.18,0.3,1.2,-0.6,0.733,0,3
1835,2025-11-11,2025-11-12,NORMAL,STRONG,-5.91,4,-0.47,1.79,2.26,-0.95,0.25,0,1
1835,2025-11-14,2025-11-17,NORMAL,NORMAL,-5.17,3,0.36,0.97,1.09,-1.33,0.0,0,1
1835,2026-02-10,2026-02-12,STRONG,NORMAL,-7.92,4,-0.73,2.85,3.7,-0.42,0.0,0,1
1840,2025-10-30,2025-10-31,NORMAL,NORMAL,-9.43,6,-0.42,-0.84,1.26,-0.84,0.118,0,1
1844,2025-10-07,2025-10-08,NORMAL,NORMAL,-4.11,5,0.57,-1.28,4.26,-1.85,0.562,1,1
1844,2025-10-20,2025-10-21,STRONG,NORMAL,-4.1,3,0.0,-2.21,0.69,-2.76,0.233,1,2
1844,2025-10-23,2025-10-24,NORMAL,NORMAL,-5.83,2,-0.15,1.47,2.65,-0.74,0.067,0,1
1844,2025-11-04,2025-11-05,NORMAL,WEAK,-3.41,3,-0.8,0.65,1.62,-3.07,0.312,1,1
1844,2025-11-13,2025-11-14,NORMAL,NORMAL,-4.06,3,3.09,4.1,7.1,-0.32,0.034,0,1
1844,2025-11-27,2025-11-28,NORMAL,NORMAL,-3.38,3,1.05,0.52,2.42,-0.69,0.036,0,2
1844,2025-12-02,2025-12-03,WEAK,WEAK,-3.03,2,-1.74,0.0,1.59,-1.77,0.04,0,1
1844,2025-12-11,2025-12-12,WEAK,STRONG,-11.99,8,0.2,-3.8,2.4,-4.8,0.0,0,3
1844,2025-12-12,2025-12-15,STRONG,NORMAL,-3.61,7,-0.42,-3.76,0.42,-4.8,0.139,0,4
1844,2025-12-15,2025-12-16,NORMAL,WEAK,-4.16,7,1.08,-4.08,0.64,-4.94,0.2,1,5
1844,2025-12-16,2025-12-17,WEAK,NORMAL,-3.04,6,0.67,-3.33,0.44,-3.56,0.154,1,6
1844,2025-12-18,2025-12-19,NORMAL,NORMAL,-4.83,7,0.0,-0.48,2.17,-1.45,0.0,0,8
1844,2025-12-30,2026-01-05,WEAK,NORMAL,-9.74,3,0.39,-0.77,5.18,-1.15,0.049,0,1
1844,2026-02-24,2026-02-25,NORMAL,NORMAL,-4.85,2,0.0,-1.05,0.88,-3.34,0.103,0,3
1844,2026-03-13,2026-03-16,WEAK,NORMAL,-10.78,2,0.0,1.59,4.61,-3.18,0.1,0,1
1850,2025-10-21,2025-10-22,NORMAL,STRONG,-11.89,3,-2.88,-0.37,0.56,-4.63,0.113,0,1
1850,2025-12-02,2025-12-03,WEAK,WEAK,-3.85,2,-0.17,-1.74,0.35,-2.96,0.192,0,2
1850,2026-01-30,2026-02-02,NORMAL,NORMAL,-3.76,6,-0.93,0.94,2.44,-0.94,0.212,1,1
1850,2026-02-13,2026-02-16,WEAK,NORMAL,-6.45,3,0.73,-2.34,0.9,-3.24,0.077,0,1
1852,2026-02-12,2026-02-13,NORMAL,WEAK,-4.34,3,-1.03,-2.25,1.65,-3.2,0.093,0,1
1852,2026-02-13,2026-02-16,WEAK,NORMAL,-3.26,2,0.53,0.26,0.53,-1.32,0.196,0,2
1853,2025-11-12,2025-11-13,STRONG,NORMAL,-5.6,5,-1.25,1.27,1.27,0.0,0.268,0,1
1860,2026-02-13,2026-02-16,WEAK,NORMAL,-3.23,3,0.98,-1.78,0.74,-2.59,0.452,0,1
1861,2025-11-14,2025-11-17,NORMAL,NORMAL,-6.37,2,1.17,-0.68,0.2,-2.92,0.446,0,1
1861,2026-03-06,2026-03-10,NORMAL,WEAK,-8.06,4,-4.64,1.26,2.52,-0.24,0.294,0,3
1861,2026-03-10,2026-03-11,WEAK,NORMAL,-3.44,5,1.54,-0.82,1.4,-1.05,0.087,0,4
1866,2026-02-12,2026-02-13,NORMAL,WEAK,-5.24,3,-0.31,-2.68,0.0,-4.11,0.692,0,1
1867,2026-02-06,2026-02-09,NORMAL,STRONG,-4.18,3,2.26,-1.9,0.0,-3.32,0.467,0,1
186A,2025-10-31,2025-11-04,NORMAL,NORMAL,-3.14,2,2.02,-0.79,1.19,-2.12,0.122,1,1
186A,2025-12-01,2025-12-02,WEAK,WEAK,-4.43,3,0.15,-2.84,0.45,-2.84,0.0,0,1
186A,2025-12-16,2025-12-17,WEAK,NORMAL,-4.87,5,0.17,-2.31,0.5,-4.29,0.036,0,1
186A,2026-01-20,2026-01-21,WEAK,WEAK,-5.06,2,-6.15,2.73,6.11,-0.66,0.474,0,1
186A,2026-02-24,2026-02-25,NORMAL,NORMAL,-6.28,3,-0.52,-0.21,2.63,-0.84,0.119,0,1
1870,2026-03-06,2026-03-10,NORMAL,WEAK,-5.16,3,-1.86,-0.32,1.04,-1.13,0.83,1,3
1871,2025-12-16,2025-12-17,WEAK,NORMAL,-4.18,2,1.83,1.55,2.16,-1.98,0.303,0,1
1871,2026-03-06,2026-03-10,NORMAL,WEAK,-8.3,3,-3.95,1.03,3.6,0.0,0.54,1,2
1878,2025-10-31,2025-11-04,NORMAL,NORMAL,-4.59,7,0.82,-1.05,0.14,-1.91,0.005,0,1
1879,2025-11-14,2025-11-17,NORMAL,NORMAL,-3.45,4,2.2,-0.86,0.11,-1.83,0.453,0,1
1879,2026-02-13,2026-02-16,WEAK,NORMAL,-3.46,2,0.58,-0.82,0.0,-2.07,0.337,0,2
1882,2025-11-07,2025-11-10,NORMAL,STRONG,-3.48,2,0.13,1.44,1.44,-0.79,0.392,0,1
1885,2026-01-16,2026-01-19,NORMAL,NORMAL,-6.97,2,-1.25,3.95,6.16,-2.37,0.158,0,2
1885,2026-02-13,2026-02-16,WEAK,NORMAL,-8.77,2,1.66,-1.98,0.58,-4.67,0.202,0,1
1885,2026-03-06,2026-03-10,NORMAL,WEAK,-8.67,4,-6.56,0.9,2.39,-0.75,0.759,0,3
1885,2026-03-10,2026-03-11,WEAK,NORMAL,-5.73,6,1.48,-0.29,2.34,-0.58,0.238,0,4
1885,2026-03-17,2026-03-18,NORMAL,STRONG,-3.34,5,0.6,1.2,1.2,-1.94,0.093,0,1
1888,2025-11-11,2025-11-12,NORMAL,STRONG,-8.02,5,0.0,-1.83,0.54,-3.01,0.31,0,1
1888,2026-02-13,2026-02-16,WEAK,NORMAL,-8.3,4,-0.21,0.31,1.75,-1.55,0.077,0,1
1893,2025-12-16,2025-12-17,WEAK,NORMAL,-4.51,2,-0.62,-0.66,0.39,-2.39,0.048,1,1
1893,2025-12-18,2025-12-19,NORMAL,NORMAL,-3.07,4,0.75,2.37,3.01,-1.28,0.354,0,3
1893,2026-02-13,2026-02-16,WEAK,NORMAL,-4.95,2,1.75,-3.35,0.72,-4.07,0.248,0,1
1893,2026-03-06,2026-03-10,NORMAL,WEAK,-6.78,2,-5.14,1.94,3.58,-0.42,0.315,0,2
1893,2026-03-10,2026-03-11,WEAK,NORMAL,-3.29,4,1.53,-1.13,0.78,-1.34,0.104,0,3
1898,2026-03-06,2026-03-10,NORMAL,WEAK,-3.55,2,-0.31,0.0,0.25,-1.06,0.263,1,3
1899,2025-12-29,2025-12-30,NORMAL,WEAK,-3.67,3,0.92,-2.21,0.13,-2.21,0.042,0,2
1899,2026-02-13,2026-02-16,WEAK,NORMAL,-15.01,6,2.02,-5.15,0.4,-7.4,0.121,0,1
1899,2026-02-16,2026-02-17,NORMAL,NORMAL,-3.23,6,0.42,-0.28,0.83,-1.39,0.288,0,2
189A,2025-10-07,2025-10-08,NORMAL,NORMAL,-10.21,2,0.89,-5.52,0.29,-6.85,0.125,0,1
1911,2026-01-08,2026-01-09,NORMAL,NORMAL,-5.26,6,2.63,1.15,1.86,-0.74,0.506,0,2
1911,2026-02-16,2026-02-17,NORMAL,NORMAL,-7.5,3,2.42,2.45,3.22,-1.57,0.229,0,2
1921,2026-02-20,2026-02-24,WEAK,NORMAL,-3.68,4,1.68,0.65,1.2,-1.8,0.479,0,1
1925,2025-12-01,2025-12-02,WEAK,WEAK,-3.51,2,0.02,0.47,0.74,-0.1,0.0,0,2
1929,2026-03-06,2026-03-10,NORMAL,WEAK,-3.98,2,-1.96,0.15,1.38,-0.62,0.4,0,3
1934,2025-11-14,2025-11-17,NORMAL,NORMAL,-3.44,3,-0.08,2.13,2.29,-0.61,0.081,0,1
1934,2026-01-30,2026-02-02,NORMAL,NORMAL,-6.76,6,0.48,-0.92,2.09,-0.92,0.137,0,1
1934,2026-02-13,2026-02-16,WEAK,NORMAL,-6.2,3,0.21,1.06,2.05,-0.92,0.183,0,1
1934,2026-03-06,2026-03-10,NORMAL,WEAK,-6.79,2,-3.77,1.02,2.94,-0.15,0.141,1,3
1938,2025-11-11,2025-11-12,NORMAL,STRONG,-4.41,2,-0.63,1.27,2.5,-0.05,0.214,0,1
1938,2026-03-10,2026-03-11,WEAK,NORMAL,-4.06,2,1.02,-0.87,1.59,-0.87,0.388,0,4
1939,2025-11-04,2025-11-05,NORMAL,WEAK,-3.05,3,-0.29,0.37,0.51,-1.54,0.167,0,2
1941,2026-01-30,2026-02-02,NORMAL,NORMAL,-3.61,3,0.68,-0.11,0.79,-1.01,0.22,0,1
1942,2025-10-31,2025-11-04,NORMAL,NORMAL,-4.55,3,-0.02,2.33,4.39,-1.48,0.323,0,1
1942,2026-01-30,2026-02-02,NORMAL,NORMAL,-3.4,3,-0.74,0.63,3.15,-1.12,0.137,0,1
1944,2026-01-30,2026-02-02,NORMAL,NORMAL,-9.57,6,2.31,-4.95,0.0,-6.09,0.249,0,1
1944,2026-03-10,2026-03-11,WEAK,NORMAL,-4.17,2,0.82,0.65,1.95,0.0,0.124,0,4
1945,2025-11-06,2025-11-07,NORMAL,NORMAL,-3.82,3,-0.9,-2.03,1.47,-2.49,0.044,0,1
1946,2025-10-30,2025-10-31,NORMAL,NORMAL,-3.44,3,-1.58,-0.48,1.37,-1.9,0.0,0,1
1946,2026-03-10,2026-03-11,WEAK,NORMAL,-3.56,3,1.6,0.1,1.29,-0.53,0.206,0,4
1948,2025-12-17,2025-12-18,NORMAL,NORMAL,-4.45,2,-2.69,1.59,4.46,-0.21,0.293,1,2
194A,2025-10-07,2025-10-08,NORMAL,NORMAL,-7.42,3,0.09,3.41,5.71,0.0,0.25,0,1
194A,2025-12-09,2025-12-10,NORMAL,NORMAL,-3.34,3,0.17,-0.89,4.17,-1.67,0.494,1,1
194A,2025-12-11,2025-12-12,WEAK,STRONG,-7.23,5,-0.18,2.48,4.48,0.0,0.123,0,3
194A,2026-02-26,2026-02-27,NORMAL,STRONG,-3.23,4,0.83,-1.21,1.38,-2.81,0.226,0,4
1952,2025-11-14,2025-11-17,NORMAL,NORMAL,-5.07,2,-0.2,0.37,1.37,-1.41,0.067,0,1
1952,2026-02-13,2026-02-16,WEAK,NORMAL,-6.91,2,-1.06,0.94,1.88,-0.67,0.105,0,1
1959,2025-11-04,2025-11-05,NORMAL,WEAK,-4.92,2,-1.93,-0.59,1.8,-3.51,0.092,0,1
1959,2026-01-30,2026-02-02,NORMAL,NORMAL,-3.23,3,2.47,0.13,5.54,-0.87,0.527,0,1
195A,2025-11-26,2025-11-27,STRONG,NORMAL,-5.26,7,3.79,2.19,2.19,-1.95,0.397,0,3
195A,2026-02-19,2026-02-20,NORMAL,WEAK,-11.96,2,-3.0,7.31,13.49,-0.31,0.164,0,1
195A,2026-02-27,2026-03-02,STRONG,WEAK,-5.26,3,-9.0,6.92,8.9,-2.8,0.155,0,1
1960,2025-10-30,2025-10-31,NORMAL,NORMAL,-4.52,2,0.0,-3.06,0.0,-5.91,0.535,0,1
1960,2025-12-24,2025-12-25,NORMAL,NORMAL,-3.12,5,-0.31,-0.08,0.23,-4.62,0.344,0,2
1960,2026-02-12,2026-02-13,NORMAL,WEAK,-8.64,3,0.13,-4.26,0.33,-5.25,0.178,0,1
1961,2025-12-03,2025-12-04,WEAK,NORMAL,-3.37,2,1.16,1.53,2.3,0.0,0.259,0,1
1961,2026-02-13,2026-02-16,WEAK,NORMAL,-9.15,3,0.0,3.36,3.92,-0.56,0.013,0,1
1961,2026-03-10,2026-03-11,WEAK,NORMAL,-4.72,3,1.46,-0.29,2.16,-0.29,0.375,1,4
1964,2025-10-31,2025-11-04,NORMAL,NORMAL,-8.25,3,3.0,-2.39,0.1,-2.49,0.436,0,2
1965,2026-02-24,2026-02-25,NORMAL,NORMAL,-5.8,4,0.41,-1.63,0.54,-4.36,0.348,0,3
1965,2026-03-06,2026-03-10,NORMAL,WEAK,-6.47,7,-4.21,1.41,4.24,0.0,0.71,0,3
1967,2025-11-04,2025-11-05,NORMAL,WEAK,-8.9,3,-1.92,-2.01,0.62,-4.64,0.187,0,1
1967,2025-11-05,2025-11-06,WEAK,NORMAL,-3.9,4,0.95,-0.37,0.31,-1.93,0.5,0,2
1967,2026-02-04,2026-02-05,NORMAL,NORMAL,-3.18,4,1.89,-2.12,0.0,-3.14,0.416,0,2
1968,2025-11-14,2025-11-17,NORMAL,NORMAL,-5.45,3,3.81,1.28,1.61,-2.98,0.255,0,1
1969,2025-11-14,2025-11-17,NORMAL,NORMAL,-4.82,2,-1.54,1.34,1.89,-2.65,0.007,0,1
1969,2026-02-13,2026-02-16,WEAK,NORMAL,-9.4,3,1.94,1.07,1.33,-2.74,0.042,0,1
1969,2026-03-10,2026-03-11,WEAK,NORMAL,-3.99,3,1.45,-0.57,0.84,-1.15,0.134,0,3
196A,2025-11-14,2025-11-17,NORMAL,NORMAL,-6.87,5,0.0,-1.11,0.0,-4.06,0.615,0,1
196A,2026-03-06,2026-03-10,NORMAL,WEAK,-9.59,7,0.0,2.86,3.27,-0.82,0.529,0,3
1972,2025-10-31,2025-11-04,NORMAL,NORMAL,-12.38,8,0.0,2.06,7.28,0.0,0.033,0,2
1975,2025-11-14,2025-11-17,NORMAL,NORMAL,-12.27,4,0.24,0.0,1.64,-1.17,0.075,0,1
1975,2026-03-10,2026-03-11,WEAK,NORMAL,-3.63,3,1.38,-1.86,0.37,-1.86,0.344,0,3
1976,2025-11-04,2025-11-05,NORMAL,WEAK,-4.36,4,1.14,-0.13,0.63,-1.75,0.045,0,2
197A,2026-02-16,2026-02-17,NORMAL,NORMAL,-6.8,4,0.0,0.19,0.96,-0.38,0.545,0,2
1980,2025-12-29,2025-12-30,NORMAL,WEAK,-65.43,10,-1.07,-0.96,1.44,-1.68,0.012,0,1
1980,2026-01-20,2026-01-21,WEAK,WEAK,-3.03,7,-1.81,3.77,4.69,-0.44,0.067,0,2
1981,2026-03-24,2026-03-25,STRONG,STRONG,-4.54,9,0.71,-0.42,0.07,-0.7,0.091,0,3
1982,2025-11-11,2025-11-12,NORMAL,STRONG,-3.91,2,-0.58,1.52,3.98,-0.47,0.303,0,2
198A,2025-10-16,2025-10-17,NORMAL,WEAK,-10.3,10,0.51,-5.33,0.51,-6.85,0.256,0,1
198A,2025-10-31,2025-11-04,NORMAL,NORMAL,-4.38,10,-2.82,-6.88,0.0,-7.25,0.2,0,1
198A,2025-11-04,2025-11-05,NORMAL,WEAK,-9.51,10,3.11,-3.02,0.0,-6.04,0.05,0,2
198A,2025-11-13,2025-11-14,NORMAL,NORMAL,-10.91,9,-2.86,-5.46,1.68,-6.72,0.0,0,2
198A,2025-11-14,2025-11-17,NORMAL,NORMAL,-8.16,9,0.44,-3.54,0.88,-4.87,0.15,0,3
198A,2026-01-20,2026-01-21,WEAK,WEAK,-13.43,3,-5.28,-0.35,9.76,-6.97,0.179,0,1
198A,2026-02-06,2026-02-09,NORMAL,STRONG,-7.53,4,1.81,0.44,1.78,-5.33,0.286,0,6
198A,2026-02-12,2026-02-13,NORMAL,WEAK,-7.38,2,0.0,0.88,4.87,-0.88,0.053,0,1
198A,2026-02-20,2026-02-24,WEAK,NORMAL,-20.24,3,-4.92,6.77,9.16,-5.98,0.095,0,1
198A,2026-02-25,2026-02-26,NORMAL,NORMAL,-8.21,2,0.0,-2.03,6.1,-2.03,0.097,1,1
198A,2026-03-06,2026-03-10,NORMAL,WEAK,-7.02,4,-1.42,0.96,2.87,-3.35,0.273,1,1
198A,2026-03-17,2026-03-18,NORMAL,STRONG,-4.04,5,1.4,0.92,1.38,-2.3,0.125,0,1
198A,2026-03-26,2026-03-27,WEAK,NORMAL,-8.26,4,1.5,0.0,2.46,-1.97,0.19,0,1
2004,2025-12-01,2025-12-02,WEAK,WEAK,-6.12,4,0.0,-1.13,0.58,-1.13,0.034,0,1
2009,2025-12-29,2025-12-30,NORMAL,WEAK,-6.69,5,0.28,-2.84,0.09,-2.84,0.029,0,1
200A,2025-11-05,2025-11-06,WEAK,NORMAL,-5.25,2,2.18,0.13,0.64,-1.03,0.551,0,2
200A,2025-11-21,2025-11-25,STRONG,NORMAL,-5.4,3,2.34,-2.24,0.05,-2.24,0.306,1,1
200A,2026-03-10,2026-03-11,WEAK,NORMAL,-4.01,2,3.13,1.11,2.6,-1.11,0.394,1,6
2015,2025-10-17,2025-10-20,WEAK,STRONG,-4.09,3,0.38,3.87,3.87,-0.38,0.0,0,1
202A,2025-12-11,2025-12-12,WEAK,STRONG,-13.75,2,-3.78,-2.25,0.84,-8.01,0.091,0,2
202A,2025-12-12,2025-12-15,STRONG,NORMAL,-5.95,2,0.14,-5.88,6.17,-9.18,0.651,0,3
202A,2025-12-19,2025-12-22,NORMAL,NORMAL,-3.94,2,4.1,-3.94,2.42,-3.94,0.172,1,1
202A,2025-12-30,2026-01-05,WEAK,NORMAL,-5.03,3,2.06,1.88,5.05,-1.73,0.273,0,1
2036,2025-10-20,2025-10-21,STRONG,NORMAL,-11.93,2,9.59,-4.57,0.05,-5.9,0.222,0,1
2036,2025-10-22,2025-10-23,STRONG,NORMAL,-9.08,2,-2.52,0.94,1.55,-1.49,0.004,0,1
2036,2026-01-30,2026-02-02,NORMAL,NORMAL,-12.09,3,-13.68,-6.79,3.51,-6.79,0.188,0,1
2036,2026-02-02,2026-02-03,NORMAL,STRONG,-19.54,3,3.45,3.69,8.52,-2.91,0.0,0,2
2037,2026-02-03,2026-02-04,STRONG,NORMAL,-17.24,5,-2.42,-1.88,0.34,-3.07,0.467,0,1
2038,2025-10-17,2025-10-20,WEAK,STRONG,-5.21,8,1.99,-0.52,0.75,-1.57,0.296,0,1
2038,2026-01-07,2026-01-08,NORMAL,NORMAL,-3.47,5,0.15,-0.15,0.75,-0.37,0.444,0,1
2039,2026-03-10,2026-03-11,WEAK,NORMAL,-14.81,10,-2.39,1.63,2.78,-0.33,0.309,0,4
2039,2026-03-13,2026-03-16,WEAK,NORMAL,-3.74,10,-1.06,-0.89,3.57,-1.96,0.333,0,7
2039,2026-03-26,2026-03-27,WEAK,NORMAL,-3.39,6,-1.85,0.94,1.32,0.0,0.222,0,1
2053,2025-10-31,2025-11-04,NORMAL,NORMAL,-3.03,4,-0.12,3.75,4.81,-1.31,0.185,0,1
205A,2025-10-15,2025-10-16,STRONG,NORMAL,-6.49,4,-4.05,8.01,10.82,-0.7,0.033,0,1
205A,2026-01-15,2026-01-16,STRONG,NORMAL,-9.98,3,0.7,-3.38,0.0,-4.48,0.159,0,1
206A,2026-02-20,2026-02-24,WEAK,NORMAL,-7.69,2,-0.98,1.49,2.97,-4.95,0.194,0,2
2098,2026-01-22,2026-01-23,STRONG,NORMAL,-3.73,4,-0.88,1.24,1.33,0.0,0.364,0,1
2109,2025-10-31,2025-11-04,NORMAL,NORMAL,-4.11,5,1.32,1.79,1.79,-0.98,0.212,0,1
2112,2025-11-14,2025-11-17,NORMAL,NORMAL,-6.08,3,0.98,0.78,0.78,-3.3,0.16,0,1
2112,2025-12-01,2025-12-02,WEAK,WEAK,-7.19,3,0.57,-0.94,0.56,-1.13,0.294,0,1
2112,2026-01-30,2026-02-02,NORMAL,NORMAL,-3.74,4,1.67,-1.09,0.36,-1.28,0.303,0,1
2121,2026-02-02,2026-02-03,NORMAL,STRONG,-3.35,5,0.3,0.04,0.34,-0.46,0.043,0,1
2124,2025-12-05,2025-12-08,WEAK,NORMAL,-3.91,2,1.23,0.47,1.4,-0.56,0.053,0,1
2124,2026-02-13,2026-02-16,WEAK,NORMAL,-3.94,3,-6.16,-1.31,0.0,-3.5,0.0,0,1
2124,2026-02-16,2026-02-17,NORMAL,NORMAL,-7.39,8,0.33,0.88,2.54,-0.66,0.625,0,2
2124,2026-02-20,2026-02-24,WEAK,NORMAL,-3.1,7,-0.68,-2.41,0.0,-2.53,0.167,0,2
2124,2026-02-24,2026-02-25,NORMAL,NORMAL,-3.08,7,0.12,1.41,2.24,0.0,0.045,0,3
212A,2025-10-03,2025-10-06,STRONG,STRONG,-7.58,4,3.07,-0.1,3.28,-1.56,0.283,0,4
212A,2025-10-15,2025-10-16,STRONG,NORMAL,-3.97,6,-0.35,-4.56,0.35,-6.45,0.08,0,2
212A,2025-10-16,2025-10-17,NORMAL,WEAK,-4.9,5,0.0,-1.28,0.0,-2.23,0.277,0,3
212A,2025-11-04,2025-11-05,NORMAL,WEAK,-4.02,5,-1.58,0.98,1.52,-2.73,0.171,0,2
212A,2025-11-26,2025-11-27,STRONG,NORMAL,-4.68,6,1.3,-1.08,1.66,-2.16,0.189,0,2
212A,2025-12-01,2025-12-02,WEAK,WEAK,-4.72,3,0.0,0.08,1.61,-1.82,0.153,1,1
212A,2025-12-11,2025-12-12,WEAK,STRONG,-4.16,3,-0.17,0.64,1.45,-0.72,0.165,0,1
212A,2025-12-16,2025-12-17,WEAK,NORMAL,-5.28,3,1.85,-5.04,4.09,-6.27,0.0,0,1
212A,2025-12-17,2025-12-18,NORMAL,NORMAL,-3.28,2,0.53,-4.06,0.0,-4.59,0.119,0,2
212A,2026-03-16,2026-03-17,NORMAL,NORMAL,-10.53,7,2.13,-0.47,2.42,-2.08,0.531,0,3
2130,2026-02-04,2026-02-05,NORMAL,NORMAL,-6.23,4,-1.66,-5.76,0.77,-7.99,0.218,0,1
2130,2026-02-05,2026-02-06,NORMAL,NORMAL,-7.33,8,-0.57,-0.25,0.82,-2.7,0.254,0,2
213A,2025-11-05,2025-11-06,WEAK,NORMAL,-3.54,3,2.33,-1.73,0.09,-2.45,0.909,0,2
213A,2025-11-21,2025-11-25,STRONG,NORMAL,-3.86,5,0.89,-2.01,0.0,-2.55,0.93,0,1
2146,2025-11-14,2025-11-17,NORMAL,NORMAL,-4.34,5,0.26,0.22,1.01,-1.08,0.76,0,2
2146,2025-12-29,2025-12-30,NORMAL,WEAK,-93.14,10,0.0,-2.45,0.49,-2.94,0.143,0,1
2146,2026-02-13,2026-02-16,WEAK,NORMAL,-4.29,4,0.5,-0.5,0.5,-1.49,0.286,0,2
2157,2026-01-13,2026-01-14,NORMAL,NORMAL,-5.74,4,-0.59,-1.11,1.19,-1.36,0.393,0,1
2158,2025-10-17,2025-10-20,WEAK,STRONG,-4.33,5,4.17,3.54,3.54,-1.6,0.067,0,2
2158,2025-11-13,2025-11-14,NORMAL,NORMAL,-3.96,2,-0.65,-0.76,1.42,-0.76,0.023,0,1
2158,2025-12-02,2025-12-03,WEAK,WEAK,-3.05,3,0.23,-2.56,0.93,-2.56,0.256,0,2
2158,2025-12-11,2025-12-12,WEAK,STRONG,-4.28,3,0.0,-0.36,1.21,-2.42,0.0,0,1
2158,2026-02-17,2026-02-18,NORMAL,STRONG,-3.45,3,-0.35,1.04,4.05,-1.27,0.06,0,1
2158,2026-03-13,2026-03-16,WEAK,NORMAL,-3.66,2,-1.1,1.49,1.49,-0.99,0.4,0,2
215A,2025-12-12,2025-12-15,STRONG,NORMAL,-3.65,5,2.23,0.07,1.31,-3.13,0.117,0,2
215A,2025-12-16,2025-12-17,WEAK,NORMAL,-5.89,4,-0.93,0.23,1.33,-1.01,0.0,0,1
215A,2026-02-12,2026-02-13,NORMAL,WEAK,-3.71,2,-2.54,-5.85,0.4,-5.93,0.043,0,2
215A,2026-02-13,2026-02-16,WEAK,NORMAL,-8.24,7,-1.43,-2.9,0.09,-3.75,0.013,0,3
215A,2026-02-16,2026-02-17,NORMAL,NORMAL,-4.28,8,-0.79,2.56,3.8,-0.71,0.222,0,4
215A,2026-02-20,2026-02-24,WEAK,NORMAL,-3.72,4,-1.51,-2.65,0.51,-3.41,0.0,0,1
215A,2026-02-24,2026-02-25,NORMAL,NORMAL,-4.12,5,-0.26,2.72,3.6,-1.14,0.196,0,2
215A,2026-03-10,2026-03-11,WEAK,NORMAL,-5.3,3,0.08,2.88,4.06,-0.68,0.69,0,1
2160,2025-10-17,2025-10-20,WEAK,STRONG,-6.32,2,0.64,-0.21,2.66,-0.76,0.081,1,1
2160,2025-12-03,2025-12-04,WEAK,NORMAL,-7.36,6,-0.31,3.4,4.21,-0.81,0.222,0,3
2160,2026-02-06,2026-02-09,NORMAL,STRONG,-3.31,2,1.53,-1.23,0.4,-2.34,0.507,0,1
2160,2026-02-13,2026-02-16,WEAK,NORMAL,-3.49,3,4.06,0.74,1.05,-2.11,0.388,0,2
2162,2025-12-22,2025-12-23,NORMAL,NORMAL,-8.42,5,0.23,9.17,9.17,0.0,0.086,0,2
2164,2025-10-20,2025-10-21,STRONG,NORMAL,-3.53,4,-0.16,-0.16,3.03,-0.16,0.115,0,2
2164,2025-12-16,2025-12-17,WEAK,NORMAL,-18.18,3,-2.96,-5.73,0.0,-8.78,0.0,0,1
2164,2025-12-17,2025-12-18,NORMAL,NORMAL,-8.52,6,4.45,-5.43,0.39,-6.98,0.348,0,2
2168,2026-01-29,2026-01-30,NORMAL,NORMAL,-3.26,3,0.0,-1.19,0.45,-1.19,0.062,0,1
2170,2025-11-13,2025-11-14,NORMAL,NORMAL,-4.52,4,0.0,0.62,2.06,-0.62,0.033,0,1
2173,2025-11-11,2025-11-12,NORMAL,STRONG,-7.86,6,0.0,2.58,4.35,0.0,0.272,0,1
2173,2025-11-19,2025-11-20,NORMAL,STRONG,-4.98,3,-1.62,2.41,4.94,-0.13,0.192,0,1
2180,2026-02-17,2026-02-18,NORMAL,STRONG,-3.67,3,0.93,3.27,3.57,-0.31,0.303,0,1
2181,2026-02-12,2026-02-13,NORMAL,WEAK,-3.39,3,-0.41,-2.81,0.52,-2.81,0.272,0,1
2181,2026-02-13,2026-02-16,WEAK,NORMAL,-3.21,5,-6.17,0.04,1.19,-1.44,0.0,0,2
2181,2026-02-16,2026-02-17,NORMAL,NORMAL,-6.13,8,-0.62,-0.7,0.83,-0.7,0.547,0,3
218A,2025-10-08,2025-10-09,NORMAL,NORMAL,-6.97,3,-2.33,-9.57,3.19,-9.95,0.198,0,3
218A,2025-10-17,2025-10-20,WEAK,STRONG,-5.19,7,1.86,9.09,10.29,0.0,0.144,1,1
218A,2025-10-21,2025-10-22,NORMAL,STRONG,-5.4,6,2.99,-0.22,0.22,-4.25,0.154,0,1
218A,2025-10-23,2025-10-24,NORMAL,NORMAL,-5.5,6,1.03,1.07,2.09,-1.64,0.6,1,1
218A,2025-11-07,2025-11-10,NORMAL,STRONG,-3.68,3,0.06,3.4,4.92,-0.49,0.383,0,4
218A,2025-11-11,2025-11-12,NORMAL,STRONG,-3.64,4,-1.04,2.09,2.46,-0.18,0.042,1,1
218A,2025-11-19,2025-11-20,NORMAL,STRONG,-7.2,8,1.36,-0.97,2.16,-3.49,0.0,0,5
218A,2025-11-25,2025-11-26,NORMAL,STRONG,-10.76,8,3.42,5.59,7.32,0.0,0.068,0,1
218A,2025-12-03,2025-12-04,WEAK,NORMAL,-5.07,4,-1.17,3.85,4.51,0.0,0.021,0,2
218A,2025-12-05,2025-12-08,WEAK,NORMAL,-4.49,4,4.47,2.78,3.64,-1.36,0.236,1,1
218A,2025-12-10,2025-12-11,NORMAL,WEAK,-13.32,7,2.48,-9.44,2.18,-10.65,0.217,0,2
218A,2025-12-11,2025-12-12,WEAK,STRONG,-7.19,6,2.67,9.45,12.75,-0.69,0.094,0,3
218A,2025-12-16,2025-12-17,WEAK,NORMAL,-3.45,3,-0.42,-4.67,1.34,-5.68,0.273,1,2
218A,2025-12-17,2025-12-18,NORMAL,NORMAL,-5.07,5,-1.05,-4.6,1.95,-4.6,0.143,0,3
218A,2025-12-18,2025-12-19,NORMAL,NORMAL,-5.6,5,-0.09,3.9,6.5,0.0,0.0,0,4
218A,2026-02-05,2026-02-06,NORMAL,NORMAL,-3.83,2,-2.1,4.29,5.03,-2.73,0.221,0,2
218A,2026-02-13,2026-02-16,WEAK,NORMAL,-4.43,3,-0.72,-0.58,0.07,-2.63,0.292,0,1
218A,2026-02-17,2026-02-18,NORMAL,STRONG,-3.67,4,0.0,4.42,5.48,-0.23,0.328,0,3
2195,2026-01-19,2026-01-20,NORMAL,WEAK,-4.29,3,-3.21,-8.17,0.0,-8.39,0.448,0,1
2195,2026-01-20,2026-01-21,WEAK,WEAK,-11.11,2,-1.92,-1.23,3.43,-1.47,0.026,1,2
219A,2025-10-02,2025-10-03,NORMAL,STRONG,-31.9,10,2.44,6.85,8.04,-2.8,0.185,0,3
219A,2025-10-08,2025-10-09,NORMAL,NORMAL,-4.07,6,0.0,-7.31,0.11,-8.06,0.0,0,1
219A,2025-10-17,2025-10-20,WEAK,STRONG,-5.28,6,2.19,-2.94,1.12,-6.63,0.265,1,1
219A,2025-12-01,2025-12-02,WEAK,WEAK,-4.87,3,-0.3,-2.32,0.61,-2.39,0.031,0,2
219A,2025-12-03,2025-12-04,WEAK,NORMAL,-5.2,6,-1.06,1.34,4.34,-1.2,0.233,0,4
219A,2025-12-12,2025-12-15,STRONG,NORMAL,-4.14,2,5.15,5.54,9.45,-2.42,0.054,0,3
219A,2025-12-30,2026-01-05,WEAK,NORMAL,-3.68,2,0.33,-0.28,1.44,-2.82,0.028,0,1
2201,2025-11-13,2025-11-14,NORMAL,NORMAL,-4.98,5,-0.12,0.92,0.94,-0.33,0.453,0,1
2211,2025-12-29,2025-12-30,NORMAL,WEAK,-3.65,6,-0.59,-0.79,0.43,-0.86,0.432,0,1
2212,2025-10-30,2025-10-31,NORMAL,NORMAL,-4.04,6,0.88,0.77,1.3,-0.73,0.043,0,2
2215,2025-12-29,2025-12-30,NORMAL,WEAK,-5.56,4,0.0,0.65,1.15,-0.49,0.421,0,2
2216,2025-10-07,2025-10-08,NORMAL,NORMAL,-3.58,2,-0.05,-1.32,1.42,-2.1,0.104,0,1
2216,2025-10-30,2025-10-31,NORMAL,NORMAL,-4.84,9,0.69,-0.89,1.37,-2.18,0.011,0,5
2216,2026-01-21,2026-01-22,WEAK,STRONG,-4.78,2,1.47,0.47,1.05,-1.45,0.15,0,1
2216,2026-02-13,2026-02-16,WEAK,NORMAL,-6.76,8,0.07,-4.67,2.44,-5.89,0.0,0,3
2216,2026-02-16,2026-02-17,NORMAL,NORMAL,-4.6,9,-0.78,-1.86,0.36,-2.0,0.146,0,4
2216,2026-02-20,2026-02-24,WEAK,NORMAL,-3.55,7,-2.25,1.08,2.77,-0.38,0.114,0,1
2216,2026-03-06,2026-03-10,NORMAL,WEAK,-4.92,6,-4.54,0.58,3.17,-1.33,0.657,0,3
2216,2026-03-10,2026-03-11,WEAK,NORMAL,-3.98,7,0.33,0.17,1.74,-0.08,0.296,0,4
2216,2026-03-26,2026-03-27,WEAK,NORMAL,-3.01,4,0.0,2.07,3.36,-0.6,0.127,0,1
2217,2026-01-29,2026-01-30,NORMAL,NORMAL,-3.54,4,1.38,0.58,0.65,-1.04,0.0,0,1
2217,2026-02-02,2026-02-03,NORMAL,STRONG,-3.09,5,0.6,-0.2,0.79,-0.26,0.0,0,1
221A,2025-11-05,2025-11-06,WEAK,NORMAL,-4.59,2,0.81,-2.31,0.29,-2.31,0.703,0,1
221A,2025-11-21,2025-11-25,STRONG,NORMAL,-4.52,3,1.76,-1.69,0.16,-2.4,0.409,0,1
221A,2026-03-10,2026-03-11,WEAK,NORMAL,-3.32,2,1.94,1.17,3.02,-0.15,0.641,0,3
2220,2025-10-30,2025-10-31,NORMAL,NORMAL,-3.14,7,0.81,2.95,4.83,-0.27,0.318,0,3
2222,2025-12-02,2025-12-03,WEAK,WEAK,-3.21,2,-0.06,-0.56,0.45,-0.81,0.0,0,2
2222,2026-01-14,2026-01-15,NORMAL,STRONG,-4.23,4,0.87,0.11,1.2,-0.17,0.071,0,1
223A,2025-11-21,2025-11-25,STRONG,NORMAL,-5.27,5,3.83,-0.29,0.14,-0.43,0.263,0,1
223A,2026-02-02,2026-02-03,NORMAL,STRONG,-3.43,6,3.98,0.21,0.55,-0.14,0.0,0,2
223A,2026-02-13,2026-02-16,WEAK,NORMAL,-3.38,4,0.45,0.37,0.59,0.0,0.25,0,2
2243,2025-11-21,2025-11-25,STRONG,NORMAL,-7.79,4,5.0,-0.56,0.08,-0.56,0.364,0,1
2243,2026-02-02,2026-02-03,NORMAL,STRONG,-4.61,3,5.82,0.3,0.5,-0.17,0.086,0,2
2243,2026-02-05,2026-02-06,NORMAL,NORMAL,-3.51,2,-2.35,2.33,2.4,-0.68,0.362,0,2
2244,2025-11-14,2025-11-17,NORMAL,NORMAL,-3.56,2,0.39,0.59,0.75,-0.43,0.459,0,2
2244,2025-11-21,2025-11-25,STRONG,NORMAL,-5.29,4,3.96,-0.36,0.13,-0.36,0.192,0,1
2244,2026-02-13,2026-02-16,WEAK,NORMAL,-3.23,3,-0.18,0.25,0.42,0.0,0.179,0,2
224A,2025-10-17,2025-10-20,WEAK,STRONG,-6.45,2,-1.7,-0.59,0.0,-1.94,0.206,0,1
224A,2025-10-23,2025-10-24,NORMAL,NORMAL,-3.16,2,1.42,1.99,1.99,0.0,0.305,0,5
224A,2025-11-05,2025-11-06,WEAK,NORMAL,-5.06,3,1.97,-0.97,0.28,-2.44,0.554,0,2
224A,2025-11-07,2025-11-10,NORMAL,STRONG,-7.17,4,4.02,1.54,1.6,-0.77,0.274,0,1
224A,2025-11-14,2025-11-17,NORMAL,NORMAL,-6.52,3,0.38,0.38,0.38,-1.27,0.061,0,1
224A,2025-12-01,2025-12-02,WEAK,WEAK,-4.64,4,-0.32,-1.52,0.0,-1.9,0.287,0,1
224A,2026-02-02,2026-02-03,NORMAL,STRONG,-9.06,4,3.11,0.05,1.4,-1.04,0.0,0,2
224A,2026-02-06,2026-02-09,NORMAL,STRONG,-5.9,3,6.78,-0.42,0.0,-1.11,0.146,0,2
224A,2026-02-13,2026-02-16,WEAK,NORMAL,-3.7,2,0.49,-0.16,0.0,-0.49,0.174,0,2
2254,2025-10-17,2025-10-20,WEAK,STRONG,-3.65,3,0.97,0.0,2.88,0.0,0.0,0,2
2254,2025-11-21,2025-11-25,STRONG,NORMAL,-4.08,4,0.0,0.43,1.04,-0.35,0.0,0,2
2266,2025-12-29,2025-12-30,NORMAL,WEAK,-3.55,5,0.25,-0.33,0.08,-0.33,0.13,0,1
2270,2026-02-13,2026-02-16,WEAK,NORMAL,-3.35,2,0.14,1.3,2.74,-0.87,0.472,0,1
2281,2025-10-31,2025-11-04,NORMAL,NORMAL,-7.48,3,-6.06,5.76,5.94,-1.81,0.295,0,1
2281,2025-11-05,2025-11-06,WEAK,NORMAL,-4.43,2,0.64,-1.14,0.97,-1.61,0.361,0,3
2282,2025-12-22,2025-12-23,NORMAL,NORMAL,-3.27,3,0.61,-0.29,0.24,-0.6,0.315,0,2
2282,2026-02-03,2026-02-04,STRONG,NORMAL,-3.25,2,-0.45,-1.81,0.26,-1.86,0.17,0,1
2286,2025-12-26,2025-12-29,NORMAL,NORMAL,-4.14,3,0.26,-1.83,0.0,-3.52,0.327,0,3
2288,2026-02-25,2026-02-26,NORMAL,NORMAL,-3.1,3,-0.13,-0.21,1.35,-0.21,0.0,0,1
2288,2026-03-06,2026-03-10,NORMAL,WEAK,-5.56,5,0.0,0.23,0.9,-0.41,0.121,0,3
228A,2026-01-14,2026-01-15,NORMAL,STRONG,-8.78,3,0.0,-4.88,0.31,-6.27,0.081,0,3
228A,2026-01-15,2026-01-16,STRONG,NORMAL,-4.88,5,0.0,-0.69,2.61,-1.51,0.212,0,4
228A,2026-02-02,2026-02-03,NORMAL,STRONG,-6.77,9,2.3,-1.13,0.84,-2.59,0.351,0,9
228A,2026-02-04,2026-02-05,NORMAL,NORMAL,-6.26,10,-1.58,3.27,3.58,0.0,0.402,0,1
2292,2026-02-26,2026-02-27,NORMAL,STRONG,-4.31,2,1.13,1.75,2.07,-0.95,0.091,0,1
2301,2025-10-30,2025-10-31,NORMAL,NORMAL,-4.34,5,-0.66,-3.06,0.18,-3.42,0.167,0,2
2301,2025-10-31,2025-11-04,NORMAL,NORMAL,-3.7,5,0.0,-0.19,1.05,-0.87,0.1,0,3
2301,2026-03-16,2026-03-17,NORMAL,NORMAL,-3.08,7,0.49,-1.1,0.49,-1.1,0.085,0,8
2304,2026-02-12,2026-02-13,NORMAL,WEAK,-5.8,6,0.0,0.85,1.7,-0.64,0.0,0,1
2311,2025-11-14,2025-11-17,NORMAL,NORMAL,-4.62,4,1.27,0.13,0.88,-0.38,0.107,0,2
2311,2025-12-29,2025-12-30,NORMAL,WEAK,-3.67,3,-0.12,-1.11,0.49,-1.11,0.0,0,2
2317,2025-11-25,2025-11-26,NORMAL,STRONG,-3.06,2,1.18,-0.19,0.0,-0.78,0.0,0,1
2317,2026-02-04,2026-02-05,NORMAL,NORMAL,-6.25,6,0.22,2.58,3.65,-0.86,0.0,0,1
2317,2026-02-06,2026-02-09,NORMAL,STRONG,-9.0,8,2.76,-2.68,0.67,-3.8,0.208,0,1
2317,2026-02-12,2026-02-13,NORMAL,WEAK,-3.08,5,-0.23,-3.41,0.23,-3.41,0.0,0,1
2317,2026-02-13,2026-02-16,WEAK,NORMAL,-3.63,5,0.0,3.06,3.06,-0.71,0.0,0,2
2317,2026-02-24,2026-02-25,NORMAL,NORMAL,-5.09,5,1.95,0.96,1.67,-0.48,0.154,0,2
2321,2025-11-04,2025-11-05,NORMAL,WEAK,-4.45,2,-0.42,-6.81,0.0,-7.66,0.0,1,1
2321,2026-03-24,2026-03-25,STRONG,STRONG,-3.8,2,2.19,5.58,5.58,-1.29,0.452,0,3
2321,2026-03-26,2026-03-27,WEAK,NORMAL,-10.57,4,0.91,-1.35,3.6,-1.35,0.042,0,1
2323,2025-10-02,2025-10-03,NORMAL,STRONG,-15.2,3,-1.95,8.21,11.66,-2.12,0.056,0,1
2323,2026-02-02,2026-02-03,NORMAL,STRONG,-9.47,8,2.68,5.69,6.64,-1.66,0.095,0,1
2323,2026-02-17,2026-02-18,NORMAL,STRONG,-10.53,9,1.87,3.94,7.87,-2.89,0.068,0,3
2323,2026-02-24,2026-02-25,NORMAL,NORMAL,-10.26,5,4.69,-3.92,1.96,-8.68,0.167,0,3
2325,2025-11-10,2025-11-11,STRONG,NORMAL,-4.0,8,0.2,0.99,3.56,-0.4,0.536,0,2
2325,2026-02-13,2026-02-16,WEAK,NORMAL,-3.1,3,-3.92,-1.18,1.29,-3.97,0.025,0,2
2325,2026-02-16,2026-02-17,NORMAL,NORMAL,-5.06,6,-1.41,-1.54,0.33,-1.87,0.531,0,3
2326,2026-01-05,2026-01-06,NORMAL,STRONG,-3.68,5,0.33,0.17,0.5,-0.99,0.065,0,4
2326,2026-01-16,2026-01-19,NORMAL,NORMAL,-3.82,6,0.17,0.0,1.21,-0.52,0.208,0,1
2326,2026-02-02,2026-02-03,NORMAL,STRONG,-3.92,6,0.0,-1.3,1.11,-1.67,0.303,0,1
2326,2026-02-04,2026-02-05,NORMAL,NORMAL,-3.76,6,0.0,0.59,2.15,-0.59,0.364,0,3
2326,2026-02-06,2026-02-09,NORMAL,STRONG,-3.88,6,1.82,-1.09,0.4,-2.38,0.368,0,1
2326,2026-02-13,2026-02-16,WEAK,NORMAL,-4.17,3,-0.2,1.39,2.18,-0.6,0.265,1,1
2326,2026-02-24,2026-02-25,NORMAL,NORMAL,-3.26,2,0.0,0.19,1.31,-0.56,0.467,0,1
2327,2026-01-30,2026-02-02,NORMAL,NORMAL,-4.38,3,5.0,-0.82,4.06,-1.56,0.0,0,5
2327,2026-02-04,2026-02-05,NORMAL,NORMAL,-7.43,7,0.71,-0.03,0.78,-1.63,0.0,0,1
2327,2026-02-12,2026-02-13,NORMAL,WEAK,-6.55,7,-0.86,-1.55,0.87,-3.53,0.221,0,1
2330,2025-11-14,2025-11-17,NORMAL,NORMAL,-9.01,4,-1.42,-3.35,0.48,-3.83,0.25,0,2
2331,2026-02-04,2026-02-05,NORMAL,NORMAL,-6.07,7,1.49,0.22,0.86,-0.73,0.292,0,1
2332,2026-02-16,2026-02-17,NORMAL,NORMAL,-7.1,2,0.35,-0.92,0.46,-1.66,0.631,0,2
2334,2025-10-03,2025-10-06,STRONG,STRONG,-9.75,5,-1.49,2.8,4.08,-7.12,0.071,0,3
2334,2025-10-07,2025-10-08,NORMAL,NORMAL,-4.2,6,1.66,-1.4,0.82,-5.24,0.167,1,1
2334,2025-10-15,2025-10-16,STRONG,NORMAL,-17.5,7,0.15,-9.56,2.72,-15.28,0.0,0,4
2334,2025-10-16,2025-10-17,NORMAL,WEAK,-9.42,7,-6.69,-3.19,4.52,-6.06,0.318,0,5
2334,2025-10-17,2025-10-20,WEAK,STRONG,-9.67,6,0.37,5.57,8.93,-1.11,0.271,0,6
2334,2025-10-23,2025-10-24,NORMAL,NORMAL,-10.26,6,-0.99,-2.41,1.69,-3.17,0.094,0,1
2334,2025-10-24,2025-10-27,NORMAL,STRONG,-3.38,6,0.71,-0.91,4.74,-1.44,0.156,1,2
2334,2025-11-11,2025-11-12,NORMAL,STRONG,-88.92,8,5.33,-8.6,7.42,-13.15,0.176,0,1
2334,2025-11-13,2025-11-14,NORMAL,NORMAL,-15.5,8,0.0,-2.62,5.9,-8.95,0.152,0,3
2334,2025-11-25,2025-11-26,NORMAL,STRONG,-4.59,7,-1.75,0.0,1.78,-5.12,0.106,0,1
2334,2025-11-27,2025-11-28,NORMAL,NORMAL,-3.79,7,0.46,-1.84,6.22,-1.84,0.083,1,3
2334,2025-12-04,2025-12-05,NORMAL,WEAK,-6.81,4,-1.89,-2.16,1.68,-4.57,0.16,0,1
2334,2025-12-05,2025-12-08,WEAK,NORMAL,-4.01,4,-0.98,-5.21,3.72,-5.21,0.385,1,2
2334,2025-12-08,2025-12-09,NORMAL,NORMAL,-6.14,5,-3.66,-5.98,3.8,-7.07,0.0,1,3
2334,2025-12-09,2025-12-10,NORMAL,NORMAL,-9.42,5,0.0,1.73,4.91,-3.18,0.1,0,4
2334,2025-12-16,2025-12-17,WEAK,NORMAL,-3.78,6,1.97,1.1,2.48,-5.79,0.2,1,1
2334,2025-12-19,2025-12-22,NORMAL,NORMAL,-7.69,4,1.94,2.18,3.27,-1.63,0.0,0,1
2334,2026-02-02,2026-02-03,NORMAL,STRONG,-5.88,3,-0.24,1.45,4.82,-2.65,0.07,0,3
2334,2026-02-06,2026-02-09,NORMAL,STRONG,-4.46,2,1.97,0.24,3.13,-1.2,0.1,0,1
2334,2026-02-16,2026-02-17,NORMAL,NORMAL,-11.59,5,4.11,3.46,6.17,-0.49,0.604,0,1
2334,2026-02-18,2026-02-19,STRONG,NORMAL,-5.49,3,3.54,7.07,7.07,-0.73,0.036,1,1
2334,2026-02-25,2026-02-26,NORMAL,NORMAL,-4.85,2,1.53,1.01,1.26,-0.75,0.083,1,3
2335,2025-11-06,2025-11-07,NORMAL,NORMAL,-5.94,6,0.75,1.12,1.22,-0.37,0.185,0,2
2337,2025-10-08,2025-10-09,NORMAL,NORMAL,-7.06,9,0.79,0.52,1.56,-0.26,0.029,0,1
2337,2025-11-04,2025-11-05,NORMAL,WEAK,-3.2,2,0.0,0.0,1.1,-1.1,0.0,0,1
2337,2026-01-21,2026-01-22,WEAK,STRONG,-7.17,5,-0.24,-0.24,0.73,-1.45,0.429,0,1
2338,2025-10-20,2025-10-21,STRONG,NORMAL,-13.58,2,4.92,-8.47,1.06,-13.77,0.325,0,3
2338,2025-10-21,2025-10-22,NORMAL,STRONG,-3.97,2,-0.83,-4.17,0.5,-6.33,0.357,0,4
2338,2025-10-22,2025-10-23,STRONG,NORMAL,-4.96,3,0.0,-1.74,1.74,-6.78,0.317,1,5
2338,2025-11-05,2025-11-06,WEAK,NORMAL,-11.8,7,1.4,6.3,8.66,-9.65,0.096,0,3
2338,2025-11-07,2025-11-10,NORMAL,STRONG,-5.56,6,3.92,0.0,3.21,-1.89,0.6,0,1
2338,2025-11-12,2025-11-13,STRONG,NORMAL,-5.5,5,1.41,-2.38,0.0,-4.36,0.057,0,2
2338,2025-11-19,2025-11-20,NORMAL,STRONG,-3.31,5,1.28,-0.84,0.0,-2.95,0.206,0,1
2338,2025-11-21,2025-11-25,STRONG,NORMAL,-11.49,7,5.77,-2.27,1.36,-5.0,0.0,0,1
2338,2025-12-02,2025-12-03,WEAK,WEAK,-7.8,7,0.26,-5.37,3.84,-13.3,0.3,0,1
2338,2025-12-03,2025-12-04,WEAK,NORMAL,-5.13,8,4.32,-4.15,1.55,-8.81,0.463,0,2
2338,2025-12-08,2025-12-09,NORMAL,NORMAL,-4.05,7,1.97,8.29,8.56,-1.66,0.056,0,1
2338,2025-12-17,2025-12-18,NORMAL,NORMAL,-8.05,4,0.0,0.8,3.71,-1.06,0.146,0,2
2338,2025-12-22,2025-12-23,NORMAL,NORMAL,-6.22,4,0.83,-0.55,1.37,-1.92,0.233,0,1
2338,2026-01-05,2026-01-06,NORMAL,STRONG,-8.8,9,1.29,6.67,23.81,0.0,0.125,0,3
2338,2026-01-13,2026-01-14,NORMAL,NORMAL,-7.36,3,0.0,3.53,8.24,-2.06,0.107,0,1
2338,2026-01-19,2026-01-20,NORMAL,WEAK,-8.36,5,0.0,1.95,4.56,-0.65,0.077,0,3
2338,2026-01-21,2026-01-22,WEAK,STRONG,-6.39,5,-2.73,-3.16,0.7,-4.56,0.32,0,1
2338,2026-01-22,2026-01-23,STRONG,NORMAL,-5.8,5,2.9,-2.11,0.0,-3.52,0.267,0,2
2338,2026-01-29,2026-01-30,NORMAL,NORMAL,-9.4,7,7.55,-7.46,0.0,-8.77,0.069,0,4
2338,2026-02-04,2026-02-05,NORMAL,NORMAL,-8.85,7,1.94,-3.81,5.24,-4.76,0.278,0,1
2342,2025-11-20,2025-11-21,STRONG,STRONG,-6.64,3,-4.27,3.96,8.91,-0.5,0.079,0,1
2342,2025-12-22,2025-12-23,NORMAL,NORMAL,-3.14,5,0.0,-0.4,2.43,-1.21,0.182,1,2
2342,2025-12-30,2026-01-05,WEAK,NORMAL,-8.13,2,-0.98,-4.3,1.99,-5.3,0.06,0,1
2344,2025-11-07,2025-11-10,NORMAL,STRONG,-3.62,6,-0.22,0.66,0.77,-0.33,0.136,0,1
2345,2025-11-14,2025-11-17,NORMAL,NORMAL,-3.36,4,-0.87,1.75,1.75,-2.19,0.3,0,2
2345,2026-02-06,2026-02-09,NORMAL,STRONG,-7.05,4,-0.47,0.95,1.43,-1.43,0.111,0,1
2353,2025-12-08,2025-12-09,NORMAL,NORMAL,-3.35,4,-1.15,-2.33,0.39,-2.72,0.333,0,2
2353,2025-12-09,2025-12-10,NORMAL,NORMAL,-3.46,4,0.4,-0.79,0.4,-0.79,0.125,0,3
2371,2025-11-05,2025-11-06,WEAK,NORMAL,-7.37,4,-0.14,-1.73,1.98,-2.18,0.073,0,1
2371,2025-11-28,2025-12-01,NORMAL,WEAK,-3.36,3,0.69,-1.64,0.26,-2.44,0.2,0,2
2371,2025-12-11,2025-12-12,WEAK,STRONG,-3.33,4,-0.36,0.43,1.13,-0.52,0.316,1,1
2371,2026-02-04,2026-02-05,NORMAL,NORMAL,-11.16,10,-1.07,1.94,3.83,-3.07,0.295,0,1
2371,2026-02-12,2026-02-13,NORMAL,WEAK,-4.02,7,-3.05,-4.05,0.35,-4.43,0.111,0,1
2371,2026-02-13,2026-02-16,WEAK,NORMAL,-6.99,9,-0.27,2.44,3.02,-1.46,0.079,0,2
2371,2026-02-24,2026-02-25,NORMAL,NORMAL,-6.04,8,0.1,1.65,2.06,-0.35,0.137,0,2
2385,2025-12-02,2025-12-03,WEAK,WEAK,-15.38,2,-3.03,-0.39,13.28,-1.56,0.02,0,1
2385,2025-12-26,2025-12-29,NORMAL,NORMAL,-4.45,2,0.42,2.11,2.11,-2.11,0.0,0,1
2391,2026-02-26,2026-02-27,NORMAL,STRONG,-6.94,3,0.32,-0.63,0.0,-1.74,0.711,0,1
2395,2025-11-05,2025-11-06,WEAK,NORMAL,-3.11,5,1.26,-0.07,0.9,-0.76,0.328,0,1
2395,2025-12-24,2025-12-25,NORMAL,NORMAL,-3.4,2,0.23,0.58,2.36,-0.29,0.157,0,3
2408,2026-01-20,2026-01-21,WEAK,WEAK,-3.12,2,-1.88,0.68,1.37,-0.41,0.55,0,1
2413,2025-11-06,2025-11-07,NORMAL,NORMAL,-4.78,2,-0.1,0.62,1.41,-0.26,0.0,0,1
2413,2025-12-04,2025-12-05,NORMAL,WEAK,-4.04,2,0.41,-3.59,0.0,-3.59,0.0,0,6
2413,2025-12-05,2025-12-08,WEAK,NORMAL,-3.19,4,0.07,-0.83,1.88,-1.14,0.0,0,7
2413,2025-12-11,2025-12-12,WEAK,STRONG,-3.03,5,-0.02,-0.31,0.55,-1.37,0.378,0,9
2413,2025-12-22,2025-12-23,NORMAL,NORMAL,-3.14,6,0.29,0.14,1.38,-0.87,0.146,0,1
2413,2026-02-05,2026-02-06,NORMAL,NORMAL,-6.8,8,0.0,-1.16,0.03,-5.34,0.477,0,2
2413,2026-02-13,2026-02-16,WEAK,NORMAL,-5.17,8,1.72,-0.88,0.7,-2.03,0.007,0,2
2413,2026-02-24,2026-02-25,NORMAL,NORMAL,-6.45,7,1.3,1.02,2.44,-0.23,0.0,0,2
2418,2025-11-10,2025-11-11,STRONG,NORMAL,-10.3,9,0.0,-1.24,0.88,-1.94,0.111,0,1
241A,2025-11-12,2025-11-13,STRONG,NORMAL,-19.35,7,1.6,-4.72,0.0,-5.35,0.0,0,1
241A,2025-11-13,2025-11-14,NORMAL,NORMAL,-3.2,8,-1.65,-3.36,1.51,-3.7,0.118,0,2
241A,2025-11-14,2025-11-17,NORMAL,NORMAL,-4.96,8,-1.74,-3.54,2.48,-3.54,0.065,1,3
241A,2025-11-20,2025-11-21,STRONG,STRONG,-3.02,6,-0.97,1.18,2.55,-0.59,0.194,0,7
241A,2025-11-25,2025-11-26,NORMAL,STRONG,-3.69,6,1.21,1.2,1.99,-1.2,0.217,0,1
241A,2025-12-05,2025-12-08,WEAK,NORMAL,-7.13,7,0.0,-2.33,0.47,-2.33,0.029,0,2
241A,2026-01-09,2026-01-13,NORMAL,NORMAL,-5.79,3,-1.17,-5.18,8.43,-5.18,0.36,0,1
241A,2026-02-05,2026-02-06,NORMAL,NORMAL,-3.83,2,-1.38,2.46,3.16,-1.4,0.061,1,2
241A,2026-02-18,2026-02-19,STRONG,NORMAL,-6.88,4,1.95,-1.15,2.29,-2.67,0.125,0,2
2428,2025-10-31,2025-11-04,NORMAL,NORMAL,-5.51,6,0.0,-0.46,0.0,-0.92,0.25,0,1
2429,2025-11-10,2025-11-11,STRONG,NORMAL,-3.78,4,0.53,-0.48,0.04,-1.33,0.138,0,2
2432,2026-02-09,2026-02-10,STRONG,STRONG,-3.79,2,1.5,3.68,3.68,-0.18,0.216,0,1
2433,2025-10-03,2025-10-06,STRONG,STRONG,-4.0,4,2.19,-0.21,0.47,-0.64,0.018,0,1
2433,2026-02-04,2026-02-05,NORMAL,NORMAL,-3.55,6,2.69,1.57,2.36,-0.74,0.0,0,1
2445,2025-12-09,2025-12-10,NORMAL,NORMAL,-3.15,5,0.5,1.74,2.74,-0.25,0.091,0,3
2445,2026-02-12,2026-02-13,NORMAL,WEAK,-7.88,5,-0.45,-0.23,0.0,-2.26,0.4,0,1
244A,2025-10-16,2025-10-17,NORMAL,WEAK,-10.04,7,0.1,-3.46,0.0,-4.61,0.26,0,1
244A,2025-10-17,2025-10-20,WEAK,STRONG,-3.35,7,0.33,0.11,4.7,0.0,0.25,0,2
244A,2026-01-15,2026-01-16,STRONG,NORMAL,-11.5,6,0.59,-0.32,0.71,-3.25,0.069,0,2
244A,2026-03-16,2026-03-17,NORMAL,NORMAL,-7.43,8,0.88,-0.48,1.35,-1.19,0.233,0,3
2459,2025-10-31,2025-11-04,NORMAL,NORMAL,-19.8,3,-1.23,-4.06,2.81,-7.19,0.0,0,2
2459,2025-12-16,2025-12-17,WEAK,NORMAL,-4.25,2,0.81,-1.6,1.2,-2.8,0.2,1,4
2459,2025-12-22,2025-12-23,NORMAL,NORMAL,-4.4,2,1.67,-2.06,0.82,-2.47,0.062,0,1
2459,2025-12-24,2025-12-25,NORMAL,NORMAL,-3.36,3,0.0,2.17,3.48,0.0,0.2,0,3
2461,2025-12-29,2025-12-30,NORMAL,WEAK,-3.77,4,0.78,-1.75,0.19,-1.75,0.333,0,1
2469,2025-11-11,2025-11-12,NORMAL,STRONG,-4.38,4,0.27,0.34,0.69,-0.8,0.089,0,1
246A,2026-02-19,2026-02-20,NORMAL,WEAK,-11.01,3,0.11,-2.39,0.33,-3.47,0.115,0,1
2471,2025-10-17,2025-10-20,WEAK,STRONG,-4.26,5,2.22,-3.42,0.31,-4.35,0.0,0,2
2471,2025-10-21,2025-10-22,NORMAL,STRONG,-3.22,6,0.33,-0.33,0.99,-0.66,0.1,0,4
2471,2025-11-27,2025-11-28,NORMAL,NORMAL,-4.14,3,0.72,-0.71,0.36,-0.71,0.143,0,1
2471,2025-12-01,2025-12-02,WEAK,WEAK,-5.04,6,1.14,-2.25,0.0,-2.25,0.211,0,1
2471,2026-01-15,2026-01-16,STRONG,NORMAL,-5.05,4,0.0,-1.52,0.38,-2.28,0.2,0,1
247A,2025-11-14,2025-11-17,NORMAL,NORMAL,-7.85,2,-12.65,-9.76,0.06,-9.76,0.191,0,1
247A,2025-11-20,2025-11-21,STRONG,STRONG,-3.67,6,-3.88,4.35,5.78,-2.77,0.152,1,5
247A,2025-11-27,2025-11-28,NORMAL,NORMAL,-4.57,7,0.36,4.2,4.34,-0.5,0.173,0,1
247A,2025-12-01,2025-12-02,WEAK,WEAK,-7.1,6,-0.66,-0.89,2.52,-2.07,0.066,0,1
247A,2025-12-03,2025-12-04,WEAK,NORMAL,-3.51,6,0.23,-1.54,3.01,-1.93,0.0,0,3
247A,2025-12-08,2025-12-09,NORMAL,NORMAL,-4.37,6,-2.54,-0.43,4.6,-1.3,0.333,0,6
247A,2025-12-16,2025-12-17,WEAK,NORMAL,-3.12,2,2.09,5.86,7.47,-5.13,0.268,0,1
247A,2025-12-22,2025-12-23,NORMAL,NORMAL,-3.82,2,-2.41,3.08,5.48,-3.39,0.184,1,1
247A,2026-01-14,2026-01-15,NORMAL,STRONG,-6.68,4,-1.3,4.25,5.2,-2.2,0.019,0,2
247A,2026-01-19,2026-01-20,NORMAL,WEAK,-3.3,2,0.28,-0.92,0.35,-3.05,0.032,1,1
247A,2026-02-16,2026-02-17,NORMAL,NORMAL,-4.0,3,0.0,-6.08,2.94,-7.45,0.023,0,1
247A,2026-02-17,2026-02-18,NORMAL,STRONG,-6.08,2,-1.82,-9.63,1.41,-10.3,0.132,0,2
247A,2026-02-18,2026-02-19,STRONG,NORMAL,-11.27,6,-3.2,5.5,7.45,-0.08,0.057,0,3
247A,2026-02-25,2026-02-26,NORMAL,NORMAL,-3.56,2,-0.32,3.54,5.72,0.0,0.032,1,1
2485,2025-11-10,2025-11-11,STRONG,NORMAL,-7.82,7,0.0,0.65,1.3,-1.52,0.118,0,2
2488,2025-11-14,2025-11-17,NORMAL,NORMAL,-4.5,5,4.1,-2.56,0.26,-3.48,0.154,0,1
2488,2026-02-04,2026-02-05,NORMAL,NORMAL,-5.3,9,-1.05,1.23,2.7,-0.08,0.048,0,1
2488,2026-02-13,2026-02-16,WEAK,NORMAL,-6.4,5,-0.32,-2.18,0.0,-3.23,0.023,0,1
2489,2025-12-01,2025-12-02,WEAK,WEAK,-5.07,5,0.0,-1.53,0.0,-1.91,0.111,0,2
248A,2026-02-17,2026-02-18,NORMAL,STRONG,-18.14,10,0.25,-0.92,0.08,-1.26,0.234,0,4
2491,2026-02-02,2026-02-03,NORMAL,STRONG,-15.46,9,-3.66,-9.49,0.0,-10.06,0.0,0,1
2491,2026-02-03,2026-02-04,STRONG,NORMAL,-12.8,10,1.47,-2.27,1.65,-2.48,0.057,0,2
2491,2026-02-06,2026-02-09,NORMAL,STRONG,-3.73,8,1.08,-2.13,0.0,-3.41,0.2,0,1
2491,2026-02-13,2026-02-16,WEAK,NORMAL,-3.02,7,0.22,0.67,1.77,0.0,0.0,0,2
2492,2026-02-04,2026-02-05,NORMAL,NORMAL,-14.13,8,4.11,-2.96,0.49,-3.95,0.11,0,1
2492,2026-02-12,2026-02-13,NORMAL,WEAK,-3.37,3,-2.0,-7.12,0.0,-8.4,0.148,1,1
2492,2026-02-13,2026-02-16,WEAK,NORMAL,-8.98,6,10.96,1.48,7.41,-1.98,0.152,0,2
2492,2026-02-17,2026-02-18,NORMAL,STRONG,-4.14,4,0.25,-3.04,1.52,-3.8,0.389,0,1
2497,2026-02-06,2026-02-09,NORMAL,STRONG,-3.68,4,1.15,-1.89,0.38,-1.89,0.2,0,1
2501,2025-12-22,2025-12-23,NORMAL,NORMAL,-3.05,4,-0.18,-0.42,1.02,-0.42,0.061,0,2
2501,2025-12-29,2025-12-30,NORMAL,WEAK,-79.42,10,0.18,-1.11,1.03,-1.11,0.191,0,1
2501,2026-01-07,2026-01-08,NORMAL,NORMAL,-7.02,10,-1.02,-2.0,0.42,-2.94,0.022,0,1
2501,2026-01-08,2026-01-09,NORMAL,NORMAL,-3.01,10,-0.82,-1.06,0.67,-1.33,0.279,0,2
2501,2026-01-29,2026-01-30,NORMAL,NORMAL,-4.65,5,-0.35,3.41,3.85,-0.03,0.023,0,3
2502,2025-12-18,2025-12-19,NORMAL,NORMAL,-5.72,8,0.61,-0.15,1.13,-0.15,0.174,0,1
250A,2025-11-14,2025-11-17,NORMAL,NORMAL,-4.71,5,0.52,2.2,2.43,-0.52,0.822,0,1
2512,2026-03-06,2026-03-10,NORMAL,WEAK,-3.8,4,-0.09,-0.11,0.04,-0.3,0.164,0,1
2514,2025-12-01,2025-12-02,WEAK,WEAK,-4.31,3,-0.16,0.49,0.6,0.0,0.026,0,1
2527,2026-01-21,2026-01-22,WEAK,STRONG,-3.77,4,0.95,-0.08,0.0,-0.08,0.031,0,1
2531,2025-11-12,2025-11-13,STRONG,NORMAL,-4.64,6,-1.23,3.16,3.4,-0.17,0.298,0,3
2531,2025-11-20,2025-11-21,STRONG,STRONG,-3.63,5,0.04,2.77,2.92,-0.07,0.0,0,1
2533,2026-01-30,2026-02-02,NORMAL,NORMAL,-6.71,8,3.6,0.65,2.39,-1.52,0.036,0,1
2533,2026-03-06,2026-03-10,NORMAL,WEAK,-3.92,3,-0.23,-0.68,0.68,-0.91,0.222,1,3
253A,2025-11-13,2025-11-14,NORMAL,NORMAL,-7.0,3,0.5,-8.24,1.58,-9.41,0.015,0,1
253A,2025-11-14,2025-11-17,NORMAL,NORMAL,-7.78,2,0.91,-1.98,1.35,-4.95,0.106,0,2
253A,2025-11-19,2025-11-20,NORMAL,STRONG,-3.46,2,2.49,-3.3,0.58,-3.69,0.217,0,5
253A,2026-01-07,2026-01-08,NORMAL,NORMAL,-5.75,3,0.27,-5.11,0.0,-5.55,0.391,0,1
253A,2026-02-02,2026-02-03,NORMAL,STRONG,-3.35,2,3.09,0.27,0.64,-1.55,0.0,0,2
2540,2026-01-05,2026-01-06,NORMAL,STRONG,-13.87,3,0.0,-5.4,0.11,-7.63,0.0,0,1
2540,2026-01-06,2026-01-07,STRONG,NORMAL,-5.4,3,-0.34,-2.7,2.02,-2.81,0.288,0,2
2540,2026-02-25,2026-02-26,NORMAL,NORMAL,-11.86,5,0.0,-0.25,0.0,-0.25,0.071,0,1
254A,2025-10-17,2025-10-20,WEAK,STRONG,-4.24,4,0.32,4.95,4.95,-0.43,0.179,0,2
254A,2025-11-25,2025-11-26,NORMAL,STRONG,-6.08,3,0.0,-1.14,0.0,-2.95,0.0,0,2
254A,2025-12-01,2025-12-02,WEAK,WEAK,-3.12,3,-0.44,0.56,1.79,-3.58,0.091,0,1
254A,2025-12-17,2025-12-18,NORMAL,NORMAL,-3.73,5,-1.53,2.62,3.34,-2.98,0.509,0,2
254A,2025-12-24,2025-12-25,NORMAL,NORMAL,-3.14,2,0.12,2.42,3.0,-0.81,0.0,0,1
255A,2026-03-10,2026-03-11,WEAK,NORMAL,-8.22,4,1.71,1.68,2.1,-2.1,0.59,0,1
2564,2026-03-13,2026-03-16,WEAK,NORMAL,-3.08,2,-0.23,-0.51,0.06,-0.94,0.0,0,1
2569,2025-11-21,2025-11-25,STRONG,NORMAL,-3.95,3,3.28,-0.13,0.13,-0.13,0.263,1,1
256A,2025-11-12,2025-11-13,STRONG,NORMAL,-5.43,4,2.25,0.14,0.84,-0.89,0.234,0,1
256A,2025-12-01,2025-12-02,WEAK,WEAK,-4.88,2,0.23,0.0,1.26,-0.49,0.063,0,1
256A,2026-02-13,2026-02-16,WEAK,NORMAL,-3.13,2,0.0,-1.25,0.0,-1.79,0.271,0,2
2573,2025-12-29,2025-12-30,NORMAL,WEAK,-4.69,7,-0.13,-0.13,0.25,-0.51,0.267,0,1
2585,2025-11-14,2025-11-17,NORMAL,NORMAL,-3.19,5,-0.05,-0.65,0.55,-3.35,0.664,0,1
2585,2025-12-02,2025-12-03,WEAK,WEAK,-4.9,2,-0.62,-1.62,0.31,-3.19,0.0,0,4
2585,2025-12-10,2025-12-11,NORMAL,WEAK,-3.43,5,3.61,0.28,3.48,-0.95,0.563,0,4
2585,2025-12-12,2025-12-15,STRONG,NORMAL,-4.26,6,0.88,2.38,2.96,-0.75,0.091,0,1
2585,2026-01-29,2026-01-30,NORMAL,NORMAL,-6.35,6,1.94,1.96,2.72,-1.33,0.043,0,3
2585,2026-02-03,2026-02-04,STRONG,NORMAL,-4.09,5,-0.97,3.13,3.91,-1.04,0.426,0,1
2585,2026-02-13,2026-02-16,WEAK,NORMAL,-24.95,9,0.08,1.66,6.98,-6.56,0.0,0,2
2585,2026-02-24,2026-02-25,NORMAL,NORMAL,-4.38,6,0.0,-5.47,0.16,-5.95,0.21,0,3
2585,2026-02-25,2026-02-26,NORMAL,NORMAL,-5.47,6,-1.19,2.32,4.3,-1.38,0.079,0,4
2585,2026-03-06,2026-03-10,NORMAL,WEAK,-8.05,8,-4.92,-2.01,0.38,-3.45,0.169,0,1
2585,2026-03-10,2026-03-11,WEAK,NORMAL,-6.84,7,0.0,-6.95,1.57,-7.73,0.375,0,2
2585,2026-03-26,2026-03-27,WEAK,NORMAL,-3.21,3,2.27,1.2,2.87,-0.65,0.356,0,1
2586,2025-10-22,2025-10-23,STRONG,NORMAL,-8.03,2,-2.38,-8.13,1.63,-8.13,0.0,1,1
2587,2026-02-12,2026-02-13,NORMAL,WEAK,-7.71,4,2.93,-1.6,0.2,-2.82,0.0,0,3
2590,2026-01-19,2026-01-20,NORMAL,WEAK,-4.21,2,-0.67,-0.4,0.51,-1.03,0.69,0,1
2593,2025-12-02,2025-12-03,WEAK,WEAK,-3.78,5,0.0,-0.49,0.88,-1.41,0.158,0,3
2593,2025-12-11,2025-12-12,WEAK,STRONG,-3.19,6,0.2,-0.46,0.65,-0.49,0.011,0,1
2597,2025-12-29,2025-12-30,NORMAL,WEAK,-8.97,5,-0.28,-1.68,0.19,-1.96,0.087,0,1
2607,2026-02-12,2026-02-13,NORMAL,WEAK,-3.88,4,-0.59,1.35,1.62,-1.47,0.483,0,1
2607,2026-03-06,2026-03-10,NORMAL,WEAK,-6.17,6,-2.22,-0.89,0.56,-1.45,0.77,0,3
2607,2026-03-10,2026-03-11,WEAK,NORMAL,-3.09,6,0.06,-0.62,1.28,-0.68,0.279,1,4
261A,2025-11-14,2025-11-17,NORMAL,NORMAL,-6.01,7,0.08,-1.28,1.0,-3.15,0.315,0,2
261A,2026-01-16,2026-01-19,NORMAL,NORMAL,-3.24,3,-0.11,-1.47,0.0,-2.22,0.216,0,1
261A,2026-02-13,2026-02-16,WEAK,NORMAL,-6.82,5,0.57,1.26,1.44,-1.74,0.119,0,1
2629,2025-12-30,2026-01-05,WEAK,NORMAL,-3.1,3,1.88,-0.4,0.0,-2.37,0.234,0,1
262A,2025-10-07,2025-10-08,NORMAL,NORMAL,-7.11,8,-0.5,0.25,2.91,-0.12,0.161,0,2
262A,2025-11-10,2025-11-11,STRONG,NORMAL,-5.05,8,1.43,-1.07,0.58,-2.28,0.017,0,1
262A,2025-11-14,2025-11-17,NORMAL,NORMAL,-4.86,5,1.69,-2.34,0.29,-4.1,0.06,0,1
262A,2025-11-19,2025-11-20,NORMAL,STRONG,-4.18,5,0.05,0.62,2.61,-0.15,0.0,1,1
262A,2025-11-25,2025-11-26,NORMAL,STRONG,-3.73,3,0.65,1.15,1.15,-1.7,0.151,0,1
2640,2026-02-04,2026-02-05,NORMAL,NORMAL,-4.52,8,-0.31,0.87,1.95,-0.54,0.057,0,1
2640,2026-02-13,2026-02-16,WEAK,NORMAL,-3.35,6,1.52,-0.71,0.0,-2.14,0.333,0,2
2644,2025-11-05,2025-11-06,WEAK,NORMAL,-5.27,2,3.88,-1.89,0.0,-2.47,0.727,0,2
2644,2025-11-21,2025-11-25,STRONG,NORMAL,-5.13,4,2.46,-1.63,0.09,-1.8,0.358,0,1
2644,2026-02-02,2026-02-03,NORMAL,STRONG,-4.89,2,4.44,0.38,0.96,-1.53,0.025,0,3
2646,2026-02-02,2026-02-03,NORMAL,STRONG,-5.1,2,2.25,2.86,2.86,-0.47,0.021,0,2
264A,2025-10-17,2025-10-20,WEAK,STRONG,-4.89,2,1.39,-1.51,0.55,-2.05,0.0,0,2
264A,2025-11-21,2025-11-25,STRONG,NORMAL,-14.46,6,1.74,-6.16,0.86,-6.16,0.029,0,2
264A,2025-11-25,2025-11-26,NORMAL,STRONG,-4.53,5,-0.18,2.74,5.12,-2.74,0.0,0,3
264A,2025-12-02,2025-12-03,WEAK,WEAK,-8.41,2,1.5,0.0,7.24,-2.47,0.052,1,2
264A,2026-01-13,2026-01-14,NORMAL,NORMAL,-4.29,3,0.33,1.16,1.82,-2.81,0.0,0,3
264A,2026-02-17,2026-02-18,NORMAL,STRONG,-7.85,6,0.54,6.31,7.93,-1.44,0.085,0,4
264A,2026-02-24,2026-02-25,NORMAL,NORMAL,-4.87,5,0.91,5.43,9.42,-1.99,0.26,0,1
264A,2026-03-17,2026-03-18,NORMAL,STRONG,-10.91,6,0.0,-1.32,1.51,-1.88,0.298,0,2
2652,2026-02-02,2026-02-03,NORMAL,STRONG,-3.75,4,0.6,0.0,0.3,-0.3,0.0,0,2
2659,2026-02-26,2026-02-27,NORMAL,STRONG,-4.12,2,0.83,1.8,1.8,-0.66,0.133,0,1
265A,2025-11-14,2025-11-17,NORMAL,NORMAL,-5.29,2,2.99,-2.23,1.84,-3.39,0.098,0,1
265A,2026-01-20,2026-01-21,WEAK,WEAK,-8.98,2,-0.54,-2.46,1.36,-3.18,0.0,1,2
265A,2026-02-05,2026-02-06,NORMAL,NORMAL,-4.26,5,0.0,-0.45,2.45,-4.36,0.091,0,1
265A,2026-02-16,2026-02-17,NORMAL,NORMAL,-6.41,2,1.89,-3.31,0.0,-4.19,0.373,0,2
2667,2026-01-13,2026-01-14,NORMAL,NORMAL,-3.66,2,-1.27,3.85,3.85,-2.99,0.333,1,1
2667,2026-01-22,2026-01-23,STRONG,NORMAL,-7.62,3,-0.99,-5.67,1.67,-10.0,0.275,0,1
2667,2026-02-20,2026-02-24,WEAK,NORMAL,-3.79,2,-1.43,-8.73,0.36,-11.64,0.0,0,1
2667,2026-02-24,2026-02-25,NORMAL,NORMAL,-10.04,4,0.0,-3.19,3.98,-3.19,0.242,0,2
2667,2026-02-25,2026-02-26,NORMAL,NORMAL,-3.19,6,2.06,0.81,1.61,-2.02,0.0,0,3
2669,2026-02-26,2026-02-27,NORMAL,STRONG,-3.24,5,-0.29,0.44,0.58,0.0,0.231,0,1
2670,2026-01-08,2026-01-09,NORMAL,NORMAL,-6.38,7,0.4,1.22,1.93,-0.12,0.19,0,1
2673,2025-10-08,2025-10-09,NORMAL,NORMAL,-4.41,2,-0.92,-0.93,3.26,-2.79,0.214,1,4
2673,2025-11-11,2025-11-12,NORMAL,STRONG,-10.2,2,-2.2,-1.5,4.12,-4.12,0.244,0,1
2673,2025-11-21,2025-11-25,STRONG,NORMAL,-4.62,2,0.88,-1.75,1.75,-2.62,0.0,0,1
2673,2025-11-28,2025-12-01,NORMAL,WEAK,-3.64,2,0.84,-2.08,0.83,-2.92,0.0,0,1
2673,2025-12-02,2025-12-03,WEAK,WEAK,-3.83,4,0.44,-4.41,1.32,-4.85,0.316,0,3
2673,2025-12-03,2025-12-04,WEAK,NORMAL,-3.98,5,0.0,-0.92,1.84,-1.84,0.071,0,4
2674,2025-12-09,2025-12-10,NORMAL,NORMAL,-3.3,2,0.1,0.58,1.0,-0.42,0.0,0,1
2674,2026-02-12,2026-02-13,NORMAL,WEAK,-5.18,5,0.3,0.7,1.2,-1.55,0.097,0,1
2678,2025-10-20,2025-10-21,STRONG,NORMAL,-5.15,8,2.0,0.7,1.54,-0.84,0.021,0,3
2681,2026-02-06,2026-02-09,NORMAL,STRONG,-9.39,7,0.18,-0.88,0.18,-2.12,0.034,0,1
2692,2025-10-31,2025-11-04,NORMAL,NORMAL,-4.77,4,-0.32,-0.75,0.0,-2.57,0.043,0,1
2692,2026-01-21,2026-01-22,WEAK,STRONG,-4.7,3,0.25,1.67,1.83,-1.42,0.238,0,1
2695,2025-12-11,2025-12-12,WEAK,STRONG,-6.39,6,-0.32,0.96,2.07,-0.48,0.0,0,2
2695,2026-03-16,2026-03-17,NORMAL,NORMAL,-5.02,6,0.88,0.58,1.89,0.0,0.105,0,3
2700,2025-10-24,2025-10-27,NORMAL,STRONG,-7.04,2,1.21,-4.77,0.0,-5.53,0.178,0,1
2700,2025-11-10,2025-11-11,STRONG,NORMAL,-11.37,6,-1.87,-6.54,0.27,-8.99,0.239,0,2
2700,2025-11-11,2025-11-12,NORMAL,STRONG,-8.29,6,-1.31,0.59,6.65,-0.44,0.265,0,3
2700,2025-11-13,2025-11-14,NORMAL,NORMAL,-3.96,6,-2.14,1.09,2.19,-2.66,0.136,0,5
2700,2025-11-19,2025-11-20,NORMAL,STRONG,-3.72,6,1.45,-1.9,0.63,-3.01,0.143,0,2
2700,2025-12-11,2025-12-12,WEAK,STRONG,-3.17,4,0.17,1.69,1.89,0.0,0.108,0,4
2700,2025-12-29,2025-12-30,NORMAL,WEAK,-7.5,6,1.11,-1.87,0.29,-1.87,0.022,0,1
2700,2026-02-13,2026-02-16,WEAK,NORMAL,-16.1,7,-6.51,1.21,3.53,-3.71,0.11,0,1
2700,2026-02-16,2026-02-17,NORMAL,NORMAL,-5.38,9,-1.06,-3.15,1.39,-4.68,0.513,0,2
2700,2026-02-17,2026-02-18,NORMAL,STRONG,-4.17,8,-1.34,0.34,0.92,-1.89,0.252,0,3
2721,2025-10-21,2025-10-22,NORMAL,STRONG,-5.22,3,0.46,5.48,10.05,-2.74,0.305,0,1
2722,2025-10-06,2025-10-07,STRONG,NORMAL,-15.7,5,1.84,4.51,4.97,-1.58,0.105,0,2
2722,2025-10-08,2025-10-09,NORMAL,NORMAL,-5.18,5,-1.82,0.93,3.71,-4.18,0.136,0,1
2722,2025-11-07,2025-11-10,NORMAL,STRONG,-4.51,3,0.0,-1.0,0.0,-1.74,0.269,0,1
2726,2025-10-08,2025-10-09,NORMAL,NORMAL,-8.08,10,-2.16,-4.05,1.41,-4.52,0.186,0,1
2726,2025-12-22,2025-12-23,NORMAL,NORMAL,-3.66,2,-0.2,1.19,2.22,-0.35,0.152,0,2
2726,2026-01-13,2026-01-14,NORMAL,NORMAL,-3.12,6,-6.23,-3.05,2.1,-4.21,0.171,0,1
2726,2026-01-14,2026-01-15,NORMAL,STRONG,-9.09,9,-1.2,-1.56,0.69,-2.6,0.184,0,2
2733,2026-02-12,2026-02-13,NORMAL,WEAK,-3.8,5,0.66,-0.33,0.16,-1.31,0.0,0,1
2734,2026-01-13,2026-01-14,NORMAL,NORMAL,-10.42,6,4.84,0.37,0.92,-3.42,0.13,0,1
2737,2025-11-05,2025-11-06,WEAK,NORMAL,-4.49,2,2.4,2.04,3.06,-3.37,0.681,1,1
2737,2025-11-21,2025-11-25,STRONG,NORMAL,-12.54,2,4.94,-3.44,2.26,-4.62,0.125,0,1
2737,2026-01-29,2026-01-30,NORMAL,NORMAL,-19.89,8,2.4,2.0,4.0,-1.56,0.035,0,2
2737,2026-02-02,2026-02-03,NORMAL,STRONG,-9.63,8,3.68,-1.09,0.45,-2.91,0.0,1,1
2737,2026-03-26,2026-03-27,WEAK,NORMAL,-4.22,2,-1.52,1.71,2.28,-0.24,0.052,0,1
274A,2025-10-16,2025-10-17,NORMAL,WEAK,-7.61,9,-0.09,-1.87,0.14,-2.3,0.068,0,1
2750,2025-11-14,2025-11-17,NORMAL,NORMAL,-7.64,6,0.64,0.0,0.48,-2.23,0.151,0,2
2752,2025-12-29,2025-12-30,NORMAL,WEAK,-3.14,5,-0.18,-0.44,0.26,-0.53,0.0,0,1
2753,2025-10-03,2025-10-06,STRONG,STRONG,-4.28,7,0.49,-0.49,0.21,-1.81,0.153,0,1
2760,2026-02-02,2026-02-03,NORMAL,STRONG,-4.24,2,3.4,4.29,5.0,-0.14,0.077,0,4
2767,2025-11-04,2025-11-05,NORMAL,WEAK,-4.47,6,-0.24,-2.22,0.24,-4.49,0.488,0,1
2767,2025-12-02,2025-12-03,WEAK,WEAK,-4.32,2,-0.63,-0.9,0.63,-2.48,0.101,0,2
2767,2026-02-13,2026-02-16,WEAK,NORMAL,-10.75,7,1.35,-2.61,0.36,-2.91,0.014,0,1
2767,2026-02-20,2026-02-24,WEAK,NORMAL,-3.48,5,-0.72,-2.77,0.26,-2.9,0.022,0,3
2767,2026-02-24,2026-02-25,NORMAL,NORMAL,-3.47,7,1.83,-0.47,2.07,-0.6,0.042,0,4
2767,2026-03-10,2026-03-11,WEAK,NORMAL,-3.19,5,0.75,1.22,3.74,-0.34,0.455,0,1
2769,2025-11-27,2025-11-28,NORMAL,NORMAL,-3.08,7,0.0,0.62,1.03,0.0,0.053,0,5
276A,2025-10-15,2025-10-16,STRONG,NORMAL,-5.85,6,0.93,-6.62,1.08,-10.46,0.123,0,1
276A,2025-10-16,2025-10-17,NORMAL,WEAK,-5.75,8,1.65,-5.83,4.54,-5.83,0.333,0,2
276A,2025-10-17,2025-10-20,WEAK,STRONG,-4.28,6,-1.72,3.85,5.95,-2.45,0.0,1,3
276A,2025-10-23,2025-10-24,NORMAL,NORMAL,-6.22,4,-2.62,-4.12,0.18,-6.27,0.086,0,2
276A,2025-10-24,2025-10-27,NORMAL,STRONG,-6.63,6,-1.87,-0.38,2.1,-1.33,0.333,0,3
276A,2025-10-31,2025-11-04,NORMAL,NORMAL,-19.46,10,-6.76,3.24,4.66,-0.91,0.0,0,1
276A,2025-11-04,2025-11-05,NORMAL,WEAK,-3.74,7,0.0,2.76,4.52,-0.38,0.163,0,2
276A,2025-11-06,2025-11-07,NORMAL,NORMAL,-7.2,7,-1.32,-2.4,1.87,-3.73,0.156,1,1
276A,2025-11-07,2025-11-10,NORMAL,STRONG,-3.68,7,-1.91,-2.79,1.53,-4.74,0.238,1,2
276A,2025-11-10,2025-11-11,STRONG,NORMAL,-4.64,7,0.86,2.98,3.55,-3.69,0.311,0,3
276A,2025-11-13,2025-11-14,NORMAL,NORMAL,-7.56,6,1.88,-1.18,0.66,-2.89,0.164,0,1
276A,2025-11-21,2025-11-25,STRONG,NORMAL,-3.45,5,1.57,-4.23,0.0,-6.9,0.227,0,1
276A,2025-11-26,2025-11-27,STRONG,NORMAL,-3.53,5,0.91,-0.6,4.23,-1.21,0.04,0,3
276A,2025-12-01,2025-12-02,WEAK,WEAK,-5.95,5,0.17,-5.91,0.83,-6.48,0.0,0,2
276A,2025-12-02,2025-12-03,WEAK,WEAK,-5.76,6,0.11,1.69,3.84,-2.86,0.077,0,3
276A,2025-12-08,2025-12-09,NORMAL,NORMAL,-4.67,7,0.86,-3.57,0.43,-3.57,0.076,0,2
276A,2025-12-29,2025-12-30,NORMAL,WEAK,-6.2,2,-1.13,-3.49,2.45,-3.56,0.091,0,1
276A,2026-01-15,2026-01-16,STRONG,NORMAL,-10.06,3,-0.46,-2.66,0.0,-3.87,0.015,0,1
276A,2026-01-16,2026-01-19,NORMAL,NORMAL,-3.11,2,-1.2,-3.58,0.74,-4.57,0.312,0,2
276A,2026-01-19,2026-01-20,NORMAL,WEAK,-4.74,3,1.26,-2.27,0.0,-3.81,0.188,1,3
276A,2026-01-21,2026-01-22,WEAK,STRONG,-3.86,5,0.36,1.08,1.52,-0.68,0.155,0,5
276A,2026-02-05,2026-02-06,NORMAL,NORMAL,-3.68,3,-5.41,-2.58,6.17,-9.88,0.2,0,1
276A,2026-02-06,2026-02-09,NORMAL,STRONG,-7.86,2,2.3,-5.63,4.05,-9.01,0.455,0,2
276A,2026-02-26,2026-02-27,NORMAL,STRONG,-3.03,2,1.56,9.22,9.22,-0.42,0.49,1,1
276A,2026-03-10,2026-03-11,WEAK,NORMAL,-3.81,4,0.91,1.81,4.07,0.0,0.591,1,4
276A,2026-03-26,2026-03-27,WEAK,NORMAL,-6.1,3,-0.15,1.97,3.78,-0.15,0.075,0,1
277A,2025-10-17,2025-10-20,WEAK,STRONG,-5.5,4,0.67,1.07,2.65,-4.05,0.137,0,1
277A,2025-11-11,2025-11-12,NORMAL,STRONG,-3.49,3,1.98,5.1,5.49,-0.43,0.098,0,1
277A,2025-12-02,2025-12-03,WEAK,WEAK,-8.72,2,0.69,2.43,3.87,0.0,0.0,0,2
277A,2026-01-05,2026-01-06,NORMAL,STRONG,-3.94,3,1.34,-1.86,0.0,-4.73,0.506,0,2
277A,2026-01-29,2026-01-30,NORMAL,NORMAL,-3.77,4,0.0,-1.34,0.0,-3.55,0.417,0,5
277A,2026-02-04,2026-02-05,NORMAL,NORMAL,-14.18,10,0.97,4.31,6.46,-1.24,0.06,0,1
277A,2026-02-06,2026-02-09,NORMAL,STRONG,-7.11,8,0.05,0.25,1.97,-3.31,0.397,1,1
277A,2026-02-12,2026-02-13,NORMAL,WEAK,-3.01,6,-2.42,-5.42,0.84,-6.46,0.259,0,1
277A,2026-02-13,2026-02-16,WEAK,NORMAL,-7.71,7,0.95,0.47,3.18,-2.71,0.143,0,2
277A,2026-03-26,2026-03-27,WEAK,NORMAL,-3.85,2,2.19,0.42,1.86,-1.49,0.225,0,1
2780,2025-11-14,2025-11-17,NORMAL,NORMAL,-4.48,8,-1.06,-3.81,1.03,-5.2,0.168,0,1
278A,2025-10-02,2025-10-03,NORMAL,STRONG,-3.5,8,0.33,0.0,2.96,-0.16,0.28,0,8
278A,2025-10-17,2025-10-20,WEAK,STRONG,-3.14,4,2.92,9.31,9.31,-0.47,0.167,0,2
278A,2025-10-21,2025-10-22,NORMAL,STRONG,-4.18,2,2.11,5.6,6.19,-2.36,0.182,0,1
278A,2025-11-25,2025-11-26,NORMAL,STRONG,-3.25,3,-0.84,1.42,2.54,-0.61,0.085,1,1
278A,2025-12-01,2025-12-02,WEAK,WEAK,-4.29,2,0.78,-3.31,0.5,-3.34,0.083,0,1
278A,2025-12-05,2025-12-08,WEAK,NORMAL,-4.23,3,-0.21,-0.68,1.29,-1.86,0.009,0,1
278A,2025-12-10,2025-12-11,NORMAL,WEAK,-9.07,8,-1.49,-7.64,0.9,-7.8,0.042,0,4
278A,2025-12-11,2025-12-12,WEAK,STRONG,-9.01,10,-4.42,8.24,8.24,0.0,0.019,0,5
278A,2025-12-16,2025-12-17,WEAK,NORMAL,-9.59,9,0.39,-2.88,1.63,-3.98,0.205,0,2
278A,2025-12-22,2025-12-23,NORMAL,NORMAL,-4.78,7,2.21,4.29,6.6,0.0,0.086,0,1
278A,2025-12-25,2025-12-26,NORMAL,NORMAL,-3.54,6,1.15,-3.08,0.77,-3.81,0.079,1,1
278A,2025-12-30,2026-01-05,WEAK,NORMAL,-5.58,5,0.0,1.54,2.64,-1.3,0.0,1,1
278A,2026-01-09,2026-01-13,NORMAL,NORMAL,-4.46,3,1.33,-5.89,0.66,-8.52,0.486,0,1
278A,2026-01-13,2026-01-14,NORMAL,NORMAL,-4.63,2,-1.15,-1.84,6.08,-4.07,0.287,0,2
278A,2026-02-17,2026-02-18,NORMAL,STRONG,-6.68,3,0.0,1.11,4.12,-1.82,0.021,0,1
278A,2026-02-19,2026-02-20,NORMAL,WEAK,-4.38,3,2.01,-2.73,0.4,-4.01,0.131,1,1
278A,2026-02-24,2026-02-25,NORMAL,NORMAL,-4.99,5,0.0,-0.13,1.87,-0.83,0.0,0,3
2791,2025-10-08,2025-10-09,NORMAL,NORMAL,-3.03,4,0.0,-1.42,0.0,-1.99,0.0,0,1
2791,2025-10-15,2025-10-16,STRONG,NORMAL,-11.51,10,0.33,6.0,6.97,0.0,0.053,0,2
2791,2025-10-24,2025-10-27,NORMAL,STRONG,-3.93,3,-0.15,-0.3,0.91,-0.3,0.045,0,1
2791,2025-12-16,2025-12-17,WEAK,NORMAL,-3.07,4,0.88,0.0,0.87,-1.05,0.0,0,1
2791,2025-12-22,2025-12-23,NORMAL,NORMAL,-3.44,4,0.53,-0.35,0.18,-0.88,0.13,0,1
2791,2026-01-15,2026-01-16,STRONG,NORMAL,-3.78,6,-0.56,-4.33,0.0,-4.52,0.429,0,4
2791,2026-01-16,2026-01-19,NORMAL,NORMAL,-4.87,6,1.18,5.06,7.39,-0.19,0.042,0,5
2791,2026-01-21,2026-01-22,WEAK,STRONG,-3.96,3,-0.19,-2.81,0.0,-2.81,0.182,1,1
2791,2026-03-10,2026-03-11,WEAK,NORMAL,-3.99,5,0.2,-0.2,0.59,-0.59,0.154,0,4
2801,2026-02-06,2026-02-09,NORMAL,STRONG,-7.5,3,5.53,-3.11,0.0,-4.67,0.16,0,1
2802,2025-11-07,2025-11-10,NORMAL,STRONG,-16.19,7,0.03,-2.68,1.46,-3.06,0.0,0,3
2802,2025-12-10,2025-12-11,NORMAL,WEAK,-3.51,4,-1.41,-1.64,0.6,-1.64,0.143,0,3
2802,2025-12-11,2025-12-12,WEAK,STRONG,-3.02,5,1.97,-0.06,0.53,-0.98,0.0,0,4
280A,2025-10-15,2025-10-16,STRONG,NORMAL,-11.32,9,0.48,-1.05,0.76,-2.2,0.242,0,3
280A,2025-12-18,2025-12-19,NORMAL,NORMAL,-6.1,3,1.6,-3.04,0.52,-3.56,0.0,0,1
280A,2026-01-05,2026-01-06,NORMAL,STRONG,-7.54,3,1.14,-3.25,3.54,-6.58,0.09,0,1
2810,2025-11-06,2025-11-07,NORMAL,NORMAL,-3.43,4,1.08,2.14,2.39,-0.46,0.388,0,1
281A,2025-10-17,2025-10-20,WEAK,STRONG,-4.95,3,1.18,6.25,6.87,-0.08,0.133,0,1
281A,2025-10-24,2025-10-27,NORMAL,STRONG,-29.18,8,-1.37,-3.76,2.79,-4.74,0.0,0,4
281A,2025-10-31,2025-11-04,NORMAL,NORMAL,-4.21,7,0.31,-0.63,0.63,-2.03,0.026,1,1
281A,2025-12-08,2025-12-09,NORMAL,NORMAL,-4.65,8,1.39,-3.89,1.83,-4.35,0.528,0,1
281A,2026-03-25,2026-03-26,STRONG,WEAK,-15.15,3,-5.36,-9.62,3.58,-12.26,0.0,0,1
281A,2026-03-26,2026-03-27,WEAK,NORMAL,-14.46,2,1.67,-4.31,2.05,-9.24,0.167,0,2
282A,2025-10-23,2025-10-24,NORMAL,NORMAL,-3.36,3,1.74,0.39,0.85,-0.16,0.263,0,3
282A,2026-03-10,2026-03-11,WEAK,NORMAL,-4.13,2,2.3,1.01,2.86,-0.56,0.522,0,6
2840,2025-11-21,2025-11-25,STRONG,NORMAL,-3.91,3,2.74,-0.44,0.09,-0.44,0.312,0,1
2841,2025-11-21,2025-11-25,STRONG,NORMAL,-3.59,3,2.74,-0.07,0.14,-0.07,0.273,1,1
2845,2025-11-21,2025-11-25,STRONG,NORMAL,-3.98,4,3.4,-0.2,0.1,-0.2,0.118,0,2
285A,2025-11-21,2025-11-25,STRONG,NORMAL,-11.51,3,7.68,-8.77,4.54,-9.26,0.275,0,1
285A,2025-11-26,2025-11-27,STRONG,NORMAL,-14.89,5,1.96,5.84,7.02,-1.17,0.05,0,3
285A,2025-12-01,2025-12-02,WEAK,WEAK,-5.57,6,0.99,2.75,4.29,-0.98,0.078,0,1
285A,2025-12-10,2025-12-11,NORMAL,WEAK,-4.09,2,2.14,-0.65,3.11,-1.86,0.165,0,2
285A,2025-12-15,2025-12-16,NORMAL,WEAK,-6.98,3,-1.61,-4.02,1.16,-5.02,0.323,0,1
285A,2025-12-16,2025-12-17,WEAK,NORMAL,-5.57,2,0.71,6.29,7.41,-1.35,0.161,0,2
286A,2025-12-03,2025-12-04,WEAK,NORMAL,-4.27,2,-0.23,-0.24,0.12,-1.65,0.018,0,1
286A,2026-01-21,2026-01-22,WEAK,STRONG,-3.19,3,-0.35,0.0,0.71,-0.35,0.25,0,3
2870,2025-10-20,2025-10-21,STRONG,NORMAL,-4.07,2,-1.9,1.34,1.34,-0.28,0.2,0,1
2874,2025-11-13,2025-11-14,NORMAL,NORMAL,-4.91,4,-0.49,-0.33,0.91,-1.65,0.45,0,1
2874,2026-01-07,2026-01-08,NORMAL,NORMAL,-3.4,5,0.9,-0.73,0.08,-1.13,0.075,0,1
2875,2025-11-04,2025-11-05,NORMAL,WEAK,-9.2,4,0.05,0.79,1.28,-1.47,0.228,0,1
2882,2026-02-26,2026-02-27,NORMAL,STRONG,-3.9,6,0.1,-0.55,0.2,-0.65,0.0,0,2
2884,2025-10-16,2025-10-17,NORMAL,WEAK,-16.97,10,-2.04,-5.29,1.95,-5.42,0.0,0,1
2884,2025-10-17,2025-10-20,WEAK,STRONG,-7.22,10,0.29,-2.64,1.9,-3.37,0.019,0,2
2884,2025-11-19,2025-11-20,NORMAL,STRONG,-7.27,4,3.13,-1.37,1.06,-1.52,0.2,0,3
2884,2026-03-26,2026-03-27,WEAK,NORMAL,-4.64,4,0.34,-0.45,0.34,-1.58,0.175,0,1
2897,2025-11-11,2025-11-12,NORMAL,STRONG,-4.26,4,0.95,2.22,2.65,-0.17,0.428,0,2
2901,2025-10-15,2025-10-16,STRONG,NORMAL,-5.48,2,0.0,-2.32,1.74,-2.9,0.333,0,1
2901,2025-12-02,2025-12-03,WEAK,WEAK,-6.86,5,1.05,-3.12,0.0,-5.38,0.0,0,1
2901,2025-12-05,2025-12-08,WEAK,NORMAL,-17.47,10,1.06,-0.26,3.66,-6.54,0.0,0,4
2901,2025-12-16,2025-12-17,WEAK,NORMAL,-5.15,6,-0.24,-1.89,0.47,-4.96,0.174,1,1
2901,2026-01-15,2026-01-16,STRONG,NORMAL,-7.64,2,1.22,-0.72,0.24,-2.4,0.345,0,2
290A,2025-11-14,2025-11-17,NORMAL,NORMAL,-8.37,3,15.9,0.88,0.88,-0.1,0.0,0,2
290A,2025-12-25,2025-12-26,NORMAL,NORMAL,-14.26,4,-2.6,2.31,5.43,-1.42,0.273,0,1
290A,2026-01-07,2026-01-08,NORMAL,NORMAL,-6.51,3,-1.22,-1.9,0.57,-2.29,0.171,0,1
290A,2026-01-08,2026-01-09,NORMAL,NORMAL,-3.1,4,2.14,-3.52,0.38,-5.32,0.133,0,2
290A,2026-01-14,2026-01-15,NORMAL,STRONG,-5.11,4,-0.59,5.22,6.01,-0.2,0.103,0,1
2910,2025-10-30,2025-10-31,NORMAL,NORMAL,-3.94,6,1.34,-1.12,0.07,-1.81,0.0,0,2
2910,2025-12-05,2025-12-08,WEAK,NORMAL,-5.6,7,1.52,2.17,2.47,-0.6,0.0,0,5
2924,2025-11-14,2025-11-17,NORMAL,NORMAL,-7.1,7,0.64,0.15,0.34,-1.96,0.4,0,2
2924,2026-02-13,2026-02-16,WEAK,NORMAL,-5.88,4,-0.93,-0.35,1.29,-0.45,0.603,0,1
2929,2025-12-01,2025-12-02,WEAK,WEAK,-4.59,6,0.27,-1.2,0.67,-1.33,0.088,0,1
2929,2025-12-11,2025-12-12,WEAK,STRONG,-7.05,9,0.58,-2.61,1.45,-3.62,0.133,0,5
2929,2025-12-17,2025-12-18,NORMAL,NORMAL,-3.48,5,0.3,1.5,1.8,-0.45,0.148,0,1
2929,2026-02-02,2026-02-03,NORMAL,STRONG,-3.58,6,0.46,1.38,2.15,-0.31,0.222,0,1
2929,2026-02-17,2026-02-18,NORMAL,STRONG,-3.22,4,0.47,-0.47,0.16,-1.1,0.05,0,4
2931,2025-11-25,2025-11-26,NORMAL,STRONG,-3.28,2,0.0,0.0,1.21,0.0,0.0,0,1
2931,2025-12-01,2025-12-02,WEAK,WEAK,-4.77,4,-0.25,-0.5,1.01,-0.5,0.045,0,1
2932,2025-11-14,2025-11-17,NORMAL,NORMAL,-4.07,4,-0.16,-0.63,0.0,-1.57,0.5,0,1
2933,2026-02-13,2026-02-16,WEAK,NORMAL,-3.18,2,0.0,0.27,1.09,-0.18,0.12,0,1
2934,2025-11-27,2025-11-28,NORMAL,NORMAL,-9.01,9,0.0,0.26,1.66,-1.02,0.21,0,5
2934,2025-12-04,2025-12-05,NORMAL,WEAK,-4.62,10,2.16,-2.92,0.0,-4.23,0.093,0,4
2935,2026-02-26,2026-02-27,NORMAL,STRONG,-4.64,4,-0.32,0.57,0.81,-0.9,0.429,0,1
2936,2025-10-15,2025-10-16,STRONG,NORMAL,-14.19,9,0.0,-7.05,0.27,-7.32,0.333,0,3
2936,2025-10-16,2025-10-17,NORMAL,WEAK,-7.05,9,2.33,-9.12,0.0,-9.97,0.036,0,4
2936,2025-10-17,2025-10-20,WEAK,STRONG,-7.0,10,5.02,0.3,1.19,-2.39,0.086,0,5
2938,2025-11-20,2025-11-21,STRONG,STRONG,-3.36,5,-0.71,0.81,0.99,-0.9,0.167,0,1
2938,2025-12-17,2025-12-18,NORMAL,NORMAL,-3.86,4,0.0,1.47,1.66,0.0,0.065,0,2
2962,2025-12-05,2025-12-08,WEAK,NORMAL,-8.46,5,2.24,-1.64,12.6,-3.56,0.171,0,3
2962,2026-01-29,2026-01-30,NORMAL,NORMAL,-4.48,3,-3.41,-1.1,2.43,-7.51,0.356,0,1
2962,2026-01-30,2026-02-02,NORMAL,NORMAL,-4.48,2,-1.79,-5.23,6.14,-5.45,0.644,0,2
2962,2026-02-02,2026-02-03,NORMAL,STRONG,-6.92,2,0.72,1.19,2.86,-2.14,0.02,1,3
2962,2026-02-13,2026-02-16,WEAK,NORMAL,-8.9,3,18.54,0.0,0.0,0.0,0.155,0,1
2962,2026-02-27,2026-03-02,STRONG,WEAK,-6.07,2,-4.85,0.42,5.35,-0.59,0.235,0,1
2962,2026-03-26,2026-03-27,WEAK,NORMAL,-7.68,6,6.58,-4.44,0.22,-8.23,0.141,0,1
296A,2026-02-13,2026-02-16,WEAK,NORMAL,-3.19,4,0.45,1.19,1.79,-0.3,0.065,0,2
2970,2025-11-11,2025-11-12,NORMAL,STRONG,-8.76,4,-2.72,-5.03,1.21,-6.7,0.411,0,1
2970,2025-11-14,2025-11-17,NORMAL,NORMAL,-5.33,6,0.92,-5.07,0.0,-7.51,0.102,0,1
2970,2026-03-13,2026-03-16,WEAK,NORMAL,-3.1,7,2.91,-3.67,0.0,-5.84,0.548,0,4
2975,2025-10-02,2025-10-03,NORMAL,STRONG,-3.93,2,-1.28,1.9,4.15,-0.26,0.156,0,1
2978,2025-12-15,2025-12-16,NORMAL,WEAK,-3.18,6,-1.75,-1.79,0.0,-5.13,0.42,0,1
2980,2025-10-17,2025-10-20,WEAK,STRONG,-3.6,5,1.68,-0.37,1.35,-0.91,0.168,0,1
2980,2026-01-21,2026-01-22,WEAK,STRONG,-3.08,4,0.0,-1.27,1.27,-1.75,0.318,0,1
2980,2026-02-04,2026-02-05,NORMAL,NORMAL,-8.35,10,-1.92,2.23,4.11,-1.61,0.041,0,3
2980,2026-02-06,2026-02-09,NORMAL,STRONG,-6.13,10,2.04,-1.12,0.48,-2.8,0.206,0,1
2980,2026-02-13,2026-02-16,WEAK,NORMAL,-10.55,5,-1.81,-0.85,0.52,-3.14,0.117,0,1
2980,2026-02-24,2026-02-25,NORMAL,NORMAL,-6.45,2,1.57,0.94,5.17,-0.42,0.062,0,1
2982,2025-10-07,2025-10-08,NORMAL,NORMAL,-3.33,2,1.29,1.06,2.12,-0.21,0.053,0,2
2982,2025-10-20,2025-10-21,STRONG,NORMAL,-3.38,2,1.31,-1.08,0.65,-3.89,0.125,0,2
2982,2025-11-20,2025-11-21,STRONG,STRONG,-5.41,5,-1.9,1.94,3.16,-1.7,0.138,0,1
2982,2025-12-19,2025-12-22,NORMAL,NORMAL,-6.87,4,-7.14,2.56,3.85,-2.05,0.133,0,4
2982,2025-12-22,2025-12-23,NORMAL,NORMAL,-4.76,6,0.5,3.73,4.23,0.0,0.348,0,5
2982,2026-02-12,2026-02-13,NORMAL,WEAK,-12.3,4,-1.84,-1.64,0.0,-6.32,0.189,0,1
2982,2026-02-13,2026-02-16,WEAK,NORMAL,-3.45,6,0.71,-0.71,0.24,-3.07,0.741,0,2
2982,2026-02-20,2026-02-24,WEAK,NORMAL,-3.05,2,0.0,1.45,1.69,-0.73,0.0,0,1
2983,2026-01-29,2026-01-30,NORMAL,NORMAL,-48.45,9,0.68,0.43,0.91,-3.66,0.301,0,2
2983,2026-02-17,2026-02-18,NORMAL,STRONG,-7.82,8,1.48,-5.12,1.6,-9.11,0.148,0,1
2983,2026-02-18,2026-02-19,STRONG,NORMAL,-3.72,9,-0.94,5.19,5.44,-3.1,0.373,0,2
2983,2026-02-20,2026-02-24,WEAK,NORMAL,-4.56,3,0.05,0.85,2.24,-3.03,0.055,1,1
2983,2026-03-17,2026-03-18,NORMAL,STRONG,-15.71,7,0.06,-2.43,1.24,-5.36,0.008,0,1
2983,2026-03-26,2026-03-27,WEAK,NORMAL,-3.35,6,0.0,2.96,4.28,0.0,0.061,1,1
2986,2026-02-13,2026-02-16,WEAK,NORMAL,-5.87,3,1.53,-1.41,0.0,-6.24,0.1,0,1
298A,2025-11-20,2025-11-21,STRONG,STRONG,-10.02,10,0.87,3.68,6.06,-0.43,0.133,0,1
298A,2026-02-17,2026-02-18,NORMAL,STRONG,-6.05,10,-4.48,4.99,8.5,0.0,0.54,0,2
2991,2025-12-12,2025-12-15,STRONG,NORMAL,-6.56,5,-0.15,0.61,1.07,-1.83,0.226,0,2
2991,2026-01-20,2026-01-21,WEAK,WEAK,-4.53,6,0.0,0.0,0.31,-0.77,0.286,0,2
2998,2025-10-02,2025-10-03,NORMAL,STRONG,-3.54,10,2.56,0.67,4.17,-3.75,0.373,0,2
2998,2025-10-23,2025-10-24,NORMAL,NORMAL,-3.62,3,0.43,-0.17,0.77,-2.47,0.49,0,1
2998,2025-11-04,2025-11-05,NORMAL,WEAK,-9.52,9,-2.33,-2.61,0.34,-7.71,0.14,0,1
2998,2025-11-05,2025-11-06,WEAK,NORMAL,-4.87,8,-1.28,-3.54,1.06,-5.54,0.634,0,2
2998,2025-11-06,2025-11-07,NORMAL,NORMAL,-4.77,9,-0.24,5.76,6.62,-1.35,0.304,0,3
2998,2025-11-14,2025-11-17,NORMAL,NORMAL,-5.55,4,-3.4,-5.98,0.32,-8.43,0.475,0,1
2998,2025-11-28,2025-12-01,NORMAL,WEAK,-3.49,3,0.12,-1.99,1.24,-3.23,0.269,0,1
2998,2025-12-02,2025-12-03,WEAK,WEAK,-3.3,5,1.97,5.66,5.92,-1.93,0.138,1,3
2998,2025-12-04,2025-12-05,NORMAL,WEAK,-4.26,4,0.64,0.76,1.14,-1.14,0.14,0,1
2998,2026-02-04,2026-02-05,NORMAL,NORMAL,-3.59,3,1.69,2.44,4.56,-2.0,0.25,0,3
2998,2026-02-13,2026-02-16,WEAK,NORMAL,-15.31,7,10.6,-5.66,0.11,-6.97,0.0,0,1
2998,2026-02-17,2026-02-18,NORMAL,STRONG,-6.81,6,1.86,5.11,5.6,-1.34,0.026,0,1
2998,2026-02-19,2026-02-20,NORMAL,WEAK,-8.8,8,-1.02,-2.44,1.03,-2.44,0.012,0,1
2998,2026-02-20,2026-02-24,WEAK,NORMAL,-3.43,6,0.13,-6.96,0.13,-7.09,0.0,0,2
2998,2026-02-24,2026-02-25,NORMAL,NORMAL,-6.83,7,3.1,2.19,3.42,-0.14,0.018,0,3
2998,2026-03-26,2026-03-27,WEAK,NORMAL,-5.12,2,0.0,-0.81,0.81,-1.08,0.128,0,1
299A,2025-10-07,2025-10-08,NORMAL,NORMAL,-8.07,6,3.87,-2.61,1.06,-2.98,0.008,0,6
299A,2025-10-22,2025-10-23,STRONG,NORMAL,-6.06,5,-0.9,0.21,2.17,-0.91,0.0,0,1
299A,2025-11-04,2025-11-05,NORMAL,WEAK,-4.04,6,-0.37,3.63,4.89,-5.04,0.444,0,1
299A,2025-11-06,2025-11-07,NORMAL,NORMAL,-10.08,6,1.35,2.35,4.94,-1.1,0.046,0,1
299A,2025-12-02,2025-12-03,WEAK,WEAK,-4.76,2,0.16,-3.51,1.09,-4.83,0.0,0,1
299A,2025-12-03,2025-12-04,WEAK,NORMAL,-3.36,2,0.89,2.64,4.08,-0.08,0.224,1,2
299A,2025-12-05,2025-12-08,WEAK,NORMAL,-4.52,3,-1.8,0.83,1.75,-0.5,0.104,0,1
299A,2025-12-11,2025-12-12,WEAK,STRONG,-5.43,3,-1.27,-0.94,1.62,-2.48,0.062,1,1
299A,2025-12-16,2025-12-17,WEAK,NORMAL,-5.32,4,-0.61,3.3,4.26,-1.3,0.0,1,1
299A,2026-01-29,2026-01-30,NORMAL,NORMAL,-5.56,3,-1.45,1.29,1.93,-0.92,0.12,0,1
299A,2026-02-04,2026-02-05,NORMAL,NORMAL,-7.19,7,-0.67,-1.54,0.0,-3.85,0.043,0,1
299A,2026-02-12,2026-02-13,NORMAL,WEAK,-5.11,5,-0.5,-0.3,1.7,-1.8,0.231,0,2
299A,2026-02-20,2026-02-24,WEAK,NORMAL,-4.12,3,1.46,-4.62,0.96,-6.16,0.091,0,1
299A,2026-02-24,2026-02-25,NORMAL,NORMAL,-3.22,3,0.1,-0.81,1.51,-1.21,0.216,0,2
3001,2025-12-29,2025-12-30,NORMAL,WEAK,-4.2,3,0.89,-2.07,0.03,-2.27,0.282,0,1
3001,2026-02-13,2026-02-16,WEAK,NORMAL,-3.82,2,1.32,2.77,3.43,-1.47,0.069,0,1
300A,2025-11-19,2025-11-20,NORMAL,STRONG,-3.08,2,1.67,1.48,3.45,0.0,0.298,0,1
300A,2026-02-13,2026-02-16,WEAK,NORMAL,-8.18,6,0.0,-1.55,0.0,-4.44,0.346,0,2
300A,2026-02-17,2026-02-18,NORMAL,STRONG,-5.26,5,-0.18,-1.95,1.08,-3.25,0.099,1,4
300A,2026-02-24,2026-02-25,NORMAL,NORMAL,-5.06,4,1.19,1.74,1.93,-2.35,0.208,0,2
3021,2025-12-29,2025-12-30,NORMAL,WEAK,-7.44,3,0.05,0.59,1.49,-2.66,0.127,0,1
3023,2026-01-16,2026-01-19,NORMAL,NORMAL,-4.38,3,3.96,6.83,8.85,-0.96,0.253,0,1
3023,2026-01-20,2026-01-21,WEAK,WEAK,-3.43,3,-4.45,0.88,2.09,-2.23,0.134,0,1
3023,2026-03-06,2026-03-10,NORMAL,WEAK,-3.54,2,-2.05,1.75,2.92,-0.05,0.373,0,3
3028,2025-12-29,2025-12-30,NORMAL,WEAK,-3.84,3,0.13,-0.22,0.65,-0.26,0.069,0,1
3030,2026-01-13,2026-01-14,NORMAL,NORMAL,-4.48,3,-0.3,0.1,1.1,-2.4,0.086,0,1
3030,2026-02-26,2026-02-27,NORMAL,STRONG,-7.62,6,4.66,1.76,1.76,-2.59,0.215,0,1
3030,2026-03-10,2026-03-11,WEAK,NORMAL,-9.05,6,-0.34,-1.68,2.02,-2.69,0.241,0,1
3031,2025-10-30,2025-10-31,NORMAL,NORMAL,-4.55,6,0.89,-1.48,0.44,-1.48,0.143,0,1
3031,2025-11-04,2025-11-05,NORMAL,WEAK,-3.6,5,0.47,-0.93,0.62,-1.39,0.0,0,3
3034,2025-12-17,2025-12-18,NORMAL,NORMAL,-4.19,2,-0.36,0.5,0.5,-1.92,0.118,0,2
3034,2026-02-06,2026-02-09,NORMAL,STRONG,-8.07,6,-0.55,-2.94,0.25,-4.26,0.265,0,2
3034,2026-02-09,2026-02-10,STRONG,STRONG,-3.48,7,0.0,1.1,2.3,-0.31,0.292,0,3
3038,2025-10-06,2025-10-07,STRONG,NORMAL,-6.1,8,0.6,1.06,1.63,-0.16,0.207,0,1
3038,2025-12-16,2025-12-17,WEAK,NORMAL,-4.74,2,0.45,0.55,1.61,-0.92,0.0,0,1
3038,2026-01-13,2026-01-14,NORMAL,NORMAL,-4.54,3,-1.11,0.44,1.07,-0.22,0.0,0,1
3038,2026-03-16,2026-03-17,NORMAL,NORMAL,-4.38,3,0.17,0.36,0.94,-1.05,0.321,0,3
303A,2025-12-08,2025-12-09,NORMAL,NORMAL,-13.45,2,0.52,-0.85,11.87,-10.16,0.0,0,1
303A,2025-12-12,2025-12-15,STRONG,NORMAL,-3.11,5,-1.04,1.68,2.72,-0.21,0.022,0,5
303A,2026-01-07,2026-01-08,NORMAL,NORMAL,-4.72,5,-0.22,-0.54,3.88,-0.76,0.073,0,1
3040,2026-02-24,2026-02-25,NORMAL,NORMAL,-11.02,4,0.11,2.96,3.17,0.0,0.207,0,1
3042,2025-10-07,2025-10-08,NORMAL,NORMAL,-4.97,2,1.74,-0.86,0.57,-2.29,0.2,0,1
3042,2025-11-19,2025-11-20,NORMAL,STRONG,-4.26,2,1.48,-3.51,0.58,-3.51,0.294,1,1
3042,2026-02-13,2026-02-16,WEAK,NORMAL,-4.43,2,-8.17,0.89,2.97,-3.26,0.0,0,1
3042,2026-02-16,2026-02-17,NORMAL,NORMAL,-7.36,6,0.0,-2.94,0.0,-2.94,0.524,0,2
3046,2025-10-16,2025-10-17,NORMAL,WEAK,-4.58,8,0.4,0.66,1.59,-0.53,0.12,0,1
3046,2025-11-04,2025-11-05,NORMAL,WEAK,-4.37,2,0.13,1.88,2.15,-2.01,0.077,0,1
3046,2025-11-07,2025-11-10,NORMAL,STRONG,-7.29,5,0.58,-2.75,0.14,-4.05,0.151,0,2
3046,2025-11-25,2025-11-26,NORMAL,STRONG,-3.55,7,-0.67,2.36,2.53,-0.51,0.038,0,1
3046,2025-12-09,2025-12-10,NORMAL,NORMAL,-5.16,5,0.0,-2.98,0.88,-3.51,0.143,0,1
3046,2026-01-08,2026-01-09,NORMAL,NORMAL,-3.16,4,0.96,0.57,1.71,-0.38,0.0,0,7
3046,2026-01-13,2026-01-14,NORMAL,NORMAL,-4.91,7,-0.6,1.6,4.0,-0.1,0.104,0,1
3063,2026-02-26,2026-02-27,NORMAL,STRONG,-6.28,4,-0.49,0.24,0.61,-0.61,0.182,0,1
3064,2026-01-14,2026-01-15,NORMAL,STRONG,-4.59,5,1.37,0.53,2.06,-0.4,0.0,0,2
3064,2026-01-21,2026-01-22,WEAK,STRONG,-3.08,4,1.07,0.14,0.88,-0.34,0.402,0,2
3064,2026-01-29,2026-01-30,NORMAL,NORMAL,-6.93,7,0.12,2.6,3.38,-0.12,0.0,0,2
3064,2026-02-13,2026-02-16,WEAK,NORMAL,-4.36,3,-1.18,-2.44,0.59,-3.12,0.173,0,1
3064,2026-02-16,2026-02-17,NORMAL,NORMAL,-3.59,3,0.7,-2.14,0.05,-2.33,0.184,0,2
3064,2026-02-24,2026-02-25,NORMAL,NORMAL,-3.33,2,1.15,1.16,2.02,-0.96,0.126,0,1
3077,2025-11-10,2025-11-11,STRONG,NORMAL,-6.12,3,0.35,0.18,2.11,-2.63,0.364,0,1
3077,2025-12-02,2025-12-03,WEAK,WEAK,-4.63,4,0.0,0.0,0.22,-1.1,0.05,0,4
3079,2025-11-04,2025-11-05,NORMAL,WEAK,-5.26,2,2.48,0.08,6.25,-5.83,0.217,0,1
3079,2025-11-11,2025-11-12,NORMAL,STRONG,-6.16,2,-0.42,6.09,7.09,-1.83,0.119,0,1
3080,2026-02-26,2026-02-27,NORMAL,STRONG,-8.81,7,0.0,-1.16,0.0,-1.29,0.292,0,1
3082,2025-12-29,2025-12-30,NORMAL,WEAK,-6.1,5,-0.11,-0.33,0.98,-0.33,0.08,0,1
3083,2025-10-16,2025-10-17,NORMAL,WEAK,-3.47,6,-0.14,-4.56,1.8,-5.53,0.097,0,3
3083,2025-10-17,2025-10-20,WEAK,STRONG,-4.7,6,1.45,4.29,4.29,0.0,0.132,0,4
3083,2025-11-14,2025-11-17,NORMAL,NORMAL,-9.67,7,0.0,-4.22,0.0,-4.52,0.337,0,2
3083,2025-11-19,2025-11-20,NORMAL,STRONG,-4.89,2,0.15,0.76,1.96,-0.15,0.15,0,1
3083,2026-02-02,2026-02-03,NORMAL,STRONG,-4.04,5,0.54,-1.48,0.67,-2.16,0.3,0,4
3083,2026-02-06,2026-02-09,NORMAL,STRONG,-3.18,4,1.64,-1.08,0.54,-1.62,0.182,0,2
3086,2025-10-16,2025-10-17,NORMAL,WEAK,-3.29,6,-0.38,-2.32,0.04,-4.5,0.118,0,3
3087,2025-10-15,2025-10-16,STRONG,NORMAL,-4.47,7,0.49,0.36,0.65,-0.4,0.0,0,2
3088,2025-12-22,2025-12-23,NORMAL,NORMAL,-3.53,2,-0.49,0.77,1.08,-0.18,0.123,0,2
3088,2026-01-16,2026-01-19,NORMAL,NORMAL,-5.52,6,1.61,-0.87,1.31,-0.87,0.013,0,1
3088,2026-02-16,2026-02-17,NORMAL,NORMAL,-7.09,2,0.04,-0.02,1.37,-0.92,0.259,0,1
3088,2026-03-06,2026-03-10,NORMAL,WEAK,-5.38,3,2.39,-0.63,1.3,-1.18,0.909,0,3
3089,2025-11-25,2025-11-26,NORMAL,STRONG,-4.57,5,-0.89,0.16,1.64,-0.82,0.056,0,1
3089,2026-01-15,2026-01-16,STRONG,NORMAL,-4.62,2,-0.15,-4.92,0.0,-5.98,0.175,0,2
3089,2026-01-16,2026-01-19,NORMAL,NORMAL,-5.07,6,1.04,-0.16,0.0,-2.84,0.177,0,3
3089,2026-03-10,2026-03-11,WEAK,NORMAL,-3.06,6,1.32,-0.17,1.56,-0.17,0.792,0,4
3091,2025-12-29,2025-12-30,NORMAL,WEAK,-3.92,5,0.13,-0.53,0.13,-0.92,0.294,0,1
3091,2026-01-21,2026-01-22,WEAK,STRONG,-3.16,5,1.31,1.16,1.29,-0.9,0.0,0,1
3092,2025-10-07,2025-10-08,NORMAL,NORMAL,-3.2,3,1.08,-0.15,1.21,-1.32,0.085,0,1
3092,2025-11-04,2025-11-05,NORMAL,WEAK,-4.8,5,1.02,0.12,2.07,-1.29,0.467,0,1
3092,2026-01-21,2026-01-22,WEAK,STRONG,-3.03,3,0.69,-0.77,0.44,-1.01,0.049,0,2
3092,2026-02-02,2026-02-03,NORMAL,STRONG,-9.21,6,-1.21,-0.57,0.7,-0.96,0.074,0,1
3092,2026-02-13,2026-02-16,WEAK,NORMAL,-5.1,5,1.28,-0.27,0.67,-1.17,0.079,0,2
3092,2026-02-20,2026-02-24,WEAK,NORMAL,-3.4,4,2.78,-1.4,0.32,-1.89,0.18,0,1
3099,2025-10-07,2025-10-08,NORMAL,NORMAL,-3.56,3,-0.02,0.4,0.76,-0.76,0.092,0,1
3099,2025-10-17,2025-10-20,WEAK,STRONG,-3.22,6,1.67,-0.24,0.28,-1.59,0.169,0,3
3099,2026-03-10,2026-03-11,WEAK,NORMAL,-3.22,2,1.09,-0.4,1.14,-0.94,0.43,0,1
3099,2026-03-16,2026-03-17,NORMAL,NORMAL,-3.1,3,1.4,1.24,2.62,-0.21,0.1,0,3
3103,2025-12-09,2025-12-10,NORMAL,NORMAL,-5.88,2,0.78,0.78,0.78,-3.1,0.071,0,3
3103,2025-12-16,2025-12-17,WEAK,NORMAL,-4.83,4,-0.39,0.0,0.78,-1.96,0.083,0,1
3103,2026-02-02,2026-02-03,NORMAL,STRONG,-7.47,3,4.81,9.34,10.49,-11.48,0.095,0,1
3103,2026-03-16,2026-03-17,NORMAL,NORMAL,-3.07,3,3.55,-6.86,0.0,-9.92,0.271,1,1
3103,2026-03-26,2026-03-27,WEAK,NORMAL,-18.04,6,-2.62,6.64,12.02,-1.79,0.194,0,1
3104,2026-01-30,2026-02-02,NORMAL,NORMAL,-7.12,3,3.95,-2.35,3.46,-2.68,0.228,0,2
3105,2026-02-10,2026-02-12,STRONG,NORMAL,-12.75,3,0.92,3.4,6.63,-0.26,0.14,0,1
3107,2025-11-07,2025-11-10,NORMAL,STRONG,-4.53,4,1.6,2.28,2.28,-1.17,0.018,0,1
3110,2025-12-03,2025-12-04,WEAK,NORMAL,-5.28,3,-2.53,0.61,7.62,-0.43,0.209,0,3
3110,2025-12-08,2025-12-09,NORMAL,NORMAL,-3.5,2,-0.51,-3.22,0.08,-7.12,0.339,1,1
3110,2025-12-09,2025-12-10,NORMAL,NORMAL,-3.71,3,0.0,2.98,7.27,-0.44,0.541,0,2
3110,2025-12-15,2025-12-16,NORMAL,WEAK,-4.57,5,-0.72,-4.64,0.27,-6.0,0.477,0,1
3110,2025-12-16,2025-12-17,WEAK,NORMAL,-5.32,6,0.0,1.14,1.33,-3.62,0.217,0,2
3110,2025-12-26,2025-12-29,NORMAL,NORMAL,-3.41,5,1.47,0.1,1.06,-1.45,0.2,0,4
3116,2025-10-31,2025-11-04,NORMAL,NORMAL,-5.15,4,-0.17,-3.16,0.0,-4.26,0.319,0,1
3116,2025-11-04,2025-11-05,NORMAL,WEAK,-3.32,4,-0.92,1.42,1.44,-0.67,0.26,0,2
3116,2026-03-06,2026-03-10,NORMAL,WEAK,-3.61,2,-4.9,-0.53,1.21,-0.92,0.651,0,3
3116,2026-03-10,2026-03-11,WEAK,NORMAL,-5.4,4,1.82,-0.57,0.66,-1.02,0.186,0,4
3121,2025-10-31,2025-11-04,NORMAL,NORMAL,-5.24,7,0.79,-1.96,1.96,-3.53,0.263,0,1
3121,2025-11-21,2025-11-25,STRONG,NORMAL,-5.26,5,-0.43,-1.29,0.43,-1.72,0.333,0,7
3121,2025-12-01,2025-12-02,WEAK,WEAK,-3.85,8,-0.44,-5.36,0.45,-5.36,0.588,0,1
3131,2025-11-05,2025-11-06,WEAK,NORMAL,-3.63,2,2.03,0.14,1.42,-1.84,0.721,0,1
3131,2025-11-12,2025-11-13,STRONG,NORMAL,-10.4,8,1.85,0.69,0.95,-2.66,0.308,0,2
3132,2026-02-02,2026-02-03,NORMAL,STRONG,-7.21,4,-1.26,6.88,7.79,-0.68,0.097,0,1
3132,2026-02-04,2026-02-05,NORMAL,NORMAL,-4.45,2,1.47,-0.74,0.36,-1.61,0.0,1,1
3132,2026-03-10,2026-03-11,WEAK,NORMAL,-3.41,3,1.66,-1.2,0.97,-1.55,0.41,0,4
3133,2025-10-17,2025-10-20,WEAK,STRONG,-3.04,4,0.63,-0.31,1.87,-0.94,0.167,0,2
3133,2025-10-24,2025-10-27,NORMAL,STRONG,-3.33,3,-0.16,-2.82,0.78,-3.45,0.069,0,2
3133,2025-11-05,2025-11-06,WEAK,NORMAL,-3.5,3,1.16,0.0,1.63,-0.65,0.217,0,1
3133,2025-11-19,2025-11-20,NORMAL,STRONG,-5.41,8,1.97,-0.39,0.58,-5.03,0.327,0,4
3133,2025-11-21,2025-11-25,STRONG,NORMAL,-4.08,6,-1.01,-8.79,0.82,-13.09,0.462,1,1
3133,2025-11-25,2025-11-26,NORMAL,STRONG,-9.72,10,3.59,1.73,4.76,-3.25,0.309,0,2
3133,2025-12-01,2025-12-02,WEAK,WEAK,-4.09,7,1.79,-5.51,0.0,-8.15,0.125,0,1
3133,2025-12-02,2025-12-03,WEAK,WEAK,-3.81,7,0.0,0.0,0.7,-3.73,0.324,0,2
3133,2025-12-11,2025-12-12,WEAK,STRONG,-7.39,6,-0.47,-1.89,2.12,-2.12,0.029,0,1
3133,2025-12-22,2025-12-23,NORMAL,NORMAL,-4.77,4,1.67,7.51,13.85,-0.23,0.366,0,1
3133,2026-02-06,2026-02-09,NORMAL,STRONG,-3.76,4,0.24,0.0,0.49,-1.95,0.174,0,1
3133,2026-02-17,2026-02-18,NORMAL,STRONG,-7.81,6,0.85,0.84,3.08,-4.2,0.03,0,3
3134,2025-10-31,2025-11-04,NORMAL,NORMAL,-9.11,9,0.58,-2.11,6.32,-2.11,0.0,0,2
3134,2025-11-06,2025-11-07,NORMAL,NORMAL,-4.08,8,0.4,1.61,3.02,0.0,0.562,0,1
3134,2025-11-25,2025-11-26,NORMAL,STRONG,-4.13,3,1.76,-0.58,0.0,-1.54,0.174,0,1
3134,2025-12-16,2025-12-17,WEAK,NORMAL,-14.91,7,0.0,-1.35,3.82,-1.8,0.098,0,3
3134,2025-12-22,2025-12-23,NORMAL,NORMAL,-6.57,3,0.0,1.76,1.76,0.0,0.098,1,1
3135,2025-11-14,2025-11-17,NORMAL,NORMAL,-7.87,6,0.18,-2.78,0.06,-3.63,0.388,0,2
3135,2025-12-29,2025-12-30,NORMAL,WEAK,-7.62,4,-0.19,-2.05,0.0,-2.05,0.183,0,1
3135,2026-01-13,2026-01-14,NORMAL,NORMAL,-4.89,9,0.5,-0.07,1.07,-0.71,0.0,0,1
3135,2026-02-16,2026-02-17,NORMAL,NORMAL,-21.32,10,-14.18,5.68,8.11,-1.05,0.0,0,2
3135,2026-02-17,2026-02-18,NORMAL,STRONG,-9.3,10,1.0,-1.87,0.3,-2.17,0.115,0,3
3135,2026-02-24,2026-02-25,NORMAL,NORMAL,-5.5,8,1.16,2.93,3.66,0.0,0.0,1,2
3138,2025-12-09,2025-12-10,NORMAL,NORMAL,-8.91,6,1.0,-1.19,1.78,-3.16,0.234,0,1
3138,2025-12-29,2025-12-30,NORMAL,WEAK,-11.89,7,0.33,-0.78,0.33,-1.56,0.375,0,1
3139,2025-10-15,2025-10-16,STRONG,NORMAL,-15.14,10,1.02,-2.03,0.14,-2.17,0.316,0,5
3139,2025-11-27,2025-11-28,NORMAL,NORMAL,-3.43,2,0.0,-1.14,0.43,-1.14,0.0,0,1
3140,2025-12-29,2025-12-30,NORMAL,WEAK,-4.42,5,0.0,-0.98,0.0,-1.08,0.053,0,1
314A,2025-10-22,2025-10-23,STRONG,NORMAL,-4.14,2,-1.24,1.26,1.43,-0.41,0.34,0,1
314A,2026-01-30,2026-02-02,NORMAL,NORMAL,-7.08,3,-6.8,-6.27,2.42,-6.84,0.148,0,1
314A,2026-02-02,2026-02-03,NORMAL,STRONG,-12.64,5,7.14,1.84,1.84,-0.4,0.062,0,2
3159,2026-03-16,2026-03-17,NORMAL,NORMAL,-5.83,2,1.18,0.0,0.58,-1.46,0.5,0,3
315A,2025-10-17,2025-10-20,WEAK,STRONG,-3.17,3,1.86,2.43,2.61,-0.87,0.043,0,1
3160,2025-11-27,2025-11-28,NORMAL,NORMAL,-5.88,6,0.0,0.17,0.52,-0.17,0.053,0,1
3168,2026-01-30,2026-02-02,NORMAL,NORMAL,-7.68,3,-7.14,0.63,6.32,-2.85,0.111,0,1
3168,2026-03-17,2026-03-18,NORMAL,STRONG,-10.52,2,1.4,4.49,5.43,-0.14,0.0,0,2
3168,2026-03-26,2026-03-27,WEAK,NORMAL,-4.37,5,-2.01,-0.24,0.87,-4.43,0.091,0,1
3169,2026-01-29,2026-01-30,NORMAL,NORMAL,-9.51,8,0.0,0.8,0.8,0.0,0.125,0,2
316A,2025-11-21,2025-11-25,STRONG,NORMAL,-4.3,2,3.49,-0.25,0.08,-0.25,0.222,0,1
316A,2025-12-16,2025-12-17,WEAK,NORMAL,-3.45,5,1.29,0.57,0.57,-0.62,0.231,0,2
316A,2026-02-06,2026-02-09,NORMAL,STRONG,-3.73,6,3.63,-0.98,0.0,-1.12,0.163,0,3
316A,2026-02-13,2026-02-16,WEAK,NORMAL,-3.65,4,0.0,0.1,0.4,-0.05,0.368,0,2
3174,2025-12-02,2025-12-03,WEAK,WEAK,-8.78,2,0.95,-2.81,0.16,-2.81,0.226,1,1
3174,2026-02-09,2026-02-10,STRONG,STRONG,-3.14,3,0.49,-0.65,0.16,-1.45,0.477,0,1
3174,2026-02-26,2026-02-27,NORMAL,STRONG,-10.2,4,0.0,-1.89,0.34,-1.89,0.067,0,1
3176,2025-11-10,2025-11-11,STRONG,NORMAL,-3.38,3,0.91,-3.27,1.15,-4.17,0.0,0,2
3179,2025-10-24,2025-10-27,NORMAL,STRONG,-3.58,2,0.23,1.29,1.36,0.0,0.215,0,1
3179,2025-11-12,2025-11-13,STRONG,NORMAL,-7.16,4,-0.83,1.59,2.01,-0.75,0.0,0,1
3179,2025-12-01,2025-12-02,WEAK,WEAK,-3.57,3,0.59,-0.75,0.42,-1.09,0.149,0,4
3180,2025-12-09,2025-12-10,NORMAL,NORMAL,-4.08,3,2.16,5.36,6.91,-2.68,0.0,0,2
3180,2026-01-21,2026-01-22,WEAK,STRONG,-3.5,3,0.0,-0.99,0.66,-1.19,0.0,0,2
3180,2026-02-26,2026-02-27,NORMAL,STRONG,-5.23,5,-1.1,0.97,2.31,-0.22,0.0,0,4
3181,2025-10-15,2025-10-16,STRONG,NORMAL,-10.74,10,0.23,5.66,10.87,0.0,0.079,0,5
3182,2025-11-14,2025-11-17,NORMAL,NORMAL,-6.22,5,0.0,-2.27,1.6,-3.93,0.487,0,2
3182,2025-11-25,2025-11-26,NORMAL,STRONG,-3.28,4,1.66,0.78,1.96,-1.11,0.03,0,1
3182,2025-12-02,2025-12-03,WEAK,WEAK,-3.72,5,-0.48,-1.87,0.0,-1.94,0.189,0,4
3182,2025-12-11,2025-12-12,WEAK,STRONG,-3.17,4,1.75,-0.86,0.36,-1.36,0.245,0,1
3185,2025-11-13,2025-11-14,NORMAL,NORMAL,-3.85,2,0.0,2.22,4.89,-0.44,0.25,0,1
3186,2026-02-05,2026-02-06,NORMAL,NORMAL,-3.67,2,0.88,-1.16,0.15,-2.47,0.033,0,1
3186,2026-03-06,2026-03-10,NORMAL,WEAK,-13.16,6,-4.31,-0.73,4.33,-2.37,0.413,0,2
3186,2026-03-10,2026-03-11,WEAK,NORMAL,-5.01,6,2.92,2.77,4.57,-0.65,0.244,0,3
3189,2025-11-13,2025-11-14,NORMAL,NORMAL,-6.5,6,0.0,-1.74,0.0,-3.04,0.0,0,1
3189,2025-11-25,2025-11-26,NORMAL,STRONG,-5.64,6,0.72,4.99,13.3,0.0,0.061,0,1
3189,2025-12-04,2025-12-05,NORMAL,WEAK,-4.36,5,1.27,0.0,1.0,-4.25,0.043,0,3
3189,2025-12-22,2025-12-23,NORMAL,NORMAL,-16.46,10,2.65,-1.11,2.95,-5.9,0.159,0,1
3189,2026-01-08,2026-01-09,NORMAL,NORMAL,-3.62,6,0.0,3.01,4.51,-1.5,0.143,1,1
3189,2026-01-16,2026-01-19,NORMAL,NORMAL,-8.71,2,2.12,-5.54,0.35,-6.23,0.121,0,1
3189,2026-01-30,2026-02-02,NORMAL,NORMAL,-6.27,2,-0.79,-2.78,1.59,-3.97,0.348,0,5
3189,2026-02-02,2026-02-03,NORMAL,STRONG,-3.54,3,0.82,-1.21,0.81,-2.02,0.214,0,6
318A,2025-12-12,2025-12-15,STRONG,NORMAL,-5.62,6,1.7,-1.22,0.38,-1.22,0.057,0,2
318A,2025-12-22,2025-12-23,NORMAL,NORMAL,-4.48,5,-1.48,-0.44,0.2,-0.64,0.156,0,2
318A,2026-01-05,2026-01-06,NORMAL,STRONG,-4.53,6,1.5,-0.21,0.34,-0.4,0.462,0,1
318A,2026-01-09,2026-01-13,NORMAL,NORMAL,-4.64,3,-1.94,1.12,1.27,-0.1,0.009,0,1
3193,2026-01-19,2026-01-20,NORMAL,WEAK,-3.02,2,0.74,-0.88,0.29,-0.88,0.0,0,2
3193,2026-03-16,2026-03-17,NORMAL,NORMAL,-7.42,7,1.57,0.15,2.01,-0.62,0.348,0,3
3195,2025-11-05,2025-11-06,WEAK,NORMAL,-14.94,2,6.69,-3.61,8.93,-3.76,0.0,0,1
3195,2025-12-11,2025-12-12,WEAK,STRONG,-3.43,2,0.37,4.1,4.1,0.0,0.31,0,1
3195,2025-12-16,2025-12-17,WEAK,NORMAL,-4.54,3,-0.38,-3.44,0.0,-4.39,0.0,0,2
3195,2025-12-17,2025-12-18,NORMAL,NORMAL,-3.8,4,-0.99,-1.2,2.79,-1.6,0.217,1,3
3195,2026-03-06,2026-03-10,NORMAL,WEAK,-3.45,3,-0.99,-0.2,1.0,-2.21,0.25,0,3
3195,2026-03-13,2026-03-16,WEAK,NORMAL,-3.29,7,-1.7,-4.1,1.08,-5.4,0.097,0,2
3195,2026-03-16,2026-03-17,NORMAL,NORMAL,-5.73,7,3.6,-4.57,0.43,-5.22,0.2,0,3
3196,2025-12-29,2025-12-30,NORMAL,WEAK,-3.69,6,-0.1,-0.5,0.15,-0.5,0.156,0,2
3197,2025-10-03,2025-10-06,STRONG,STRONG,-3.65,4,1.28,0.24,0.87,-1.14,0.0,0,2
3197,2025-12-11,2025-12-12,WEAK,STRONG,-3.74,2,1.44,2.26,2.52,-0.56,0.071,0,2
3197,2025-12-29,2025-12-30,NORMAL,WEAK,-3.23,3,1.05,-2.44,0.35,-2.44,0.289,0,1
3198,2025-10-15,2025-10-16,STRONG,NORMAL,-3.37,7,-0.1,1.13,1.53,0.0,0.0,0,1
3198,2026-02-26,2026-02-27,NORMAL,STRONG,-3.18,5,-0.23,0.0,0.0,-1.33,0.241,0,2
319A,2026-01-22,2026-01-23,STRONG,NORMAL,-7.56,2,-0.19,0.67,2.02,-1.16,0.093,0,3
319A,2026-01-30,2026-02-02,NORMAL,NORMAL,-4.15,4,0.32,4.74,6.25,-0.32,0.727,0,4
319A,2026-02-04,2026-02-05,NORMAL,NORMAL,-6.19,4,-0.32,-0.75,0.32,-2.67,0.07,0,1
3204,2025-10-24,2025-10-27,NORMAL,STRONG,-3.3,2,0.4,0.6,1.2,0.0,0.276,0,2
3204,2026-01-21,2026-01-22,WEAK,STRONG,-7.9,3,-2.53,0.6,0.6,-1.8,0.562,0,1
3205,2026-02-10,2026-02-12,STRONG,NORMAL,-7.35,6,0.0,0.74,3.27,0.0,0.03,0,4
3222,2025-10-08,2025-10-09,NORMAL,NORMAL,-4.52,8,0.34,0.56,0.56,-0.45,0.027,0,2
3222,2026-02-26,2026-02-27,NORMAL,STRONG,-4.07,3,-1.59,-1.94,0.32,-3.24,0.162,0,2
3222,2026-02-27,2026-03-02,STRONG,WEAK,-3.5,4,-0.99,-1.0,1.11,-1.33,0.364,0,3
3231,2025-10-31,2025-11-04,NORMAL,NORMAL,-4.74,4,0.34,-1.64,0.11,-2.03,0.319,0,1
323A,2025-11-04,2025-11-05,NORMAL,WEAK,-3.84,10,1.0,-5.73,0.0,-8.1,0.0,0,5
3242,2025-12-29,2025-12-30,NORMAL,WEAK,-3.04,6,-0.52,-0.17,0.7,-0.35,0.3,0,1
3245,2025-11-26,2025-11-27,STRONG,NORMAL,-5.44,3,-0.36,0.36,1.8,-0.36,0.175,0,2
3245,2026-02-06,2026-02-09,NORMAL,STRONG,-3.12,4,0.54,-1.6,0.53,-2.32,0.339,0,1
3246,2026-01-29,2026-01-30,NORMAL,NORMAL,-9.33,9,-0.44,-1.62,0.89,-1.62,0.0,0,5
3248,2025-10-30,2025-10-31,NORMAL,NORMAL,-6.08,7,0.0,-1.18,0.82,-2.94,0.0,0,1
324A,2025-11-26,2025-11-27,STRONG,NORMAL,-3.62,2,1.45,0.57,0.95,-1.23,0.146,0,2
324A,2025-12-15,2025-12-16,NORMAL,WEAK,-11.46,8,1.58,-3.73,0.31,-4.56,0.138,0,1
324A,2025-12-22,2025-12-23,NORMAL,NORMAL,-3.45,5,0.43,2.27,2.48,0.0,0.135,0,1
3252,2026-02-13,2026-02-16,WEAK,NORMAL,-4.32,3,-1.02,-3.68,0.0,-4.12,0.234,0,1
3252,2026-02-16,2026-02-17,NORMAL,NORMAL,-4.66,2,-0.15,-1.68,0.76,-1.83,0.107,0,2
325A,2025-10-21,2025-10-22,NORMAL,STRONG,-3.41,2,0.47,3.04,5.97,-0.59,0.219,1,1
325A,2025-10-23,2025-10-24,NORMAL,NORMAL,-5.68,2,0.36,-1.08,1.8,-1.32,0.2,1,1
325A,2025-11-25,2025-11-26,NORMAL,STRONG,-4.92,3,-0.13,3.11,3.11,0.0,0.0,0,2
325A,2025-12-11,2025-12-12,WEAK,STRONG,-4.4,3,-0.51,1.54,1.93,-0.26,0.17,0,1
325A,2026-01-14,2026-01-15,NORMAL,STRONG,-13.1,3,-1.53,-1.67,1.08,-1.67,0.169,0,1
325A,2026-02-06,2026-02-09,NORMAL,STRONG,-3.47,5,0.0,1.33,2.13,-2.66,0.038,0,3
3261,2025-12-22,2025-12-23,NORMAL,NORMAL,-25.19,10,-16.84,0.0,0.0,0.0,0.0,0,1
3261,2025-12-24,2025-12-25,NORMAL,NORMAL,-9.58,10,0.75,-0.3,0.3,-0.74,0.226,0,3
3261,2025-12-29,2025-12-30,NORMAL,WEAK,-8.46,9,-0.33,-1.49,0.5,-2.32,0.154,0,2
3267,2025-10-16,2025-10-17,NORMAL,WEAK,-7.4,5,-1.31,-0.44,1.88,-2.77,0.163,1,1
3267,2026-01-05,2026-01-06,NORMAL,STRONG,-4.86,3,1.5,0.79,1.68,-0.3,0.322,0,4
3271,2025-11-10,2025-11-11,STRONG,NORMAL,-11.48,8,0.11,1.21,2.96,-1.1,0.0,0,1
3271,2026-02-09,2026-02-10,STRONG,STRONG,-6.47,4,-0.11,3.52,4.29,-0.11,0.0,0,1
3288,2026-03-10,2026-03-11,WEAK,NORMAL,-3.1,2,0.97,-0.19,0.91,-0.72,0.0,0,4
3291,2025-11-12,2025-11-13,STRONG,NORMAL,-3.7,2,0.66,-0.04,0.15,-0.59,0.079,0,1
3291,2026-03-06,2026-03-10,NORMAL,WEAK,-3.68,4,-0.38,-0.42,0.68,-0.54,0.294,0,3
3299,2025-11-14,2025-11-17,NORMAL,NORMAL,-5.47,7,0.0,-2.38,0.21,-3.05,0.225,0,2
3300,2025-11-20,2025-11-21,STRONG,STRONG,-3.71,5,-1.57,0.49,1.64,-1.56,0.393,0,1
3300,2025-12-01,2025-12-02,WEAK,WEAK,-3.29,4,-0.14,-2.71,0.74,-3.17,0.034,0,1
3302,2026-02-16,2026-02-17,NORMAL,NORMAL,-7.38,4,-0.03,-0.64,0.97,-1.74,0.325,0,2
330A,2025-12-04,2025-12-05,NORMAL,WEAK,-3.87,3,-1.72,-1.75,2.69,-2.92,0.0,0,4
330A,2025-12-05,2025-12-08,WEAK,NORMAL,-3.45,7,0.6,5.33,7.57,-0.47,0.208,0,5
330A,2025-12-11,2025-12-12,WEAK,STRONG,-3.62,5,-0.12,1.58,2.06,0.0,0.0,0,3
330A,2026-02-04,2026-02-05,NORMAL,NORMAL,-4.44,4,0.13,2.38,2.88,-0.38,0.298,0,2
330A,2026-02-13,2026-02-16,WEAK,NORMAL,-16.93,8,-7.47,-4.11,2.79,-8.96,0.0,0,1
330A,2026-02-16,2026-02-17,NORMAL,NORMAL,-11.28,9,1.53,-4.22,1.81,-4.83,0.412,0,2
330A,2026-02-19,2026-02-20,NORMAL,WEAK,-5.43,7,0.0,1.8,1.8,-1.97,0.211,0,1
3320,2026-01-29,2026-01-30,NORMAL,NORMAL,-5.13,6,0.07,1.7,2.22,-0.15,0.208,0,3
332A,2026-02-06,2026-02-09,NORMAL,STRONG,-5.23,3,0.6,-0.77,0.51,-1.97,0.232,0,3
332A,2026-02-24,2026-02-25,NORMAL,NORMAL,-6.66,2,-0.41,-1.4,1.73,-2.72,0.188,0,1
332A,2026-03-13,2026-03-16,WEAK,NORMAL,-3.26,5,-0.68,2.33,4.17,-0.29,0.067,1,7
332A,2026-03-26,2026-03-27,WEAK,NORMAL,-4.91,3,-0.94,4.83,5.59,0.0,0.118,0,1
3349,2025-10-15,2025-10-16,STRONG,NORMAL,-9.82,8,-0.15,0.26,1.64,-0.99,0.635,0,2
3349,2026-01-13,2026-01-14,NORMAL,NORMAL,-3.79,6,-4.08,1.04,2.47,-1.94,0.078,0,4
3349,2026-01-14,2026-01-15,NORMAL,STRONG,-3.09,8,-1.54,-1.63,0.9,-1.63,0.441,0,5
3349,2026-01-15,2026-01-16,STRONG,NORMAL,-3.14,8,-0.74,-4.47,0.01,-4.47,0.0,0,6
3349,2026-01-16,2026-01-19,NORMAL,NORMAL,-5.17,9,1.36,2.85,5.38,-0.02,0.0,0,7
334A,2026-02-13,2026-02-16,WEAK,NORMAL,-11.35,9,-2.44,4.12,4.43,-0.56,0.167,0,1
3350,2025-10-08,2025-10-09,NORMAL,NORMAL,-8.01,2,1.05,-3.45,0.0,-3.97,0.323,0,1
3350,2025-10-15,2025-10-16,STRONG,NORMAL,-4.56,4,-3.26,-3.37,1.35,-4.49,0.214,0,5
3350,2025-10-16,2025-10-17,NORMAL,WEAK,-6.52,5,-5.81,-0.74,7.9,-4.44,0.192,0,6
3350,2025-10-21,2025-10-22,NORMAL,STRONG,-6.61,5,0.0,-0.94,2.59,-1.42,0.333,1,1
3350,2025-11-04,2025-11-05,NORMAL,WEAK,-8.35,3,-4.67,2.8,3.5,-3.73,0.027,1,1
3350,2025-11-06,2025-11-07,NORMAL,NORMAL,-3.85,3,-3.07,0.97,2.43,-3.16,0.05,0,3
3350,2025-11-11,2025-11-12,NORMAL,STRONG,-3.28,3,-1.45,4.42,4.67,0.0,0.0,1,1
3350,2025-11-13,2025-11-14,NORMAL,NORMAL,-6.59,3,-2.27,3.09,3.61,0.0,0.243,0,1
3350,2025-11-21,2025-11-25,STRONG,NORMAL,-7.75,6,3.08,-0.82,1.09,-2.17,0.24,1,1
3350,2025-12-01,2025-12-02,WEAK,WEAK,-5.0,2,-2.11,-4.03,0.81,-4.03,0.308,1,1
3350,2025-12-02,2025-12-03,WEAK,WEAK,-6.05,4,5.04,4.53,4.8,-0.8,0.0,1,2
3350,2025-12-11,2025-12-12,WEAK,STRONG,-10.83,2,2.38,2.79,4.42,-1.16,0.167,0,1
3350,2025-12-30,2026-01-05,WEAK,NORMAL,-7.95,2,7.9,7.09,10.98,-0.92,0.111,0,2
3350,2026-01-29,2026-01-30,NORMAL,NORMAL,-4.0,2,-6.14,1.4,4.21,-4.44,0.0,0,2
3350,2026-01-30,2026-02-02,NORMAL,NORMAL,-4.82,4,-9.22,2.03,6.35,0.0,0.514,0,3
3350,2026-02-02,2026-02-03,NORMAL,STRONG,-7.37,5,1.0,0.0,1.23,-3.69,0.0,0,4
3350,2026-02-04,2026-02-05,NORMAL,NORMAL,-3.94,7,-5.64,-2.17,2.45,-4.35,0.0,1,1
3350,2026-02-06,2026-02-09,NORMAL,STRONG,-5.56,7,8.82,-4.05,0.27,-7.3,0.057,0,3
3350,2026-02-12,2026-02-13,NORMAL,WEAK,-5.87,7,-2.08,-1.52,2.42,-1.52,0.3,1,1
3350,2026-02-13,2026-02-16,WEAK,NORMAL,-3.56,7,1.85,-1.51,1.21,-1.51,0.0,1,2
3350,2026-02-18,2026-02-19,STRONG,NORMAL,-3.55,7,-0.92,-4.02,0.31,-5.26,0.7,0,1
3350,2026-02-19,2026-02-20,NORMAL,WEAK,-4.91,7,-1.29,4.25,5.88,-0.65,0.222,0,2
3350,2026-02-24,2026-02-25,NORMAL,NORMAL,-5.96,6,-1.67,1.36,3.39,-3.73,0.412,0,1
3350,2026-03-17,2026-03-18,NORMAL,STRONG,-12.02,2,0.29,2.9,4.64,-0.87,0.042,0,1
3355,2026-02-13,2026-02-16,WEAK,NORMAL,-6.25,5,1.44,-1.42,0.3,-1.84,0.111,0,1
3360,2026-03-06,2026-03-10,NORMAL,WEAK,-3.36,3,-0.61,-1.32,0.26,-1.34,0.462,1,3
336A,2025-11-14,2025-11-17,NORMAL,NORMAL,-10.74,8,0.6,3.08,3.08,-1.3,0.036,0,2
336A,2025-11-20,2025-11-21,STRONG,STRONG,-5.78,7,-0.77,-0.9,0.9,-3.6,0.0,0,3
336A,2025-11-25,2025-11-26,NORMAL,STRONG,-5.06,6,4.1,-3.02,0.79,-4.2,0.0,0,5
336A,2025-12-01,2025-12-02,WEAK,WEAK,-4.68,6,-1.15,-5.4,1.31,-5.99,0.147,0,3
336A,2025-12-02,2025-12-03,WEAK,WEAK,-6.49,7,-1.23,2.66,2.97,-1.25,0.08,0,4
336A,2025-12-05,2025-12-08,WEAK,NORMAL,-4.41,6,0.0,0.92,1.54,0.0,0.0,1,1
336A,2025-12-09,2025-12-10,NORMAL,NORMAL,-8.84,9,-1.34,-0.85,2.37,-1.19,0.02,0,1
336A,2025-12-11,2025-12-12,WEAK,STRONG,-5.13,7,1.26,-1.6,0.18,-2.14,0.069,1,3
336A,2025-12-17,2025-12-18,NORMAL,NORMAL,-4.09,7,0.0,1.67,2.41,-1.48,0.156,0,1
336A,2025-12-22,2025-12-23,NORMAL,NORMAL,-3.85,5,0.91,7.58,9.03,0.0,0.061,0,1
336A,2025-12-24,2025-12-25,NORMAL,NORMAL,-3.69,4,0.7,2.08,3.29,-0.69,0.0,0,1
336A,2026-02-12,2026-02-13,NORMAL,WEAK,-4.36,2,-1.52,-4.12,0.17,-4.46,0.333,0,1
336A,2026-02-19,2026-02-20,NORMAL,WEAK,-5.59,2,1.44,0.57,1.28,-3.98,0.293,0,1
336A,2026-03-26,2026-03-27,WEAK,NORMAL,-7.14,5,-0.49,1.15,1.97,-1.32,0.075,0,1
3371,2025-11-05,2025-11-06,WEAK,NORMAL,-4.71,5,0.89,-0.49,0.54,-1.18,0.0,0,2
3377,2025-10-06,2025-10-07,STRONG,NORMAL,-9.86,3,0.44,-1.31,1.53,-1.96,0.391,0,1
3377,2025-10-30,2025-10-31,NORMAL,NORMAL,-4.75,5,-1.5,-0.51,3.29,-0.76,0.343,0,4
3382,2026-01-13,2026-01-14,NORMAL,NORMAL,-3.17,2,0.66,1.67,2.21,-0.38,0.0,0,1
3387,2026-02-26,2026-02-27,NORMAL,STRONG,-3.64,4,0.13,-0.67,0.0,-2.16,0.167,0,1
3388,2026-02-02,2026-02-03,NORMAL,STRONG,-3.27,6,0.83,0.48,0.7,-0.74,0.133,0,7
338A,2025-11-05,2025-11-06,WEAK,NORMAL,-4.62,3,1.41,-5.08,1.54,-6.47,0.554,0,2
338A,2025-11-06,2025-11-07,NORMAL,NORMAL,-3.75,4,-1.46,3.62,3.79,-0.82,0.173,0,3
338A,2025-11-11,2025-11-12,NORMAL,STRONG,-3.2,4,-0.75,5.45,6.52,-1.36,0.543,0,1
338A,2025-11-13,2025-11-14,NORMAL,NORMAL,-9.34,5,-1.58,-0.81,6.76,-0.81,0.064,0,1
338A,2025-11-28,2025-12-01,NORMAL,WEAK,-3.31,2,1.14,-2.58,0.48,-4.52,0.034,1,2
338A,2025-12-24,2025-12-25,NORMAL,NORMAL,-4.68,3,-1.57,4.19,6.59,-0.2,0.053,0,1
338A,2025-12-29,2025-12-30,NORMAL,WEAK,-4.03,3,-1.3,-2.84,0.81,-2.94,0.278,0,2
338A,2025-12-30,2026-01-05,WEAK,NORMAL,-4.1,5,-0.94,0.21,1.16,-1.68,0.027,0,3
338A,2026-01-08,2026-01-09,NORMAL,NORMAL,-3.46,3,1.13,0.93,3.54,-2.99,0.0,0,1
338A,2026-02-04,2026-02-05,NORMAL,NORMAL,-4.28,2,0.34,-1.54,0.0,-3.09,0.094,0,1
338A,2026-02-13,2026-02-16,WEAK,NORMAL,-6.41,3,11.11,6.67,6.67,-0.5,0.057,0,2
3391,2025-11-26,2025-11-27,STRONG,NORMAL,-3.15,3,0.0,0.0,1.0,-2.05,0.442,0,2
3391,2026-01-08,2026-01-09,NORMAL,NORMAL,-6.33,6,-2.3,-0.5,0.33,-4.61,0.037,0,2
3391,2026-03-06,2026-03-10,NORMAL,WEAK,-9.59,4,0.4,-0.59,0.9,-1.49,0.439,0,3
3392,2025-10-17,2025-10-20,WEAK,STRONG,-4.38,4,1.33,-0.24,4.4,-0.24,0.175,0,2
3392,2025-12-03,2025-12-04,WEAK,NORMAL,-3.39,3,-0.88,-0.88,0.13,-1.39,0.133,0,3
3392,2026-02-13,2026-02-16,WEAK,NORMAL,-3.3,4,0.11,1.02,1.14,-3.07,0.35,0,2
3393,2025-11-10,2025-11-11,STRONG,NORMAL,-3.13,7,0.96,-0.46,0.0,-1.37,0.222,0,5
3393,2026-02-13,2026-02-16,WEAK,NORMAL,-4.12,6,6.77,2.73,3.82,0.0,0.028,0,2
3399,2025-10-16,2025-10-17,NORMAL,WEAK,-4.5,6,0.25,0.6,1.58,-0.49,0.082,0,1
3399,2025-10-24,2025-10-27,NORMAL,STRONG,-3.54,4,-0.99,0.21,1.43,-0.86,0.012,0,1
3399,2025-11-11,2025-11-12,NORMAL,STRONG,-5.03,2,1.99,4.81,5.85,-0.94,0.0,0,1
3399,2025-12-16,2025-12-17,WEAK,NORMAL,-3.59,2,-0.49,-3.09,0.0,-3.87,0.312,0,1
339A,2026-02-24,2026-02-25,NORMAL,NORMAL,-5.08,5,0.45,0.0,2.96,-0.07,0.295,0,4
3401,2025-11-05,2025-11-06,WEAK,NORMAL,-9.56,6,-0.45,1.53,3.19,-0.25,0.036,0,3
3401,2026-03-10,2026-03-11,WEAK,NORMAL,-4.46,2,1.49,-0.22,0.81,-0.75,0.737,0,3
3405,2025-11-13,2025-11-14,NORMAL,NORMAL,-5.84,7,-0.19,0.95,1.43,-0.19,0.043,0,3
340A,2025-10-15,2025-10-16,STRONG,NORMAL,-4.82,10,0.0,-3.37,0.48,-5.54,0.625,0,9
340A,2025-10-16,2025-10-17,NORMAL,WEAK,-3.37,8,-0.75,-1.01,3.02,-1.01,0.36,0,9
340A,2025-11-04,2025-11-05,NORMAL,WEAK,-3.97,6,-1.29,-0.26,1.31,-4.97,0.112,0,1
340A,2025-12-16,2025-12-17,WEAK,NORMAL,-6.03,2,1.48,0.24,1.7,-2.43,0.278,0,1
340A,2026-01-14,2026-01-15,NORMAL,STRONG,-12.64,5,0.26,-1.03,1.8,-2.06,0.368,0,1
3415,2025-10-08,2025-10-09,NORMAL,NORMAL,-5.43,4,-0.23,1.38,1.61,-0.23,0.0,0,2
3415,2025-12-16,2025-12-17,WEAK,NORMAL,-8.68,2,0.0,2.38,2.38,-1.19,0.268,0,1
3415,2026-01-21,2026-01-22,WEAK,STRONG,-3.69,3,0.0,-0.45,0.68,-0.45,0.267,0,1
3415,2026-01-29,2026-01-30,NORMAL,NORMAL,-3.53,5,0.0,2.93,3.17,0.0,0.357,0,7
3415,2026-02-04,2026-02-05,NORMAL,NORMAL,-9.05,9,2.15,5.53,7.11,0.0,0.138,0,3
3415,2026-02-06,2026-02-09,NORMAL,STRONG,-3.49,5,2.07,-0.51,0.76,-1.77,0.167,1,1
3415,2026-02-13,2026-02-16,WEAK,NORMAL,-3.95,3,0.0,0.26,1.03,-0.51,0.059,0,1
3417,2026-02-06,2026-02-09,NORMAL,STRONG,-12.14,8,-0.86,3.23,3.23,-0.16,0.5,0,1
341A,2025-10-16,2025-10-17,NORMAL,WEAK,-5.49,4,-1.38,-1.44,3.02,-2.07,0.2,0,1
341A,2025-11-19,2025-11-20,NORMAL,STRONG,-3.58,2,1.21,-2.06,0.78,-3.71,0.0,1,4
341A,2025-11-27,2025-11-28,NORMAL,NORMAL,-6.63,5,0.34,1.37,5.22,0.0,0.071,0,1
341A,2025-12-01,2025-12-02,WEAK,WEAK,-3.75,3,0.0,0.1,1.55,-1.0,0.109,1,1
341A,2025-12-17,2025-12-18,NORMAL,NORMAL,-4.58,4,-1.93,-4.41,0.11,-5.64,0.095,0,3
341A,2025-12-18,2025-12-19,NORMAL,NORMAL,-6.26,7,-1.28,2.25,3.49,-1.07,0.213,0,4
341A,2026-02-13,2026-02-16,WEAK,NORMAL,-10.0,3,-1.18,9.71,10.65,0.0,0.121,0,1
3422,2026-02-09,2026-02-10,STRONG,STRONG,-9.72,5,1.57,-1.1,0.44,-3.09,0.741,0,1
3431,2025-11-11,2025-11-12,NORMAL,STRONG,-3.07,2,2.01,-2.07,0.05,-2.56,0.398,0,1
3431,2025-12-01,2025-12-02,WEAK,WEAK,-7.25,7,0.0,-1.46,0.32,-1.56,0.138,0,1
3431,2026-02-16,2026-02-17,NORMAL,NORMAL,-4.02,6,0.59,-0.21,0.8,-0.53,0.138,0,2
3433,2025-11-07,2025-11-10,NORMAL,STRONG,-11.86,6,0.64,1.38,1.47,-0.59,0.408,0,1
3436,2025-11-05,2025-11-06,WEAK,NORMAL,-8.32,4,3.11,-2.26,0.75,-3.45,0.327,0,1
3436,2025-11-12,2025-11-13,STRONG,NORMAL,-20.16,10,0.68,3.55,4.05,-2.36,0.022,0,2
3436,2025-11-19,2025-11-20,NORMAL,STRONG,-6.26,6,5.17,-2.95,2.46,-4.02,0.0,0,2
3436,2026-02-12,2026-02-13,NORMAL,WEAK,-8.47,3,-2.14,-3.45,0.66,-4.78,0.38,0,1
343A,2025-11-14,2025-11-17,NORMAL,NORMAL,-4.15,2,4.95,-3.07,1.42,-5.13,0.309,0,1
343A,2026-02-16,2026-02-17,NORMAL,NORMAL,-11.11,8,2.5,-3.66,0.33,-4.88,0.332,0,2
3440,2025-10-16,2025-10-17,NORMAL,WEAK,-12.74,8,0.2,-2.94,0.0,-2.94,0.0,0,1
3443,2025-11-12,2025-11-13,STRONG,NORMAL,-5.84,5,1.68,-0.64,1.02,-1.14,0.385,0,2
3443,2026-02-13,2026-02-16,WEAK,NORMAL,-5.97,2,0.6,4.14,4.54,-1.48,0.212,0,1
3444,2025-12-11,2025-12-12,WEAK,STRONG,-15.51,2,-7.78,2.53,3.2,-5.9,0.232,0,1
3444,2026-01-29,2026-01-30,NORMAL,NORMAL,-7.21,2,-1.18,1.31,14.52,-6.79,0.324,0,3
3444,2026-02-09,2026-02-10,STRONG,STRONG,-7.74,4,1.52,1.95,4.94,-1.15,0.0,1,2
3444,2026-02-13,2026-02-16,WEAK,NORMAL,-5.98,4,0.0,8.19,8.19,0.0,0.037,0,2
3444,2026-02-24,2026-02-25,NORMAL,NORMAL,-4.41,3,0.13,2.69,4.74,-0.38,0.13,0,5
3444,2026-03-16,2026-03-17,NORMAL,NORMAL,-6.24,3,1.96,-3.71,1.41,-3.71,0.176,0,1
3445,2025-10-17,2025-10-20,WEAK,STRONG,-3.27,2,1.97,0.83,1.66,-1.66,0.095,0,1
3445,2025-11-19,2025-11-20,NORMAL,STRONG,-5.55,3,3.92,-0.4,1.62,-2.15,0.079,0,2
3445,2026-02-16,2026-02-17,NORMAL,NORMAL,-9.84,5,0.56,-3.06,1.53,-5.01,0.078,0,2
3446,2025-10-07,2025-10-08,NORMAL,NORMAL,-4.89,3,-1.43,1.09,5.0,-1.09,0.165,0,1
3446,2025-11-13,2025-11-14,NORMAL,NORMAL,-6.04,3,-2.17,-0.96,4.43,-1.7,0.046,0,2
3446,2025-11-14,2025-11-17,NORMAL,NORMAL,-3.1,5,0.0,2.01,5.14,-1.27,0.12,0,3
3446,2025-11-19,2025-11-20,NORMAL,STRONG,-6.73,4,2.38,-3.79,2.71,-4.64,0.119,0,2
3446,2025-12-01,2025-12-02,WEAK,WEAK,-4.7,3,1.23,-3.42,0.0,-3.42,0.114,1,1
3446,2025-12-16,2025-12-17,WEAK,NORMAL,-3.29,4,0.0,-2.13,0.0,-2.72,0.184,0,1
3446,2026-01-29,2026-01-30,NORMAL,NORMAL,-19.18,3,-1.44,-2.23,0.77,-2.31,0.118,0,1
3446,2026-02-18,2026-02-19,STRONG,NORMAL,-17.17,2,-2.44,9.2,13.2,-3.5,0.177,0,1
3446,2026-03-26,2026-03-27,WEAK,NORMAL,-3.33,3,-0.87,3.27,5.09,0.0,0.149,0,1
3447,2026-02-10,2026-02-12,STRONG,NORMAL,-3.26,2,0.1,0.96,1.54,-0.1,0.0,0,1
3449,2026-02-13,2026-02-16,WEAK,NORMAL,-5.99,3,0.0,-0.26,0.82,-3.3,0.114,0,1
3452,2025-12-29,2025-12-30,NORMAL,WEAK,-3.53,4,-0.14,-0.54,0.61,-0.95,0.049,0,2
3454,2025-11-27,2025-11-28,NORMAL,NORMAL,-6.02,4,0.0,1.21,1.21,-1.3,0.317,0,1
346A,2025-11-21,2025-11-25,STRONG,NORMAL,-7.64,5,4.08,-0.66,0.15,-0.75,0.432,0,1
346A,2026-02-06,2026-02-09,NORMAL,STRONG,-5.29,4,5.97,-1.61,0.08,-1.61,0.274,0,1
3475,2025-10-30,2025-10-31,NORMAL,NORMAL,-8.26,7,-1.79,-1.09,1.38,-1.82,0.0,0,3
3475,2025-11-04,2025-11-05,NORMAL,WEAK,-4.49,8,1.08,-2.82,1.3,-2.97,0.307,0,5
3475,2025-11-25,2025-11-26,NORMAL,STRONG,-3.41,4,0.0,0.41,0.66,-2.96,0.0,1,1
3475,2025-12-09,2025-12-10,NORMAL,NORMAL,-5.65,9,2.68,1.04,2.61,-0.96,0.042,0,5
3479,2025-10-16,2025-10-17,NORMAL,WEAK,-10.74,9,0.49,-0.18,2.2,-1.65,0.012,0,1
3479,2026-02-26,2026-02-27,NORMAL,STRONG,-8.39,7,1.22,-4.73,1.16,-5.66,0.017,0,4
3479,2026-02-27,2026-03-02,STRONG,WEAK,-3.57,7,0.05,0.39,2.19,-2.04,0.136,0,5
3480,2025-10-30,2025-10-31,NORMAL,NORMAL,-6.46,7,1.8,-1.09,0.54,-1.49,0.095,0,3
3482,2025-11-04,2025-11-05,NORMAL,WEAK,-10.37,5,-0.79,-1.46,0.38,-4.94,0.731,0,5
3482,2025-12-01,2025-12-02,WEAK,WEAK,-3.74,2,0.25,-2.36,0.28,-2.93,0.242,0,1
3486,2025-11-14,2025-11-17,NORMAL,NORMAL,-4.5,6,-1.31,-5.2,1.33,-6.57,0.487,0,2
3486,2025-11-19,2025-11-20,NORMAL,STRONG,-3.49,9,0.76,0.28,1.13,-1.75,0.261,0,5
3486,2025-12-01,2025-12-02,WEAK,WEAK,-4.17,5,0.42,-3.45,0.0,-3.86,0.02,0,1
3486,2025-12-02,2025-12-03,WEAK,WEAK,-3.04,6,-0.63,-0.49,0.53,-2.57,0.108,0,2
3491,2025-10-24,2025-10-27,NORMAL,STRONG,-3.54,2,0.33,1.66,2.14,-0.1,0.214,0,2
3491,2025-12-02,2025-12-03,WEAK,WEAK,-4.44,2,0.82,2.74,3.04,-1.47,0.0,0,2
3491,2025-12-16,2025-12-17,WEAK,NORMAL,-10.33,6,2.08,0.56,2.81,-1.94,0.049,0,1
3491,2025-12-18,2025-12-19,NORMAL,NORMAL,-7.11,4,3.01,2.76,7.43,-1.54,0.088,0,1
3491,2025-12-23,2025-12-24,NORMAL,NORMAL,-4.61,2,-0.64,-4.0,0.0,-4.16,0.216,0,1
3491,2025-12-24,2025-12-25,NORMAL,NORMAL,-4.62,4,-2.03,7.07,7.87,-0.86,0.039,0,2
3491,2025-12-29,2025-12-30,NORMAL,WEAK,-3.55,2,-1.04,-1.61,1.56,-1.78,0.189,0,1
3491,2026-01-05,2026-01-06,NORMAL,STRONG,-4.57,4,-0.77,1.55,1.79,-2.15,0.114,0,3
3491,2026-01-13,2026-01-14,NORMAL,NORMAL,-4.22,4,0.56,2.35,3.77,-0.37,0.023,0,1
3491,2026-01-20,2026-01-21,WEAK,WEAK,-4.5,3,-2.05,-0.92,0.74,-3.21,0.2,0,1
3491,2026-02-04,2026-02-05,NORMAL,NORMAL,-3.41,4,1.0,1.78,3.3,-1.05,0.143,0,2
3494,2025-11-05,2025-11-06,WEAK,NORMAL,-3.29,6,0.0,-0.52,3.4,-0.52,0.727,0,2
3496,2026-01-20,2026-01-21,WEAK,WEAK,-4.02,2,-1.6,0.41,1.12,-0.61,0.0,0,1
3496,2026-02-02,2026-02-03,NORMAL,STRONG,-3.21,9,0.8,-0.45,2.27,-0.68,0.104,0,6
3496,2026-02-13,2026-02-16,WEAK,NORMAL,-3.46,4,0.0,2.89,5.09,-0.23,0.282,0,2
3496,2026-02-17,2026-02-18,NORMAL,STRONG,-3.15,3,0.7,0.69,1.5,-0.81,0.148,0,1
3498,2025-11-05,2025-11-06,WEAK,NORMAL,-3.25,5,0.37,-2.11,1.73,-2.11,0.083,0,2
3498,2025-12-19,2025-12-22,NORMAL,NORMAL,-3.45,4,0.0,-0.79,0.13,-1.46,0.071,0,4
3498,2026-02-13,2026-02-16,WEAK,NORMAL,-3.25,2,1.26,2.07,3.04,-0.55,0.111,1,1
3498,2026-03-13,2026-03-16,WEAK,NORMAL,-4.3,4,-1.5,-2.13,0.91,-2.43,0.0,0,2
3498,2026-03-16,2026-03-17,NORMAL,NORMAL,-3.59,6,1.55,-0.76,0.61,-1.07,0.091,0,3
350A,2025-10-02,2025-10-03,NORMAL,STRONG,-5.48,7,1.53,3.44,5.06,-0.65,0.206,0,4
350A,2025-10-08,2025-10-09,NORMAL,NORMAL,-3.44,5,3.76,8.82,9.8,-1.76,0.267,0,1
350A,2025-10-17,2025-10-20,WEAK,STRONG,-4.53,5,2.95,4.3,5.74,-0.31,0.098,0,5
350A,2025-10-30,2025-10-31,NORMAL,NORMAL,-84.23,10,-1.74,-2.48,2.48,-4.02,0.28,0,1
350A,2025-10-31,2025-11-04,NORMAL,NORMAL,-4.18,9,3.64,6.78,7.95,-1.17,0.236,0,2
350A,2025-11-05,2025-11-06,WEAK,NORMAL,-6.57,9,1.76,-6.11,0.0,-6.11,0.254,0,1
350A,2025-11-06,2025-11-07,NORMAL,NORMAL,-4.45,8,-1.23,1.49,2.98,-1.86,0.0,1,2
350A,2025-12-01,2025-12-02,WEAK,WEAK,-4.75,3,0.73,-0.72,1.93,-0.84,0.311,0,1
350A,2025-12-11,2025-12-12,WEAK,STRONG,-3.08,2,5.33,-6.51,1.33,-6.87,0.097,0,3
350A,2025-12-16,2025-12-17,WEAK,NORMAL,-8.86,4,0.13,-1.48,0.94,-5.12,0.115,0,1
350A,2025-12-18,2025-12-19,NORMAL,NORMAL,-3.28,5,0.42,1.41,1.83,-1.83,0.053,1,3
350A,2026-01-29,2026-01-30,NORMAL,NORMAL,-4.53,3,0.56,0.83,0.83,-0.97,0.077,0,1
350A,2026-02-13,2026-02-16,WEAK,NORMAL,-3.24,3,1.4,2.2,2.2,-1.93,0.222,0,2
350A,2026-03-16,2026-03-17,NORMAL,NORMAL,-3.43,2,5.71,-4.2,5.64,-4.44,0.018,1,1
350A,2026-03-26,2026-03-27,WEAK,NORMAL,-3.44,3,-0.14,6.32,7.14,0.0,0.267,0,1
3512,2025-12-25,2025-12-26,NORMAL,NORMAL,-5.78,2,-0.38,-1.28,0.0,-4.11,0.13,0,1
3513,2026-01-16,2026-01-19,NORMAL,NORMAL,-7.1,3,1.38,4.37,6.49,0.0,0.233,0,1
3529,2026-01-19,2026-01-20,NORMAL,WEAK,-4.18,3,0.84,-5.99,0.0,-7.82,0.032,0,2
3529,2026-01-20,2026-01-21,WEAK,WEAK,-5.2,6,1.42,4.62,4.89,-1.4,0.234,0,3
3529,2026-01-29,2026-01-30,NORMAL,NORMAL,-5.23,6,-0.26,1.14,1.14,-2.11,0.337,0,2
3529,2026-02-13,2026-02-16,WEAK,NORMAL,-5.54,7,0.59,-0.29,1.55,-0.97,0.13,0,5
3529,2026-03-26,2026-03-27,WEAK,NORMAL,-3.18,6,-0.41,0.21,0.82,-0.93,0.222,0,1
352A,2025-11-20,2025-11-21,STRONG,STRONG,-5.52,8,-0.58,3.41,4.24,-0.35,0.0,0,8
352A,2025-12-17,2025-12-18,NORMAL,NORMAL,-4.55,3,0.0,-3.45,0.0,-4.4,0.212,0,2
352A,2025-12-18,2025-12-19,NORMAL,NORMAL,-3.45,3,1.85,1.33,2.66,0.0,0.216,0,3
3539,2025-10-30,2025-10-31,NORMAL,NORMAL,-48.28,10,0.0,-2.46,1.23,-2.98,0.227,0,3
3539,2026-03-17,2026-03-18,NORMAL,STRONG,-3.16,6,0.65,2.4,2.4,-0.13,0.167,0,5
3541,2025-10-15,2025-10-16,STRONG,NORMAL,-7.0,8,2.93,-0.41,1.22,-1.83,0.366,0,3
3542,2025-10-03,2025-10-06,STRONG,STRONG,-3.21,3,0.73,-3.96,4.13,-5.86,0.165,1,2
3542,2025-10-06,2025-10-07,STRONG,NORMAL,-3.26,4,-0.99,-1.82,0.0,-3.76,0.19,1,3
3542,2025-11-25,2025-11-26,NORMAL,STRONG,-4.27,3,0.91,0.71,2.5,-0.64,0.155,0,1
3542,2025-12-02,2025-12-03,WEAK,WEAK,-4.97,4,0.0,-6.51,0.0,-8.12,0.095,0,3
3542,2025-12-03,2025-12-04,WEAK,NORMAL,-6.51,9,-0.65,-5.85,0.0,-7.29,0.198,0,4
3542,2025-12-04,2025-12-05,NORMAL,WEAK,-6.46,9,0.08,0.69,3.22,-0.38,0.198,0,5
3542,2026-02-20,2026-02-24,WEAK,NORMAL,-3.84,2,2.14,3.3,4.57,-3.3,0.306,0,1
3546,2025-10-15,2025-10-16,STRONG,NORMAL,-3.98,4,1.25,0.0,0.0,-1.05,0.13,0,1
3546,2026-01-13,2026-01-14,NORMAL,NORMAL,-3.14,2,-3.98,1.94,2.37,-1.27,0.189,0,1
3546,2026-01-19,2026-01-20,NORMAL,WEAK,-3.01,5,0.71,-1.06,0.18,-1.41,0.125,0,5
3547,2025-10-16,2025-10-17,NORMAL,WEAK,-12.73,5,0.45,1.21,3.82,-0.4,0.1,0,1
3547,2025-11-27,2025-11-28,NORMAL,NORMAL,-5.34,7,-0.44,1.87,3.06,-0.15,0.101,0,2
3547,2026-01-15,2026-01-16,STRONG,NORMAL,-3.61,4,0.97,-3.4,0.0,-3.81,0.32,0,2
3548,2026-02-26,2026-02-27,NORMAL,STRONG,-6.63,6,0.13,1.18,1.18,0.0,0.167,0,1
3549,2025-10-03,2025-10-06,STRONG,STRONG,-5.73,7,0.53,3.96,4.6,-0.2,0.413,0,3
3549,2026-01-06,2026-01-07,STRONG,NORMAL,-4.39,2,-2.42,3.79,3.79,-0.07,0.292,0,3
3549,2026-02-17,2026-02-18,NORMAL,STRONG,-7.51,5,2.97,-5.26,0.0,-7.88,0.184,0,1
3553,2026-03-10,2026-03-11,WEAK,NORMAL,-15.02,8,1.41,1.89,4.58,-0.9,0.323,0,4
3556,2025-10-17,2025-10-20,WEAK,STRONG,-3.58,2,0.85,1.16,1.89,-1.37,0.067,0,1
3556,2025-11-14,2025-11-17,NORMAL,NORMAL,-3.35,4,0.31,3.05,3.05,-1.32,0.247,0,2
3556,2025-11-19,2025-11-20,NORMAL,STRONG,-4.79,3,4.82,-1.63,0.0,-2.86,0.265,0,2
3556,2025-12-02,2025-12-03,WEAK,WEAK,-3.77,4,0.53,-0.84,0.74,-1.79,0.158,0,4
3556,2025-12-05,2025-12-08,WEAK,NORMAL,-3.53,2,0.0,-3.66,1.61,-4.73,0.088,0,1
3556,2025-12-08,2025-12-09,NORMAL,NORMAL,-3.66,4,0.45,-3.89,1.0,-4.67,0.169,0,2
3556,2025-12-09,2025-12-10,NORMAL,NORMAL,-3.46,4,1.39,3.88,3.88,-0.46,0.137,0,3
3556,2026-01-08,2026-01-09,NORMAL,NORMAL,-5.99,3,2.45,2.58,4.69,-1.44,0.0,0,1
3556,2026-01-16,2026-01-19,NORMAL,NORMAL,-3.09,2,2.52,-1.56,0.0,-2.7,0.306,0,1
3556,2026-02-05,2026-02-06,NORMAL,NORMAL,-4.43,2,0.55,0.09,0.72,-3.07,0.215,0,2
3556,2026-02-20,2026-02-24,WEAK,NORMAL,-5.02,2,1.76,-5.37,0.64,-5.37,0.113,1,3
3556,2026-02-24,2026-02-25,NORMAL,NORMAL,-3.71,3,0.38,-3.36,1.44,-3.55,0.0,0,4
3556,2026-03-10,2026-03-11,WEAK,NORMAL,-5.55,3,0.95,-0.66,1.78,-1.5,0.686,0,1
3556,2026-03-13,2026-03-16,WEAK,NORMAL,-4.2,4,0.1,2.34,2.44,-0.1,0.0,0,2
3556,2026-03-26,2026-03-27,WEAK,NORMAL,-4.24,2,-0.84,0.0,0.74,-2.23,0.0,0,1
3558,2025-10-24,2025-10-27,NORMAL,STRONG,-3.97,2,1.59,0.81,2.03,-1.16,0.184,0,2
3558,2025-11-11,2025-11-12,NORMAL,STRONG,-5.72,2,-0.77,1.95,3.51,-0.39,0.049,0,1
3558,2025-11-13,2025-11-14,NORMAL,NORMAL,-3.06,3,-1.12,-2.2,2.06,-3.13,0.111,1,1
3558,2025-11-14,2025-11-17,NORMAL,NORMAL,-3.29,4,1.97,1.07,1.07,-2.6,0.179,0,2
3561,2025-11-13,2025-11-14,NORMAL,NORMAL,-3.93,5,0.07,0.51,1.17,-0.22,0.154,0,1
3562,2026-01-14,2026-01-15,NORMAL,STRONG,-19.99,8,-10.49,7.65,7.71,-0.34,0.0,0,2
3562,2026-01-15,2026-01-16,STRONG,NORMAL,-3.65,9,0.1,2.12,2.85,-0.78,0.042,0,3
3562,2026-02-26,2026-02-27,NORMAL,STRONG,-3.77,5,-0.11,-0.51,0.17,-0.85,0.0,0,4
3563,2025-10-03,2025-10-06,STRONG,STRONG,-6.09,6,1.92,-1.55,0.37,-3.83,0.193,0,2
3563,2025-11-19,2025-11-20,NORMAL,STRONG,-4.92,6,-0.06,4.86,7.39,-1.22,0.115,0,4
3563,2026-03-06,2026-03-10,NORMAL,WEAK,-3.49,3,-3.17,3.56,4.68,-1.37,0.303,0,3
3565,2025-11-25,2025-11-26,NORMAL,STRONG,-3.74,5,2.74,1.04,1.78,-1.78,0.177,0,1
3565,2026-01-21,2026-01-22,WEAK,STRONG,-3.19,4,1.25,2.02,4.04,-0.65,0.3,0,2
3565,2026-02-02,2026-02-03,NORMAL,STRONG,-3.06,4,2.11,-1.58,0.34,-2.2,0.044,0,6
3565,2026-02-04,2026-02-05,NORMAL,NORMAL,-4.47,5,-1.02,2.66,3.7,-1.18,0.103,0,1
3565,2026-02-12,2026-02-13,NORMAL,WEAK,-4.46,3,-1.77,-2.45,1.15,-2.81,0.171,0,1
3565,2026-02-13,2026-02-16,WEAK,NORMAL,-4.17,5,0.44,3.74,3.74,-0.22,0.091,0,2
3565,2026-02-19,2026-02-20,NORMAL,WEAK,-4.76,4,-0.45,-2.4,0.3,-2.69,0.049,0,1
3565,2026-02-24,2026-02-25,NORMAL,NORMAL,-3.3,4,-0.63,-1.04,0.64,-1.6,0.455,0,3
3569,2026-03-10,2026-03-11,WEAK,NORMAL,-5.39,2,2.0,0.0,1.51,-0.3,0.267,1,3
3580,2026-02-05,2026-02-06,NORMAL,NORMAL,-4.34,3,0.0,1.86,2.56,-0.7,0.158,0,1
3580,2026-03-26,2026-03-27,WEAK,NORMAL,-3.7,4,0.0,-2.11,0.12,-2.11,0.333,0,1
3591,2025-11-05,2025-11-06,WEAK,NORMAL,-3.07,4,-0.12,0.33,0.58,-0.6,0.244,0,9
3591,2025-12-01,2025-12-02,WEAK,WEAK,-3.81,3,0.0,-0.02,0.48,-0.71,0.128,0,2
3608,2026-02-26,2026-02-27,NORMAL,STRONG,-3.03,3,0.09,2.58,2.58,-0.36,0.12,0,1
3611,2025-10-17,2025-10-20,WEAK,STRONG,-3.93,3,1.93,0.54,0.77,-1.62,0.552,0,1
3611,2026-02-13,2026-02-16,WEAK,NORMAL,-8.48,4,-0.08,0.32,0.44,-2.02,0.25,0,1
3612,2026-02-26,2026-02-27,NORMAL,STRONG,-51.04,10,2.3,-2.19,0.0,-4.38,0.169,0,1
3612,2026-03-13,2026-03-16,WEAK,NORMAL,-3.09,7,-0.72,-2.62,0.0,-2.62,0.062,0,2
3612,2026-03-16,2026-03-17,NORMAL,NORMAL,-3.32,7,0.2,-0.4,0.6,-0.87,0.0,0,3
3626,2025-11-04,2025-11-05,NORMAL,WEAK,-5.66,2,0.28,3.54,3.64,-0.22,0.166,0,1
3626,2025-11-07,2025-11-10,NORMAL,STRONG,-5.59,2,0.62,2.4,2.63,-0.41,0.0,0,2
3626,2026-01-15,2026-01-16,STRONG,NORMAL,-3.4,2,-1.6,-0.71,0.96,-0.81,0.092,1,1
3626,2026-02-04,2026-02-05,NORMAL,NORMAL,-15.83,10,-1.88,-0.71,2.27,-2.41,0.0,0,1
3626,2026-02-06,2026-02-09,NORMAL,STRONG,-4.77,9,2.03,-1.19,0.71,-3.04,0.014,1,3
3626,2026-02-12,2026-02-13,NORMAL,WEAK,-3.84,9,-1.11,-6.43,0.32,-6.66,0.008,0,1
3626,2026-02-13,2026-02-16,WEAK,NORMAL,-7.46,8,1.32,0.72,0.78,-1.46,0.034,0,2
3626,2026-02-24,2026-02-25,NORMAL,NORMAL,-5.95,9,1.37,-0.51,1.55,-1.38,0.243,0,5
3632,2026-02-06,2026-02-09,NORMAL,STRONG,-3.81,7,1.32,-1.3,0.0,-2.08,0.667,0,1
3632,2026-02-13,2026-02-16,WEAK,NORMAL,-4.08,5,0.8,-0.79,0.0,-1.32,0.062,0,1
3633,2025-12-29,2025-12-30,NORMAL,WEAK,-10.49,3,0.0,-2.36,1.14,-3.46,0.273,0,2
3634,2026-02-10,2026-02-12,STRONG,NORMAL,-7.33,3,1.74,-1.37,2.63,-2.86,0.342,0,1
3634,2026-02-16,2026-02-17,NORMAL,NORMAL,-9.67,3,4.92,-4.48,1.98,-4.69,0.566,0,1
3635,2025-12-05,2025-12-08,WEAK,NORMAL,-3.04,2,0.35,0.1,0.17,-1.58,0.0,0,1
3635,2026-02-04,2026-02-05,NORMAL,NORMAL,-6.57,8,0.61,1.67,3.27,-1.03,0.0,0,3
3635,2026-02-13,2026-02-16,WEAK,NORMAL,-3.66,5,2.46,1.87,2.18,-0.79,0.047,0,2
3636,2026-02-24,2026-02-25,NORMAL,NORMAL,-4.7,3,1.37,0.52,1.14,-0.52,0.027,0,2
3640,2026-02-06,2026-02-09,NORMAL,STRONG,-5.61,2,0.14,1.66,2.62,-1.52,0.079,0,2
3646,2026-02-16,2026-02-17,NORMAL,NORMAL,-9.26,3,4.19,-3.27,0.0,-4.27,0.378,0,1
3648,2026-02-04,2026-02-05,NORMAL,NORMAL,-7.67,5,1.15,-2.89,0.0,-3.65,0.025,0,2
3649,2025-11-27,2025-11-28,NORMAL,NORMAL,-3.42,2,1.15,-2.06,0.41,-2.16,0.037,0,1
3649,2026-02-13,2026-02-16,WEAK,NORMAL,-3.69,4,0.23,-4.49,0.11,-4.61,0.141,0,3
3649,2026-02-16,2026-02-17,NORMAL,NORMAL,-4.28,4,-0.24,-0.83,0.47,-0.83,0.024,0,4
3649,2026-02-24,2026-02-25,NORMAL,NORMAL,-8.67,3,0.0,0.86,1.73,-1.23,0.088,0,1
3652,2026-02-13,2026-02-16,WEAK,NORMAL,-7.52,8,0.0,3.25,3.25,-2.49,0.218,0,3
3653,2025-12-15,2025-12-16,NORMAL,WEAK,-4.93,5,0.96,-4.89,0.0,-5.01,0.471,0,1
3653,2025-12-16,2025-12-17,WEAK,NORMAL,-3.98,5,0.38,0.62,1.12,-0.38,0.024,1,2
3653,2026-03-16,2026-03-17,NORMAL,NORMAL,-14.88,8,-0.15,-1.18,0.15,-1.76,0.078,0,3
3655,2025-10-17,2025-10-20,WEAK,STRONG,-3.22,2,1.98,4.9,5.28,-0.31,0.213,0,1
3655,2025-12-29,2025-12-30,NORMAL,WEAK,-3.51,3,-0.04,-1.32,0.11,-1.36,0.0,0,1
3656,2025-10-08,2025-10-09,NORMAL,NORMAL,-5.07,2,-1.46,-1.48,2.46,-1.48,0.056,0,2
3656,2025-11-14,2025-11-17,NORMAL,NORMAL,-10.42,3,2.79,5.43,5.88,-1.36,0.0,1,1
3656,2026-01-19,2026-01-20,NORMAL,WEAK,-7.89,3,0.61,4.26,8.21,-0.91,0.172,0,3
3656,2026-02-02,2026-02-03,NORMAL,STRONG,-3.81,3,2.44,-9.82,0.3,-11.31,0.053,0,1
3656,2026-02-03,2026-02-04,STRONG,NORMAL,-7.62,5,0.0,3.96,5.94,0.0,0.128,0,2
3656,2026-02-06,2026-02-09,NORMAL,STRONG,-3.48,3,1.64,1.61,2.58,-3.87,0.72,0,1
3656,2026-02-12,2026-02-13,NORMAL,WEAK,-4.72,2,2.48,2.42,10.88,-2.11,0.136,0,1
3656,2026-02-20,2026-02-24,WEAK,NORMAL,-4.62,2,-1.94,0.99,4.28,-0.66,0.143,0,1
3656,2026-03-16,2026-03-17,NORMAL,NORMAL,-3.22,2,1.53,-5.79,0.76,-8.06,0.636,0,3
3656,2026-03-24,2026-03-25,STRONG,STRONG,-4.62,2,0.61,0.0,1.51,-2.71,0.118,0,3
3656,2026-03-26,2026-03-27,WEAK,NORMAL,-3.61,2,-2.5,3.85,6.41,-1.6,0.048,0,1
3657,2025-12-10,2025-12-11,NORMAL,WEAK,-6.61,6,0.32,-0.64,0.96,-0.64,0.083,0,3
3657,2026-01-29,2026-01-30,NORMAL,NORMAL,-3.37,4,0.0,0.32,0.32,-0.63,0.286,0,4
3657,2026-02-13,2026-02-16,WEAK,NORMAL,-3.0,7,1.03,2.38,2.38,-0.68,0.111,0,1
3659,2025-10-22,2025-10-23,STRONG,NORMAL,-3.86,2,0.06,0.35,1.12,-1.41,0.0,0,1
3659,2026-01-30,2026-02-02,NORMAL,NORMAL,-10.63,6,1.9,-3.76,1.73,-3.78,0.167,0,3
3659,2026-02-13,2026-02-16,WEAK,NORMAL,-16.19,9,3.62,-5.09,0.0,-5.82,0.265,0,1
3659,2026-02-24,2026-02-25,NORMAL,NORMAL,-3.08,5,-0.32,-0.48,0.74,-0.8,0.204,0,2
3659,2026-03-06,2026-03-10,NORMAL,WEAK,-3.83,5,1.32,0.55,1.14,-1.23,0.226,0,3
3659,2026-03-17,2026-03-18,NORMAL,STRONG,-3.31,4,0.51,0.37,1.05,-0.7,0.0,0,1
365A,2026-02-26,2026-02-27,NORMAL,STRONG,-6.05,3,0.0,0.15,0.44,-1.17,0.375,0,2
3660,2026-01-13,2026-01-14,NORMAL,NORMAL,-4.9,2,0.21,0.21,1.07,-0.86,0.16,0,1
3660,2026-01-20,2026-01-21,WEAK,WEAK,-3.09,2,-1.91,1.3,1.74,-0.65,0.133,0,1
3660,2026-02-13,2026-02-16,WEAK,NORMAL,-4.88,4,-0.89,3.38,3.38,-0.9,0.091,0,1
3661,2025-10-16,2025-10-17,NORMAL,WEAK,-4.27,7,7.63,2.68,4.46,-0.84,0.071,0,4
3661,2025-11-06,2025-11-07,NORMAL,NORMAL,-5.8,2,0.67,0.89,1.11,-0.89,0.087,0,3
3661,2025-12-10,2025-12-11,NORMAL,WEAK,-3.72,3,-0.36,-1.14,0.6,-2.21,0.325,0,2
3661,2025-12-29,2025-12-30,NORMAL,WEAK,-49.84,6,-1.58,-2.68,0.75,-4.07,0.857,0,1
3661,2025-12-30,2026-01-05,WEAK,NORMAL,-4.22,7,0.66,0.44,0.77,-1.97,0.289,0,2
3661,2026-01-13,2026-01-14,NORMAL,NORMAL,-3.79,8,0.0,-4.17,0.0,-4.95,0.286,0,1
3661,2026-01-14,2026-01-15,NORMAL,STRONG,-4.17,9,0.35,-0.47,0.35,-1.52,0.159,0,2
3661,2026-02-16,2026-02-17,NORMAL,NORMAL,-13.98,10,-0.3,-0.15,0.89,-2.52,0.155,0,3
3661,2026-03-16,2026-03-17,NORMAL,NORMAL,-3.62,2,-0.3,-1.66,1.06,-2.11,0.056,0,1
3662,2025-12-05,2025-12-08,WEAK,NORMAL,-3.36,2,5.35,-0.17,0.42,-4.74,0.0,0,1
3662,2026-01-29,2026-01-30,NORMAL,NORMAL,-6.56,7,-0.61,-1.32,0.62,-2.38,0.0,0,4
3662,2026-02-02,2026-02-03,NORMAL,STRONG,-3.58,6,1.11,-2.02,0.92,-2.48,0.054,0,6
3662,2026-02-13,2026-02-16,WEAK,NORMAL,-3.57,6,1.07,-1.83,0.0,-2.02,0.111,0,1
3662,2026-03-16,2026-03-17,NORMAL,NORMAL,-4.36,6,1.06,-1.89,0.52,-2.1,0.147,0,1
3663,2025-10-17,2025-10-20,WEAK,STRONG,-3.92,6,1.76,1.98,2.47,-0.74,0.036,0,4
3663,2026-01-05,2026-01-06,NORMAL,STRONG,-3.66,2,1.43,3.37,3.8,-0.25,0.128,0,2
3663,2026-01-14,2026-01-15,NORMAL,STRONG,-3.62,2,-0.06,-0.25,0.57,-1.85,0.03,0,1
3663,2026-02-13,2026-02-16,WEAK,NORMAL,-4.71,5,-1.03,-5.81,0.0,-6.7,0.027,0,2
3663,2026-02-16,2026-02-17,NORMAL,NORMAL,-6.78,8,-0.24,1.27,1.74,-1.58,0.133,0,3
3665,2026-01-29,2026-01-30,NORMAL,NORMAL,-15.29,6,-1.85,-4.95,2.36,-5.42,0.233,0,2
3665,2026-01-30,2026-02-02,NORMAL,NORMAL,-6.71,6,0.5,-2.47,1.48,-2.47,0.061,0,3
3665,2026-03-16,2026-03-17,NORMAL,NORMAL,-6.28,4,-0.52,-1.3,1.55,-2.85,0.207,0,1
3668,2026-02-04,2026-02-05,NORMAL,NORMAL,-3.66,5,3.8,2.06,3.66,-1.83,0.0,0,1
366A,2025-12-11,2025-12-12,WEAK,STRONG,-4.89,6,0.31,-5.21,0.49,-5.57,0.125,0,2
366A,2025-12-12,2025-12-15,STRONG,NORMAL,-4.92,8,-0.09,2.4,2.54,-0.85,0.059,0,3
366A,2026-01-29,2026-01-30,NORMAL,NORMAL,-48.75,9,-0.19,-1.41,0.19,-4.34,0.468,0,8
366A,2026-02-02,2026-02-03,NORMAL,STRONG,-4.11,9,1.69,-1.27,0.0,-1.27,0.24,0,9
366A,2026-02-17,2026-02-18,NORMAL,STRONG,-5.69,10,0.0,-0.85,0.95,-2.65,0.402,0,1
3671,2025-11-25,2025-11-26,NORMAL,STRONG,-4.12,6,-0.61,-0.62,0.0,-2.47,0.15,0,2
3671,2026-01-21,2026-01-22,WEAK,STRONG,-5.61,3,-0.28,1.42,2.27,-0.28,0.19,0,1
3673,2025-10-17,2025-10-20,WEAK,STRONG,-3.5,2,1.67,0.82,0.96,-0.69,0.0,0,1
3673,2025-11-14,2025-11-17,NORMAL,NORMAL,-4.53,3,0.0,-0.42,0.42,-1.67,0.0,0,1
3673,2026-01-21,2026-01-22,WEAK,STRONG,-3.31,4,0.85,0.28,0.85,-0.99,0.154,0,2
3673,2026-02-04,2026-02-05,NORMAL,NORMAL,-7.77,9,0.99,0.16,1.31,-0.98,0.0,0,1
3673,2026-02-06,2026-02-09,NORMAL,STRONG,-3.27,9,1.69,-0.5,0.83,-1.5,0.87,0,1
3673,2026-02-16,2026-02-17,NORMAL,NORMAL,-3.02,6,-0.16,-0.16,0.33,-1.64,0.786,0,2
3673,2026-02-24,2026-02-25,NORMAL,NORMAL,-3.24,3,1.37,1.95,2.7,-3.3,0.29,0,1
3675,2026-02-13,2026-02-16,WEAK,NORMAL,-4.17,6,0.97,1.91,2.23,-0.16,0.432,0,1
3676,2026-02-12,2026-02-13,NORMAL,WEAK,-4.77,6,-0.8,-1.72,0.69,-3.21,0.0,0,1
3676,2026-02-16,2026-02-17,NORMAL,NORMAL,-3.74,8,0.49,3.86,3.99,-0.6,0.161,0,3
3678,2025-10-16,2025-10-17,NORMAL,WEAK,-4.82,5,0.11,0.22,0.54,-2.61,0.182,0,1
3678,2026-01-15,2026-01-16,STRONG,NORMAL,-5.3,5,0.12,-2.8,0.0,-2.85,0.367,0,2
3679,2026-02-06,2026-02-09,NORMAL,STRONG,-3.46,5,0.67,1.33,3.33,-1.11,0.0,0,1
3679,2026-02-13,2026-02-16,WEAK,NORMAL,-3.23,7,-0.71,2.4,2.4,-0.24,0.143,0,3
3683,2025-10-17,2025-10-20,WEAK,STRONG,-3.99,3,1.9,2.28,2.49,-0.41,0.306,0,1
3683,2025-11-11,2025-11-12,NORMAL,STRONG,-10.34,6,4.05,4.18,5.14,-2.2,0.209,0,1
3683,2025-11-13,2025-11-14,NORMAL,NORMAL,-3.52,3,-1.82,-0.74,1.04,-1.26,0.091,1,1
3683,2026-02-06,2026-02-09,NORMAL,STRONG,-3.32,5,-0.16,-0.16,0.47,-1.33,0.031,0,1
3683,2026-02-13,2026-02-16,WEAK,NORMAL,-6.73,7,-0.74,-3.72,2.15,-7.85,0.073,0,1
3683,2026-02-16,2026-02-17,NORMAL,NORMAL,-4.43,8,0.86,2.13,3.06,-0.77,0.413,0,2
3683,2026-03-13,2026-03-16,WEAK,NORMAL,-3.4,6,-0.95,0.58,1.92,-0.96,0.147,1,8
3687,2025-12-01,2025-12-02,WEAK,WEAK,-3.05,6,0.94,-1.37,0.5,-1.37,0.073,0,2
3687,2025-12-11,2025-12-12,WEAK,STRONG,-3.38,2,1.62,-1.17,0.12,-1.91,0.082,0,1
3687,2025-12-16,2025-12-17,WEAK,NORMAL,-5.49,2,1.63,-0.51,0.13,-1.6,0.0,0,1
3687,2026-02-04,2026-02-05,NORMAL,NORMAL,-3.02,5,1.04,2.74,4.04,-0.21,0.217,0,1
3687,2026-02-06,2026-02-09,NORMAL,STRONG,-3.93,4,3.68,-0.94,0.07,-2.01,0.354,0,1
3687,2026-03-17,2026-03-18,NORMAL,STRONG,-4.45,2,0.84,1.17,1.17,-1.45,0.073,0,1
3687,2026-03-26,2026-03-27,WEAK,NORMAL,-6.1,5,-0.64,0.32,1.86,0.0,0.098,0,1
368A,2025-12-16,2025-12-17,WEAK,NORMAL,-4.09,2,0.41,5.34,5.89,-0.07,0.086,0,2
368A,2026-02-13,2026-02-16,WEAK,NORMAL,-4.45,2,0.0,1.7,2.82,-0.2,0.12,0,1
368A,2026-02-20,2026-02-24,WEAK,NORMAL,-4.34,2,0.21,2.82,4.05,0.0,0.023,0,3
368A,2026-03-10,2026-03-11,WEAK,NORMAL,-3.04,4,1.07,-1.62,0.0,-1.69,0.607,0,1
3691,2025-10-06,2025-10-07,STRONG,NORMAL,-4.86,4,0.0,-0.75,2.18,-2.01,0.165,0,1
3691,2025-11-20,2025-11-21,STRONG,STRONG,-8.18,3,-2.21,4.82,5.79,-1.73,0.203,0,1
3691,2026-01-30,2026-02-02,NORMAL,NORMAL,-5.72,2,2.53,-4.69,0.25,-5.98,0.099,0,1
3692,2025-10-21,2025-10-22,NORMAL,STRONG,-9.49,2,-1.86,-2.93,1.89,-8.44,0.291,0,1
3692,2025-11-14,2025-11-17,NORMAL,NORMAL,-10.12,5,-1.55,-1.89,2.1,-2.41,0.435,0,1
3692,2025-11-21,2025-11-25,STRONG,NORMAL,-3.09,6,0.12,-4.04,2.21,-4.78,0.115,1,6
3692,2025-11-25,2025-11-26,NORMAL,STRONG,-3.93,7,-1.15,7.11,11.5,-0.78,0.105,0,7
3692,2025-12-01,2025-12-02,WEAK,WEAK,-5.39,4,-0.83,-1.08,2.16,-1.68,0.0,1,2
3692,2025-12-09,2025-12-10,NORMAL,NORMAL,-3.78,3,0.0,-1.96,1.47,-2.45,0.13,0,1
3692,2025-12-11,2025-12-12,WEAK,STRONG,-4.76,3,-1.97,-2.95,1.47,-5.5,0.268,0,3
3692,2025-12-12,2025-12-15,STRONG,NORMAL,-4.86,5,-3.04,2.56,5.13,-1.28,0.365,0,4
3692,2025-12-16,2025-12-17,WEAK,NORMAL,-4.31,5,-0.44,-3.35,0.73,-4.96,0.061,1,6
3692,2025-12-17,2025-12-18,NORMAL,NORMAL,-3.77,7,-1.81,1.08,4.92,-0.92,0.282,0,7
3692,2025-12-29,2025-12-30,NORMAL,WEAK,-3.01,3,-0.7,-0.43,0.57,-2.13,0.083,0,1
3692,2026-01-22,2026-01-23,STRONG,NORMAL,-3.86,2,-0.89,1.24,2.14,-2.03,0.475,0,1
3692,2026-02-04,2026-02-05,NORMAL,NORMAL,-4.6,2,0.0,2.19,2.96,-0.66,0.293,0,1
3692,2026-02-17,2026-02-18,NORMAL,STRONG,-3.42,2,0.91,1.36,1.92,-0.57,0.326,1,1
3692,2026-02-24,2026-02-25,NORMAL,NORMAL,-14.21,5,5.91,-2.61,3.72,-2.73,0.086,0,2
3692,2026-03-10,2026-03-11,WEAK,NORMAL,-4.46,5,0.8,3.31,4.5,-0.26,0.086,0,3
3692,2026-03-26,2026-03-27,WEAK,NORMAL,-4.12,6,-0.31,-0.46,2.0,-1.54,0.0,0,1
3694,2025-10-17,2025-10-20,WEAK,STRONG,-3.19,3,2.01,3.41,3.95,0.0,0.111,0,1
3694,2025-11-25,2025-11-26,NORMAL,STRONG,-4.27,3,0.0,-1.74,0.39,-1.74,0.08,0,1
3694,2026-01-08,2026-01-09,NORMAL,NORMAL,-3.9,3,1.93,-0.38,0.0,-2.09,0.023,0,1
3694,2026-02-06,2026-02-09,NORMAL,STRONG,-3.07,4,2.54,0.0,1.65,-0.41,0.105,0,1
3694,2026-02-13,2026-02-16,WEAK,NORMAL,-5.24,4,6.81,-6.77,0.4,-7.77,0.0,0,2
3694,2026-03-16,2026-03-17,NORMAL,NORMAL,-3.02,4,0.96,-1.42,0.24,-1.42,0.0,0,1
3695,2026-02-12,2026-02-13,NORMAL,WEAK,-10.24,6,-0.54,-1.04,0.0,-1.64,0.2,0,1
3696,2025-10-17,2025-10-20,WEAK,STRONG,-5.81,4,1.7,0.75,2.28,-0.83,0.0,0,2
3696,2025-10-31,2025-11-04,NORMAL,NORMAL,-5.0,8,2.39,1.45,3.79,-2.71,0.21,0,1
3696,2025-12-09,2025-12-10,NORMAL,NORMAL,-3.97,4,1.49,0.83,1.87,-0.49,0.169,0,1
3696,2025-12-29,2025-12-30,NORMAL,WEAK,-4.38,2,-0.15,-3.09,0.85,-3.49,0.353,0,2
3696,2025-12-30,2026-01-05,WEAK,NORMAL,-3.24,5,1.29,-0.3,0.71,-1.37,0.092,0,3
3696,2026-02-13,2026-02-16,WEAK,NORMAL,-10.47,9,2.66,-0.78,1.02,-1.33,0.005,0,2
3696,2026-02-24,2026-02-25,NORMAL,NORMAL,-4.52,5,1.38,1.1,2.66,0.0,0.0,0,2
3697,2025-10-16,2025-10-17,NORMAL,WEAK,-4.18,3,-1.48,-2.84,0.9,-4.04,0.159,0,1
3697,2025-10-17,2025-10-20,WEAK,STRONG,-4.28,4,2.21,1.43,1.43,-1.17,0.243,1,2
3697,2025-11-06,2025-11-07,NORMAL,NORMAL,-5.57,5,1.69,-0.15,1.27,-1.46,0.06,0,1
3697,2025-12-02,2025-12-03,WEAK,WEAK,-4.37,3,0.03,-0.09,1.13,-1.07,0.027,0,1
3697,2025-12-16,2025-12-17,WEAK,NORMAL,-3.34,4,3.04,-0.87,1.9,-2.29,0.322,0,1
3697,2025-12-22,2025-12-23,NORMAL,NORMAL,-4.59,3,0.16,3.66,5.11,-0.21,0.154,0,1
3697,2026-01-15,2026-01-16,STRONG,NORMAL,-8.54,6,0.13,-4.15,0.34,-7.15,0.216,0,2
3697,2026-01-16,2026-01-19,NORMAL,NORMAL,-4.03,7,-1.79,-0.6,1.23,-1.72,0.401,0,3
3697,2026-01-22,2026-01-23,STRONG,NORMAL,-3.15,5,1.31,1.66,6.15,-0.16,0.084,0,2
3697,2026-01-29,2026-01-30,NORMAL,NORMAL,-5.76,7,-2.47,-2.44,0.19,-3.11,0.13,0,2
3697,2026-01-30,2026-02-02,NORMAL,NORMAL,-4.85,7,1.76,0.15,0.59,-2.63,0.202,0,3
3697,2026-02-04,2026-02-05,NORMAL,NORMAL,-7.4,7,0.59,-0.09,3.8,-1.53,0.235,0,2
3697,2026-02-06,2026-02-09,NORMAL,STRONG,-3.29,6,1.0,0.0,2.52,-0.98,0.352,1,1
3697,2026-02-12,2026-02-13,NORMAL,WEAK,-5.66,6,-1.28,-3.53,0.29,-3.57,0.057,0,1
3697,2026-02-13,2026-02-16,WEAK,NORMAL,-4.76,6,2.79,0.86,2.93,-0.11,0.012,0,2
3697,2026-02-24,2026-02-25,NORMAL,NORMAL,-9.98,7,2.16,-0.05,2.28,-1.03,0.043,0,2
3698,2025-11-06,2025-11-07,NORMAL,NORMAL,-17.71,8,7.92,-5.09,0.0,-6.22,0.054,0,2
3698,2025-11-11,2025-11-12,NORMAL,STRONG,-3.05,5,-1.05,1.23,2.2,-0.09,0.476,1,1
3698,2025-11-14,2025-11-17,NORMAL,NORMAL,-4.93,7,-0.09,-2.32,1.3,-2.69,0.115,0,2
3698,2026-02-13,2026-02-16,WEAK,NORMAL,-7.71,7,-1.02,-2.16,0.31,-2.67,0.458,0,2
3698,2026-02-16,2026-02-17,NORMAL,NORMAL,-3.16,7,-0.11,-0.32,1.26,-0.53,0.172,0,3
369A,2025-10-08,2025-10-09,NORMAL,NORMAL,-3.31,3,1.54,-1.58,0.88,-3.13,0.16,0,2
369A,2025-12-17,2025-12-18,NORMAL,NORMAL,-3.35,6,0.0,1.13,2.2,-0.38,0.267,0,2
369A,2026-01-14,2026-01-15,NORMAL,STRONG,-14.44,3,0.0,2.92,3.57,-1.95,0.259,0,1
369A,2026-02-06,2026-02-09,NORMAL,STRONG,-3.02,5,0.61,0.04,1.02,-1.13,0.466,0,1
3719,2025-10-02,2025-10-03,NORMAL,STRONG,-3.17,2,-0.22,2.84,4.81,-5.69,0.108,0,1
3719,2025-10-17,2025-10-20,WEAK,STRONG,-3.69,2,0.0,2.47,6.3,0.0,0.429,1,2
3719,2025-11-19,2025-11-20,NORMAL,STRONG,-5.45,2,2.76,3.59,4.26,-3.59,0.242,1,1
3719,2025-11-26,2025-11-27,STRONG,NORMAL,-16.36,3,-2.93,-1.76,1.51,-7.3,0.0,0,2
3719,2025-11-27,2025-11-28,NORMAL,NORMAL,-4.65,2,0.77,-0.25,3.82,-2.04,0.629,0,3
3719,2025-12-02,2025-12-03,WEAK,WEAK,-21.28,8,0.0,0.68,4.05,-6.76,0.0,0,2
3719,2025-12-09,2025-12-10,NORMAL,NORMAL,-4.95,6,-1.12,3.38,4.14,0.0,0.222,0,4
3719,2025-12-11,2025-12-12,WEAK,STRONG,-5.45,7,0.38,-2.3,1.92,-3.83,0.045,0,1
3719,2025-12-18,2025-12-19,NORMAL,NORMAL,-17.12,8,0.47,-3.27,1.87,-5.14,0.103,0,3
3719,2025-12-25,2025-12-26,NORMAL,NORMAL,-5.76,6,-0.76,-2.31,0.38,-5.77,0.049,0,1
3719,2025-12-26,2025-12-29,NORMAL,NORMAL,-3.05,4,-4.33,6.17,7.41,-2.88,0.562,1,2
3719,2025-12-30,2026-01-05,WEAK,NORMAL,-4.26,3,3.64,9.77,12.11,0.0,0.118,1,1
3719,2026-01-07,2026-01-08,NORMAL,NORMAL,-7.84,2,0.4,2.82,3.23,-1.21,0.25,0,2
3719,2026-02-18,2026-02-19,STRONG,NORMAL,-4.0,2,-0.76,-0.38,1.15,-3.05,0.05,1,4
3719,2026-02-24,2026-02-25,NORMAL,NORMAL,-3.44,3,-0.4,-0.79,1.59,-0.79,0.5,0,1
3723,2025-11-13,2025-11-14,NORMAL,NORMAL,-14.17,6,-0.15,-1.31,0.0,-1.68,0.362,0,1
3727,2026-01-20,2026-01-21,WEAK,WEAK,-4.48,3,3.29,-3.64,17.27,-5.0,0.089,0,1
372A,2025-10-16,2025-10-17,NORMAL,WEAK,-3.78,4,-0.16,-3.93,0.0,-6.56,0.562,0,1
372A,2025-10-17,2025-10-20,WEAK,STRONG,-4.09,5,0.68,0.34,1.36,-1.19,0.4,0,2
373A,2025-10-17,2025-10-20,WEAK,STRONG,-19.42,10,0.0,-3.23,0.0,-4.53,0.0,0,2
373A,2025-10-20,2025-10-21,STRONG,NORMAL,-3.23,10,0.05,-3.58,0.0,-4.23,0.287,0,3
373A,2025-10-21,2025-10-22,NORMAL,STRONG,-3.54,10,0.05,2.58,2.58,-0.88,0.153,1,4
373A,2025-11-04,2025-11-05,NORMAL,WEAK,-3.76,7,-0.34,-2.19,0.0,-3.7,0.0,0,2
373A,2026-01-15,2026-01-16,STRONG,NORMAL,-9.35,6,0.0,-0.78,0.24,-2.82,0.245,0,1
3741,2026-02-04,2026-02-05,NORMAL,NORMAL,-3.75,2,0.6,5.51,6.86,0.0,0.167,0,1
3744,2025-10-22,2025-10-23,STRONG,NORMAL,-5.35,4,-1.26,0.64,2.97,-2.54,0.192,0,1
3747,2025-10-03,2025-10-06,STRONG,STRONG,-4.52,5,0.95,-2.19,0.94,-4.38,0.0,0,2
3747,2025-10-17,2025-10-20,WEAK,STRONG,-4.01,2,12.52,2.12,2.12,-1.59,0.089,0,1
3747,2025-10-23,2025-10-24,NORMAL,NORMAL,-11.25,2,-2.73,-4.26,4.38,-6.21,0.044,0,1
3747,2025-11-26,2025-11-27,STRONG,NORMAL,-3.22,2,-1.2,-1.48,1.08,-2.7,0.278,0,1
3747,2025-12-05,2025-12-08,WEAK,NORMAL,-5.29,4,-0.15,-4.38,1.06,-5.59,0.091,0,1
3747,2025-12-08,2025-12-09,NORMAL,NORMAL,-4.52,3,1.26,4.68,6.55,-0.31,0.182,1,2
3747,2025-12-12,2025-12-15,STRONG,NORMAL,-3.06,2,-1.05,3.8,5.02,-0.3,0.038,1,2
3747,2025-12-17,2025-12-18,NORMAL,NORMAL,-4.17,3,-0.75,2.57,2.72,0.0,0.095,0,1
3747,2026-01-21,2026-01-22,WEAK,STRONG,-12.18,2,-0.53,-1.21,1.74,-2.95,0.032,0,1
3747,2026-01-29,2026-01-30,NORMAL,NORMAL,-6.93,2,0.0,1.64,3.28,-0.6,0.023,1,3
3747,2026-02-13,2026-02-16,WEAK,NORMAL,-3.64,3,-0.15,0.61,0.76,-2.27,0.045,0,2
3747,2026-02-17,2026-02-18,NORMAL,STRONG,-3.01,4,0.0,1.55,1.71,-0.47,0.022,0,1
3747,2026-02-20,2026-02-24,WEAK,NORMAL,-3.58,4,0.16,-4.35,0.48,-5.16,0.0,0,2
3747,2026-02-24,2026-02-25,NORMAL,NORMAL,-4.2,7,-0.17,5.57,10.81,-1.52,0.143,0,3
3747,2026-03-06,2026-03-10,NORMAL,WEAK,-3.12,3,-2.1,1.32,1.98,-1.81,0.182,0,1
3758,2025-12-26,2025-12-29,NORMAL,NORMAL,-3.42,6,-0.71,2.14,3.21,0.0,0.0,0,1
3760,2026-01-14,2026-01-15,NORMAL,STRONG,-4.25,3,0.0,2.15,2.58,-0.29,0.261,0,3
3762,2025-11-04,2025-11-05,NORMAL,WEAK,-5.72,2,-0.63,1.47,1.51,-1.71,0.38,0,1
3762,2026-01-14,2026-01-15,NORMAL,STRONG,-3.13,2,-0.09,0.65,0.7,-0.96,0.15,0,3
3762,2026-02-04,2026-02-05,NORMAL,NORMAL,-8.02,9,0.0,1.14,3.32,-1.19,0.283,0,1
3762,2026-02-12,2026-02-13,NORMAL,WEAK,-3.32,5,-2.0,-1.94,0.68,-2.62,0.058,0,1
3762,2026-02-13,2026-02-16,WEAK,NORMAL,-3.9,7,-0.75,1.07,1.56,-0.43,0.206,0,2
3762,2026-02-24,2026-02-25,NORMAL,NORMAL,-3.92,4,0.0,0.83,1.38,-0.5,0.188,0,3
3763,2025-12-11,2025-12-12,WEAK,STRONG,-4.42,2,0.64,-0.51,0.83,-0.83,0.146,0,1
3763,2026-02-02,2026-02-03,NORMAL,STRONG,-4.97,6,-1.83,3.2,4.99,-0.13,0.0,0,1
3763,2026-02-04,2026-02-05,NORMAL,NORMAL,-6.45,8,-0.48,1.59,3.19,0.0,0.112,0,1
3763,2026-02-16,2026-02-17,NORMAL,NORMAL,-3.08,8,-0.15,3.77,5.69,-0.22,0.114,0,4
3765,2025-11-06,2025-11-07,NORMAL,NORMAL,-3.72,2,-0.24,2.72,2.72,-0.04,0.0,0,2
3765,2025-11-10,2025-11-11,STRONG,NORMAL,-4.01,5,-1.46,1.19,1.73,-1.85,0.473,0,1
3765,2026-02-16,2026-02-17,NORMAL,NORMAL,-3.4,5,0.0,-1.72,0.56,-3.28,0.35,0,3
3769,2026-02-04,2026-02-05,NORMAL,NORMAL,-3.54,6,0.22,0.05,1.2,-1.78,0.218,0,1
3769,2026-02-13,2026-02-16,WEAK,NORMAL,-13.6,9,0.01,-2.3,0.0,-2.38,0.215,0,1
3771,2026-02-13,2026-02-16,WEAK,NORMAL,-5.27,5,0.72,-1.15,1.09,-1.64,0.078,0,2
3772,2025-11-11,2025-11-12,NORMAL,STRONG,-3.73,2,0.09,2.08,2.83,0.0,0.467,0,1
3772,2025-12-29,2025-12-30,NORMAL,WEAK,-3.3,4,0.0,-1.42,0.0,-1.42,0.132,0,1
3773,2026-02-09,2026-02-10,STRONG,STRONG,-4.19,2,0.45,2.31,2.75,0.0,0.415,0,1
3774,2026-02-04,2026-02-05,NORMAL,NORMAL,-4.73,9,-0.19,-0.45,1.68,-0.45,0.272,0,1
3774,2026-02-06,2026-02-09,NORMAL,STRONG,-6.74,10,0.18,1.21,1.55,-0.55,0.379,0,3
3774,2026-02-24,2026-02-25,NORMAL,NORMAL,-4.07,4,2.7,-2.11,0.57,-2.52,0.245,0,1
3776,2026-03-26,2026-03-27,WEAK,NORMAL,-6.48,4,0.0,1.49,1.98,-0.99,0.0,0,1
3778,2026-01-21,2026-01-22,WEAK,STRONG,-5.38,3,0.55,0.22,0.55,-0.84,0.22,0,1
3787,2025-11-19,2025-11-20,NORMAL,STRONG,-9.02,3,-7.51,1.46,20.13,-4.22,0.0,0,2
3787,2025-11-20,2025-11-21,STRONG,STRONG,-6.16,3,1.6,-3.94,0.0,-4.72,0.173,0,3
3787,2026-02-12,2026-02-13,NORMAL,WEAK,-5.79,3,-1.54,-4.06,0.0,-7.64,0.063,0,1
3788,2026-02-12,2026-02-13,NORMAL,WEAK,-8.18,5,-0.28,-0.89,2.81,-1.03,0.0,0,1
378A,2025-11-14,2025-11-17,NORMAL,NORMAL,-4.47,3,-0.14,-0.27,1.78,-2.09,0.389,0,2
378A,2025-12-01,2025-12-02,WEAK,WEAK,-7.68,8,-1.32,-0.59,1.18,-3.33,0.137,0,4
378A,2025-12-03,2025-12-04,WEAK,NORMAL,-4.91,7,0.97,0.22,2.25,-1.52,0.0,0,6
378A,2025-12-05,2025-12-08,WEAK,NORMAL,-5.56,7,0.0,1.84,2.73,-1.78,0.0,0,1
3791,2025-10-17,2025-10-20,WEAK,STRONG,-6.62,4,0.07,-0.56,0.42,-2.08,0.073,0,1
3791,2025-10-23,2025-10-24,NORMAL,NORMAL,-3.39,3,0.63,-2.79,0.0,-2.93,0.171,0,1
3791,2025-12-02,2025-12-03,WEAK,WEAK,-5.32,3,0.07,-2.36,1.18,-3.77,0.0,0,1
3791,2025-12-09,2025-12-10,NORMAL,NORMAL,-4.3,2,0.0,0.87,0.87,-1.16,0.016,0,1
3791,2025-12-22,2025-12-23,NORMAL,NORMAL,-3.85,4,0.0,3.85,6.24,0.0,0.21,0,2
3791,2026-01-21,2026-01-22,WEAK,STRONG,-3.19,3,-1.81,-2.08,1.04,-2.96,0.089,0,4
3791,2026-01-22,2026-01-23,STRONG,NORMAL,-3.85,5,1.06,1.21,3.31,-0.65,0.22,0,5
3791,2026-02-04,2026-02-05,NORMAL,NORMAL,-3.99,7,2.6,0.51,3.21,-1.35,0.0,0,2
3791,2026-02-06,2026-02-09,NORMAL,STRONG,-3.36,6,0.0,-1.3,0.7,-2.26,0.278,0,1
3793,2025-12-22,2025-12-23,NORMAL,NORMAL,-3.66,6,0.0,0.76,2.53,0.0,0.0,0,1
3793,2025-12-26,2025-12-29,NORMAL,NORMAL,-4.35,6,2.02,-1.24,0.0,-2.23,0.174,0,1
3793,2026-02-02,2026-02-03,NORMAL,STRONG,-4.68,3,-0.7,-0.71,0.71,-1.41,0.233,0,1
3793,2026-02-04,2026-02-05,NORMAL,NORMAL,-3.32,3,-0.74,2.47,2.72,-0.25,0.333,0,3
3793,2026-02-13,2026-02-16,WEAK,NORMAL,-4.1,3,0.5,-0.25,0.5,-1.0,0.0,0,2
3798,2025-10-17,2025-10-20,WEAK,STRONG,-4.53,7,1.28,-1.27,1.39,-2.53,0.08,0,4
3798,2025-11-05,2025-11-06,WEAK,NORMAL,-4.33,3,-0.27,-0.69,1.51,-1.93,0.25,0,1
3798,2025-11-07,2025-11-10,NORMAL,STRONG,-3.19,3,-10.01,4.29,8.43,0.0,0.167,0,3
3798,2025-11-10,2025-11-11,STRONG,NORMAL,-6.15,7,0.61,-0.3,1.67,-3.03,0.0,0,4
3798,2025-11-14,2025-11-17,NORMAL,NORMAL,-6.13,4,-1.37,-4.62,0.62,-7.55,0.114,1,1
3798,2025-12-01,2025-12-02,WEAK,WEAK,-3.55,4,0.18,-2.63,0.35,-3.33,0.0,0,1
3798,2025-12-16,2025-12-17,WEAK,NORMAL,-3.18,4,5.47,4.33,5.19,-1.73,0.25,0,1
3798,2026-02-04,2026-02-05,NORMAL,NORMAL,-8.09,9,0.19,0.75,1.5,-1.87,0.026,0,1
3798,2026-02-13,2026-02-16,WEAK,NORMAL,-4.09,5,7.75,-2.52,2.16,-2.88,0.154,0,2
3798,2026-02-24,2026-02-25,NORMAL,NORMAL,-9.3,2,1.93,2.09,2.85,-1.33,0.186,0,2
3803,2025-10-07,2025-10-08,NORMAL,NORMAL,-4.17,7,0.75,0.0,3.33,-0.62,0.333,0,1
3803,2025-11-13,2025-11-14,NORMAL,NORMAL,-22.86,4,-9.66,-9.7,4.14,-10.41,0.075,0,1
3803,2025-11-14,2025-11-17,NORMAL,NORMAL,-18.43,5,-6.32,3.04,7.76,-0.34,0.049,0,2
3803,2025-11-19,2025-11-20,NORMAL,STRONG,-3.6,5,3.55,-6.52,0.0,-8.06,0.235,1,5
3803,2025-12-02,2025-12-03,WEAK,WEAK,-15.06,5,-5.32,0.56,2.43,-2.43,0.0,0,1
3803,2025-12-03,2025-12-04,WEAK,NORMAL,-4.79,7,-0.19,-0.93,1.49,-2.05,0.5,1,2
3803,2026-03-10,2026-03-11,WEAK,NORMAL,-7.06,6,1.64,1.41,1.41,-0.61,0.323,0,4
3803,2026-03-26,2026-03-27,WEAK,NORMAL,-11.15,4,1.29,4.19,12.93,-2.0,0.023,0,3
380A,2025-10-17,2025-10-20,WEAK,STRONG,-3.64,3,3.0,-0.67,1.25,-0.75,0.0,0,2
380A,2026-02-02,2026-02-03,NORMAL,STRONG,-4.48,4,0.71,-0.79,1.32,-1.58,0.103,0,3
3810,2025-10-21,2025-10-22,NORMAL,STRONG,-7.0,2,2.15,-3.68,1.32,-5.79,0.2,0,1
3810,2025-11-25,2025-11-26,NORMAL,STRONG,-18.87,10,0.35,6.92,9.0,-4.15,0.165,0,1
3810,2025-11-28,2025-12-01,NORMAL,WEAK,-4.27,4,-2.23,-0.65,1.95,-1.3,0.389,1,1
3810,2025-12-11,2025-12-12,WEAK,STRONG,-3.23,3,2.33,-3.91,0.0,-5.54,0.238,0,1
3810,2025-12-16,2025-12-17,WEAK,NORMAL,-5.54,3,0.34,-5.5,0.34,-6.19,0.067,0,1
3810,2025-12-17,2025-12-18,NORMAL,NORMAL,-5.17,6,1.82,6.43,9.64,-1.79,0.105,0,2
3810,2026-01-14,2026-01-15,NORMAL,STRONG,-4.44,2,-2.66,4.1,5.46,-0.68,0.316,0,2
3810,2026-02-02,2026-02-03,NORMAL,STRONG,-3.58,4,0.34,2.02,2.69,-2.02,0.154,0,2
3810,2026-02-04,2026-02-05,NORMAL,NORMAL,-3.96,2,2.41,-1.01,1.68,-1.34,0.0,0,1
3810,2026-02-12,2026-02-13,NORMAL,WEAK,-5.32,7,1.4,-6.92,1.38,-10.38,0.03,0,1
3810,2026-02-13,2026-02-16,WEAK,NORMAL,-5.61,7,1.49,-7.33,2.56,-26.01,0.294,0,2
3810,2026-02-16,2026-02-17,NORMAL,NORMAL,-5.95,10,-2.77,-3.25,0.41,-5.28,0.654,0,3
3810,2026-02-17,2026-02-18,NORMAL,STRONG,-5.93,7,0.42,-2.51,0.0,-7.53,0.357,0,4
3810,2026-02-20,2026-02-24,WEAK,NORMAL,-4.55,6,-1.3,-4.39,1.32,-6.58,0.118,0,1
3810,2026-02-24,2026-02-25,NORMAL,NORMAL,-5.63,6,0.92,0.0,1.82,-5.45,0.278,0,2
3817,2026-02-13,2026-02-16,WEAK,NORMAL,-6.11,7,-0.6,2.11,2.11,-1.71,0.271,0,2
3825,2025-10-16,2025-10-17,NORMAL,WEAK,-3.77,3,-5.23,-2.41,1.03,-5.17,0.0,0,3
3825,2025-10-17,2025-10-20,WEAK,STRONG,-7.52,7,2.47,2.07,2.07,-2.41,0.444,0,4
3825,2025-11-04,2025-11-05,NORMAL,WEAK,-4.42,2,-2.31,3.72,5.07,-3.04,0.0,0,1
3825,2025-11-14,2025-11-17,NORMAL,NORMAL,-4.18,4,-2.35,-6.53,0.34,-8.59,0.0,0,3
3825,2025-12-01,2025-12-02,WEAK,WEAK,-7.66,5,0.0,-3.95,0.4,-3.95,0.0,0,2
3825,2025-12-02,2025-12-03,WEAK,WEAK,-3.95,6,3.29,-1.59,2.39,-1.99,0.0,0,3
3825,2025-12-05,2025-12-08,WEAK,NORMAL,-3.63,6,-1.67,-1.28,1.28,-2.55,0.2,0,1
3825,2026-02-05,2026-02-06,NORMAL,NORMAL,-4.53,5,-2.77,-2.03,0.0,-3.25,0.1,0,1
3825,2026-02-06,2026-02-09,NORMAL,STRONG,-4.74,6,5.81,-1.57,1.57,-3.92,0.375,0,2
3825,2026-02-12,2026-02-13,NORMAL,WEAK,-5.36,3,-1.62,-4.12,1.23,-4.94,0.077,0,1
3825,2026-02-13,2026-02-16,WEAK,NORMAL,-5.67,6,3.0,0.42,2.92,-0.83,0.133,0,2
3826,2025-10-23,2025-10-24,NORMAL,NORMAL,-6.48,3,-0.79,-1.8,0.2,-2.2,0.25,0,1
3826,2025-11-04,2025-11-05,NORMAL,WEAK,-5.13,3,-0.43,0.87,1.52,-1.09,0.0,0,5
3834,2026-02-16,2026-02-17,NORMAL,NORMAL,-3.82,5,0.15,0.44,1.03,-0.29,0.0,0,1
3835,2025-10-15,2025-10-16,STRONG,NORMAL,-7.45,8,-0.22,-0.67,1.35,-1.57,0.077,0,3
3835,2026-02-13,2026-02-16,WEAK,NORMAL,-3.62,4,0.0,-2.11,0.0,-3.05,0.15,0,2
3836,2026-01-30,2026-02-02,NORMAL,NORMAL,-5.87,5,-1.04,-3.4,0.0,-4.32,0.0,0,5
3836,2026-02-02,2026-02-03,NORMAL,STRONG,-4.4,8,1.66,0.13,0.82,-0.88,0.214,0,6
3836,2026-02-04,2026-02-05,NORMAL,NORMAL,-6.72,8,0.0,2.42,5.18,-0.27,0.108,0,1
3836,2026-02-12,2026-02-13,NORMAL,WEAK,-3.21,5,-1.06,-3.89,1.48,-4.23,0.0,0,1
3836,2026-02-13,2026-02-16,WEAK,NORMAL,-4.91,7,0.63,0.35,2.01,-0.35,0.059,0,2
3836,2026-03-13,2026-03-16,WEAK,NORMAL,-3.32,2,-0.22,0.37,1.5,-0.67,0.1,0,4
3837,2025-11-19,2025-11-20,NORMAL,STRONG,-3.77,2,2.14,-0.77,0.77,-0.77,0.141,0,2
3837,2026-02-04,2026-02-05,NORMAL,NORMAL,-4.59,3,1.0,0.29,1.63,-2.27,0.21,0,2
3837,2026-02-06,2026-02-09,NORMAL,STRONG,-4.12,2,3.33,-1.29,0.0,-2.28,0.309,0,1
3837,2026-03-26,2026-03-27,WEAK,NORMAL,-3.1,5,0.07,2.11,2.59,0.0,0.111,0,1
3839,2026-03-25,2026-03-26,STRONG,WEAK,-3.52,4,1.59,-1.56,0.62,-2.5,0.0,0,1
3841,2026-02-02,2026-02-03,NORMAL,STRONG,-13.62,9,1.08,0.89,2.23,0.0,0.327,0,3
3842,2025-11-10,2025-11-11,STRONG,NORMAL,-16.48,5,-0.18,-3.95,0.0,-4.6,0.384,0,1
3842,2025-11-11,2025-11-12,NORMAL,STRONG,-4.13,7,0.0,-1.44,0.0,-2.2,0.14,0,2
3843,2026-03-16,2026-03-17,NORMAL,NORMAL,-5.15,5,0.27,1.42,2.57,0.0,0.095,0,3
3844,2026-02-06,2026-02-09,NORMAL,STRONG,-3.21,6,0.06,-4.55,0.26,-5.78,0.0,0,1
3844,2026-02-09,2026-02-10,STRONG,STRONG,-4.48,9,-0.68,2.6,2.6,-0.27,0.204,0,2
3844,2026-02-13,2026-02-16,WEAK,NORMAL,-3.18,6,0.07,1.12,1.81,-0.07,0.0,0,2
3845,2025-11-14,2025-11-17,NORMAL,NORMAL,-6.17,3,0.0,-0.44,0.44,-7.02,0.118,0,1
3845,2026-01-09,2026-01-13,NORMAL,NORMAL,-5.86,2,0.39,-3.88,0.39,-5.81,0.333,0,1
3850,2025-10-30,2025-10-31,NORMAL,NORMAL,-3.62,5,-0.84,2.81,3.09,-0.56,0.2,0,3
3850,2026-01-29,2026-01-30,NORMAL,NORMAL,-4.87,3,-0.13,-1.62,0.27,-2.7,0.412,0,2
3850,2026-02-20,2026-02-24,WEAK,NORMAL,-9.3,9,0.32,-0.48,0.96,-0.96,0.143,0,1
3853,2025-10-02,2025-10-03,NORMAL,STRONG,-12.01,4,4.34,6.73,11.57,-1.13,0.0,0,6
3853,2025-10-07,2025-10-08,NORMAL,NORMAL,-6.1,4,2.32,-7.02,1.59,-7.1,0.323,0,2
3853,2025-10-08,2025-10-09,NORMAL,NORMAL,-4.87,5,0.16,2.76,5.68,-1.62,0.009,0,3
3853,2025-10-17,2025-10-20,WEAK,STRONG,-4.13,6,12.2,0.72,5.29,-5.8,0.113,0,2
3853,2025-11-14,2025-11-17,NORMAL,NORMAL,-3.88,2,-0.65,-3.58,1.46,-5.12,0.203,0,2
3853,2025-11-25,2025-11-26,NORMAL,STRONG,-5.68,6,-0.18,0.09,2.79,-0.63,0.225,0,1
3853,2025-12-01,2025-12-02,WEAK,WEAK,-4.53,7,0.09,-0.56,2.04,-0.74,0.082,0,1
3853,2025-12-24,2025-12-25,NORMAL,NORMAL,-3.06,4,-0.42,1.8,2.54,-0.42,0.107,0,1
3853,2026-01-21,2026-01-22,WEAK,STRONG,-10.51,3,-2.52,-1.03,4.04,-4.39,0.136,0,1
3853,2026-02-19,2026-02-20,NORMAL,WEAK,-3.33,2,1.44,-1.74,0.95,-2.92,0.211,1,5
3853,2026-02-24,2026-02-25,NORMAL,NORMAL,-8.03,3,4.89,0.83,6.99,-0.42,0.0,0,7
3853,2026-03-10,2026-03-11,WEAK,NORMAL,-4.72,2,0.49,3.23,5.34,-0.97,0.549,0,1
3854,2026-02-02,2026-02-03,NORMAL,STRONG,-3.82,5,0.17,0.5,0.75,-0.84,0.067,0,1
3854,2026-02-04,2026-02-05,NORMAL,NORMAL,-3.33,5,0.13,1.89,2.66,-0.56,0.2,0,1
3856,2025-10-06,2025-10-07,STRONG,NORMAL,-3.42,7,0.22,-1.43,1.54,-3.97,0.111,0,1
3856,2025-10-16,2025-10-17,NORMAL,WEAK,-4.09,6,1.6,-4.3,0.0,-6.93,0.27,0,1
3856,2025-11-13,2025-11-14,NORMAL,NORMAL,-26.78,8,-1.97,6.04,8.19,-1.88,0.196,0,1
3856,2025-11-25,2025-11-26,NORMAL,STRONG,-3.19,6,-0.86,3.33,4.92,0.0,0.129,0,2
3856,2025-12-01,2025-12-02,WEAK,WEAK,-3.62,6,0.42,-2.22,1.66,-2.91,0.028,0,1
3856,2025-12-16,2025-12-17,WEAK,NORMAL,-5.03,6,1.51,-2.68,0.3,-3.43,0.189,0,1
3856,2025-12-24,2025-12-25,NORMAL,NORMAL,-7.23,10,0.78,-1.29,1.55,-3.09,0.333,1,1
3856,2026-01-07,2026-01-08,NORMAL,NORMAL,-4.12,7,-0.54,2.16,3.24,-0.81,0.071,0,2
3856,2026-01-16,2026-01-19,NORMAL,NORMAL,-5.19,3,-3.32,1.37,2.92,-4.97,0.06,0,1
3856,2026-02-16,2026-02-17,NORMAL,NORMAL,-8.01,3,-0.19,0.74,1.48,-6.12,0.411,0,2
3856,2026-02-18,2026-02-19,STRONG,NORMAL,-5.89,2,-0.98,1.19,1.98,-2.37,0.0,1,1
3856,2026-02-20,2026-02-24,WEAK,NORMAL,-4.49,4,-0.41,-3.9,1.64,-4.11,0.154,1,1
3856,2026-02-24,2026-02-25,NORMAL,NORMAL,-4.29,3,1.71,2.31,4.62,-0.42,0.036,0,2
3858,2025-11-13,2025-11-14,NORMAL,NORMAL,-16.5,3,-2.62,-0.73,4.65,-1.71,0.054,0,1
3858,2025-12-11,2025-12-12,WEAK,STRONG,-4.22,3,0.0,0.28,1.93,-0.55,0.0,0,3
3858,2026-02-13,2026-02-16,WEAK,NORMAL,-4.12,5,-1.08,0.54,0.82,-2.99,0.059,0,2
3861,2026-02-06,2026-02-09,NORMAL,STRONG,-4.29,3,1.88,1.6,2.58,-1.04,0.047,0,1
3863,2025-11-06,2025-11-07,NORMAL,NORMAL,-6.33,6,0.0,0.09,0.38,-2.35,0.171,0,4
3863,2026-02-06,2026-02-09,NORMAL,STRONG,-4.71,4,2.38,-2.07,0.26,-3.79,0.087,0,1
386A,2025-11-13,2025-11-14,NORMAL,NORMAL,-8.95,5,0.0,-0.98,0.05,-1.18,0.034,0,1
386A,2025-12-02,2025-12-03,WEAK,WEAK,-4.39,9,-0.31,-1.0,0.06,-2.36,0.152,0,3
386A,2026-02-13,2026-02-16,WEAK,NORMAL,-9.38,5,1.93,0.88,0.95,-1.26,0.05,0,2
386A,2026-02-20,2026-02-24,WEAK,NORMAL,-3.28,6,0.0,-0.2,0.53,-0.66,0.18,0,3
3878,2026-02-10,2026-02-12,STRONG,NORMAL,-3.59,4,0.26,7.17,7.3,0.0,0.078,0,1
387A,2025-11-13,2025-11-14,NORMAL,NORMAL,-14.98,7,-2.07,0.11,5.08,-0.74,0.051,0,1
3880,2025-10-08,2025-10-09,NORMAL,NORMAL,-3.04,2,-0.58,0.82,1.05,-0.47,0.0,0,1
3891,2026-01-29,2026-01-30,NORMAL,NORMAL,-4.17,4,1.05,0.0,3.42,-4.31,0.369,0,2
3891,2026-02-02,2026-02-03,NORMAL,STRONG,-6.24,3,1.27,0.94,2.35,-0.47,0.093,1,1
3891,2026-02-04,2026-02-05,NORMAL,NORMAL,-4.96,7,-0.49,3.44,4.26,-0.98,0.458,0,1
3892,2026-01-09,2026-01-13,NORMAL,NORMAL,-7.56,4,-2.2,-0.12,7.39,-4.9,0.194,0,1
3896,2026-01-16,2026-01-19,NORMAL,NORMAL,-5.21,3,0.63,5.25,15.34,-2.94,0.102,0,1
3900,2025-11-21,2025-11-25,STRONG,NORMAL,-3.33,2,5.54,-0.58,0.93,-4.31,0.486,0,3
3900,2026-02-13,2026-02-16,WEAK,NORMAL,-4.79,3,-1.98,-8.77,0.67,-9.18,0.128,0,2
3900,2026-02-16,2026-02-17,NORMAL,NORMAL,-10.58,7,0.74,-5.14,3.52,-5.29,0.041,0,3
3900,2026-02-17,2026-02-18,NORMAL,STRONG,-4.44,9,-0.31,-1.71,0.16,-2.95,0.017,0,4
3901,2025-11-14,2025-11-17,NORMAL,NORMAL,-6.23,6,0.0,-3.32,0.83,-3.71,0.137,0,2
3901,2025-12-12,2025-12-15,STRONG,NORMAL,-4.95,9,-0.19,-0.52,0.52,-0.58,0.19,0,1
3901,2026-02-03,2026-02-04,STRONG,NORMAL,-3.59,3,-1.31,-2.05,0.4,-2.58,0.214,0,1
3901,2026-02-04,2026-02-05,NORMAL,NORMAL,-3.33,4,-0.81,3.61,4.29,-0.27,0.178,0,2
3902,2025-10-15,2025-10-16,STRONG,NORMAL,-18.13,10,0.22,-0.22,2.23,-1.34,0.038,0,6
3902,2025-10-23,2025-10-24,NORMAL,NORMAL,-3.7,5,-0.43,-2.15,0.21,-2.36,0.059,1,1
3902,2025-11-14,2025-11-17,NORMAL,NORMAL,-3.6,3,6.99,2.61,3.92,-0.44,0.208,0,3
3903,2025-10-03,2025-10-06,STRONG,STRONG,-11.36,8,2.56,-0.62,0.62,-5.0,0.0,0,6
3903,2025-10-17,2025-10-20,WEAK,STRONG,-3.85,7,3.56,1.5,2.36,-1.93,0.385,0,2
3903,2025-11-06,2025-11-07,NORMAL,NORMAL,-3.59,3,-1.16,0.71,1.88,-0.47,0.0,1,1
3903,2025-11-14,2025-11-17,NORMAL,NORMAL,-4.65,4,-0.49,-2.94,0.74,-3.43,0.0,0,2
3903,2025-12-02,2025-12-03,WEAK,WEAK,-3.99,3,1.3,-2.56,0.26,-2.56,0.0,1,2
3903,2025-12-15,2025-12-16,NORMAL,WEAK,-5.59,4,-0.28,-5.37,0.56,-5.65,0.056,0,1
3903,2025-12-16,2025-12-17,WEAK,NORMAL,-5.63,5,0.3,2.68,3.87,0.0,0.045,0,2
3903,2026-02-06,2026-02-09,NORMAL,STRONG,-4.0,5,2.38,-2.33,1.16,-2.33,0.273,0,1
3904,2026-02-17,2026-02-18,NORMAL,STRONG,-15.89,5,-0.2,-5.18,0.2,-5.98,0.167,0,1
3904,2026-02-18,2026-02-19,STRONG,NORMAL,-5.37,7,0.84,-1.88,0.0,-4.17,0.129,0,2
3905,2025-10-02,2025-10-03,NORMAL,STRONG,-3.33,5,2.46,1.68,7.45,-1.88,0.0,1,5
3905,2025-10-08,2025-10-09,NORMAL,NORMAL,-13.64,5,-9.76,2.5,3.38,-4.73,0.223,0,2
3905,2025-12-02,2025-12-03,WEAK,WEAK,-4.37,2,0.0,2.47,4.56,-2.1,0.243,1,3
3905,2025-12-04,2025-12-05,NORMAL,WEAK,-4.59,3,-0.05,3.19,4.67,-1.72,0.246,0,1
3905,2025-12-17,2025-12-18,NORMAL,NORMAL,-4.06,6,-3.19,0.59,0.92,-3.94,0.264,0,4
3905,2026-01-30,2026-02-02,NORMAL,NORMAL,-5.4,6,-0.32,-0.59,5.24,-0.8,0.174,0,3
3905,2026-02-05,2026-02-06,NORMAL,NORMAL,-3.91,6,-0.84,-1.74,0.51,-4.21,0.113,0,2
3905,2026-02-13,2026-02-16,WEAK,NORMAL,-7.24,2,3.14,0.76,4.21,-3.3,0.088,1,1
3905,2026-02-17,2026-02-18,NORMAL,STRONG,-3.02,4,-1.25,0.42,2.42,-1.1,0.093,0,1
3905,2026-02-24,2026-02-25,NORMAL,NORMAL,-3.72,2,-0.83,2.28,3.89,-0.11,0.333,0,2
3905,2026-03-06,2026-03-10,NORMAL,WEAK,-8.43,5,0.0,5.75,6.2,-0.32,0.367,0,3
3905,2026-03-13,2026-03-16,WEAK,NORMAL,-4.31,4,-0.99,-0.68,1.43,-2.68,0.161,1,1
3905,2026-03-17,2026-03-18,NORMAL,STRONG,-3.89,5,1.24,-0.58,1.74,-2.13,0.226,0,3
3908,2026-01-21,2026-01-22,WEAK,STRONG,-3.76,3,0.0,-3.58,0.33,-3.58,0.129,0,1
3911,2025-11-04,2025-11-05,NORMAL,WEAK,-3.52,6,-0.46,0.46,0.92,-1.83,0.222,0,2
3911,2025-11-14,2025-11-17,NORMAL,NORMAL,-3.4,2,-0.44,0.44,0.88,-1.33,0.143,0,2
3911,2025-12-01,2025-12-02,WEAK,WEAK,-4.88,2,0.0,-2.56,0.43,-2.56,0.067,0,1
3911,2025-12-17,2025-12-18,NORMAL,NORMAL,-3.49,3,0.0,0.9,1.36,-0.9,0.0,0,2
3911,2026-02-13,2026-02-16,WEAK,NORMAL,-3.14,5,0.46,3.23,3.69,-1.38,0.0,0,2
3912,2026-02-05,2026-02-06,NORMAL,NORMAL,-7.88,3,-0.35,1.93,2.89,-0.79,0.154,0,3
3913,2025-10-16,2025-10-17,NORMAL,WEAK,-3.24,3,-1.62,-0.22,1.64,-1.75,0.53,0,4
3913,2026-02-16,2026-02-17,NORMAL,NORMAL,-13.21,10,5.67,-4.74,0.36,-7.33,0.171,0,2
3913,2026-02-20,2026-02-24,WEAK,NORMAL,-3.12,7,1.04,-0.47,1.78,-2.62,0.125,0,1
3914,2025-11-19,2025-11-20,NORMAL,STRONG,-4.66,3,0.93,0.28,1.73,-0.74,0.252,0,2
3915,2026-02-02,2026-02-03,NORMAL,STRONG,-4.02,3,0.25,-1.64,1.84,-4.13,0.0,0,6
3915,2026-02-04,2026-02-05,NORMAL,NORMAL,-4.7,5,0.05,3.5,4.5,-0.11,0.0,0,8
3915,2026-02-13,2026-02-16,WEAK,NORMAL,-3.92,5,0.1,0.52,1.05,-0.1,0.0,1,2
3915,2026-03-26,2026-03-27,WEAK,NORMAL,-3.86,4,1.36,0.51,1.92,-1.6,0.23,0,1
3916,2025-12-29,2025-12-30,NORMAL,WEAK,-48.31,8,-4.35,-0.91,1.52,-0.91,0.236,0,1
3916,2025-12-30,2026-01-05,WEAK,NORMAL,-5.22,8,0.15,1.91,2.44,0.0,0.0,0,2
3916,2026-02-04,2026-02-05,NORMAL,NORMAL,-4.15,5,0.92,0.25,1.98,-0.74,0.0,0,1
3916,2026-02-06,2026-02-09,NORMAL,STRONG,-3.21,6,0.34,-0.85,0.59,-0.85,0.025,1,1
3916,2026-02-13,2026-02-16,WEAK,NORMAL,-6.21,6,-5.37,1.7,1.89,-1.23,0.0,0,2
3916,2026-02-16,2026-02-17,NORMAL,NORMAL,-3.76,9,-0.37,0.56,1.59,-1.03,0.394,0,3
3918,2026-01-29,2026-01-30,NORMAL,NORMAL,-3.56,2,0.28,-1.67,0.0,-3.33,0.558,0,4
3918,2026-02-02,2026-02-03,NORMAL,STRONG,-4.87,2,3.12,-0.07,0.0,-4.68,0.172,0,6
3918,2026-02-13,2026-02-16,WEAK,NORMAL,-16.84,8,0.98,2.75,3.31,-0.81,0.221,0,1
3918,2026-02-17,2026-02-18,NORMAL,STRONG,-3.86,5,1.23,-2.02,0.0,-2.02,0.097,0,1
3921,2025-12-11,2025-12-12,WEAK,STRONG,-4.12,3,0.28,1.26,2.25,-1.21,0.268,0,2
3921,2026-02-05,2026-02-06,NORMAL,NORMAL,-4.13,4,-0.41,-0.29,0.53,-1.29,0.0,0,2
3922,2025-10-17,2025-10-20,WEAK,STRONG,-3.49,4,1.76,0.73,0.73,-0.93,0.111,0,2
3922,2026-01-16,2026-01-19,NORMAL,NORMAL,-5.33,3,-1.36,-0.45,0.3,-1.79,0.0,1,1
3922,2026-02-06,2026-02-09,NORMAL,STRONG,-3.85,3,0.2,-1.26,0.16,-2.45,0.118,0,1
3922,2026-02-12,2026-02-13,NORMAL,WEAK,-3.39,4,0.75,-1.87,0.37,-2.53,0.149,0,1
3923,2025-11-25,2025-11-26,NORMAL,STRONG,-3.51,2,0.38,1.62,1.96,-0.5,0.234,0,1
3923,2025-12-09,2025-12-10,NORMAL,NORMAL,-3.36,4,0.82,-1.5,0.09,-2.63,0.083,0,1
3923,2025-12-11,2025-12-12,WEAK,STRONG,-3.31,5,0.62,-0.66,1.89,-1.51,0.074,0,3
3923,2026-01-19,2026-01-20,NORMAL,WEAK,-3.92,4,3.0,-0.98,2.06,-0.98,0.0,0,2
3923,2026-01-22,2026-01-23,STRONG,NORMAL,-3.59,5,0.63,-1.32,0.31,-2.29,0.0,0,2
3923,2026-01-29,2026-01-30,NORMAL,NORMAL,-3.85,6,-0.49,-0.01,1.28,-0.62,0.221,0,2
3923,2026-02-04,2026-02-05,NORMAL,NORMAL,-12.92,10,2.03,5.68,6.07,-1.8,0.123,0,6
3923,2026-02-12,2026-02-13,NORMAL,WEAK,-4.23,5,-1.83,-4.97,1.11,-5.29,0.0,0,1
3923,2026-02-13,2026-02-16,WEAK,NORMAL,-6.71,6,1.96,6.87,7.41,-0.78,0.05,0,2
3923,2026-02-20,2026-02-24,WEAK,NORMAL,-5.68,4,-3.68,-1.38,1.84,-1.8,0.7,0,1
3923,2026-02-24,2026-02-25,NORMAL,NORMAL,-5.01,6,2.06,6.31,7.2,-0.23,0.115,0,2
3924,2025-11-14,2025-11-17,NORMAL,NORMAL,-6.41,8,0.0,-1.66,0.0,-1.99,0.2,0,3
3924,2026-02-13,2026-02-16,WEAK,NORMAL,-9.01,6,0.11,0.11,0.33,-0.22,0.327,0,1
3925,2026-02-06,2026-02-09,NORMAL,STRONG,-3.22,8,1.63,-2.16,0.31,-3.46,0.111,0,1
3925,2026-02-16,2026-02-17,NORMAL,NORMAL,-10.32,10,0.07,2.29,2.71,-1.5,0.429,0,3
3926,2025-11-10,2025-11-11,STRONG,NORMAL,-4.24,7,0.0,-4.13,0.59,-5.01,0.083,0,4
3926,2025-11-11,2025-11-12,NORMAL,STRONG,-4.13,9,4.0,-1.18,0.59,-3.25,0.158,0,5
3926,2025-11-19,2025-11-20,NORMAL,STRONG,-5.05,8,4.65,1.27,1.59,-2.86,0.062,0,3
3927,2025-10-07,2025-10-08,NORMAL,NORMAL,-7.35,5,0.0,-1.86,1.86,-4.34,0.205,0,1
3927,2026-02-13,2026-02-16,WEAK,NORMAL,-6.0,2,0.33,0.44,2.41,-3.29,0.287,0,2
3927,2026-02-24,2026-02-25,NORMAL,NORMAL,-7.0,4,0.84,-0.24,1.07,-0.83,0.149,0,2
3928,2026-02-13,2026-02-16,WEAK,NORMAL,-9.0,4,0.0,4.95,11.31,-3.53,0.283,0,1
3932,2026-03-26,2026-03-27,WEAK,NORMAL,-4.12,3,-0.11,1.66,2.29,-0.67,0.219,0,1
3935,2025-10-15,2025-10-16,STRONG,NORMAL,-13.7,9,-0.21,5.16,9.89,-2.69,0.039,0,3
3935,2025-10-17,2025-10-20,WEAK,STRONG,-3.07,4,0.21,-2.74,0.21,-3.58,0.459,1,1
3935,2025-10-21,2025-10-22,NORMAL,STRONG,-3.68,6,0.0,0.56,1.57,-1.01,0.218,0,3
3935,2025-10-23,2025-10-24,NORMAL,NORMAL,-4.58,6,0.94,0.46,2.55,-1.28,0.229,0,1
3935,2026-01-14,2026-01-15,NORMAL,STRONG,-10.62,8,0.61,0.73,1.71,-0.49,0.098,0,2
3935,2026-01-19,2026-01-20,NORMAL,WEAK,-4.18,7,0.51,-0.77,0.0,-2.42,0.3,0,2
3937,2025-11-07,2025-11-10,NORMAL,STRONG,-8.32,6,0.9,3.36,3.56,-0.1,0.013,0,5
3937,2026-02-06,2026-02-09,NORMAL,STRONG,-4.27,7,1.32,1.4,2.1,-0.5,0.163,0,1
3937,2026-02-13,2026-02-16,WEAK,NORMAL,-4.4,6,0.42,0.94,1.35,0.0,0.113,0,3
3941,2026-03-10,2026-03-11,WEAK,NORMAL,-4.15,4,0.74,0.7,1.65,-0.04,0.587,0,4
3950,2026-02-16,2026-02-17,NORMAL,NORMAL,-3.56,2,0.46,-0.31,0.46,-0.77,0.368,0,2
395A,2026-02-16,2026-02-17,NORMAL,NORMAL,-3.86,3,-1.03,-1.32,1.58,-1.32,0.189,0,2
3962,2025-11-14,2025-11-17,NORMAL,NORMAL,-5.38,7,0.09,0.38,0.57,-1.8,0.25,0,1
3962,2025-12-03,2025-12-04,WEAK,NORMAL,-8.61,6,3.61,0.58,1.55,-0.97,0.062,0,2
3962,2026-02-04,2026-02-05,NORMAL,NORMAL,-3.16,2,0.49,0.59,2.66,-0.69,0.135,0,1
3962,2026-02-20,2026-02-24,WEAK,NORMAL,-5.72,7,0.0,-2.13,1.28,-3.3,0.167,0,3
3963,2025-10-06,2025-10-07,STRONG,NORMAL,-4.61,5,-0.69,2.6,5.56,-0.35,0.6,0,1
3963,2025-11-25,2025-11-26,NORMAL,STRONG,-3.84,4,0.0,1.27,2.54,0.0,0.095,0,8
3963,2026-01-14,2026-01-15,NORMAL,STRONG,-4.53,3,0.15,1.04,1.04,-0.89,0.073,0,3
3964,2026-02-13,2026-02-16,WEAK,NORMAL,-6.1,3,9.63,-2.42,0.79,-3.43,0.101,0,1
3968,2025-12-16,2025-12-17,WEAK,NORMAL,-4.31,3,2.18,-0.71,0.71,-1.71,0.081,0,1
3968,2025-12-29,2025-12-30,NORMAL,WEAK,-4.45,7,-0.45,-0.76,0.76,-0.76,0.211,0,2
3968,2026-01-05,2026-01-06,NORMAL,STRONG,-4.87,6,0.32,0.0,2.07,-0.16,0.097,0,4
3968,2026-02-24,2026-02-25,NORMAL,NORMAL,-3.47,3,0.0,2.4,3.0,-0.6,0.176,0,2
3969,2025-10-30,2025-10-31,NORMAL,NORMAL,-6.57,6,0.07,-1.47,0.0,-1.76,0.574,0,1
3974,2025-10-30,2025-10-31,NORMAL,NORMAL,-11.99,8,-0.6,1.81,2.62,0.0,0.094,0,2
3981,2025-12-29,2025-12-30,NORMAL,WEAK,-4.69,4,0.16,-0.4,0.87,-1.67,0.14,0,1
3983,2025-10-30,2025-10-31,NORMAL,NORMAL,-5.95,5,0.56,1.46,2.97,-0.43,0.181,0,1
3983,2026-02-04,2026-02-05,NORMAL,NORMAL,-4.34,4,-0.1,3.58,4.14,-0.56,0.0,0,1
3983,2026-02-06,2026-02-09,NORMAL,STRONG,-3.51,4,2.02,-1.63,0.0,-1.68,0.056,0,1
3983,2026-02-13,2026-02-16,WEAK,NORMAL,-4.86,6,0.16,2.58,4.74,-1.42,0.094,0,2
3984,2026-02-06,2026-02-09,NORMAL,STRONG,-5.39,7,1.22,-0.11,0.0,-1.21,0.0,0,1
3984,2026-02-13,2026-02-16,WEAK,NORMAL,-6.15,9,1.04,0.18,1.39,-1.94,0.115,0,2
3984,2026-02-17,2026-02-18,NORMAL,STRONG,-3.21,8,-0.06,-1.63,0.5,-3.44,0.154,0,1
3984,2026-02-24,2026-02-25,NORMAL,NORMAL,-4.4,6,0.79,0.98,1.44,-0.33,0.06,0,1
3984,2026-03-26,2026-03-27,WEAK,NORMAL,-3.18,3,-0.77,1.34,1.69,0.0,0.197,0,1
3985,2025-12-12,2025-12-15,STRONG,NORMAL,-8.9,3,-1.86,-0.95,1.42,-0.95,0.05,0,1
3989,2026-02-06,2026-02-09,NORMAL,STRONG,-3.37,6,0.0,1.97,2.24,0.0,0.4,0,1
3989,2026-02-12,2026-02-13,NORMAL,WEAK,-3.96,4,-0.09,1.08,1.26,-0.63,0.0,0,1
3989,2026-02-17,2026-02-18,NORMAL,STRONG,-7.22,5,0.0,0.93,2.04,-0.93,0.023,0,1
3992,2025-10-24,2025-10-27,NORMAL,STRONG,-7.09,4,0.39,1.17,1.56,-0.39,0.111,0,2
3992,2026-02-13,2026-02-16,WEAK,NORMAL,-9.29,9,0.2,1.96,2.75,0.0,0.0,0,1
3993,2025-11-14,2025-11-17,NORMAL,NORMAL,-15.06,5,1.39,-0.55,2.87,-1.23,0.104,0,2
3993,2025-11-26,2025-11-27,STRONG,NORMAL,-3.18,5,0.75,1.19,2.37,-0.74,0.032,0,2
3993,2025-12-16,2025-12-17,WEAK,NORMAL,-3.56,2,1.38,-0.45,0.3,-1.21,0.0,0,4
3993,2025-12-18,2025-12-19,NORMAL,NORMAL,-3.81,4,1.27,0.31,0.31,-3.12,0.172,0,1
3993,2026-02-04,2026-02-05,NORMAL,NORMAL,-6.89,9,-0.95,0.96,3.44,-0.34,0.0,0,1
3993,2026-02-06,2026-02-09,NORMAL,STRONG,-5.63,9,1.34,-1.78,0.21,-2.96,0.145,0,1
3994,2025-10-16,2025-10-17,NORMAL,WEAK,-4.84,8,0.61,-3.41,0.0,-7.98,0.051,0,1
3994,2025-10-23,2025-10-24,NORMAL,NORMAL,-4.09,7,0.27,-0.25,1.31,-0.81,0.041,0,3
3994,2025-10-30,2025-10-31,NORMAL,NORMAL,-3.66,9,0.32,1.49,3.43,-0.95,0.41,0,4
3994,2025-11-14,2025-11-17,NORMAL,NORMAL,-6.02,7,-1.36,2.11,2.26,-3.51,0.097,0,2
3994,2025-12-09,2025-12-10,NORMAL,NORMAL,-5.27,2,0.82,2.78,2.96,-1.16,0.109,0,1
3994,2026-01-16,2026-01-19,NORMAL,NORMAL,-8.45,2,-3.12,-3.48,0.43,-3.7,0.0,0,1
3994,2026-01-19,2026-01-20,NORMAL,WEAK,-6.49,3,0.23,-3.73,1.64,-3.73,0.053,1,2
3994,2026-01-22,2026-01-23,STRONG,NORMAL,-3.19,3,-0.05,-0.98,0.05,-2.25,0.0,0,1
3994,2026-01-29,2026-01-30,NORMAL,NORMAL,-3.86,6,-1.76,-0.18,1.92,-1.0,0.558,0,2
3994,2026-02-02,2026-02-03,NORMAL,STRONG,-4.3,5,-2.49,1.07,2.64,-1.89,0.0,1,4
3994,2026-02-04,2026-02-05,NORMAL,NORMAL,-9.07,10,1.31,3.24,3.72,-2.33,0.201,0,6
3994,2026-02-06,2026-02-09,NORMAL,STRONG,-5.8,7,0.06,-3.18,0.0,-3.76,0.35,1,1
3994,2026-02-09,2026-02-10,STRONG,STRONG,-3.12,8,2.19,1.07,2.82,-1.07,0.153,0,2
3994,2026-02-13,2026-02-16,WEAK,NORMAL,-5.21,6,1.52,5.8,5.8,-0.22,0.115,0,2
3994,2026-02-20,2026-02-24,WEAK,NORMAL,-7.54,7,-7.21,-2.42,3.44,-2.88,0.079,0,2
3994,2026-02-24,2026-02-25,NORMAL,NORMAL,-9.45,8,7.24,-2.62,2.28,-5.35,0.073,0,3
3996,2025-10-15,2025-10-16,STRONG,NORMAL,-4.46,6,1.67,-1.64,0.0,-1.64,0.111,0,4
3996,2026-02-25,2026-02-26,NORMAL,NORMAL,-8.05,3,5.84,-5.17,0.0,-5.86,0.133,0,1
3997,2025-10-02,2025-10-03,NORMAL,STRONG,-15.92,10,3.29,9.96,22.31,0.0,0.0,0,4
3997,2025-10-06,2025-10-07,STRONG,NORMAL,-5.8,8,-1.92,1.96,6.67,-5.1,0.2,0,1
3997,2025-10-16,2025-10-17,NORMAL,WEAK,-7.93,7,-1.87,0.76,3.05,-3.05,0.0,0,1
3997,2025-11-12,2025-11-13,STRONG,NORMAL,-15.37,3,-3.07,-5.6,2.92,-7.06,0.216,0,1
3997,2025-11-21,2025-11-25,STRONG,NORMAL,-3.9,2,2.5,-3.66,1.22,-3.96,0.179,0,1
3997,2026-01-21,2026-01-22,WEAK,STRONG,-5.86,2,-0.58,1.96,6.26,-2.94,0.279,0,1
3997,2026-03-10,2026-03-11,WEAK,NORMAL,-7.34,3,0.68,5.84,7.19,-0.45,0.619,1,2
3997,2026-03-17,2026-03-18,NORMAL,STRONG,-5.77,6,1.96,3.37,3.37,-1.92,0.032,0,1
3997,2026-03-25,2026-03-26,STRONG,WEAK,-3.3,6,1.57,-1.55,2.33,-2.84,0.029,0,1
4004,2025-12-18,2025-12-19,NORMAL,NORMAL,-3.87,4,2.8,0.96,1.13,-1.11,0.043,0,4
4005,2025-11-04,2025-11-05,NORMAL,WEAK,-5.34,6,0.61,0.37,0.74,-3.01,0.079,0,2
4005,2025-12-11,2025-12-12,WEAK,STRONG,-3.5,2,0.55,0.51,1.78,-0.62,0.049,0,1
4005,2026-01-19,2026-01-20,NORMAL,WEAK,-3.26,2,-0.27,-2.42,0.04,-2.42,0.71,0,1
4005,2026-03-10,2026-03-11,WEAK,NORMAL,-3.35,4,0.92,-0.18,1.96,-0.91,0.205,1,4
4011,2026-02-16,2026-02-17,NORMAL,NORMAL,-6.08,5,0.96,4.17,5.46,-0.04,0.103,0,2
4011,2026-03-17,2026-03-18,NORMAL,STRONG,-4.0,6,0.13,1.04,1.25,0.0,0.0,0,3
4013,2025-10-21,2025-10-22,NORMAL,STRONG,-4.0,4,0.08,3.43,6.45,0.0,0.18,0,4
4013,2025-10-23,2025-10-24,NORMAL,NORMAL,-3.55,3,0.41,0.0,1.06,-1.79,0.024,1,1
4013,2025-11-04,2025-11-05,NORMAL,WEAK,-3.11,3,-1.94,-1.03,1.81,-3.87,0.0,0,2
4013,2025-12-17,2025-12-18,NORMAL,NORMAL,-3.25,2,-0.84,3.47,4.06,-0.17,0.377,0,1
4013,2026-02-04,2026-02-05,NORMAL,NORMAL,-5.02,9,-2.85,-0.63,1.26,-1.99,0.0,0,4
4013,2026-02-05,2026-02-06,NORMAL,NORMAL,-3.46,9,-1.26,-5.02,0.43,-6.19,0.419,0,5
4013,2026-02-06,2026-02-09,NORMAL,STRONG,-6.22,9,3.37,1.63,2.07,-3.04,0.177,0,6
4013,2026-02-13,2026-02-16,WEAK,NORMAL,-10.6,10,0.55,-0.27,2.06,-2.74,0.012,0,2
4013,2026-03-17,2026-03-18,NORMAL,STRONG,-3.87,2,-1.44,1.6,2.48,-0.29,0.0,0,1
4015,2025-10-07,2025-10-08,NORMAL,NORMAL,-3.48,4,-0.78,-0.63,0.63,-0.79,0.095,0,1
4015,2025-10-16,2025-10-17,NORMAL,WEAK,-15.53,9,-3.68,-3.44,0.38,-4.2,0.0,0,1
4015,2025-10-17,2025-10-20,WEAK,STRONG,-6.99,8,3.36,-0.96,0.0,-3.06,0.167,0,2
4015,2025-10-24,2025-10-27,NORMAL,STRONG,-3.33,5,1.91,0.0,2.06,-1.5,0.0,1,1
4015,2026-02-13,2026-02-16,WEAK,NORMAL,-3.33,3,0.41,-1.21,0.2,-2.83,0.067,0,1
4016,2025-11-27,2025-11-28,NORMAL,NORMAL,-13.57,5,-0.98,-1.71,0.0,-1.71,0.333,0,1
4016,2025-12-01,2025-12-02,WEAK,WEAK,-6.32,6,-0.68,-2.86,0.0,-4.33,0.02,0,3
4016,2025-12-02,2025-12-03,WEAK,WEAK,-3.52,8,-0.61,0.41,1.12,-1.22,0.341,0,4
4019,2025-11-20,2025-11-21,STRONG,STRONG,-3.48,10,-0.34,2.82,2.82,-1.13,0.221,0,6
4019,2025-12-02,2025-12-03,WEAK,WEAK,-3.01,7,-0.23,-1.73,0.35,-4.15,0.214,0,2
4019,2025-12-08,2025-12-09,NORMAL,NORMAL,-7.83,10,1.96,-7.18,0.38,-8.21,0.275,0,1
4019,2025-12-09,2025-12-10,NORMAL,NORMAL,-5.36,9,-0.97,4.04,4.04,-2.37,0.119,0,2
4019,2026-01-05,2026-01-06,NORMAL,STRONG,-9.62,4,-0.54,0.41,2.03,-0.41,0.099,0,3
4019,2026-02-04,2026-02-05,NORMAL,NORMAL,-10.83,9,-0.16,2.05,3.48,-3.0,0.014,0,1
4019,2026-02-20,2026-02-24,WEAK,NORMAL,-3.19,2,-1.43,1.02,2.47,-1.02,0.784,0,4
4019,2026-02-27,2026-03-02,STRONG,WEAK,-7.69,4,-3.94,-1.58,1.26,-8.2,0.093,0,1
4022,2025-11-14,2025-11-17,NORMAL,NORMAL,-6.53,5,-0.2,4.16,4.77,-0.71,0.037,0,1
4022,2025-12-30,2026-01-05,WEAK,NORMAL,-5.29,3,1.12,-3.15,1.1,-3.31,0.308,0,1
4025,2026-02-09,2026-02-10,STRONG,STRONG,-3.99,3,1.3,0.38,1.66,-1.41,0.13,0,2
4026,2025-10-21,2025-10-22,NORMAL,STRONG,-5.83,3,0.0,5.5,5.5,-0.94,0.146,0,1
4027,2025-11-13,2025-11-14,NORMAL,NORMAL,-4.03,3,-0.31,0.84,1.0,-0.31,0.237,0,1
4027,2025-11-25,2025-11-26,NORMAL,STRONG,-3.9,5,0.89,1.37,1.61,-0.16,0.0,0,2
4027,2025-12-11,2025-12-12,WEAK,STRONG,-3.3,5,1.42,0.49,0.99,-0.49,0.047,0,1
402A,2025-10-07,2025-10-08,NORMAL,NORMAL,-4.69,2,-1.6,5.12,9.62,-0.25,0.47,0,1
402A,2025-10-17,2025-10-20,WEAK,STRONG,-4.17,3,2.66,-2.46,3.96,-4.1,0.132,0,1
402A,2025-10-21,2025-10-22,NORMAL,STRONG,-5.18,5,-0.89,7.0,9.39,0.0,0.0,0,1
402A,2025-10-31,2025-11-04,NORMAL,NORMAL,-3.22,6,-1.0,-0.67,2.18,-2.35,0.108,1,1
402A,2025-11-13,2025-11-14,NORMAL,NORMAL,-3.73,5,-2.53,-2.08,2.94,-2.08,0.0,0,1
402A,2025-11-14,2025-11-17,NORMAL,NORMAL,-4.55,5,-1.77,0.72,1.62,-4.14,0.0,0,2
402A,2025-11-19,2025-11-20,NORMAL,STRONG,-4.15,5,1.97,1.35,1.35,-3.28,0.0,0,5
402A,2025-12-01,2025-12-02,WEAK,WEAK,-4.32,5,0.2,-0.98,9.2,-1.37,0.05,0,2
402A,2025-12-03,2025-12-04,WEAK,NORMAL,-7.31,8,-1.71,2.39,3.04,-1.3,0.023,0,4
402A,2025-12-08,2025-12-09,NORMAL,NORMAL,-6.83,7,0.89,-3.96,0.22,-4.85,0.032,0,1
402A,2025-12-09,2025-12-10,NORMAL,NORMAL,-3.11,6,0.92,0.23,2.27,-0.91,0.174,0,2
402A,2025-12-16,2025-12-17,WEAK,NORMAL,-3.39,6,0.94,-1.39,0.93,-3.48,0.0,0,3
402A,2026-02-09,2026-02-10,STRONG,STRONG,-5.44,2,-1.08,1.27,3.09,-0.55,0.295,0,1
402A,2026-02-13,2026-02-16,WEAK,NORMAL,-7.1,3,-1.76,5.59,9.78,-1.2,0.194,0,2
402A,2026-03-26,2026-03-27,WEAK,NORMAL,-8.46,4,-0.18,-0.71,0.36,-4.27,0.081,0,1
4031,2026-03-17,2026-03-18,NORMAL,STRONG,-4.93,2,-0.73,-3.51,0.98,-4.98,0.655,0,1
4042,2026-02-05,2026-02-06,NORMAL,NORMAL,-6.75,3,-0.82,2.6,3.73,-0.73,0.057,0,1
4042,2026-03-06,2026-03-10,NORMAL,WEAK,-4.57,2,-1.58,0.53,0.83,-1.16,0.067,0,3
4043,2026-01-30,2026-02-02,NORMAL,NORMAL,-7.83,5,-1.02,-6.0,0.73,-6.71,0.204,0,3
4043,2026-02-02,2026-02-03,NORMAL,STRONG,-6.96,7,1.52,0.34,0.89,-0.92,0.094,0,4
4043,2026-02-13,2026-02-16,WEAK,NORMAL,-3.14,2,1.04,-0.17,0.58,-1.46,0.138,0,1
4043,2026-03-10,2026-03-11,WEAK,NORMAL,-4.02,2,1.51,-0.32,1.37,-0.75,0.117,0,4
4046,2026-02-10,2026-02-12,STRONG,NORMAL,-3.68,2,-0.34,3.1,3.49,-0.43,0.278,0,2
4046,2026-03-06,2026-03-10,NORMAL,WEAK,-6.7,3,-1.65,0.43,1.87,-0.58,0.179,0,2
4047,2025-11-11,2025-11-12,NORMAL,STRONG,-8.82,5,4.78,1.52,1.83,-0.81,0.167,0,1
4047,2026-01-08,2026-01-09,NORMAL,NORMAL,-4.39,2,1.47,-0.6,1.88,-0.6,0.062,0,1
4047,2026-03-17,2026-03-18,NORMAL,STRONG,-4.71,3,2.78,2.9,3.56,-0.79,0.125,0,1
404A,2025-10-17,2025-10-20,WEAK,STRONG,-4.24,3,2.69,-0.51,1.1,-0.76,0.041,0,2
404A,2025-11-04,2025-11-05,NORMAL,WEAK,-3.11,2,-0.76,1.79,1.79,-1.96,0.023,0,3
4051,2025-10-07,2025-10-08,NORMAL,NORMAL,-5.52,4,0.0,4.51,5.34,-0.33,0.458,0,1
4051,2025-11-13,2025-11-14,NORMAL,NORMAL,-5.14,6,2.89,-3.51,3.33,-5.09,0.0,0,1
4051,2025-11-20,2025-11-21,STRONG,STRONG,-4.76,8,1.12,4.84,7.26,0.0,0.097,0,6
4052,2026-03-06,2026-03-10,NORMAL,WEAK,-12.77,3,1.52,-8.41,0.0,-8.71,0.0,0,1
4053,2025-12-09,2025-12-10,NORMAL,NORMAL,-4.49,2,0.22,-0.89,0.89,-0.89,0.0,0,1
4053,2025-12-29,2025-12-30,NORMAL,WEAK,-5.91,2,0.0,-2.81,0.0,-3.03,0.0,0,1
4053,2026-02-13,2026-02-16,WEAK,NORMAL,-5.9,5,-1.62,-6.84,0.0,-8.96,0.0,0,2
4053,2026-02-16,2026-02-17,NORMAL,NORMAL,-8.35,7,1.77,3.98,4.73,-1.0,0.237,0,3
4054,2026-02-04,2026-02-05,NORMAL,NORMAL,-3.07,8,-0.17,1.34,2.84,-0.17,0.1,0,3
4055,2025-12-01,2025-12-02,WEAK,WEAK,-10.17,2,-1.41,-2.53,2.4,-3.89,0.0,0,1
4055,2026-01-20,2026-01-21,WEAK,WEAK,-8.45,2,-5.28,2.28,4.88,-0.92,0.187,0,1
4055,2026-02-13,2026-02-16,WEAK,NORMAL,-5.05,2,0.22,2.18,3.35,-0.17,0.422,0,1
4055,2026-02-24,2026-02-25,NORMAL,NORMAL,-8.75,3,1.2,0.75,3.18,-1.18,0.167,0,3
4056,2025-10-07,2025-10-08,NORMAL,NORMAL,-6.71,3,0.0,-2.91,0.31,-3.52,0.0,0,1
4056,2025-10-17,2025-10-20,WEAK,STRONG,-4.07,7,1.54,1.14,2.47,-1.14,0.19,0,8
4056,2025-11-11,2025-11-12,NORMAL,STRONG,-12.0,5,0.0,0.0,1.38,-0.2,0.039,0,1
4056,2025-11-14,2025-11-17,NORMAL,NORMAL,-4.46,6,-1.27,-3.66,0.0,-4.73,0.118,0,2
4056,2025-12-02,2025-12-03,WEAK,WEAK,-3.7,6,0.0,-0.48,0.96,-1.2,0.304,0,3
4056,2025-12-26,2025-12-29,NORMAL,NORMAL,-3.7,4,0.77,-1.78,0.25,-3.82,0.062,1,1
4056,2026-02-16,2026-02-17,NORMAL,NORMAL,-3.54,6,-0.26,-0.26,3.41,-1.84,0.667,0,3
4058,2025-11-13,2025-11-14,NORMAL,NORMAL,-8.1,7,1.56,-3.18,0.36,-4.14,0.046,0,1
4058,2026-01-21,2026-01-22,WEAK,STRONG,-4.15,3,0.42,0.5,1.14,-1.14,0.176,0,1
4058,2026-02-04,2026-02-05,NORMAL,NORMAL,-6.03,9,-1.93,2.1,2.9,-1.12,0.105,0,8
4058,2026-02-06,2026-02-09,NORMAL,STRONG,-3.71,7,1.62,0.56,0.56,-0.89,0.377,0,1
4058,2026-02-13,2026-02-16,WEAK,NORMAL,-17.47,10,2.7,1.72,2.95,-2.09,0.191,0,2
4058,2026-02-17,2026-02-18,NORMAL,STRONG,-4.06,7,0.11,1.65,3.3,-1.37,0.169,1,1
4061,2026-02-09,2026-02-10,STRONG,STRONG,-5.73,3,0.2,3.38,3.38,-0.56,0.0,0,3
4062,2025-11-19,2025-11-20,NORMAL,STRONG,-4.12,2,10.31,-2.38,1.67,-3.12,0.0,0,2
4062,2025-11-21,2025-11-25,STRONG,NORMAL,-9.61,3,3.18,-3.08,1.2,-4.53,0.267,0,1
4062,2025-11-26,2025-11-27,STRONG,NORMAL,-3.75,4,1.93,3.01,4.5,-0.76,0.638,0,1
4062,2025-12-01,2025-12-02,WEAK,WEAK,-4.71,3,1.06,-2.36,0.96,-2.45,0.018,0,1
4062,2025-12-18,2025-12-19,NORMAL,NORMAL,-4.33,2,2.69,1.7,1.7,-0.92,0.065,1,1
4062,2025-12-29,2025-12-30,NORMAL,WEAK,-49.95,6,-1.72,3.36,4.73,-0.72,0.18,0,1
4062,2026-01-08,2026-01-09,NORMAL,NORMAL,-5.14,6,-0.48,-1.53,0.63,-3.31,0.0,0,1
4062,2026-02-04,2026-02-05,NORMAL,NORMAL,-14.19,5,0.0,-1.18,0.68,-4.86,0.436,0,1
4062,2026-03-06,2026-03-10,NORMAL,WEAK,-8.56,2,-2.44,1.89,3.41,-0.35,0.265,0,3
4068,2025-10-17,2025-10-20,WEAK,STRONG,-11.92,10,4.05,0.06,0.24,-2.61,0.12,0,1
4069,2025-11-14,2025-11-17,NORMAL,NORMAL,-21.76,10,0.83,-1.72,0.0,-8.83,0.0,0,3
4069,2026-02-16,2026-02-17,NORMAL,NORMAL,-22.56,10,-0.1,-0.87,3.01,-3.6,0.0,0,3
4069,2026-02-18,2026-02-19,STRONG,NORMAL,-4.61,10,1.13,0.71,9.15,-0.91,0.218,0,5
4071,2026-02-04,2026-02-05,NORMAL,NORMAL,-7.62,9,-0.2,1.97,2.75,-0.84,0.087,0,2
4071,2026-02-20,2026-02-24,WEAK,NORMAL,-3.82,3,-2.45,2.01,3.47,-0.86,0.022,0,1
4072,2026-02-06,2026-02-09,NORMAL,STRONG,-4.19,6,1.62,-5.14,0.8,-7.18,0.158,0,1
4072,2026-02-09,2026-02-10,STRONG,STRONG,-3.6,9,1.71,4.96,6.94,-0.17,0.256,0,2
4072,2026-02-13,2026-02-16,WEAK,NORMAL,-3.99,5,0.17,2.16,2.32,-0.33,0.13,1,2
4072,2026-02-24,2026-02-25,NORMAL,NORMAL,-3.28,4,-1.32,1.86,3.74,-0.03,0.397,0,3
4074,2025-10-17,2025-10-20,WEAK,STRONG,-7.53,7,0.84,-0.37,0.74,-2.97,0.269,0,2
4074,2025-11-13,2025-11-14,NORMAL,NORMAL,-11.17,8,0.0,-1.97,2.08,-2.84,0.342,0,1
4074,2025-12-25,2025-12-26,NORMAL,NORMAL,-11.6,10,1.12,-2.62,0.83,-3.04,0.1,0,1
4074,2026-01-20,2026-01-21,WEAK,WEAK,-4.75,4,-1.0,-1.44,0.0,-1.73,0.565,0,2
4075,2025-12-15,2025-12-16,NORMAL,WEAK,-9.97,4,-0.11,-5.94,0.11,-6.06,0.013,0,2
407A,2026-02-13,2026-02-16,WEAK,NORMAL,-5.12,2,-2.53,-3.46,5.97,-4.33,0.0,0,1
407A,2026-02-16,2026-02-17,NORMAL,NORMAL,-5.91,6,6.46,-0.76,0.42,-3.96,0.084,0,2
407A,2026-02-20,2026-02-24,WEAK,NORMAL,-4.22,3,0.0,0.09,0.55,-3.94,0.081,0,2
4082,2025-11-26,2025-11-27,STRONG,NORMAL,-3.68,2,0.33,-0.16,1.62,-3.0,0.042,1,3
4082,2025-12-01,2025-12-02,WEAK,WEAK,-7.38,3,0.0,2.04,3.63,-0.27,0.117,0,2
4082,2025-12-09,2025-12-10,NORMAL,NORMAL,-4.53,2,0.0,-3.05,0.25,-4.06,0.492,0,1
4082,2025-12-10,2025-12-11,NORMAL,WEAK,-3.05,3,-0.7,-6.07,0.26,-6.07,0.235,1,2
4082,2025-12-11,2025-12-12,WEAK,STRONG,-6.72,5,1.59,0.55,2.67,-1.29,0.0,0,3
4082,2026-01-20,2026-01-21,WEAK,WEAK,-10.42,3,-11.63,1.97,17.43,-2.3,0.172,0,1
4082,2026-02-09,2026-02-10,STRONG,STRONG,-5.35,2,0.07,-2.39,1.89,-3.21,0.254,0,1
4082,2026-02-20,2026-02-24,WEAK,NORMAL,-3.1,2,-1.32,-1.74,3.24,-4.18,0.149,0,4
4082,2026-03-06,2026-03-10,NORMAL,WEAK,-4.3,3,-3.17,-0.26,1.32,-2.0,0.089,0,5
4082,2026-03-10,2026-03-11,WEAK,NORMAL,-3.42,4,1.07,2.03,3.92,-0.42,0.526,1,6
4088,2026-02-16,2026-02-17,NORMAL,NORMAL,-15.57,7,-0.05,1.27,3.56,-1.3,0.0,0,2
408A,2025-11-14,2025-11-17,NORMAL,NORMAL,-5.56,2,0.93,1.11,1.11,-0.23,0.5,0,3
408A,2025-11-21,2025-11-25,STRONG,NORMAL,-6.89,5,3.87,-0.74,0.37,-2.28,0.217,0,1
408A,2026-02-02,2026-02-03,NORMAL,STRONG,-4.0,3,4.21,0.0,0.98,-0.13,0.235,0,2
408A,2026-02-05,2026-02-06,NORMAL,NORMAL,-4.19,5,-4.89,2.35,5.48,-1.08,0.366,0,2
4091,2025-12-02,2025-12-03,WEAK,WEAK,-3.44,2,0.85,-0.85,0.17,-1.36,0.028,0,2
4092,2025-11-12,2025-11-13,STRONG,NORMAL,-11.98,7,1.47,2.46,2.46,-0.66,0.429,0,2
4092,2026-02-12,2026-02-13,NORMAL,WEAK,-3.58,4,-0.31,-1.24,0.0,-2.17,0.143,0,2
4092,2026-03-13,2026-03-16,WEAK,NORMAL,-4.34,4,-0.32,1.46,2.44,-0.81,0.0,0,2
4093,2026-02-24,2026-02-25,NORMAL,NORMAL,-4.76,3,2.0,7.35,7.6,0.0,0.048,0,1
4094,2026-02-09,2026-02-10,STRONG,STRONG,-3.61,4,1.11,0.57,0.95,-0.34,0.337,0,1
4098,2026-02-13,2026-02-16,WEAK,NORMAL,-9.77,2,-1.4,4.43,10.45,0.0,0.229,0,1
4098,2026-03-26,2026-03-27,WEAK,NORMAL,-5.78,3,-0.82,-3.13,0.0,-4.37,0.037,0,1
4100,2025-11-12,2025-11-13,STRONG,NORMAL,-14.74,5,0.0,-1.01,1.26,-2.1,0.065,0,1
4100,2026-01-21,2026-01-22,WEAK,STRONG,-8.74,3,0.64,-6.33,1.85,-8.37,0.073,0,1
4100,2026-02-10,2026-02-12,STRONG,NORMAL,-6.91,2,6.55,0.07,1.37,-1.77,0.31,0,1
4107,2025-12-30,2026-01-05,WEAK,NORMAL,-5.92,10,5.54,-5.96,0.3,-6.06,0.18,0,2
4107,2026-01-16,2026-01-19,NORMAL,NORMAL,-4.15,8,-1.51,4.78,7.27,-0.76,0.328,1,1
4107,2026-03-06,2026-03-10,NORMAL,WEAK,-3.78,3,-3.27,0.85,2.37,-1.02,0.5,0,2
4107,2026-03-26,2026-03-27,WEAK,NORMAL,-5.26,6,-2.49,0.79,1.77,-1.96,0.083,0,1
4109,2026-02-12,2026-02-13,NORMAL,WEAK,-3.36,2,-3.11,-2.64,1.13,-3.77,0.288,0,2
410A,2026-02-12,2026-02-13,NORMAL,WEAK,-8.96,6,-0.42,-6.22,0.26,-6.31,0.2,0,1
410A,2026-02-13,2026-02-16,WEAK,NORMAL,-6.62,8,0.09,0.54,0.54,-9.08,0.013,0,2
4113,2026-01-29,2026-01-30,NORMAL,NORMAL,-13.67,8,0.63,1.8,3.69,0.0,0.082,0,4
4113,2026-02-02,2026-02-03,NORMAL,STRONG,-4.51,5,3.05,-0.18,1.35,-0.99,0.0,0,1
4113,2026-02-13,2026-02-16,WEAK,NORMAL,-4.0,5,1.99,0.0,1.02,-0.77,0.156,0,1
4113,2026-02-25,2026-02-26,NORMAL,NORMAL,-4.91,4,0.63,0.36,0.9,-0.9,0.127,0,1
4113,2026-03-10,2026-03-11,WEAK,NORMAL,-3.44,5,0.69,-1.28,0.79,-1.28,0.464,0,4
4116,2025-11-10,2025-11-11,STRONG,NORMAL,-3.44,4,1.84,-2.07,0.13,-3.49,0.359,0,1
4118,2025-11-13,2025-11-14,NORMAL,NORMAL,-5.54,5,-0.77,2.32,2.37,-0.19,0.044,0,1
414A,2025-12-02,2025-12-03,WEAK,WEAK,-5.16,3,0.0,-0.82,1.63,-1.36,0.0,0,3
414A,2025-12-05,2025-12-08,WEAK,NORMAL,-3.61,6,-1.06,2.62,2.62,-0.87,0.105,0,6
414A,2026-01-13,2026-01-14,NORMAL,NORMAL,-4.18,2,-0.66,-2.24,1.08,-2.57,0.278,0,1
414A,2026-01-15,2026-01-16,STRONG,NORMAL,-9.83,5,0.28,-2.53,0.94,-4.59,0.493,0,3
4151,2026-02-02,2026-02-03,NORMAL,STRONG,-6.75,7,-0.09,-1.5,0.9,-2.59,0.556,0,1
4151,2026-03-06,2026-03-10,NORMAL,WEAK,-17.56,4,-0.22,1.56,1.67,-0.6,0.064,0,3
4165,2025-11-13,2025-11-14,NORMAL,NORMAL,-13.74,6,0.0,-6.81,0.66,-7.47,0.167,0,1
4165,2025-11-14,2025-11-17,NORMAL,NORMAL,-6.81,7,-0.24,-1.54,0.83,-4.02,0.081,0,2
4165,2025-12-02,2025-12-03,WEAK,WEAK,-3.54,6,0.66,-0.52,1.43,-1.3,0.0,0,3
4165,2025-12-09,2025-12-10,NORMAL,NORMAL,-5.76,2,1.27,-1.26,0.75,-1.51,0.128,0,1
4165,2026-02-02,2026-02-03,NORMAL,STRONG,-5.5,7,2.08,1.22,1.9,-0.95,0.0,0,6
4165,2026-02-04,2026-02-05,NORMAL,NORMAL,-4.83,7,-0.14,3.1,5.08,-0.28,0.077,0,1
4165,2026-02-12,2026-02-13,NORMAL,WEAK,-3.12,7,-17.37,-4.41,0.34,-4.41,0.353,0,1
4165,2026-02-13,2026-02-16,WEAK,NORMAL,-21.01,10,0.0,-5.5,1.06,-7.62,0.0,0,2
4165,2026-02-16,2026-02-17,NORMAL,NORMAL,-5.5,10,-2.81,0.39,1.74,-3.09,0.245,0,3
4165,2026-02-20,2026-02-24,WEAK,NORMAL,-3.64,7,-0.8,-0.8,4.41,-0.8,0.2,0,1
4166,2025-12-17,2025-12-18,NORMAL,NORMAL,-12.62,3,-4.48,-7.4,3.96,-7.4,0.069,0,1
4166,2026-01-14,2026-01-15,NORMAL,STRONG,-4.27,4,1.53,1.0,1.25,-0.88,0.031,0,2
4168,2025-10-17,2025-10-20,WEAK,STRONG,-3.1,2,2.17,2.43,3.03,-0.71,0.0,0,2
4168,2025-12-05,2025-12-08,WEAK,NORMAL,-3.26,4,-1.12,1.93,2.27,-1.14,0.0,0,1
4168,2025-12-09,2025-12-10,NORMAL,NORMAL,-4.12,3,-0.58,0.12,1.64,-0.82,0.081,0,1
4168,2026-01-05,2026-01-06,NORMAL,STRONG,-3.46,2,0.12,0.49,2.1,0.0,0.194,0,3
4168,2026-02-13,2026-02-16,WEAK,NORMAL,-8.15,6,-7.46,0.83,1.67,-4.72,0.0,0,1
4168,2026-02-16,2026-02-17,NORMAL,NORMAL,-6.68,7,0.14,2.48,3.3,-1.65,0.739,0,2
4168,2026-02-20,2026-02-24,WEAK,NORMAL,-3.22,4,-0.55,-5.86,0.14,-6.28,0.407,0,1
4168,2026-02-24,2026-02-25,NORMAL,NORMAL,-6.38,7,0.74,2.65,3.68,0.0,0.065,0,2
4169,2025-10-17,2025-10-20,WEAK,STRONG,-3.87,3,1.86,-0.3,1.82,-0.91,0.0,0,2
4169,2025-11-11,2025-11-12,NORMAL,STRONG,-3.72,2,-0.64,-0.65,1.94,-0.65,0.2,1,1
4169,2025-11-13,2025-11-14,NORMAL,NORMAL,-3.26,4,0.34,-1.01,1.68,-2.68,0.133,0,3
4169,2025-12-01,2025-12-02,WEAK,WEAK,-5.7,7,0.36,-3.55,0.35,-3.55,0.0,0,1
4169,2025-12-16,2025-12-17,WEAK,NORMAL,-4.83,3,-0.39,-1.18,0.0,-2.75,0.077,0,1
4169,2026-02-09,2026-02-10,STRONG,STRONG,-10.03,6,1.15,0.38,7.22,-0.38,0.0,0,1
4169,2026-02-13,2026-02-16,WEAK,NORMAL,-4.15,5,0.39,7.06,7.45,-1.18,0.273,0,1
4169,2026-02-20,2026-02-24,WEAK,NORMAL,-3.36,3,0.39,-3.08,0.0,-3.85,0.25,0,2
4175,2025-12-16,2025-12-17,WEAK,NORMAL,-12.2,3,-2.09,6.67,7.15,-1.23,0.305,0,1
4176,2025-10-15,2025-10-16,STRONG,NORMAL,-11.86,9,0.24,-4.8,0.72,-4.8,0.447,0,3
4176,2025-10-16,2025-10-17,NORMAL,WEAK,-4.57,7,-0.76,-1.02,2.54,-2.03,0.0,0,4
4176,2025-10-21,2025-10-22,NORMAL,STRONG,-3.34,6,2.13,0.26,1.56,-2.34,0.176,0,7
4176,2025-10-23,2025-10-24,NORMAL,NORMAL,-3.38,6,2.15,-2.63,0.0,-2.63,0.083,0,1
4176,2025-11-25,2025-11-26,NORMAL,STRONG,-3.66,2,2.05,-0.86,0.0,-2.01,0.0,0,1
4176,2025-12-09,2025-12-10,NORMAL,NORMAL,-4.57,5,-0.9,-2.11,0.91,-2.72,0.211,0,1
4176,2026-01-15,2026-01-16,STRONG,NORMAL,-4.29,3,4.48,-1.34,1.61,-4.02,0.0,0,1
4176,2026-02-03,2026-02-04,STRONG,NORMAL,-3.16,2,-1.48,-0.6,0.0,-3.31,0.133,0,3
4176,2026-02-06,2026-02-09,NORMAL,STRONG,-7.1,8,1.0,-1.32,0.0,-2.3,0.056,0,6
4176,2026-02-13,2026-02-16,WEAK,NORMAL,-3.28,6,1.02,0.34,2.01,-0.34,0.091,0,2
4176,2026-02-20,2026-02-24,WEAK,NORMAL,-4.23,6,0.0,-1.02,0.0,-3.74,0.167,0,1
4180,2025-10-17,2025-10-20,WEAK,STRONG,-4.16,4,1.59,2.35,3.06,-0.71,0.138,0,1
4180,2025-11-04,2025-11-05,NORMAL,WEAK,-3.24,6,-2.07,-2.03,0.57,-3.98,0.222,0,1
4180,2025-11-05,2025-11-06,WEAK,NORMAL,-4.06,7,-0.33,-2.41,0.83,-3.0,0.429,0,2
4180,2025-11-28,2025-12-01,NORMAL,WEAK,-5.04,4,0.75,-0.83,0.65,-2.41,0.094,0,1
4180,2026-02-04,2026-02-05,NORMAL,NORMAL,-4.24,8,0.93,0.72,1.94,-1.63,0.413,0,3
4180,2026-02-06,2026-02-09,NORMAL,STRONG,-5.17,6,2.67,0.31,0.52,-1.25,0.103,0,1
4180,2026-02-13,2026-02-16,WEAK,NORMAL,-4.99,4,-10.81,-5.53,0.0,-5.53,0.0,0,2
4180,2026-02-16,2026-02-17,NORMAL,NORMAL,-15.74,10,0.12,-1.24,2.36,-2.99,0.0,0,3
4180,2026-02-19,2026-02-20,NORMAL,WEAK,-4.83,9,-1.74,-4.76,0.41,-5.03,0.111,0,6
4180,2026-02-20,2026-02-24,WEAK,NORMAL,-6.42,9,-3.57,-1.63,1.93,-2.22,0.05,0,7
4180,2026-02-24,2026-02-25,NORMAL,NORMAL,-5.14,8,6.02,2.56,5.4,-0.57,0.143,0,8
4182,2025-11-11,2025-11-12,NORMAL,STRONG,-16.91,7,1.75,2.78,4.16,-2.4,0.0,0,1
4182,2026-01-20,2026-01-21,WEAK,WEAK,-5.44,2,-3.75,2.48,3.47,0.0,0.077,0,1
4183,2025-12-29,2025-12-30,NORMAL,WEAK,-49.0,9,0.3,-0.94,0.17,-1.21,0.102,0,3
4183,2026-02-05,2026-02-06,NORMAL,NORMAL,-4.74,3,-2.66,6.06,6.36,0.0,0.263,0,1
4183,2026-03-06,2026-03-10,NORMAL,WEAK,-3.36,4,-4.73,-0.22,1.22,-2.58,0.062,0,3
4183,2026-03-10,2026-03-11,WEAK,NORMAL,-4.94,5,-2.02,0.57,2.42,-0.15,0.622,0,4
4186,2025-12-16,2025-12-17,WEAK,NORMAL,-3.48,2,-0.29,1.42,1.96,-1.33,0.363,0,4
4186,2026-03-26,2026-03-27,WEAK,NORMAL,-3.24,3,-2.28,-0.06,0.39,-2.84,0.267,0,1
4187,2025-12-18,2025-12-19,NORMAL,NORMAL,-3.07,2,1.06,1.04,1.57,-0.65,0.185,0,1
4187,2026-01-08,2026-01-09,NORMAL,NORMAL,-3.69,3,-1.73,-1.63,1.26,-3.27,0.02,0,2
4187,2026-01-09,2026-01-13,NORMAL,NORMAL,-3.33,3,3.58,-3.45,0.0,-3.7,0.361,0,3
4187,2026-03-10,2026-03-11,WEAK,NORMAL,-6.61,3,1.71,-0.12,1.8,-0.24,0.1,0,3
4188,2025-10-31,2025-11-04,NORMAL,NORMAL,-4.55,4,1.35,1.97,2.68,-0.59,0.145,0,1
4188,2026-02-05,2026-02-06,NORMAL,NORMAL,-3.17,3,-2.85,3.47,4.11,-0.24,0.324,0,1
4188,2026-03-06,2026-03-10,NORMAL,WEAK,-6.57,2,-5.52,-0.42,1.0,-1.72,0.088,0,3
4188,2026-03-10,2026-03-11,WEAK,NORMAL,-5.92,5,0.24,-0.95,0.78,-1.14,0.479,0,4
4189,2025-11-05,2025-11-06,WEAK,NORMAL,-8.5,6,-0.4,-3.93,0.0,-4.33,0.233,0,1
4189,2025-11-06,2025-11-07,NORMAL,NORMAL,-4.31,7,-0.91,0.58,1.42,-0.33,0.092,0,2
4192,2025-11-14,2025-11-17,NORMAL,NORMAL,-16.63,9,-2.28,-8.75,0.0,-9.04,0.125,0,2
4192,2025-11-26,2025-11-27,STRONG,NORMAL,-4.33,6,1.29,-2.56,0.32,-4.47,0.0,0,2
4192,2025-12-12,2025-12-15,STRONG,NORMAL,-4.97,2,-0.33,-2.95,1.64,-4.92,0.143,1,1
4192,2025-12-15,2025-12-16,NORMAL,WEAK,-3.27,3,0.0,-0.34,0.68,-1.69,0.3,0,2
4192,2026-02-13,2026-02-16,WEAK,NORMAL,-11.48,6,0.34,-4.76,0.34,-4.76,0.0,0,2
4192,2026-02-16,2026-02-17,NORMAL,NORMAL,-4.44,6,1.07,-4.59,0.0,-6.01,0.0,0,3
4192,2026-02-17,2026-02-18,NORMAL,STRONG,-3.57,7,1.11,2.93,3.66,-1.1,0.235,0,4
4194,2025-10-07,2025-10-08,NORMAL,NORMAL,-5.72,4,0.8,0.19,0.75,-0.56,0.122,0,1
4194,2025-10-16,2025-10-17,NORMAL,WEAK,-3.49,4,0.3,1.28,2.17,-0.15,0.208,0,1
4194,2025-11-04,2025-11-05,NORMAL,WEAK,-5.78,2,0.3,1.14,1.14,-1.6,0.067,0,1
4194,2025-12-11,2025-12-12,WEAK,STRONG,-3.35,3,10.34,-3.77,2.09,-5.0,0.004,0,2
4194,2026-02-04,2026-02-05,NORMAL,NORMAL,-5.86,7,0.99,1.33,3.15,-0.86,0.043,0,1
4194,2026-02-12,2026-02-13,NORMAL,WEAK,-3.95,3,-1.62,-3.57,1.3,-3.69,0.368,0,1
4194,2026-02-13,2026-02-16,WEAK,NORMAL,-5.13,4,-0.23,-2.56,0.7,-2.75,0.024,0,2
4194,2026-02-19,2026-02-20,NORMAL,WEAK,-7.37,9,0.86,-2.3,0.0,-2.91,0.535,0,1
4194,2026-02-24,2026-02-25,NORMAL,NORMAL,-7.72,9,1.58,0.54,2.0,-0.7,0.151,0,3
4199,2025-10-06,2025-10-07,STRONG,NORMAL,-8.54,9,-1.0,-1.35,1.46,-2.36,0.257,0,1
4199,2025-12-22,2025-12-23,NORMAL,NORMAL,-4.64,3,1.92,9.92,11.56,-3.52,0.518,0,1
4199,2026-01-06,2026-01-07,STRONG,NORMAL,-8.12,3,-7.42,3.74,4.94,-1.4,0.143,0,1
4199,2026-02-18,2026-02-19,STRONG,NORMAL,-21.6,7,19.05,5.43,5.43,-5.0,0.049,0,2
4199,2026-02-24,2026-02-25,NORMAL,NORMAL,-10.07,2,-3.26,-1.76,4.14,-2.22,0.064,0,1
4199,2026-02-25,2026-02-26,NORMAL,NORMAL,-4.97,3,0.7,-2.25,2.09,-5.35,0.072,1,2
4202,2025-11-06,2025-11-07,NORMAL,NORMAL,-6.87,7,-0.24,1.83,2.07,-1.26,0.007,0,3
4202,2026-03-10,2026-03-11,WEAK,NORMAL,-5.08,4,1.15,-0.76,0.52,-1.1,0.408,0,4
4204,2025-10-31,2025-11-04,NORMAL,NORMAL,-5.29,4,0.19,-1.25,0.71,-1.79,0.0,0,1
4205,2025-10-31,2025-11-04,NORMAL,NORMAL,-6.11,4,0.16,1.48,1.95,-1.07,0.0,0,1
4208,2026-02-05,2026-02-06,NORMAL,NORMAL,-3.27,3,0.26,2.01,3.0,-0.06,0.032,0,1
4216,2026-02-02,2026-02-03,NORMAL,STRONG,-7.5,6,1.5,-2.07,0.0,-2.27,0.0,0,1
421A,2025-12-09,2025-12-10,NORMAL,NORMAL,-4.05,3,0.27,-0.07,2.19,-2.19,0.071,0,2
421A,2025-12-11,2025-12-12,WEAK,STRONG,-7.97,6,0.07,1.93,2.12,-1.82,0.137,0,1
421A,2026-02-04,2026-02-05,NORMAL,NORMAL,-7.2,5,0.19,-2.44,0.15,-5.15,0.222,0,1
421A,2026-02-06,2026-02-09,NORMAL,STRONG,-3.99,6,1.79,-1.76,0.0,-3.4,0.05,0,3
421A,2026-02-13,2026-02-16,WEAK,NORMAL,-3.41,5,-19.85,0.0,0.0,0.0,0.234,0,1
421A,2026-02-17,2026-02-18,NORMAL,STRONG,-11.79,10,4.49,1.5,4.78,-2.63,0.094,0,3
421A,2026-02-24,2026-02-25,NORMAL,NORMAL,-6.61,7,0.0,1.18,2.84,-0.59,0.082,0,1
4220,2025-11-04,2025-11-05,NORMAL,WEAK,-4.22,2,-0.75,-1.28,0.0,-3.68,0.023,0,1
4221,2025-10-30,2025-10-31,NORMAL,NORMAL,-7.76,6,0.8,-1.19,0.0,-2.39,0.1,0,3
4221,2025-11-20,2025-11-21,STRONG,STRONG,-3.94,5,-0.32,2.53,3.27,-0.32,0.057,0,3
4222,2025-10-02,2025-10-03,NORMAL,STRONG,-3.02,7,1.56,3.68,4.59,-0.46,0.079,0,9
4222,2025-11-13,2025-11-14,NORMAL,NORMAL,-3.54,2,5.91,9.29,13.01,-2.48,0.25,0,1
4222,2025-11-25,2025-11-26,NORMAL,STRONG,-5.5,2,0.85,-0.56,0.14,-3.23,0.203,0,6
4222,2025-12-11,2025-12-12,WEAK,STRONG,-6.2,3,1.47,0.14,0.87,-1.45,0.113,0,3
4224,2025-11-06,2025-11-07,NORMAL,NORMAL,-5.11,5,0.71,-0.6,0.0,-1.69,0.007,0,2
4228,2026-03-13,2026-03-16,WEAK,NORMAL,-3.16,2,-0.87,-1.1,0.44,-2.2,0.0,0,2
4229,2025-10-30,2025-10-31,NORMAL,NORMAL,-4.78,4,0.76,0.45,1.51,-0.45,0.297,0,3
4229,2026-02-02,2026-02-03,NORMAL,STRONG,-3.07,3,2.95,0.92,4.71,-0.82,0.329,0,1
4231,2025-11-13,2025-11-14,NORMAL,NORMAL,-3.37,5,-0.21,-2.12,0.11,-2.33,0.261,0,1
4234,2025-12-03,2025-12-04,WEAK,NORMAL,-5.43,3,-1.03,3.83,3.83,-3.48,0.298,0,1
4234,2026-02-13,2026-02-16,WEAK,NORMAL,-4.45,4,0.13,1.64,2.52,-2.26,0.289,0,2
4234,2026-02-19,2026-02-20,NORMAL,WEAK,-10.54,3,-1.53,-2.55,0.0,-2.99,0.282,0,1
4235,2025-12-29,2025-12-30,NORMAL,WEAK,-5.69,6,0.0,1.12,1.68,0.0,0.0,0,2
4235,2026-02-16,2026-02-17,NORMAL,NORMAL,-3.07,4,0.28,0.82,2.06,-1.1,0.675,0,3
4238,2026-03-10,2026-03-11,WEAK,NORMAL,-5.87,5,0.08,-0.97,1.05,-1.38,0.036,0,1
423A,2026-02-13,2026-02-16,WEAK,NORMAL,-5.51,5,0.0,1.17,1.46,-0.87,0.286,0,2
4240,2026-02-19,2026-02-20,NORMAL,WEAK,-8.18,3,-1.09,-5.05,0.66,-5.05,0.237,0,1
4241,2025-11-28,2025-12-01,NORMAL,WEAK,-4.53,3,0.21,4.94,9.88,0.0,0.064,0,1
4241,2026-01-29,2026-01-30,NORMAL,NORMAL,-10.01,3,-0.98,6.61,9.09,0.0,0.071,0,1
4241,2026-02-19,2026-02-20,NORMAL,WEAK,-13.52,3,-7.49,-5.12,0.6,-7.98,0.109,0,1
4241,2026-02-20,2026-02-24,WEAK,NORMAL,-12.22,2,7.53,-0.23,2.8,-6.42,0.333,0,2
4245,2025-12-29,2025-12-30,NORMAL,WEAK,-3.96,6,-0.29,0.15,1.03,0.0,0.25,0,4
424A,2026-01-30,2026-02-02,NORMAL,NORMAL,-7.02,2,-8.31,-5.72,3.39,-6.58,0.224,0,1
424A,2026-02-02,2026-02-03,NORMAL,STRONG,-13.55,4,6.32,1.6,1.6,-1.01,0.086,0,2
4251,2025-11-19,2025-11-20,NORMAL,STRONG,-3.74,3,1.3,-0.34,0.68,-1.28,0.161,0,2
4251,2026-02-16,2026-02-17,NORMAL,NORMAL,-3.72,4,0.08,-0.08,1.16,-2.24,0.479,0,3
4256,2025-11-21,2025-11-25,STRONG,NORMAL,-3.37,3,-1.09,-1.25,1.49,-1.65,0.12,0,2
4256,2026-02-04,2026-02-05,NORMAL,NORMAL,-4.47,6,1.39,0.79,2.09,-0.58,0.253,0,2
4256,2026-02-12,2026-02-13,NORMAL,WEAK,-4.9,9,0.15,-4.69,0.0,-4.69,0.0,0,1
4256,2026-02-13,2026-02-16,WEAK,NORMAL,-4.54,9,2.42,4.64,5.11,-1.26,0.0,0,2
4258,2025-11-19,2025-11-20,NORMAL,STRONG,-4.0,2,3.02,-0.56,1.39,-2.51,0.128,1,5
4258,2025-11-25,2025-11-26,NORMAL,STRONG,-4.18,2,-0.15,-0.73,0.29,-5.54,0.0,0,1
4258,2025-12-01,2025-12-02,WEAK,WEAK,-6.02,5,-0.61,-4.6,0.31,-4.6,0.0,0,1
4258,2025-12-02,2025-12-03,WEAK,WEAK,-5.18,6,-0.16,2.42,2.9,-1.93,0.0,0,2
4258,2025-12-05,2025-12-08,WEAK,NORMAL,-3.13,6,-1.6,-0.34,0.34,-1.69,0.223,0,2
4258,2025-12-10,2025-12-11,NORMAL,WEAK,-3.26,6,0.11,-0.79,0.93,-2.18,0.255,0,5
4258,2025-12-16,2025-12-17,WEAK,NORMAL,-3.11,5,-1.27,-1.14,1.68,-2.39,0.088,1,1
4258,2026-02-04,2026-02-05,NORMAL,NORMAL,-4.21,4,-1.3,-0.93,0.89,-2.28,0.079,0,1
4258,2026-02-24,2026-02-25,NORMAL,NORMAL,-20.44,5,-3.08,0.45,3.1,-2.65,0.0,0,1
4259,2025-12-05,2025-12-08,WEAK,NORMAL,-8.33,4,0.16,3.5,4.3,-3.98,0.284,0,2
4259,2025-12-09,2025-12-10,NORMAL,NORMAL,-3.69,2,-0.96,-0.32,1.45,-0.97,0.179,1,1
4259,2025-12-11,2025-12-12,WEAK,STRONG,-3.07,4,-1.34,0.68,1.69,-0.68,0.308,0,3
4259,2026-01-14,2026-01-15,NORMAL,STRONG,-3.72,2,-1.17,4.75,6.11,-0.51,0.0,0,2
4259,2026-02-13,2026-02-16,WEAK,NORMAL,-16.93,3,-3.8,4.38,7.06,-3.95,0.0,0,2
4259,2026-02-24,2026-02-25,NORMAL,NORMAL,-6.96,4,0.78,-2.01,3.25,-2.63,0.02,0,2
4259,2026-03-26,2026-03-27,WEAK,NORMAL,-3.53,3,-1.16,1.34,2.18,-1.51,0.2,0,1
425A,2026-01-30,2026-02-02,NORMAL,NORMAL,-6.36,2,-6.69,-7.25,1.72,-7.62,0.267,0,1
425A,2026-02-02,2026-02-03,NORMAL,STRONG,-13.46,5,7.28,2.94,2.94,-0.4,0.04,0,2
4261,2025-11-19,2025-11-20,NORMAL,STRONG,-3.69,3,-1.48,2.51,2.51,-0.25,0.446,0,1
4261,2026-02-16,2026-02-17,NORMAL,NORMAL,-6.77,8,0.0,4.13,4.13,-0.71,0.037,0,2
4263,2025-12-11,2025-12-12,WEAK,STRONG,-3.6,2,-0.23,-1.25,1.25,-1.36,0.029,0,1
4263,2025-12-16,2025-12-17,WEAK,NORMAL,-3.86,2,1.38,-0.57,4.53,-2.15,0.139,0,1
4263,2025-12-22,2025-12-23,NORMAL,NORMAL,-3.8,5,0.49,1.84,2.21,-1.23,0.292,0,3
4263,2026-03-13,2026-03-16,WEAK,NORMAL,-4.57,4,-1.12,2.57,3.09,0.0,0.035,0,3
4264,2025-11-14,2025-11-17,NORMAL,NORMAL,-7.07,5,0.2,-2.35,0.0,-3.29,0.142,0,1
4264,2026-02-06,2026-02-09,NORMAL,STRONG,-3.78,4,0.39,-0.13,0.78,-1.17,0.647,0,1
4265,2026-03-24,2026-03-25,STRONG,STRONG,-6.9,2,2.12,5.7,12.69,-1.55,0.355,0,3
4265,2026-03-26,2026-03-27,WEAK,NORMAL,-5.64,2,-2.08,7.16,13.53,-2.65,0.0,0,1
4274,2026-02-24,2026-02-25,NORMAL,NORMAL,-5.19,3,-0.27,-3.43,0.0,-5.9,0.261,0,1
4284,2026-02-12,2026-02-13,NORMAL,WEAK,-5.35,6,0.2,-2.62,1.01,-2.62,0.087,0,1
4287,2025-12-10,2025-12-11,NORMAL,WEAK,-4.04,3,1.11,-2.63,1.32,-2.63,0.216,0,2
4287,2026-01-29,2026-01-30,NORMAL,NORMAL,-6.21,8,-0.22,3.54,3.54,0.0,0.054,0,1
4287,2026-03-13,2026-03-16,WEAK,NORMAL,-6.41,4,-1.71,3.49,3.92,-0.65,0.188,0,1
4288,2025-10-07,2025-10-08,NORMAL,NORMAL,-7.29,3,-1.5,-0.38,2.09,-1.33,0.0,0,1
4288,2026-02-13,2026-02-16,WEAK,NORMAL,-9.13,3,0.14,1.84,6.78,0.0,0.425,0,1
4288,2026-02-24,2026-02-25,NORMAL,NORMAL,-9.06,3,0.82,0.0,2.11,-0.81,0.068,0,5
4293,2026-01-05,2026-01-06,NORMAL,STRONG,-3.27,2,0.0,2.96,4.02,-1.27,0.261,1,1
4293,2026-01-14,2026-01-15,NORMAL,STRONG,-9.29,3,1.74,0.43,0.43,-1.93,0.164,0,3
4293,2026-02-04,2026-02-05,NORMAL,NORMAL,-4.11,4,0.0,-1.19,0.48,-1.43,0.105,0,2
4293,2026-02-13,2026-02-16,WEAK,NORMAL,-6.16,8,1.84,0.77,2.06,-1.03,0.167,0,2
429A,2025-11-21,2025-11-25,STRONG,NORMAL,-7.16,6,5.47,-3.65,0.0,-4.8,0.257,0,1
429A,2025-12-01,2025-12-02,WEAK,WEAK,-8.36,2,-0.16,-0.82,0.82,-1.47,0.062,1,1
4301,2025-11-14,2025-11-17,NORMAL,NORMAL,-4.21,5,-0.22,-0.76,0.16,-5.27,0.014,0,1
4307,2025-11-04,2025-11-05,NORMAL,WEAK,-9.35,4,1.83,0.0,1.83,-1.78,0.673,0,1
4307,2026-01-30,2026-02-02,NORMAL,NORMAL,-17.31,10,0.79,-2.07,1.6,-2.74,0.019,0,3
4307,2026-02-04,2026-02-05,NORMAL,NORMAL,-7.65,10,0.02,1.19,3.31,-2.24,0.557,0,1
4307,2026-02-12,2026-02-13,NORMAL,WEAK,-4.18,7,-0.78,-3.2,0.74,-3.7,0.0,0,1
4307,2026-02-13,2026-02-16,WEAK,NORMAL,-3.96,7,1.31,0.0,0.66,-1.56,0.113,0,2
4307,2026-02-17,2026-02-18,NORMAL,STRONG,-4.29,7,0.89,-1.89,0.53,-2.35,0.252,0,1
4307,2026-02-24,2026-02-25,NORMAL,NORMAL,-7.1,8,7.86,-1.07,1.07,-3.02,0.221,0,2
4308,2025-10-31,2025-11-04,NORMAL,NORMAL,-5.0,6,0.0,-1.39,0.0,-2.49,0.25,0,1
4310,2025-11-05,2025-11-06,WEAK,NORMAL,-3.51,3,-1.29,-4.4,1.15,-4.6,0.268,0,1
4310,2025-11-06,2025-11-07,NORMAL,NORMAL,-5.64,5,0.83,-0.21,0.45,-1.23,0.034,0,2
4310,2026-02-17,2026-02-18,NORMAL,STRONG,-3.21,2,0.0,-0.78,0.39,-1.27,0.296,0,1
4316,2025-10-07,2025-10-08,NORMAL,NORMAL,-7.4,4,-2.47,5.58,6.26,-2.2,0.248,0,1
4316,2025-11-04,2025-11-05,NORMAL,WEAK,-3.32,3,-3.12,-1.72,0.54,-3.98,0.0,1,1
4316,2025-11-05,2025-11-06,WEAK,NORMAL,-4.79,6,16.41,0.0,0.0,0.0,0.5,0,2
4316,2025-11-07,2025-11-10,NORMAL,STRONG,-6.95,7,-4.95,5.74,11.48,-1.81,0.066,0,1
4316,2025-11-12,2025-11-13,STRONG,NORMAL,-6.85,5,-0.99,-6.87,0.89,-8.54,0.141,0,2
4316,2025-11-13,2025-11-14,NORMAL,NORMAL,-7.79,6,-3.1,1.6,4.18,-2.09,0.176,0,3
4316,2025-11-20,2025-11-21,STRONG,STRONG,-5.53,3,1.66,-3.7,2.17,-5.33,0.235,0,1
4316,2025-11-25,2025-11-26,NORMAL,STRONG,-7.45,4,5.49,1.62,6.24,-3.35,0.081,0,3
4316,2025-12-01,2025-12-02,WEAK,WEAK,-4.95,4,-0.83,0.84,1.67,-1.55,0.167,0,2
4316,2025-12-30,2026-01-05,WEAK,NORMAL,-4.97,2,2.04,-1.65,1.22,-3.83,0.058,0,1
4316,2026-01-13,2026-01-14,NORMAL,NORMAL,-9.77,3,-2.44,-2.1,1.8,-3.5,0.025,0,2
4316,2026-01-14,2026-01-15,NORMAL,STRONG,-4.49,4,8.27,-3.87,6.51,-9.34,0.264,0,3
4316,2026-01-16,2026-01-19,NORMAL,NORMAL,-5.1,5,1.34,2.35,4.08,-1.22,0.026,0,1
4316,2026-01-30,2026-02-02,NORMAL,NORMAL,-6.29,5,1.63,6.5,14.39,-0.11,0.045,0,2
4316,2026-03-24,2026-03-25,STRONG,STRONG,-7.6,4,0.5,-3.19,0.2,-10.48,0.019,0,1
4317,2026-02-20,2026-02-24,WEAK,NORMAL,-3.27,3,0.85,-0.42,0.28,-0.98,0.148,0,1
4318,2025-11-27,2025-11-28,NORMAL,NORMAL,-65.87,8,-0.47,0.95,1.19,-1.07,0.062,0,1
4318,2025-12-09,2025-12-10,NORMAL,NORMAL,-3.02,7,-0.23,0.35,1.04,-1.16,0.061,0,1
431A,2025-12-02,2025-12-03,WEAK,WEAK,-7.6,3,-1.12,1.89,3.26,0.0,0.093,0,2
431A,2025-12-05,2025-12-08,WEAK,NORMAL,-7.65,4,-1.08,-5.66,2.98,-6.79,0.103,0,2
431A,2025-12-08,2025-12-09,NORMAL,NORMAL,-6.68,7,-1.04,-0.57,2.67,-1.01,0.116,0,3
431A,2025-12-15,2025-12-16,NORMAL,WEAK,-3.5,4,0.0,-1.5,0.51,-2.09,0.192,1,1
431A,2026-01-13,2026-01-14,NORMAL,NORMAL,-4.56,4,-2.1,0.81,2.95,-1.33,0.05,0,2
431A,2026-01-29,2026-01-30,NORMAL,NORMAL,-3.24,7,-0.48,-1.02,0.34,-2.24,0.419,0,4
431A,2026-02-04,2026-02-05,NORMAL,NORMAL,-7.48,9,-0.16,2.91,5.72,0.0,0.116,0,2
431A,2026-02-06,2026-02-09,NORMAL,STRONG,-4.04,7,2.19,-0.16,0.8,-1.98,0.386,0,1
431A,2026-02-12,2026-02-13,NORMAL,WEAK,-3.26,5,-2.14,-3.28,0.49,-4.43,0.169,0,1
431A,2026-02-13,2026-02-16,WEAK,NORMAL,-5.35,8,2.26,0.39,4.31,-3.31,0.233,0,2
431A,2026-02-19,2026-02-20,NORMAL,WEAK,-5.1,6,0.27,0.05,2.11,-0.97,0.122,0,1
431A,2026-02-24,2026-02-25,NORMAL,NORMAL,-3.24,4,0.45,-0.45,2.34,-0.45,0.458,0,1
4320,2025-10-24,2025-10-27,NORMAL,STRONG,-4.05,2,0.09,0.84,3.56,0.0,0.25,0,1
4320,2026-01-29,2026-01-30,NORMAL,NORMAL,-3.57,3,0.0,5.98,7.69,0.0,0.556,0,2
4323,2026-02-02,2026-02-03,NORMAL,STRONG,-3.42,2,1.54,1.39,2.1,-0.55,0.0,0,6
4323,2026-02-13,2026-02-16,WEAK,NORMAL,-9.93,7,0.09,-2.13,0.68,-3.99,0.108,0,2
4323,2026-02-18,2026-02-19,STRONG,NORMAL,-4.09,6,0.98,-0.24,1.31,-1.07,0.019,0,5
4324,2025-12-11,2025-12-12,WEAK,STRONG,-3.07,3,0.65,2.17,2.48,-0.64,0.248,0,2
4324,2026-01-14,2026-01-15,NORMAL,STRONG,-11.29,6,0.64,-1.71,0.98,-1.77,0.012,0,1
4324,2026-02-04,2026-02-05,NORMAL,NORMAL,-6.55,8,1.76,-1.24,2.05,-1.24,0.071,0,1
4326,2025-12-29,2025-12-30,NORMAL,WEAK,-3.51,2,0.11,0.28,1.25,-0.62,0.763,0,1
4331,2025-11-13,2025-11-14,NORMAL,NORMAL,-5.92,6,0.13,0.9,1.28,-0.77,0.095,0,1
4331,2026-02-16,2026-02-17,NORMAL,NORMAL,-9.95,7,0.83,-1.92,0.0,-2.19,0.057,0,2
4334,2025-12-11,2025-12-12,WEAK,STRONG,-12.03,6,-1.27,1.28,1.28,-3.59,0.125,0,1
4337,2025-11-13,2025-11-14,NORMAL,NORMAL,-11.75,5,0.17,-2.14,0.0,-3.88,0.008,0,1
4337,2025-12-01,2025-12-02,WEAK,WEAK,-3.1,3,0.0,-2.25,0.33,-3.2,0.034,0,2
4343,2025-10-15,2025-10-16,STRONG,NORMAL,-10.12,9,0.16,-4.3,0.32,-5.2,0.057,0,3
4343,2025-10-16,2025-10-17,NORMAL,WEAK,-4.15,10,-1.04,0.0,2.03,-0.54,0.163,0,4
4343,2026-02-26,2026-02-27,NORMAL,STRONG,-4.67,4,0.19,-0.53,0.61,-1.63,0.0,0,2
4346,2026-02-16,2026-02-17,NORMAL,NORMAL,-11.22,6,0.0,-2.06,0.0,-3.57,0.14,0,2
4347,2025-10-31,2025-11-04,NORMAL,NORMAL,-5.08,4,0.24,-4.17,0.0,-7.57,0.336,0,1
4347,2025-11-04,2025-11-05,NORMAL,WEAK,-3.94,4,-0.43,1.05,1.85,-1.29,0.45,0,2
4347,2026-01-29,2026-01-30,NORMAL,NORMAL,-8.45,9,2.2,4.03,4.57,-0.48,0.123,0,1
435A,2026-01-06,2026-01-07,STRONG,NORMAL,-8.02,3,-1.33,1.26,1.26,-0.45,0.444,0,1
4361,2025-11-27,2025-11-28,NORMAL,NORMAL,-9.7,6,-0.2,-2.66,0.0,-2.66,0.193,0,1
4361,2026-01-21,2026-01-22,WEAK,STRONG,-11.31,3,-2.01,-0.42,0.9,-2.29,0.336,0,1
4362,2026-01-29,2026-01-30,NORMAL,NORMAL,-11.83,7,1.93,-0.53,0.19,-1.9,0.541,0,5
4366,2025-10-30,2025-10-31,NORMAL,NORMAL,-14.83,8,0.37,-2.58,1.11,-4.06,0.5,0,1
4366,2026-01-21,2026-01-22,WEAK,STRONG,-5.73,2,2.03,0.25,2.48,-2.73,0.172,0,1
4369,2025-11-21,2025-11-25,STRONG,NORMAL,-3.09,4,1.92,-1.66,0.68,-1.69,0.19,0,1
4369,2025-12-02,2025-12-03,WEAK,WEAK,-8.35,3,1.82,-2.6,0.16,-2.86,0.158,0,1
4369,2025-12-16,2025-12-17,WEAK,NORMAL,-3.81,2,-0.61,0.88,1.69,-1.34,0.134,0,4
4369,2026-03-10,2026-03-11,WEAK,NORMAL,-4.89,2,1.25,-0.15,2.31,-0.31,0.55,0,4
4369,2026-03-16,2026-03-17,NORMAL,NORMAL,-14.8,9,3.84,0.0,2.48,-2.66,0.859,0,3
436A,2025-12-09,2025-12-10,NORMAL,NORMAL,-4.62,2,0.0,-1.8,1.17,-2.58,0.082,0,3
436A,2025-12-11,2025-12-12,WEAK,STRONG,-4.61,3,0.0,1.75,2.0,-0.08,0.0,0,5
436A,2026-02-13,2026-02-16,WEAK,NORMAL,-4.7,4,1.59,-3.79,0.0,-4.94,0.133,0,2
436A,2026-02-24,2026-02-25,NORMAL,NORMAL,-3.16,2,0.08,-2.01,0.17,-3.85,0.064,0,1
436A,2026-03-26,2026-03-27,WEAK,NORMAL,-7.19,7,-1.05,3.81,4.13,0.0,0.124,0,2
4370,2025-10-16,2025-10-17,NORMAL,WEAK,-8.63,9,-0.52,-6.6,0.0,-7.12,0.303,0,4
4370,2025-10-17,2025-10-20,WEAK,STRONG,-7.09,9,-0.56,2.56,3.41,-2.56,0.074,0,5
4371,2026-02-04,2026-02-05,NORMAL,NORMAL,-6.48,5,-1.0,1.86,3.29,-1.77,0.091,0,1
4371,2026-02-13,2026-02-16,WEAK,NORMAL,-7.53,7,3.98,-2.09,0.35,-3.57,0.056,0,2
4371,2026-02-24,2026-02-25,NORMAL,NORMAL,-4.38,5,-0.19,-4.58,0.0,-5.05,0.118,1,1
4371,2026-02-25,2026-02-26,NORMAL,NORMAL,-4.76,7,2.94,1.62,1.81,-1.52,0.093,0,2
4372,2026-02-13,2026-02-16,WEAK,NORMAL,-16.76,10,0.42,-0.67,0.25,-1.52,0.197,0,2
4373,2025-11-04,2025-11-05,NORMAL,WEAK,-5.7,2,-0.25,0.37,0.99,-2.47,0.0,0,1
4373,2025-11-27,2025-11-28,NORMAL,NORMAL,-74.97,9,-0.72,0.36,1.64,-1.19,0.318,0,1
4373,2025-12-22,2025-12-23,NORMAL,NORMAL,-3.6,5,-0.19,0.77,0.86,-0.38,0.28,0,1
4373,2026-01-07,2026-01-08,NORMAL,NORMAL,-3.33,4,1.28,-1.26,0.19,-1.55,0.2,0,1
4373,2026-02-03,2026-02-04,STRONG,NORMAL,-3.36,5,-6.53,-3.61,0.81,-3.73,0.038,1,2
4373,2026-02-04,2026-02-05,NORMAL,NORMAL,-9.9,10,0.48,5.17,7.81,-0.12,0.026,0,3
4373,2026-02-12,2026-02-13,NORMAL,WEAK,-3.89,4,-1.79,-3.03,0.85,-3.27,0.0,0,1
4373,2026-02-13,2026-02-16,WEAK,NORMAL,-4.76,4,1.12,1.11,2.22,-0.62,0.059,0,2
4373,2026-02-20,2026-02-24,WEAK,NORMAL,-3.02,3,-3.24,-5.33,0.25,-6.07,0.226,0,2
4373,2026-02-24,2026-02-25,NORMAL,NORMAL,-8.39,6,1.18,2.2,2.59,-0.78,0.118,0,3
4374,2025-11-12,2025-11-13,STRONG,NORMAL,-3.61,5,0.56,0.18,6.32,-0.46,0.166,0,1
4374,2026-02-24,2026-02-25,NORMAL,NORMAL,-5.77,5,0.41,2.87,4.8,0.0,0.014,0,1
4375,2025-11-14,2025-11-17,NORMAL,NORMAL,-6.34,5,1.61,-3.5,0.45,-4.4,0.18,0,2
4375,2026-02-04,2026-02-05,NORMAL,NORMAL,-4.9,6,0.0,3.93,4.91,0.0,0.182,0,1
4375,2026-02-06,2026-02-09,NORMAL,STRONG,-4.25,4,0.86,0.0,0.86,-0.73,0.16,0,1
4375,2026-02-13,2026-02-16,WEAK,NORMAL,-6.87,6,5.54,0.12,0.82,-3.96,0.0,0,2
4375,2026-02-17,2026-02-18,NORMAL,STRONG,-4.54,2,0.0,-0.24,1.34,-1.22,0.154,1,1
4375,2026-03-26,2026-03-27,WEAK,NORMAL,-3.9,5,0.0,1.82,2.66,0.0,0.143,0,1
4377,2025-12-22,2025-12-23,NORMAL,NORMAL,-3.77,2,1.19,0.59,1.17,0.0,0.075,0,1
4377,2026-02-13,2026-02-16,WEAK,NORMAL,-11.59,8,2.32,-3.53,1.86,-4.57,0.077,0,1
4377,2026-02-17,2026-02-18,NORMAL,STRONG,-3.47,8,-1.9,-0.55,0.84,-2.33,0.449,1,3
4377,2026-02-19,2026-02-20,NORMAL,WEAK,-3.64,8,0.16,0.05,3.67,-0.77,0.167,0,5
4377,2026-02-24,2026-02-25,NORMAL,NORMAL,-8.47,9,-1.18,2.68,4.51,0.0,0.333,0,1
4377,2026-03-16,2026-03-17,NORMAL,NORMAL,-3.31,3,0.16,-1.33,0.48,-1.49,0.093,0,5
4377,2026-03-26,2026-03-27,WEAK,NORMAL,-3.96,3,4.28,0.85,0.85,-0.91,0.151,0,1
4379,2025-12-25,2025-12-26,NORMAL,NORMAL,-6.18,3,-1.18,1.19,2.62,-2.38,0.125,0,1
4379,2026-03-26,2026-03-27,WEAK,NORMAL,-4.65,3,-1.63,1.24,1.45,-3.1,0.148,0,1
4382,2025-10-30,2025-10-31,NORMAL,NORMAL,-4.23,7,-1.54,1.57,1.98,-0.63,0.0,0,1
4382,2025-11-14,2025-11-17,NORMAL,NORMAL,-4.63,3,0.0,-1.51,0.86,-1.94,0.061,0,1
4382,2025-12-15,2025-12-16,NORMAL,WEAK,-6.98,4,0.0,-2.34,0.82,-3.4,0.242,0,1
4382,2025-12-26,2025-12-29,NORMAL,NORMAL,-3.81,2,0.24,-0.12,0.96,-1.32,0.079,1,1
4382,2026-02-13,2026-02-16,WEAK,NORMAL,-3.72,3,-0.12,0.75,0.75,-1.0,0.0,0,1
4382,2026-02-24,2026-02-25,NORMAL,NORMAL,-3.06,4,0.79,3.78,4.95,0.0,0.0,0,3
4384,2025-11-04,2025-11-05,NORMAL,WEAK,-3.4,3,0.29,0.98,0.98,-2.05,0.0,0,2
4384,2025-11-06,2025-11-07,NORMAL,NORMAL,-3.19,3,0.0,2.0,2.5,0.0,0.0,1,1
4384,2025-12-10,2025-12-11,NORMAL,WEAK,-3.85,2,-0.16,-1.76,0.0,-3.45,0.319,0,2
4385,2026-01-21,2026-01-22,WEAK,STRONG,-3.35,3,-0.75,1.06,2.1,-0.82,0.174,0,4
4386,2026-02-13,2026-02-16,WEAK,NORMAL,-7.06,4,0.65,-1.51,0.11,-2.26,0.1,0,1
438A,2026-01-08,2026-01-09,NORMAL,NORMAL,-4.59,2,0.87,1.61,3.09,-0.68,0.544,0,1
438A,2026-01-13,2026-01-14,NORMAL,NORMAL,-9.74,3,-0.81,-5.71,0.75,-6.46,0.06,0,1
438A,2026-01-14,2026-01-15,NORMAL,STRONG,-6.48,5,2.16,-1.27,0.92,-2.9,0.104,0,2
438A,2026-02-16,2026-02-17,NORMAL,NORMAL,-20.38,8,0.0,-7.76,0.09,-7.94,0.0,0,3
438A,2026-02-17,2026-02-18,NORMAL,STRONG,-7.76,9,-2.31,-4.92,0.76,-6.06,0.021,0,4
438A,2026-02-18,2026-02-19,STRONG,NORMAL,-7.12,9,-0.6,-3.81,0.2,-7.11,0.167,1,5
438A,2026-02-19,2026-02-20,NORMAL,WEAK,-4.38,9,0.1,-5.72,0.73,-6.14,0.452,1,6
438A,2026-02-20,2026-02-24,WEAK,NORMAL,-5.62,9,-4.86,-1.62,0.58,-5.1,0.061,0,7
438A,2026-02-24,2026-02-25,NORMAL,NORMAL,-6.4,8,0.0,-0.35,1.89,-1.53,0.612,0,8
438A,2026-03-26,2026-03-27,WEAK,NORMAL,-7.23,6,0.14,2.64,4.31,0.0,0.047,0,1
4390,2025-10-17,2025-10-20,WEAK,STRONG,-4.0,4,2.17,4.08,4.08,0.0,0.0,0,1
4390,2025-10-23,2025-10-24,NORMAL,NORMAL,-3.42,2,0.48,-1.28,0.32,-1.28,0.067,1,1
4390,2025-12-09,2025-12-10,NORMAL,NORMAL,-3.38,2,0.79,-3.0,0.0,-3.63,0.1,0,1
4392,2025-10-06,2025-10-07,STRONG,NORMAL,-4.71,2,-1.85,0.94,0.94,-1.89,0.737,0,1
4392,2025-12-29,2025-12-30,NORMAL,WEAK,-5.25,5,0.0,-0.35,1.04,-1.04,0.091,0,1
4392,2026-02-06,2026-02-09,NORMAL,STRONG,-3.82,3,3.36,-1.48,0.3,-2.37,0.5,0,1
4392,2026-02-13,2026-02-16,WEAK,NORMAL,-4.31,2,6.61,-3.94,0.56,-3.94,0.0,1,1
4393,2025-10-17,2025-10-20,WEAK,STRONG,-4.34,5,0.27,3.15,4.25,0.0,0.08,0,1
4393,2025-11-14,2025-11-17,NORMAL,NORMAL,-3.21,3,-7.96,5.48,5.91,-3.31,0.438,0,1
4393,2025-11-25,2025-11-26,NORMAL,STRONG,-9.01,6,1.43,-2.55,0.14,-4.38,0.0,0,1
4393,2025-12-01,2025-12-02,WEAK,WEAK,-6.33,2,-0.14,-5.18,0.86,-6.19,0.064,0,1
4393,2025-12-02,2025-12-03,WEAK,WEAK,-5.32,4,-1.21,-2.3,2.15,-2.3,0.143,0,2
4393,2025-12-03,2025-12-04,WEAK,NORMAL,-3.49,5,-0.31,4.89,5.84,-0.32,0.0,0,3
4393,2025-12-10,2025-12-11,NORMAL,WEAK,-3.92,5,-0.98,-2.47,1.81,-3.46,0.147,0,2
4393,2025-12-11,2025-12-12,WEAK,STRONG,-3.43,5,0.17,-1.01,1.85,-1.69,0.188,0,3
4393,2025-12-22,2025-12-23,NORMAL,NORMAL,-3.35,4,0.87,1.03,4.3,0.0,0.182,0,1
4393,2026-02-13,2026-02-16,WEAK,NORMAL,-5.41,5,0.0,-0.35,1.39,-3.29,0.034,0,2
4393,2026-02-20,2026-02-24,WEAK,NORMAL,-4.22,6,-2.57,-4.71,0.38,-4.71,0.167,0,7
4393,2026-02-24,2026-02-25,NORMAL,NORMAL,-7.16,7,0.2,0.2,2.96,-0.59,0.0,0,8
4395,2025-11-25,2025-11-26,NORMAL,STRONG,-3.43,3,0.23,1.49,2.29,-0.92,0.119,0,1
4395,2025-12-09,2025-12-10,NORMAL,NORMAL,-4.7,2,16.8,0.0,0.0,0.0,0.0,0,1
4395,2025-12-12,2025-12-15,STRONG,NORMAL,-17.2,3,-1.08,5.09,18.09,-3.09,0.159,0,1
4395,2025-12-19,2025-12-22,NORMAL,NORMAL,-12.55,3,14.5,-5.8,5.2,-6.0,0.189,0,1
4395,2026-01-14,2026-01-15,NORMAL,STRONG,-5.93,2,0.46,2.55,4.0,-1.46,0.146,0,1
4395,2026-02-24,2026-02-25,NORMAL,NORMAL,-10.97,3,0.73,0.89,3.48,-0.24,0.044,0,1
4396,2025-11-13,2025-11-14,NORMAL,NORMAL,-6.01,6,-0.49,-2.13,0.52,-2.94,0.082,0,1
4396,2025-12-29,2025-12-30,NORMAL,WEAK,-47.68,8,-1.55,-4.99,0.72,-5.06,0.156,0,1
4396,2025-12-30,2026-01-05,WEAK,NORMAL,-6.47,9,0.0,-0.07,2.56,-1.45,0.011,0,2
4396,2026-01-29,2026-01-30,NORMAL,NORMAL,-3.49,10,1.38,-0.29,0.29,-1.86,0.094,0,2
4396,2026-02-02,2026-02-03,NORMAL,STRONG,-4.01,6,0.3,0.97,1.71,-0.67,0.155,0,1
4396,2026-02-04,2026-02-05,NORMAL,NORMAL,-4.72,10,1.24,3.67,4.66,-0.84,0.015,0,1
4396,2026-02-12,2026-02-13,NORMAL,WEAK,-5.78,4,-3.99,-0.32,0.48,-1.68,0.059,0,1
4396,2026-02-13,2026-02-16,WEAK,NORMAL,-4.3,6,-1.92,-0.08,2.21,-0.98,0.63,0,2
4396,2026-03-13,2026-03-16,WEAK,NORMAL,-3.17,2,-0.17,0.0,1.12,-0.69,0.0,0,3
4396,2026-03-26,2026-03-27,WEAK,NORMAL,-3.68,5,0.0,0.96,1.34,-0.96,0.179,0,2
4397,2025-10-16,2025-10-17,NORMAL,WEAK,-4.65,6,0.18,-3.6,0.0,-4.32,0.323,0,1
4397,2025-10-17,2025-10-20,WEAK,STRONG,-3.43,5,1.87,-0.73,2.75,-2.02,0.167,0,2
4397,2025-11-05,2025-11-06,WEAK,NORMAL,-3.94,6,0.62,0.0,1.63,-1.02,0.375,0,1
4397,2026-01-19,2026-01-20,NORMAL,WEAK,-3.73,3,0.2,-1.02,0.2,-1.22,0.263,0,1
4397,2026-02-09,2026-02-10,STRONG,STRONG,-3.41,3,0.22,3.52,4.85,0.0,0.0,0,2
4397,2026-02-13,2026-02-16,WEAK,NORMAL,-4.23,6,1.4,0.46,0.46,-1.15,0.138,0,2
4401,2026-02-10,2026-02-12,STRONG,NORMAL,-9.53,3,0.02,1.41,1.99,-0.74,0.216,0,1
4401,2026-03-10,2026-03-11,WEAK,NORMAL,-6.11,4,1.7,-2.2,1.58,-2.55,0.514,0,4
4403,2025-12-25,2025-12-26,NORMAL,NORMAL,-3.46,2,1.55,-1.65,0.19,-1.94,0.16,0,4
4403,2026-02-13,2026-02-16,WEAK,NORMAL,-3.06,3,0.06,-6.62,1.0,-6.62,0.288,0,1
4403,2026-02-16,2026-02-17,NORMAL,NORMAL,-6.56,5,0.83,-1.03,0.92,-1.73,0.0,0,2
4404,2025-12-29,2025-12-30,NORMAL,WEAK,-5.6,4,0.0,1.63,1.63,-0.31,0.0,0,1
4404,2026-02-13,2026-02-16,WEAK,NORMAL,-4.8,2,-1.97,-1.85,0.72,-2.61,0.043,0,1
4404,2026-02-16,2026-02-17,NORMAL,NORMAL,-3.78,4,0.0,-1.52,1.19,-1.97,0.229,0,2
4406,2025-11-14,2025-11-17,NORMAL,NORMAL,-4.44,4,-1.4,0.0,0.47,-0.47,0.286,0,2
4406,2025-12-05,2025-12-08,WEAK,NORMAL,-5.13,2,0.45,0.9,1.79,-3.14,0.2,0,2
4406,2026-01-16,2026-01-19,NORMAL,NORMAL,-6.55,3,6.23,-5.49,3.3,-5.49,0.125,0,1
4406,2026-02-13,2026-02-16,WEAK,NORMAL,-5.35,2,0.0,0.43,1.3,-1.74,0.1,0,1
4406,2026-02-19,2026-02-20,NORMAL,WEAK,-4.24,3,0.0,-1.77,0.0,-2.21,0.1,0,1
4409,2026-02-04,2026-02-05,NORMAL,NORMAL,-3.98,3,-0.8,-0.4,0.94,-1.21,0.309,0,1
4412,2025-10-16,2025-10-17,NORMAL,WEAK,-10.2,2,-0.98,-6.97,0.0,-8.37,0.056,0,1
4412,2025-10-17,2025-10-20,WEAK,STRONG,-7.87,3,2.04,-0.82,2.08,-1.26,0.168,0,2
4412,2025-11-20,2025-11-21,STRONG,STRONG,-4.33,4,-1.1,6.18,7.49,-0.62,0.02,0,5
4412,2026-01-13,2026-01-14,NORMAL,NORMAL,-4.31,3,-1.14,0.97,2.39,-1.77,0.253,0,1
4412,2026-02-20,2026-02-24,WEAK,NORMAL,-3.96,2,-0.09,-1.32,0.66,-1.75,0.339,0,2
4413,2025-10-07,2025-10-08,NORMAL,NORMAL,-4.4,3,0.64,-0.79,0.94,-1.95,0.111,0,1
4413,2025-11-25,2025-11-26,NORMAL,STRONG,-4.53,3,0.0,0.73,1.0,-0.35,0.027,0,1
4413,2025-12-01,2025-12-02,WEAK,WEAK,-3.67,3,0.0,-2.83,0.9,-2.91,0.045,0,2
4413,2025-12-11,2025-12-12,WEAK,STRONG,-8.58,7,0.0,-0.22,1.4,-2.58,0.009,0,1
4413,2025-12-16,2025-12-17,WEAK,NORMAL,-4.32,5,1.42,-0.7,0.0,-2.58,0.116,0,1
4413,2026-01-16,2026-01-19,NORMAL,NORMAL,-5.17,4,0.28,-0.52,1.78,-1.26,0.153,0,5
4413,2026-02-03,2026-02-04,STRONG,NORMAL,-3.46,4,-6.05,-5.85,0.0,-7.57,0.079,0,1
4413,2026-02-04,2026-02-05,NORMAL,NORMAL,-11.55,9,2.28,0.78,3.23,-1.73,0.227,0,2
4413,2026-02-12,2026-02-13,NORMAL,WEAK,-4.21,4,-0.17,-1.86,0.85,-2.43,0.129,1,1
4413,2026-02-20,2026-02-24,WEAK,NORMAL,-3.28,5,0.06,0.29,2.8,-0.58,0.358,0,2
4414,2026-01-29,2026-01-30,NORMAL,NORMAL,-3.89,4,0.0,0.0,1.53,-1.84,0.452,0,2
4414,2026-02-04,2026-02-05,NORMAL,NORMAL,-5.8,8,1.07,2.58,3.9,0.0,0.13,0,3
4414,2026-02-12,2026-02-13,NORMAL,WEAK,-4.45,3,-2.55,-8.32,0.26,-8.32,0.188,0,1
4414,2026-02-13,2026-02-16,WEAK,NORMAL,-10.66,8,-1.43,-1.74,1.09,-2.83,0.0,0,2
4414,2026-02-16,2026-02-17,NORMAL,NORMAL,-3.14,7,3.24,-1.93,1.86,-2.07,0.278,0,3
4414,2026-03-16,2026-03-17,NORMAL,NORMAL,-8.16,7,-2.64,-2.17,0.0,-4.7,0.0,0,2
4414,2026-03-17,2026-03-18,NORMAL,STRONG,-4.75,9,2.49,-2.16,0.45,-2.97,0.538,0,3
4415,2025-11-11,2025-11-12,NORMAL,STRONG,-3.29,5,-1.83,4.7,8.16,-0.53,0.149,0,1
4415,2026-02-12,2026-02-13,NORMAL,WEAK,-4.54,3,-3.85,-5.68,2.55,-5.68,0.335,0,1
4416,2026-02-13,2026-02-16,WEAK,NORMAL,-14.22,8,-0.51,-9.97,0.0,-14.78,0.043,0,1
4417,2025-10-22,2025-10-23,STRONG,NORMAL,-6.14,2,-1.51,1.02,1.66,-1.4,0.159,0,1
4417,2025-11-13,2025-11-14,NORMAL,NORMAL,-3.88,2,-1.11,-0.28,2.39,-1.27,0.061,0,1
4417,2025-12-01,2025-12-02,WEAK,WEAK,-3.75,2,0.45,-2.69,0.0,-3.43,0.054,0,1
4417,2025-12-09,2025-12-10,NORMAL,NORMAL,-4.61,4,-1.4,0.32,1.58,-0.79,0.207,0,1
4417,2025-12-11,2025-12-12,WEAK,STRONG,-3.47,3,1.63,-1.29,0.48,-2.41,0.043,0,3
4417,2026-02-04,2026-02-05,NORMAL,NORMAL,-3.16,7,-0.71,-2.43,0.0,-3.47,0.156,0,8
4417,2026-02-05,2026-02-06,NORMAL,NORMAL,-3.12,9,-1.43,0.71,1.08,-3.49,0.299,0,9
4417,2026-02-12,2026-02-13,NORMAL,WEAK,-5.16,5,-1.68,-2.58,0.15,-3.38,0.261,0,1
4417,2026-02-13,2026-02-16,WEAK,NORMAL,-4.22,5,-0.78,5.23,5.57,0.0,0.227,0,2
4417,2026-02-18,2026-02-19,STRONG,NORMAL,-3.3,4,0.37,2.95,4.06,0.0,0.405,0,2
4417,2026-02-24,2026-02-25,NORMAL,NORMAL,-18.12,9,0.04,8.49,9.55,-2.7,0.0,0,2
4417,2026-03-17,2026-03-18,NORMAL,STRONG,-4.31,3,3.14,3.17,3.17,-0.62,0.0,0,1
4418,2025-10-24,2025-10-27,NORMAL,STRONG,-3.67,3,0.23,-8.77,0.0,-10.53,0.573,1,1
4418,2025-11-14,2025-11-17,NORMAL,NORMAL,-3.94,3,11.51,-2.19,8.32,-3.94,0.39,0,2
4418,2025-11-25,2025-11-26,NORMAL,STRONG,-10.69,4,2.3,1.01,4.11,-1.63,0.029,0,4
4418,2025-11-28,2025-12-01,NORMAL,WEAK,-3.62,3,0.39,-1.01,0.0,-3.12,0.205,0,1
4418,2025-12-02,2025-12-03,WEAK,WEAK,-3.23,4,1.71,4.32,7.6,-0.96,0.128,1,3
4418,2025-12-08,2025-12-09,NORMAL,NORMAL,-6.11,5,-1.07,-0.33,2.17,-1.0,0.173,0,1
4418,2025-12-16,2025-12-17,WEAK,NORMAL,-5.4,4,-0.7,0.0,0.71,-2.12,0.255,1,1
4418,2025-12-30,2026-01-05,WEAK,NORMAL,-3.58,2,1.59,-0.7,3.48,-4.7,0.157,0,2
4418,2026-02-13,2026-02-16,WEAK,NORMAL,-18.61,9,1.68,0.11,1.1,-2.76,0.151,0,2
4418,2026-02-24,2026-02-25,NORMAL,NORMAL,-5.08,6,1.78,2.22,3.15,-1.99,0.071,0,2
4418,2026-03-10,2026-03-11,WEAK,NORMAL,-4.99,3,3.24,-0.32,5.3,-1.52,0.195,0,1
4419,2025-10-24,2025-10-27,NORMAL,STRONG,-4.59,2,0.58,0.58,2.47,-0.33,0.233,0,2
4419,2025-11-13,2025-11-14,NORMAL,NORMAL,-24.04,9,0.11,-1.05,4.95,-1.16,0.0,0,1
4419,2025-11-27,2025-11-28,NORMAL,NORMAL,-3.72,2,-1.04,-2.76,1.62,-3.62,0.167,0,1
4419,2025-11-28,2025-12-01,NORMAL,WEAK,-3.77,2,0.0,-0.78,1.17,-2.25,0.164,0,2
4419,2025-12-11,2025-12-12,WEAK,STRONG,-4.39,7,-1.38,1.4,3.6,-0.47,0.2,0,5
4419,2025-12-17,2025-12-18,NORMAL,NORMAL,-6.68,4,3.36,0.11,1.3,-2.49,0.123,0,1
4419,2026-01-21,2026-01-22,WEAK,STRONG,-3.26,4,0.34,0.67,1.12,-0.22,0.233,0,1
4419,2026-02-04,2026-02-05,NORMAL,NORMAL,-7.84,8,-0.49,5.33,6.2,-0.74,0.017,0,1
4419,2026-02-06,2026-02-09,NORMAL,STRONG,-6.47,7,1.01,-4.23,0.25,-6.1,0.857,0,1
4419,2026-02-09,2026-02-10,STRONG,STRONG,-3.27,6,5.33,1.11,1.85,-2.84,0.294,0,2
4419,2026-02-13,2026-02-16,WEAK,NORMAL,-11.16,4,0.0,-1.86,2.67,-3.26,0.181,0,1
4419,2026-02-24,2026-02-25,NORMAL,NORMAL,-4.86,3,3.74,0.24,3.61,-0.84,0.678,0,3
441A,2026-01-15,2026-01-16,STRONG,NORMAL,-5.37,4,1.1,0.47,1.25,-0.31,0.031,0,1
4420,2025-11-19,2025-11-20,NORMAL,STRONG,-3.48,8,1.7,-0.42,0.0,-1.67,0.231,0,5
4420,2025-12-02,2025-12-03,WEAK,WEAK,-9.71,4,0.19,0.57,2.3,-1.53,0.037,0,1
4422,2026-01-16,2026-01-19,NORMAL,NORMAL,-12.0,3,-1.06,1.99,13.86,-4.67,0.061,0,1
4422,2026-02-04,2026-02-05,NORMAL,NORMAL,-4.81,7,3.52,-7.64,3.18,-10.83,0.607,0,1
4422,2026-02-05,2026-02-06,NORMAL,NORMAL,-4.4,7,-3.68,1.91,6.44,-2.15,0.227,0,2
4422,2026-02-18,2026-02-19,STRONG,NORMAL,-8.75,7,1.37,-4.05,1.08,-5.68,0.0,0,2
4422,2026-03-26,2026-03-27,WEAK,NORMAL,-12.61,3,-1.6,-1.02,6.52,-3.46,0.088,0,1
4424,2025-12-01,2025-12-02,WEAK,WEAK,-20.22,3,0.0,-6.61,21.21,-9.92,0.2,0,3
4424,2025-12-02,2025-12-03,WEAK,WEAK,-6.61,3,-1.47,-2.4,0.6,-4.79,0.106,0,4
4424,2025-12-10,2025-12-11,NORMAL,WEAK,-8.81,3,0.0,-6.54,0.31,-7.79,0.034,0,1
4424,2025-12-11,2025-12-12,WEAK,STRONG,-6.54,4,7.0,0.31,8.72,-9.03,0.154,1,2
4424,2025-12-25,2025-12-26,NORMAL,NORMAL,-3.43,4,-0.32,-1.29,4.21,-1.29,0.217,0,1
4424,2025-12-30,2026-01-05,WEAK,NORMAL,-5.48,4,0.68,1.36,5.76,-1.36,0.087,0,1
4427,2026-03-26,2026-03-27,WEAK,NORMAL,-4.93,2,-1.85,-2.64,10.57,-4.91,0.25,0,1
442A,2025-12-16,2025-12-17,WEAK,NORMAL,-3.33,3,-1.63,-2.44,0.55,-3.96,0.192,0,1
442A,2026-02-10,2026-02-12,STRONG,NORMAL,-7.02,10,0.3,-0.65,0.71,-3.08,0.339,0,9
4430,2026-02-04,2026-02-05,NORMAL,NORMAL,-3.41,4,0.0,0.38,1.52,0.0,0.093,0,6
4431,2025-10-07,2025-10-08,NORMAL,NORMAL,-3.09,2,-0.53,-0.88,0.53,-1.02,0.0,0,1
4431,2025-11-19,2025-11-20,NORMAL,STRONG,-3.45,2,1.44,1.13,1.63,0.0,0.154,0,5
4431,2026-01-20,2026-01-21,WEAK,WEAK,-3.58,2,-1.61,-2.1,0.0,-2.13,0.159,0,1
4431,2026-02-04,2026-02-05,NORMAL,NORMAL,-3.91,6,-1.12,-2.35,0.08,-2.51,0.0,0,3
4431,2026-02-05,2026-02-06,NORMAL,NORMAL,-3.45,7,-0.2,-2.25,0.0,-3.26,0.061,0,4
4431,2026-02-12,2026-02-13,NORMAL,WEAK,-5.9,9,1.45,-7.06,0.04,-7.44,0.032,0,1
4431,2026-02-13,2026-02-16,WEAK,NORMAL,-5.71,7,-0.9,1.82,2.42,-1.41,0.051,0,2
4431,2026-02-24,2026-02-25,NORMAL,NORMAL,-5.1,5,1.38,1.2,3.41,-1.2,0.132,0,1
4431,2026-03-16,2026-03-17,NORMAL,NORMAL,-10.22,3,0.14,-3.55,0.32,-4.05,0.102,0,1
4431,2026-03-17,2026-03-18,NORMAL,STRONG,-3.42,3,-0.75,0.81,0.95,-3.28,0.115,0,2
4432,2025-10-15,2025-10-16,STRONG,NORMAL,-6.47,7,1.35,1.33,3.49,0.0,0.135,0,3
4432,2026-01-14,2026-01-15,NORMAL,STRONG,-3.96,4,-1.99,1.16,1.59,-1.45,0.297,0,1
4432,2026-01-30,2026-02-02,NORMAL,NORMAL,-3.26,5,0.15,1.53,1.99,-0.31,0.0,0,3
4432,2026-02-04,2026-02-05,NORMAL,NORMAL,-4.72,5,0.0,-0.64,0.32,-1.44,0.0,0,2
4432,2026-02-06,2026-02-09,NORMAL,STRONG,-4.44,7,1.78,-1.75,0.17,-1.95,0.075,0,4
4432,2026-02-13,2026-02-16,WEAK,NORMAL,-5.29,8,-0.5,-1.46,0.04,-1.95,0.132,0,2
4432,2026-02-24,2026-02-25,NORMAL,NORMAL,-5.45,9,1.14,0.39,0.78,-1.09,0.155,0,2
4433,2026-01-15,2026-01-16,STRONG,NORMAL,-4.17,4,0.4,-0.79,0.0,-1.48,0.36,0,1
4434,2025-10-16,2025-10-17,NORMAL,WEAK,-11.68,8,0.0,-0.77,0.06,-0.83,0.032,0,1
4434,2026-02-05,2026-02-06,NORMAL,NORMAL,-4.44,3,-0.26,2.51,5.24,-1.52,0.083,0,2
4434,2026-02-13,2026-02-16,WEAK,NORMAL,-4.29,3,0.21,1.16,1.37,-2.0,0.076,0,2
4434,2026-02-24,2026-02-25,NORMAL,NORMAL,-3.08,3,0.0,3.01,4.01,0.0,0.211,0,2
4438,2025-11-13,2025-11-14,NORMAL,NORMAL,-19.23,3,-7.62,-7.99,3.87,-9.54,0.0,0,1
4438,2026-03-10,2026-03-11,WEAK,NORMAL,-7.95,2,0.0,2.38,8.93,-3.27,0.583,1,3
4438,2026-03-16,2026-03-17,NORMAL,NORMAL,-7.26,3,-2.09,-5.33,1.87,-5.33,0.011,0,1
4439,2025-10-16,2025-10-17,NORMAL,WEAK,-11.12,6,0.42,7.23,8.69,0.0,0.254,0,1
4439,2025-11-04,2025-11-05,NORMAL,WEAK,-4.83,2,0.2,0.71,1.22,-0.71,0.0,0,1
4439,2026-02-26,2026-02-27,NORMAL,STRONG,-6.01,6,3.35,1.47,3.24,-1.57,0.039,0,4
4439,2026-03-13,2026-03-16,WEAK,NORMAL,-4.64,3,-0.62,0.52,1.25,-0.63,0.047,0,2
4440,2026-02-06,2026-02-09,NORMAL,STRONG,-5.32,4,4.21,-3.57,0.0,-4.31,0.024,0,3
4440,2026-02-13,2026-02-16,WEAK,NORMAL,-6.33,4,1.67,4.21,4.21,-0.14,0.0,0,2
4441,2025-10-30,2025-10-31,NORMAL,NORMAL,-4.57,6,0.0,1.2,2.29,0.0,0.149,0,4
4443,2025-10-17,2025-10-20,WEAK,STRONG,-3.17,3,0.86,-1.19,0.91,-1.25,0.25,1,1
4443,2025-12-05,2025-12-08,WEAK,NORMAL,-3.07,2,0.67,0.85,0.97,-1.57,0.0,0,1
4443,2025-12-11,2025-12-12,WEAK,STRONG,-3.11,2,2.01,3.64,4.37,-0.37,0.02,0,3
4443,2026-01-14,2026-01-15,NORMAL,STRONG,-5.82,3,14.26,2.76,3.17,-3.54,0.0,0,2
4443,2026-01-19,2026-01-20,NORMAL,WEAK,-7.4,2,-1.46,-2.29,1.09,-3.49,0.062,0,2
4443,2026-01-20,2026-01-21,WEAK,WEAK,-3.72,2,-1.46,1.6,3.15,-0.06,0.263,0,3
4443,2026-01-29,2026-01-30,NORMAL,NORMAL,-4.48,6,-0.82,2.4,3.08,-0.34,0.247,0,6
4443,2026-02-03,2026-02-04,STRONG,NORMAL,-4.05,5,-7.67,-6.32,0.15,-7.39,0.043,0,2
4443,2026-02-04,2026-02-05,NORMAL,NORMAL,-13.5,10,0.08,0.97,6.01,-1.54,0.141,0,3
4443,2026-02-06,2026-02-09,NORMAL,STRONG,-7.48,9,2.61,-0.17,1.61,-1.95,0.484,0,1
4443,2026-02-12,2026-02-13,NORMAL,WEAK,-6.03,6,-0.83,-8.66,0.67,-8.66,0.0,0,1
4443,2026-02-13,2026-02-16,WEAK,NORMAL,-9.42,8,-0.46,5.55,5.55,-1.2,0.0,0,2
4443,2026-02-17,2026-02-18,NORMAL,STRONG,-3.33,6,0.72,1.17,2.52,-2.16,0.447,1,1
4443,2026-02-20,2026-02-24,WEAK,NORMAL,-3.58,6,-7.69,0.29,2.35,-2.55,0.537,0,1
4443,2026-02-24,2026-02-25,NORMAL,NORMAL,-7.42,7,2.44,2.77,4.39,-0.67,0.52,0,2
4446,2025-10-02,2025-10-03,NORMAL,STRONG,-8.44,3,6.25,8.53,8.82,-8.82,0.0,0,1
4446,2025-11-05,2025-11-06,WEAK,NORMAL,-3.14,3,0.2,-4.22,3.43,-7.25,0.433,1,3
4446,2025-11-06,2025-11-07,NORMAL,NORMAL,-4.03,3,-3.07,-4.96,4.65,-6.65,0.284,0,4
4446,2025-11-07,2025-11-10,NORMAL,STRONG,-7.88,4,1.44,-3.29,1.1,-5.26,0.15,0,5
4446,2025-11-11,2025-11-12,NORMAL,STRONG,-11.21,4,0.13,2.42,2.93,-3.82,0.156,0,7
4446,2025-11-19,2025-11-20,NORMAL,STRONG,-5.77,3,0.0,-4.23,0.22,-7.56,0.151,1,2
4446,2025-11-20,2025-11-21,STRONG,STRONG,-4.23,4,-3.02,-0.96,3.59,-1.08,0.429,0,3
4446,2025-11-21,2025-11-25,STRONG,NORMAL,-3.95,4,1.81,-2.97,2.02,-4.87,0.026,0,4
4446,2025-12-19,2025-12-22,NORMAL,NORMAL,-4.07,3,-0.68,0.1,2.43,-2.82,0.041,0,1
4446,2025-12-30,2026-01-05,WEAK,NORMAL,-4.05,3,1.54,-0.81,3.25,-3.04,0.22,0,3
4446,2026-02-06,2026-02-09,NORMAL,STRONG,-3.8,2,1.83,-6.22,0.0,-8.11,0.152,0,1
4446,2026-02-09,2026-02-10,STRONG,STRONG,-4.5,4,6.72,7.83,8.28,-2.61,0.233,0,2
4446,2026-02-13,2026-02-16,WEAK,NORMAL,-3.58,2,2.14,4.55,4.55,0.0,0.146,1,2
4446,2026-03-17,2026-03-18,NORMAL,STRONG,-14.45,7,-1.59,-4.97,0.86,-6.05,0.179,0,2
4446,2026-03-26,2026-03-27,WEAK,NORMAL,-4.48,6,-0.74,5.22,5.59,-0.37,0.023,1,1
4448,2025-10-17,2025-10-20,WEAK,STRONG,-3.15,6,2.0,-0.25,1.47,-1.72,0.154,0,2
4448,2026-01-22,2026-01-23,STRONG,NORMAL,-3.62,2,0.0,0.27,1.07,-1.61,0.105,0,5
4448,2026-01-29,2026-01-30,NORMAL,NORMAL,-4.13,6,-0.57,2.31,3.47,-0.29,0.111,0,4
4448,2026-02-04,2026-02-05,NORMAL,NORMAL,-5.34,7,-0.89,2.69,3.89,0.0,0.19,0,1
4448,2026-02-13,2026-02-16,WEAK,NORMAL,-4.36,6,4.86,-6.38,0.87,-6.67,0.13,0,2
4448,2026-02-17,2026-02-18,NORMAL,STRONG,-5.26,8,-0.65,1.32,1.64,-1.64,0.095,0,4
4448,2026-02-20,2026-02-24,WEAK,NORMAL,-3.65,8,1.38,-5.78,0.68,-6.46,0.357,0,2
4448,2026-02-24,2026-02-25,NORMAL,NORMAL,-4.48,8,1.81,-1.06,1.06,-2.13,0.095,0,3
4449,2026-02-04,2026-02-05,NORMAL,NORMAL,-3.79,4,-0.66,3.8,4.62,-0.17,0.267,0,1
4449,2026-02-16,2026-02-17,NORMAL,NORMAL,-10.83,10,1.47,-5.31,0.39,-5.6,0.036,0,3
4449,2026-02-17,2026-02-18,NORMAL,STRONG,-3.92,10,0.92,3.13,3.94,-0.4,0.048,0,4
4449,2026-02-19,2026-02-20,NORMAL,WEAK,-4.31,7,0.0,0.51,3.99,-0.1,0.036,0,1
4449,2026-02-24,2026-02-25,NORMAL,NORMAL,-3.16,6,0.42,-0.94,1.57,-1.36,0.115,0,1
4450,2025-10-06,2025-10-07,STRONG,NORMAL,-3.27,3,0.0,-3.58,0.24,-3.82,0.453,0,1
4461,2025-10-31,2025-11-04,NORMAL,NORMAL,-6.39,2,0.91,0.75,2.11,-2.11,0.491,0,1
4461,2026-03-10,2026-03-11,WEAK,NORMAL,-9.33,4,2.75,-0.79,2.38,-1.68,0.214,0,4
4461,2026-03-16,2026-03-17,NORMAL,NORMAL,-3.72,5,3.31,-4.39,1.39,-4.81,0.263,0,3
4465,2025-11-27,2025-11-28,NORMAL,NORMAL,-4.1,8,0.12,3.66,3.66,0.0,0.0,0,2
446A,2026-01-22,2026-01-23,STRONG,NORMAL,-3.75,2,0.0,0.58,3.63,-0.39,0.065,0,1
446A,2026-02-02,2026-02-03,NORMAL,STRONG,-7.09,5,1.98,-1.4,0.87,-2.01,0.176,0,4
446A,2026-02-04,2026-02-05,NORMAL,NORMAL,-14.58,9,-2.14,-1.54,0.16,-6.57,0.035,0,1
446A,2026-02-05,2026-02-06,NORMAL,NORMAL,-3.65,8,-2.22,-1.68,2.11,-5.31,0.747,0,2
446A,2026-02-06,2026-02-09,NORMAL,STRONG,-3.87,7,4.63,-0.9,1.72,-2.7,0.489,1,3
446A,2026-02-12,2026-02-13,NORMAL,WEAK,-5.1,6,-2.64,0.36,2.44,-0.81,0.024,0,2
446A,2026-02-24,2026-02-25,NORMAL,NORMAL,-9.54,7,3.85,-2.05,1.46,-2.54,0.101,0,2
446A,2026-03-17,2026-03-18,NORMAL,STRONG,-4.77,3,0.48,-0.55,3.41,-4.44,0.239,0,1
4471,2026-03-06,2026-03-10,NORMAL,WEAK,-4.07,3,-2.58,1.33,1.89,-0.57,0.25,1,3
4475,2025-10-17,2025-10-20,WEAK,STRONG,-3.05,8,2.07,3.78,4.76,-0.14,0.214,0,7
4475,2025-11-06,2025-11-07,NORMAL,NORMAL,-3.91,2,-0.21,2.15,2.36,-0.36,0.031,0,1
4475,2025-11-10,2025-11-11,STRONG,NORMAL,-3.22,6,-0.87,-0.07,2.92,-1.39,0.114,0,1
4475,2025-11-14,2025-11-17,NORMAL,NORMAL,-3.76,5,0.0,3.07,3.07,-0.77,0.238,0,2
4475,2025-11-25,2025-11-26,NORMAL,STRONG,-3.19,3,0.0,4.71,4.71,-0.08,0.245,0,1
4475,2026-02-04,2026-02-05,NORMAL,NORMAL,-4.37,7,-8.96,-1.74,1.35,-3.57,0.093,0,1
4475,2026-02-05,2026-02-06,NORMAL,NORMAL,-10.54,10,0.39,-4.4,0.1,-6.46,0.373,0,2
4475,2026-02-06,2026-02-09,NORMAL,STRONG,-4.03,9,1.54,0.5,1.41,-2.02,0.313,0,3
4475,2026-02-13,2026-02-16,WEAK,NORMAL,-3.6,7,0.1,4.15,4.15,-0.1,0.0,0,2
4475,2026-02-24,2026-02-25,NORMAL,NORMAL,-8.35,7,2.78,0.54,1.95,-0.43,0.339,0,2
4476,2025-12-29,2025-12-30,NORMAL,WEAK,-6.36,8,0.0,-0.66,0.54,-0.66,0.0,0,1
4476,2026-02-17,2026-02-18,NORMAL,STRONG,-10.23,10,-1.13,-0.76,0.0,-2.38,0.0,0,3
4476,2026-02-19,2026-02-20,NORMAL,WEAK,-3.17,9,-0.89,1.3,2.0,-0.5,0.179,1,5
4476,2026-02-24,2026-02-25,NORMAL,NORMAL,-3.26,9,-0.31,1.94,2.25,0.0,0.061,0,1
4477,2025-11-25,2025-11-26,NORMAL,STRONG,-4.35,2,1.62,5.11,5.43,-0.64,0.0,0,1
4477,2025-12-01,2025-12-02,WEAK,WEAK,-3.31,3,-0.93,-1.57,0.63,-1.57,0.091,0,1
4477,2026-02-17,2026-02-18,NORMAL,STRONG,-6.89,4,1.29,-2.22,0.32,-2.22,0.045,0,1
4478,2025-10-17,2025-10-20,WEAK,STRONG,-3.83,2,0.88,2.05,2.05,-1.46,0.346,0,2
4478,2025-11-04,2025-11-05,NORMAL,WEAK,-3.04,2,-0.15,-0.45,0.6,-4.04,0.556,0,1
4478,2025-11-06,2025-11-07,NORMAL,NORMAL,-3.61,3,0.0,1.87,2.03,0.0,0.0,1,3
4478,2025-11-19,2025-11-20,NORMAL,STRONG,-5.22,3,1.57,-3.57,0.0,-3.72,0.036,0,4
4478,2025-11-25,2025-11-26,NORMAL,STRONG,-6.34,5,-0.54,2.91,3.08,-0.14,0.143,0,1
4478,2025-11-28,2025-12-01,NORMAL,WEAK,-3.13,3,0.9,0.0,2.31,-0.83,0.0,0,1
4478,2025-12-10,2025-12-11,NORMAL,WEAK,-3.99,4,-0.7,-1.49,0.61,-2.2,0.73,0,1
4478,2026-01-29,2026-01-30,NORMAL,NORMAL,-7.52,5,-2.71,1.99,2.9,-0.26,0.09,0,1
4478,2026-02-02,2026-02-03,NORMAL,STRONG,-4.28,6,-1.7,1.96,3.76,-0.43,0.165,0,3
4478,2026-02-04,2026-02-05,NORMAL,NORMAL,-12.53,10,0.48,1.62,3.46,-1.53,0.217,0,1
4478,2026-02-13,2026-02-16,WEAK,NORMAL,-9.18,9,1.97,3.17,5.28,-0.32,0.164,0,2
4478,2026-02-20,2026-02-24,WEAK,NORMAL,-7.82,7,-6.41,-2.16,2.74,-3.53,0.228,0,4
4478,2026-02-24,2026-02-25,NORMAL,NORMAL,-8.43,8,1.45,4.3,4.56,-2.07,0.218,0,5
4479,2025-10-02,2025-10-03,NORMAL,STRONG,-3.15,5,-0.42,0.11,1.89,-0.63,0.026,0,3
4479,2025-10-31,2025-11-04,NORMAL,NORMAL,-6.35,6,1.66,-2.31,0.68,-3.4,0.213,1,1
4479,2025-12-19,2025-12-22,NORMAL,NORMAL,-5.97,2,-0.12,0.12,4.24,-1.53,0.182,0,1
4479,2026-01-30,2026-02-02,NORMAL,NORMAL,-9.23,2,2.15,-3.35,3.64,-4.21,0.072,0,1
4479,2026-03-26,2026-03-27,WEAK,NORMAL,-9.21,5,0.0,0.71,1.22,-4.16,0.033,0,1
447A,2026-01-30,2026-02-02,NORMAL,NORMAL,-3.2,2,-6.7,-9.06,0.0,-10.62,0.535,0,1
447A,2026-02-02,2026-02-03,NORMAL,STRONG,-15.15,5,6.04,1.79,1.79,-0.57,0.147,0,2
4480,2025-10-16,2025-10-17,NORMAL,WEAK,-4.14,6,-0.05,0.6,1.11,-0.32,0.0,0,5
4480,2025-12-11,2025-12-12,WEAK,STRONG,-4.27,2,1.67,-2.3,0.21,-2.71,0.0,0,2
4480,2026-02-13,2026-02-16,WEAK,NORMAL,-8.5,7,-7.81,-4.84,4.03,-6.15,0.0,0,2
4480,2026-02-16,2026-02-17,NORMAL,NORMAL,-12.27,10,3.81,0.66,3.93,-1.38,0.129,0,3
4480,2026-02-20,2026-02-24,WEAK,NORMAL,-3.03,5,-2.25,-2.05,0.05,-4.95,0.688,0,1
4480,2026-02-24,2026-02-25,NORMAL,NORMAL,-4.25,7,-2.2,-1.67,0.99,-2.04,0.58,0,2
4480,2026-02-25,2026-02-26,NORMAL,NORMAL,-3.83,6,-0.37,5.33,7.89,-0.05,0.121,0,3
4482,2026-02-17,2026-02-18,NORMAL,STRONG,-7.74,3,0.13,1.57,3.4,-0.26,0.812,0,1
4483,2025-11-07,2025-11-10,NORMAL,STRONG,-5.25,3,-3.77,-2.76,0.81,-4.38,0.019,0,4
4483,2025-11-10,2025-11-11,STRONG,NORMAL,-6.43,5,0.83,0.0,0.59,-1.29,0.311,0,5
4483,2025-12-01,2025-12-02,WEAK,WEAK,-4.65,2,0.0,-3.05,0.37,-3.54,0.047,0,1
4483,2025-12-02,2025-12-03,WEAK,WEAK,-3.05,4,0.0,-1.13,0.5,-1.51,0.125,0,2
4483,2025-12-10,2025-12-11,NORMAL,WEAK,-3.69,5,-0.13,-3.04,0.0,-3.57,0.5,0,4
4483,2025-12-11,2025-12-12,WEAK,STRONG,-3.17,4,1.23,1.21,3.1,-1.08,0.148,0,5
4483,2025-12-17,2025-12-18,NORMAL,NORMAL,-6.38,5,-1.87,0.14,1.36,-0.41,0.562,0,1
4483,2026-03-13,2026-03-16,WEAK,NORMAL,-5.49,2,-1.6,-3.1,0.29,-3.54,0.0,0,4
4483,2026-03-16,2026-03-17,NORMAL,NORMAL,-4.64,5,0.46,-1.52,2.12,-2.12,0.115,0,5
4488,2025-11-13,2025-11-14,NORMAL,NORMAL,-3.59,3,5.92,-1.28,1.44,-3.19,0.209,0,1
4488,2026-02-13,2026-02-16,WEAK,NORMAL,-7.0,7,0.46,1.33,1.75,-1.67,0.609,0,2
4488,2026-02-17,2026-02-18,NORMAL,STRONG,-5.59,7,-1.35,1.72,3.0,-0.04,0.218,0,1
448A,2026-01-30,2026-02-02,NORMAL,NORMAL,-6.98,3,-8.51,-4.87,2.85,-7.38,0.338,0,1
448A,2026-02-02,2026-02-03,NORMAL,STRONG,-12.96,2,5.77,1.98,2.25,-0.34,0.245,0,2
4490,2025-04-11,2025-04-14,NORMAL,STRONG,-7.03,7,4.07,-7.6,0.56,-7.82,0.218,0,1
4490,2025-04-14,2025-04-15,STRONG,NORMAL,-3.84,6,-0.24,-2.3,0.61,-5.33,0.027,0,2
4490,2025-07-15,2025-07-16,NORMAL,NORMAL,-8.25,6,-0.14,-2.59,2.18,-3.55,0.098,0,2
4490,2025-10-16,2025-10-17,NORMAL,WEAK,-6.43,8,-0.61,-2.76,0.61,-3.23,0.08,0,4
4491,2025-09-29,2025-09-30,WEAK,WEAK,-12.11,5,-0.11,-2.5,0.0,-2.68,0.622,0,1
4492,2025-05-16,2025-05-19,NORMAL,NORMAL,-15.41,8,1.11,-1.76,0.0,-3.52,0.45,0,1
4492,2025-05-20,2025-05-21,NORMAL,NORMAL,-3.36,8,0.46,-0.23,1.61,-0.23,0.0,1,3
4492,2025-08-08,2025-08-12,NORMAL,STRONG,-7.0,3,-0.22,0.86,2.8,0.0,0.114,0,1
4493,2025-05-21,2025-05-22,NORMAL,NORMAL,-9.76,3,0.49,5.0,6.83,-1.29,0.097,0,1
4493,2025-07-01,2025-07-02,WEAK,NORMAL,-3.66,3,-1.46,-1.84,0.47,-1.84,0.0,0,1
4493,2025-07-02,2025-07-03,NORMAL,NORMAL,-3.27,5,0.06,-1.51,0.6,-1.57,0.0,0,2
4493,2025-10-02,2025-10-03,NORMAL,STRONG,-4.9,2,0.29,1.34,3.09,-0.18,0.11,0,1
4493,2025-12-11,2025-12-12,WEAK,STRONG,-3.91,3,0.58,0.52,0.75,-0.58,0.182,0,1
4493,2026-02-13,2026-02-16,WEAK,NORMAL,-4.96,5,-0.29,-0.24,0.18,-5.11,0.021,0,2
4493,2026-02-24,2026-02-25,NORMAL,NORMAL,-9.02,7,0.85,1.82,2.73,-0.46,0.189,0,3
4495,2026-02-16,2026-02-17,NORMAL,NORMAL,-8.6,9,0.0,7.04,7.04,-0.27,0.108,0,3
4498,2025-04-24,2025-04-25,NORMAL,NORMAL,-4.74,3,-1.4,0.86,2.67,-1.72,0.486,0,3
4498,2025-10-07,2025-10-08,NORMAL,NORMAL,-3.95,8,-0.27,1.58,4.12,-1.03,0.01,0,1
4498,2025-10-23,2025-10-24,NORMAL,NORMAL,-4.83,3,0.85,0.77,1.68,-2.66,0.082,0,1
4498,2025-11-25,2025-11-26,NORMAL,STRONG,-6.08,4,-1.11,3.7,3.7,-0.78,0.054,0,1
4498,2025-12-01,2025-12-02,WEAK,WEAK,-3.1,3,-0.43,-1.74,1.3,-2.52,0.256,0,3
4498,2026-01-21,2026-01-22,WEAK,STRONG,-4.04,3,1.64,-2.76,0.0,-2.84,0.485,0,2
4498,2026-02-04,2026-02-05,NORMAL,NORMAL,-4.2,4,-0.25,0.58,1.16,-0.75,0.0,0,1
4498,2026-02-24,2026-02-25,NORMAL,NORMAL,-8.39,5,-0.09,0.0,2.56,-0.09,0.065,0,2
4499,2025-05-19,2025-05-20,NORMAL,NORMAL,-4.37,2,4.25,-4.47,1.47,-4.73,0.194,0,1
4499,2025-05-21,2025-05-22,NORMAL,NORMAL,-5.49,2,-0.58,9.9,11.79,-0.82,0.16,0,3
4499,2025-05-23,2025-05-26,NORMAL,NORMAL,-3.78,2,-0.18,-0.96,1.83,-0.96,0.739,0,1
4499,2025-07-29,2025-07-30,NORMAL,NORMAL,-3.22,2,1.13,-0.04,0.64,-1.56,0.308,0,1
4499,2025-08-15,2025-08-18,NORMAL,STRONG,-20.15,9,16.04,3.57,3.57,-2.57,0.0,0,1
4499,2025-08-25,2025-08-26,NORMAL,WEAK,-7.44,3,-9.7,1.23,6.13,-4.29,0.431,0,1
4499,2025-08-27,2025-08-28,NORMAL,NORMAL,-10.33,2,-1.69,-5.23,3.82,-6.84,0.252,0,3
4499,2025-09-03,2025-09-04,NORMAL,NORMAL,-8.36,3,1.26,-1.58,0.71,-5.98,0.077,0,8
4499,2025-09-09,2025-09-10,NORMAL,NORMAL,-4.84,3,-0.46,1.35,2.36,-2.03,0.077,0,1
4499,2025-09-24,2025-09-25,NORMAL,NORMAL,-8.64,5,-0.45,-2.14,1.45,-3.86,0.108,0,5
4499,2025-10-17,2025-10-20,WEAK,STRONG,-3.65,2,23.97,0.0,0.0,0.0,0.0,0,1
4499,2025-10-23,2025-10-24,NORMAL,NORMAL,-13.68,2,0.04,-2.15,1.46,-6.42,0.025,1,2
4499,2025-11-25,2025-11-26,NORMAL,STRONG,-6.29,2,-0.5,0.04,2.82,-0.29,0.076,0,1
4499,2025-12-22,2025-12-23,NORMAL,NORMAL,-3.29,2,-0.88,3.35,4.33,-0.34,0.06,0,2
4499,2025-12-26,2025-12-29,NORMAL,NORMAL,-3.44,3,0.59,0.75,1.67,-1.25,0.0,0,2
4499,2026-02-10,2026-02-12,STRONG,NORMAL,-4.47,3,3.9,-2.96,1.19,-3.99,0.083,0,1
4499,2026-02-13,2026-02-16,WEAK,NORMAL,-11.69,7,2.31,-1.76,1.22,-3.61,0.096,0,1
4502,2025-04-11,2025-04-14,NORMAL,STRONG,-4.54,6,1.73,1.6,2.15,-0.02,0.14,0,1
4502,2025-05-12,2025-05-13,NORMAL,NORMAL,-5.53,4,4.05,-1.18,0.6,-1.63,0.0,0,4
4502,2025-09-29,2025-09-30,WEAK,WEAK,-3.56,3,0.98,-0.16,0.39,-0.49,0.0,0,5
4503,2025-04-11,2025-04-14,NORMAL,STRONG,-4.8,5,1.61,1.78,2.52,0.0,0.08,1,1
4503,2025-05-12,2025-05-13,NORMAL,NORMAL,-3.87,2,4.47,-2.14,0.29,-2.43,0.24,0,4
4506,2025-04-11,2025-04-14,NORMAL,STRONG,-5.49,6,0.39,0.0,2.51,-1.16,0.6,0,1
4506,2025-04-21,2025-04-22,NORMAL,NORMAL,-11.44,4,1.28,-2.52,2.99,-3.15,0.024,0,1
4506,2025-05-07,2025-05-08,NORMAL,NORMAL,-4.46,2,0.78,1.77,2.65,-2.98,0.385,0,1
4506,2025-05-13,2025-05-14,NORMAL,WEAK,-5.03,3,1.27,-1.37,9.44,-2.62,0.131,0,2
4506,2025-07-02,2025-07-03,NORMAL,NORMAL,-3.11,3,-1.22,-0.22,1.68,-1.01,0.48,0,3
4506,2025-08-01,2025-08-04,NORMAL,NORMAL,-6.65,2,-1.86,3.38,3.71,-1.9,0.064,0,1
4506,2025-12-11,2025-12-12,WEAK,STRONG,-6.21,2,0.3,-3.26,1.38,-5.16,0.054,0,1
4506,2025-12-29,2025-12-30,NORMAL,WEAK,-3.73,2,-0.65,1.67,2.54,0.0,0.089,0,1
4506,2026-01-19,2026-01-20,NORMAL,WEAK,-13.16,2,0.63,-6.14,0.29,-6.7,0.041,0,3
4506,2026-01-20,2026-01-21,WEAK,WEAK,-5.55,2,-2.53,3.43,6.19,-1.5,0.08,0,4
4506,2026-01-29,2026-01-30,NORMAL,NORMAL,-3.65,5,1.35,3.94,4.66,-0.45,0.391,0,2
4506,2026-02-03,2026-02-04,STRONG,NORMAL,-3.1,5,-0.02,5.22,6.4,-0.23,0.597,0,2
4506,2026-02-06,2026-02-09,NORMAL,STRONG,-3.84,2,2.96,-1.96,0.28,-2.13,0.571,1,1
4506,2026-02-20,2026-02-24,WEAK,NORMAL,-15.6,3,-2.02,-7.61,0.0,-8.45,0.042,0,1
4507,2025-04-11,2025-04-14,NORMAL,STRONG,-6.05,3,2.02,1.29,2.91,0.0,0.033,0,1
4507,2025-05-12,2025-05-13,NORMAL,NORMAL,-6.36,2,0.62,-1.54,2.58,-1.7,0.0,0,1
4507,2025-12-10,2025-12-11,NORMAL,WEAK,-4.65,2,-0.17,-0.47,0.09,-0.84,0.0,0,1
4512,2025-05-16,2025-05-19,NORMAL,NORMAL,-5.45,3,0.34,4.39,7.77,-0.68,0.667,0,1
4512,2025-05-20,2025-05-21,NORMAL,NORMAL,-3.88,3,1.35,-1.99,0.0,-1.99,0.0,0,1
4512,2026-01-19,2026-01-20,NORMAL,WEAK,-3.67,2,1.59,-0.94,0.0,-0.94,0.0,0,1
4512,2026-02-06,2026-02-09,NORMAL,STRONG,-3.81,2,-0.61,-0.92,1.84,-0.92,0.182,0,1
4516,2025-05-07,2025-05-08,NORMAL,NORMAL,-6.72,4,2.01,-3.94,0.28,-4.28,0.048,0,1
4516,2025-06-23,2025-06-24,NORMAL,NORMAL,-9.0,8,0.55,-0.23,0.93,-0.77,0.0,0,8
4516,2025-07-14,2025-07-15,NORMAL,NORMAL,-6.68,6,0.83,-0.56,0.83,-1.19,0.388,0,1
4516,2026-01-16,2026-01-19,NORMAL,NORMAL,-3.83,4,0.37,-0.5,0.57,-1.79,0.171,0,3
4519,2025-04-11,2025-04-14,NORMAL,STRONG,-6.43,4,1.5,3.48,4.97,-0.31,0.247,0,1
4519,2025-07-01,2025-07-02,WEAK,NORMAL,-3.83,2,-0.18,-1.56,0.12,-2.62,0.0,0,1
4519,2025-07-08,2025-07-09,NORMAL,NORMAL,-3.33,4,0.72,-2.1,0.47,-2.45,0.183,0,1
4519,2025-07-22,2025-07-23,WEAK,STRONG,-3.18,3,1.46,3.44,4.29,-0.28,0.0,0,1
4519,2025-08-08,2025-08-12,NORMAL,STRONG,-17.68,7,0.13,1.3,1.8,-0.18,0.257,0,2
4519,2025-08-26,2025-08-27,WEAK,NORMAL,-3.2,5,3.26,2.79,3.9,-0.87,0.041,0,5
4519,2025-09-26,2025-09-29,NORMAL,WEAK,-4.76,3,1.1,-0.57,0.52,-1.12,0.106,0,2
4521,2025-04-11,2025-04-14,NORMAL,STRONG,-8.21,5,1.74,-2.64,0.27,-2.81,0.124,0,1
4521,2025-05-12,2025-05-13,NORMAL,NORMAL,-3.57,4,-1.47,-0.39,0.63,-2.89,0.113,0,1
4521,2025-09-29,2025-09-30,WEAK,WEAK,-4.84,6,0.03,-0.57,0.14,-0.57,0.018,0,1
4523,2025-04-11,2025-04-14,NORMAL,STRONG,-4.47,5,1.94,2.13,2.63,-0.25,0.451,0,1
4523,2025-05-15,2025-05-16,WEAK,NORMAL,-5.51,5,0.08,1.66,2.13,-0.3,0.0,0,2
4523,2025-11-05,2025-11-06,WEAK,NORMAL,-4.19,5,-0.3,0.79,2.24,-0.85,0.157,0,2
4526,2026-02-13,2026-02-16,WEAK,NORMAL,-6.56,4,0.16,0.98,1.47,-0.16,0.333,0,1
4527,2025-05-14,2025-05-15,WEAK,WEAK,-10.77,6,-0.67,-1.89,0.28,-2.84,0.225,0,1
4527,2025-05-23,2025-05-26,NORMAL,NORMAL,-3.04,5,-1.0,0.74,2.18,-0.17,0.0,0,1
4527,2026-02-13,2026-02-16,WEAK,NORMAL,-3.4,4,0.28,-2.46,0.16,-2.46,0.353,0,1
4528,2025-05-07,2025-05-08,NORMAL,NORMAL,-5.82,4,0.96,-1.01,0.41,-1.32,0.101,0,1
4528,2025-05-12,2025-05-13,NORMAL,NORMAL,-3.02,5,2.62,-0.19,0.13,-1.35,0.081,0,4
4528,2025-08-26,2025-08-27,WEAK,NORMAL,-3.15,5,0.0,-0.19,0.84,-1.05,0.0,0,1
4530,2026-02-20,2026-02-24,WEAK,NORMAL,-3.43,6,-0.02,-0.02,0.0,-0.12,0.438,0,2
4531,2026-01-22,2026-01-23,STRONG,NORMAL,-15.63,3,-2.11,5.81,9.68,-5.59,0.119,0,1
4536,2025-04-11,2025-04-14,NORMAL,STRONG,-6.44,4,1.45,-0.68,0.98,-1.16,0.08,1,1
4536,2025-08-08,2025-08-12,NORMAL,STRONG,-10.93,9,0.0,-0.47,1.58,-0.94,0.228,0,1
4536,2025-10-07,2025-10-08,NORMAL,NORMAL,-3.06,3,0.0,0.54,2.23,0.0,0.091,0,3
4536,2026-02-06,2026-02-09,NORMAL,STRONG,-3.1,4,3.23,-0.76,0.06,-2.14,0.72,0,1
4536,2026-03-06,2026-03-10,NORMAL,WEAK,-3.57,4,2.22,0.06,1.54,-1.51,0.097,0,4
4538,2025-05-09,2025-05-12,STRONG,NORMAL,-4.0,3,1.13,-0.43,1.16,-1.12,0.261,0,1
4538,2025-05-28,2025-05-29,NORMAL,NORMAL,-4.44,7,-0.37,-1.66,0.32,-2.08,0.167,0,1
4538,2025-08-12,2025-08-13,STRONG,NORMAL,-4.13,3,0.92,-0.14,0.32,-0.64,0.265,0,1
4540,2025-05-12,2025-05-13,NORMAL,NORMAL,-15.16,8,0.41,-3.24,0.57,-3.83,0.059,0,1
4540,2025-08-05,2025-08-06,STRONG,STRONG,-6.4,5,-0.14,2.69,3.09,-1.27,0.0,0,3
4543,2025-04-16,2025-04-17,NORMAL,STRONG,-3.3,2,1.12,2.07,2.49,-0.23,0.184,0,1
4543,2025-07-02,2025-07-03,NORMAL,NORMAL,-3.21,3,-1.13,-0.96,0.38,-1.22,0.127,0,3
4543,2025-11-13,2025-11-14,NORMAL,NORMAL,-6.27,6,-0.02,-0.44,0.25,-1.47,0.085,0,1
4543,2026-02-16,2026-02-17,NORMAL,NORMAL,-5.05,5,2.1,-0.13,0.36,-1.72,0.086,0,3
4544,2025-09-16,2025-09-17,NORMAL,WEAK,-12.0,5,0.38,3.94,4.68,-0.29,0.046,0,1
4544,2025-11-11,2025-11-12,NORMAL,STRONG,-3.34,3,-2.58,-1.43,1.27,-3.22,0.622,0,1
4544,2025-11-12,2025-11-13,STRONG,NORMAL,-3.98,5,-0.25,-0.47,2.23,-0.69,0.398,0,2
4544,2025-12-01,2025-12-02,WEAK,WEAK,-4.3,5,-1.03,-1.59,0.43,-1.59,0.025,0,2
4547,2025-04-11,2025-04-14,NORMAL,STRONG,-3.67,4,1.69,0.97,2.08,-0.28,0.857,0,1
4548,2025-05-14,2025-05-15,WEAK,WEAK,-8.67,4,-0.46,0.15,0.92,-0.62,0.115,0,2
4548,2026-02-09,2026-02-10,STRONG,STRONG,-4.3,7,0.45,1.34,1.79,-0.3,0.312,0,2
4549,2025-05-14,2025-05-15,WEAK,WEAK,-6.34,4,-1.58,-2.59,0.98,-2.68,0.267,0,1
4549,2025-05-15,2025-05-16,WEAK,NORMAL,-4.13,5,0.4,-0.25,0.95,-0.55,0.027,0,2
4549,2025-08-01,2025-08-04,NORMAL,NORMAL,-6.4,3,-0.85,1.26,1.76,-0.54,0.138,0,1
4549,2025-11-19,2025-11-20,NORMAL,STRONG,-3.06,3,0.44,0.75,1.81,-0.04,0.295,0,2
4552,2025-06-03,2025-06-04,NORMAL,NORMAL,-7.92,3,-1.23,6.39,10.66,-0.53,0.197,0,1
4552,2025-06-23,2025-06-24,NORMAL,NORMAL,-3.51,2,1.72,-2.63,0.38,-3.2,0.421,0,1
4552,2025-07-31,2025-08-01,STRONG,NORMAL,-19.27,4,0.35,3.45,4.66,-0.17,0.012,0,1
4552,2025-10-21,2025-10-22,NORMAL,STRONG,-5.16,4,0.49,2.3,2.95,0.0,0.0,0,1
4552,2025-10-31,2025-11-04,NORMAL,NORMAL,-8.7,4,1.17,1.65,2.64,-1.82,0.118,0,1
4552,2026-01-19,2026-01-20,NORMAL,WEAK,-3.48,2,-0.58,0.58,0.58,-0.58,0.24,0,1
4552,2026-01-29,2026-01-30,NORMAL,NORMAL,-4.26,7,0.0,2.38,2.38,0.0,0.256,0,4
4552,2026-02-02,2026-02-03,NORMAL,STRONG,-6.05,7,1.16,-0.49,0.49,-0.98,0.0,0,1
4552,2026-03-26,2026-03-27,WEAK,NORMAL,-3.13,4,0.68,1.52,1.86,-0.68,0.476,0,1
4553,2025-04-11,2025-04-14,NORMAL,STRONG,-3.13,4,0.75,0.37,1.6,-0.33,0.647,0,1
4553,2025-05-15,2025-05-16,WEAK,NORMAL,-5.58,5,8.15,6.4,6.85,0.0,0.337,0,2
4553,2025-08-08,2025-08-12,NORMAL,STRONG,-11.53,6,1.05,-0.97,0.1,-1.75,0.427,0,2
4553,2025-08-27,2025-08-28,NORMAL,NORMAL,-3.69,3,0.0,-0.83,0.0,-0.9,0.0,0,1
4554,2025-05-09,2025-05-12,STRONG,NORMAL,-4.73,4,0.0,-0.61,0.23,-1.37,0.0,0,1
4554,2025-12-05,2025-12-08,WEAK,NORMAL,-3.43,2,1.07,0.41,2.11,0.0,0.096,0,3
4559,2025-05-09,2025-05-12,STRONG,NORMAL,-6.57,5,-0.05,-0.14,0.87,-1.61,0.0,0,4
4559,2025-08-06,2025-08-07,STRONG,NORMAL,-4.01,5,0.85,-0.44,0.59,-1.23,0.333,0,3
4559,2025-11-06,2025-11-07,NORMAL,NORMAL,-4.13,6,0.85,1.53,1.53,-0.32,0.019,0,3
4565,2025-04-11,2025-04-14,NORMAL,STRONG,-3.59,6,1.79,0.27,1.49,-1.49,0.512,1,1
4565,2025-04-16,2025-04-17,NORMAL,STRONG,-3.57,3,0.77,4.05,4.18,-0.89,0.282,0,1
4565,2025-08-06,2025-08-07,STRONG,NORMAL,-6.58,3,-1.48,2.65,3.0,-0.46,0.255,0,1
4565,2025-11-04,2025-11-05,NORMAL,WEAK,-10.38,9,0.25,-2.61,0.87,-4.1,0.321,0,5
4565,2025-11-27,2025-11-28,NORMAL,NORMAL,-5.98,3,3.6,2.66,2.78,-1.85,0.562,0,1
4565,2025-12-19,2025-12-22,NORMAL,NORMAL,-12.33,7,0.27,0.79,3.31,-1.06,0.279,0,1
4565,2026-01-14,2026-01-15,NORMAL,STRONG,-6.56,2,-0.88,0.76,2.91,-0.88,0.386,0,3
4568,2025-04-11,2025-04-14,NORMAL,STRONG,-5.59,5,0.74,1.47,3.01,-0.06,0.444,0,1
4568,2025-08-21,2025-08-22,WEAK,NORMAL,-7.18,4,1.0,-1.25,0.91,-1.49,0.008,0,1
4568,2025-09-10,2025-09-11,NORMAL,NORMAL,-3.37,2,-0.28,-0.62,0.62,-2.34,0.0,0,2
4568,2025-10-31,2025-11-04,NORMAL,NORMAL,-4.5,4,0.22,-8.35,0.52,-9.11,0.279,0,8
4568,2025-11-04,2025-11-05,NORMAL,WEAK,-8.15,7,2.02,-2.01,2.88,-2.79,0.079,0,9
4568,2025-12-18,2025-12-19,NORMAL,NORMAL,-3.5,4,0.63,-1.84,0.18,-2.26,0.0,0,1
4568,2026-01-30,2026-02-02,NORMAL,NORMAL,-3.24,8,3.42,-0.56,1.38,-2.51,0.507,0,1
456A,2026-02-20,2026-02-24,WEAK,NORMAL,-6.09,6,-1.33,-0.6,1.79,-1.64,0.136,0,1
456A,2026-02-26,2026-02-27,NORMAL,STRONG,-4.57,6,0.0,-0.15,1.7,-1.7,0.114,0,1
4570,2025-08-12,2025-08-13,STRONG,NORMAL,-3.15,4,-0.61,-0.41,1.23,-0.61,0.438,0,1
4570,2025-11-07,2025-11-10,NORMAL,STRONG,-4.72,2,1.33,-3.38,1.5,-4.7,0.409,0,2
4570,2025-12-05,2025-12-08,WEAK,NORMAL,-10.12,3,14.34,6.27,6.27,-2.51,0.225,0,4
4570,2025-12-17,2025-12-18,NORMAL,NORMAL,-10.42,4,-1.38,-3.3,2.81,-4.21,0.373,0,1
4570,2025-12-18,2025-12-19,NORMAL,NORMAL,-4.64,5,0.15,2.75,11.81,-1.52,0.13,1,2
4570,2025-12-30,2026-01-05,WEAK,NORMAL,-7.33,3,1.42,2.71,4.94,-2.08,0.085,0,1
4570,2026-01-21,2026-01-22,WEAK,STRONG,-3.38,2,-0.84,-2.09,1.11,-3.39,0.209,1,1
4570,2026-01-30,2026-02-02,NORMAL,NORMAL,-3.64,3,2.6,-5.08,0.0,-5.08,0.043,1,1
4570,2026-02-18,2026-02-19,STRONG,NORMAL,-9.58,3,-0.33,-0.6,2.41,-4.33,0.163,0,1
4571,2025-10-16,2025-10-17,NORMAL,WEAK,-12.61,3,-3.85,-8.0,1.0,-8.0,0.132,0,1
4572,2025-04-15,2025-04-16,NORMAL,NORMAL,-3.53,6,2.03,-0.8,6.37,-4.38,0.185,0,1
4572,2025-07-14,2025-07-15,NORMAL,NORMAL,-12.36,5,0.33,-2.61,0.33,-2.94,0.238,0,2
4572,2025-08-08,2025-08-12,NORMAL,STRONG,-26.14,9,-2.21,3.17,3.17,-2.26,0.0,0,3
4572,2025-12-22,2025-12-23,NORMAL,NORMAL,-5.01,3,-1.44,1.95,8.27,-2.19,0.211,0,1
4572,2026-01-14,2026-01-15,NORMAL,STRONG,-8.61,2,-1.05,2.91,5.29,-1.06,0.059,0,1
4572,2026-02-02,2026-02-03,NORMAL,STRONG,-14.67,7,2.81,0.34,1.37,-2.73,0.0,0,3
4574,2025-07-15,2025-07-16,NORMAL,NORMAL,-3.45,3,0.36,-1.42,0.36,-1.42,0.0,0,1
4575,2025-05-22,2025-05-23,NORMAL,NORMAL,-8.56,2,1.79,-1.84,8.43,-5.52,0.244,0,1
4575,2025-06-02,2025-06-03,WEAK,NORMAL,-3.18,3,0.72,-1.02,0.92,-2.44,0.358,1,8
4575,2025-06-05,2025-06-06,WEAK,NORMAL,-3.05,3,-1.36,-0.85,1.49,-1.49,0.125,0,1
4575,2025-06-23,2025-06-24,NORMAL,NORMAL,-4.35,4,1.62,-0.11,0.96,-0.53,0.341,0,1
4575,2025-08-25,2025-08-26,NORMAL,WEAK,-3.57,2,1.41,6.07,13.89,-2.12,0.207,1,1
4575,2025-09-22,2025-09-24,NORMAL,NORMAL,-5.26,2,0.65,-4.63,0.41,-4.87,0.114,0,1
4575,2025-09-24,2025-09-25,NORMAL,NORMAL,-4.0,3,0.43,0.93,3.22,-1.27,0.046,1,2
4575,2025-09-29,2025-09-30,WEAK,WEAK,-3.91,2,-0.62,-3.03,0.0,-8.11,0.129,0,2
4575,2025-10-17,2025-10-20,WEAK,STRONG,-3.85,5,1.5,2.56,3.16,-0.89,0.154,0,1
4575,2025-11-04,2025-11-05,NORMAL,WEAK,-8.02,7,0.12,3.48,3.48,0.0,0.196,0,1
4575,2025-12-03,2025-12-04,WEAK,NORMAL,-3.54,4,5.91,0.87,3.47,-0.99,0.479,0,3
4575,2025-12-26,2025-12-29,NORMAL,NORMAL,-3.32,3,0.51,4.42,5.69,-0.13,0.033,0,1
4575,2026-02-04,2026-02-05,NORMAL,NORMAL,-4.92,2,-0.99,-3.22,0.44,-4.11,0.581,0,1
4575,2026-03-26,2026-03-27,WEAK,NORMAL,-3.83,4,-0.96,3.46,3.46,0.0,0.225,1,1
4577,2025-05-29,2025-05-30,NORMAL,NORMAL,-50.45,8,-1.12,1.23,1.54,-0.31,0.647,0,1
4577,2025-06-05,2025-06-06,WEAK,NORMAL,-4.22,9,0.59,-0.68,0.39,-0.88,0.014,0,1
4578,2025-04-11,2025-04-14,NORMAL,STRONG,-6.6,6,1.13,0.04,2.63,-0.47,0.187,0,1
4578,2025-04-21,2025-04-22,NORMAL,NORMAL,-3.22,5,-1.0,1.34,1.44,-0.52,0.0,0,1
4578,2025-07-01,2025-07-02,WEAK,NORMAL,-4.49,3,0.13,0.99,1.61,-0.18,0.0,0,1
4578,2025-12-29,2025-12-30,NORMAL,WEAK,-3.14,2,0.16,-0.57,0.38,-0.63,0.0,0,1
4579,2025-06-06,2025-06-09,NORMAL,STRONG,-7.1,2,3.18,-0.77,0.93,-3.86,0.205,0,2
4579,2025-06-20,2025-06-23,WEAK,NORMAL,-3.41,2,-1.59,-0.9,1.08,-1.26,0.074,0,3
4579,2025-07-02,2025-07-03,NORMAL,NORMAL,-4.47,7,0.19,2.33,2.53,-0.19,0.105,0,2
4579,2025-08-15,2025-08-18,NORMAL,STRONG,-11.53,3,0.36,4.8,5.52,-1.07,0.14,0,1
4579,2025-09-03,2025-09-04,NORMAL,NORMAL,-4.51,2,0.0,2.18,2.18,0.0,0.061,0,2
4579,2025-10-07,2025-10-08,NORMAL,NORMAL,-5.18,2,-0.53,-1.42,0.71,-1.59,0.225,0,1
4579,2025-10-17,2025-10-20,WEAK,STRONG,-5.78,3,1.53,1.32,1.7,-1.32,0.057,0,2
4579,2025-11-05,2025-11-06,WEAK,NORMAL,-3.03,3,0.98,-1.55,0.97,-2.51,0.2,0,6
4579,2025-11-07,2025-11-10,NORMAL,STRONG,-3.93,5,2.25,1.4,2.4,-0.2,0.192,0,8
4579,2025-11-21,2025-11-25,STRONG,NORMAL,-9.72,3,11.54,-4.97,1.79,-7.17,0.115,0,1
4579,2025-12-04,2025-12-05,NORMAL,WEAK,-10.32,3,-4.68,-6.0,2.25,-8.83,0.218,1,1
4579,2025-12-09,2025-12-10,NORMAL,NORMAL,-8.96,2,-2.31,2.75,6.61,-4.72,0.285,0,1
4579,2025-12-23,2025-12-24,NORMAL,NORMAL,-11.32,3,0.54,4.8,7.36,0.0,0.016,0,2
4579,2026-01-05,2026-01-06,NORMAL,STRONG,-3.76,5,-1.23,4.27,8.85,-0.83,0.205,1,2
4579,2026-01-14,2026-01-15,NORMAL,STRONG,-10.32,3,-0.39,0.49,4.74,-1.58,0.021,0,1
4579,2026-03-06,2026-03-10,NORMAL,WEAK,-3.54,4,-2.34,3.42,4.1,-0.46,0.156,0,5
4584,2025-07-01,2025-07-02,WEAK,NORMAL,-10.04,4,-2.39,-8.57,0.41,-10.61,0.0,0,5
4584,2025-07-02,2025-07-03,NORMAL,NORMAL,-10.76,5,0.89,1.33,4.87,-3.98,0.185,0,6
4584,2025-07-18,2025-07-22,WEAK,WEAK,-7.77,3,1.15,8.71,8.71,0.0,0.0,1,1
4584,2025-08-15,2025-08-18,NORMAL,STRONG,-4.46,3,-1.87,-6.98,1.27,-8.89,0.222,0,1
4584,2025-08-18,2025-08-19,STRONG,NORMAL,-8.72,2,2.39,-5.33,0.67,-6.33,0.188,1,2
4584,2025-08-20,2025-08-21,NORMAL,WEAK,-13.03,4,9.31,-4.44,1.85,-4.81,0.0,0,4
4584,2025-08-25,2025-08-26,NORMAL,WEAK,-5.16,3,0.42,-0.42,1.25,-1.67,0.077,1,2
4584,2025-10-17,2025-10-20,WEAK,STRONG,-6.49,4,1.63,2.01,5.62,-1.2,0.12,0,1
4584,2025-11-25,2025-11-26,NORMAL,STRONG,-3.83,3,2.21,0.87,2.16,-3.03,0.0,0,1
4584,2025-12-03,2025-12-04,WEAK,NORMAL,-4.62,3,-0.88,0.44,2.67,-0.44,0.214,0,3
4584,2025-12-05,2025-12-08,WEAK,NORMAL,-3.98,5,0.0,1.38,1.84,-2.76,0.091,0,5
4584,2025-12-11,2025-12-12,WEAK,STRONG,-4.09,4,1.42,-2.34,1.4,-2.8,0.222,0,1
4584,2026-03-26,2026-03-27,WEAK,NORMAL,-5.06,3,-2.05,5.02,5.86,0.0,0.167,0,1
4587,2025-04-16,2025-04-17,NORMAL,STRONG,-4.41,4,-1.44,2.31,3.13,-0.2,0.262,0,2
4587,2025-05-14,2025-05-15,WEAK,WEAK,-7.48,6,0.06,3.65,4.26,-2.51,0.403,0,1
4587,2025-05-20,2025-05-21,NORMAL,NORMAL,-3.9,3,1.45,-1.8,0.06,-2.49,0.0,0,1
4587,2025-05-28,2025-05-29,NORMAL,NORMAL,-4.76,3,0.0,-0.12,1.06,-0.59,0.032,0,1
4587,2025-06-02,2025-06-03,WEAK,NORMAL,-3.19,3,-0.77,0.15,0.74,-1.31,0.259,0,1
4587,2025-08-07,2025-08-08,NORMAL,NORMAL,-3.82,2,-0.12,-0.93,0.31,-2.48,0.687,0,2
4587,2025-08-18,2025-08-19,STRONG,NORMAL,-6.08,6,1.01,2.59,4.92,-1.07,0.06,0,1
4587,2025-08-28,2025-08-29,NORMAL,NORMAL,-3.7,2,-0.79,-0.73,0.33,-0.73,0.009,0,1
4587,2025-09-04,2025-09-05,NORMAL,NORMAL,-3.8,4,1.15,2.63,2.67,-0.6,0.386,0,1
4587,2025-12-03,2025-12-04,WEAK,NORMAL,-12.53,5,2.77,3.19,5.79,-0.57,0.217,0,3
4587,2026-02-17,2026-02-18,NORMAL,STRONG,-10.58,8,1.25,-2.25,0.35,-2.78,0.004,0,1
4587,2026-03-26,2026-03-27,WEAK,NORMAL,-3.44,6,-1.39,5.42,5.59,0.0,0.429,0,1
4588,2025-07-02,2025-07-03,NORMAL,NORMAL,-3.41,3,-0.34,1.01,1.86,-0.68,0.393,0,2
4588,2025-09-10,2025-09-11,NORMAL,NORMAL,-3.42,4,-0.32,-1.94,0.32,-3.06,0.143,0,2
4588,2025-12-15,2025-12-16,NORMAL,WEAK,-11.4,5,-4.15,-7.88,2.22,-12.32,0.184,0,1
4588,2025-12-16,2025-12-17,WEAK,NORMAL,-11.7,8,1.2,-7.14,2.86,-7.14,0.305,0,2
4588,2025-12-17,2025-12-18,NORMAL,NORMAL,-6.02,6,0.0,4.62,10.0,-3.08,0.0,1,3
4588,2025-12-23,2025-12-24,NORMAL,NORMAL,-5.9,3,-0.58,3.97,6.07,-1.52,0.189,0,1
4588,2026-03-17,2026-03-18,NORMAL,STRONG,-18.24,5,1.47,5.06,5.45,-10.07,0.0,0,1
4588,2026-03-26,2026-03-27,WEAK,NORMAL,-8.64,4,-2.19,4.66,5.82,-0.27,0.061,1,1
4592,2025-06-17,2025-06-18,NORMAL,NORMAL,-8.23,2,-3.55,1.65,4.25,-1.68,0.009,0,5
4592,2025-06-19,2025-06-20,WEAK,WEAK,-9.53,4,3.82,0.74,5.29,-2.5,0.128,0,7
4592,2025-06-26,2025-06-27,NORMAL,NORMAL,-17.36,6,-10.5,1.41,5.82,-6.38,0.0,0,1
4592,2025-07-01,2025-07-02,WEAK,NORMAL,-3.2,6,-3.86,-3.03,1.78,-3.39,0.14,1,1
4592,2025-07-02,2025-07-03,NORMAL,NORMAL,-6.78,6,2.71,-3.22,1.97,-3.45,0.069,1,2
4592,2025-08-27,2025-08-28,NORMAL,NORMAL,-3.09,2,-0.95,1.0,1.57,-1.57,0.2,1,1
4592,2025-09-03,2025-09-04,NORMAL,NORMAL,-3.92,3,0.46,1.12,1.41,-1.74,0.173,0,1
4592,2025-09-11,2025-09-12,NORMAL,NORMAL,-3.32,3,1.57,-0.21,0.92,-1.79,0.039,0,4
4592,2025-10-17,2025-10-20,WEAK,STRONG,-10.33,4,-1.49,2.3,5.25,-4.64,0.12,0,2
4592,2025-10-23,2025-10-24,NORMAL,NORMAL,-5.55,2,-0.22,-2.62,1.56,-3.42,0.039,0,1
4592,2025-11-06,2025-11-07,NORMAL,NORMAL,-3.02,4,-7.02,-2.71,5.27,-3.3,0.021,1,2
4592,2025-11-07,2025-11-10,NORMAL,STRONG,-9.55,4,2.02,0.67,1.19,-2.5,0.069,0,3
4592,2025-11-21,2025-11-25,STRONG,NORMAL,-4.74,7,0.9,-2.62,4.0,-3.29,0.158,0,1
4592,2025-12-03,2025-12-04,WEAK,NORMAL,-11.05,10,2.43,2.69,9.69,0.0,0.041,0,4
4592,2025-12-11,2025-12-12,WEAK,STRONG,-12.94,6,-0.76,-2.49,1.12,-5.8,0.022,0,1
4592,2025-12-12,2025-12-15,STRONG,NORMAL,-3.23,5,-3.52,4.78,5.29,-1.13,0.479,1,2
4592,2025-12-18,2025-12-19,NORMAL,NORMAL,-5.4,6,2.23,0.19,2.25,-2.76,0.341,0,3
4592,2026-02-06,2026-02-09,NORMAL,STRONG,-3.49,2,1.24,0.0,0.75,-1.6,0.662,0,1
4592,2026-02-20,2026-02-24,WEAK,NORMAL,-5.52,2,-2.21,-1.72,0.54,-3.94,0.184,0,1
4592,2026-03-26,2026-03-27,WEAK,NORMAL,-4.72,4,-0.65,3.07,4.11,-1.48,0.139,0,1
4593,2025-10-17,2025-10-20,WEAK,STRONG,-3.33,5,0.22,5.38,5.38,0.0,0.158,1,1
4593,2025-11-11,2025-11-12,NORMAL,STRONG,-8.21,7,0.71,7.94,8.41,-0.47,0.18,0,5
4593,2025-12-03,2025-12-04,WEAK,NORMAL,-10.07,7,0.0,2.24,6.22,-0.5,0.388,0,4
4593,2025-12-10,2025-12-11,NORMAL,WEAK,-19.0,8,-2.35,-5.41,1.5,-8.71,0.0,0,1
4593,2025-12-11,2025-12-12,WEAK,STRONG,-7.62,10,0.95,-9.43,1.57,-19.81,0.324,0,2
4593,2025-12-12,2025-12-15,STRONG,NORMAL,-8.57,10,7.64,0.65,2.26,-5.48,0.485,0,3
4593,2025-12-17,2025-12-18,NORMAL,NORMAL,-7.32,6,-1.97,-5.03,0.34,-6.71,0.167,0,1
4593,2025-12-18,2025-12-19,NORMAL,NORMAL,-6.91,6,1.06,6.29,8.39,-0.35,0.238,0,2
4593,2025-12-29,2025-12-30,NORMAL,WEAK,-12.54,7,-0.37,1.11,5.54,-1.48,0.14,0,1
4593,2026-02-20,2026-02-24,WEAK,NORMAL,-6.53,2,0.84,0.0,5.54,-0.28,0.018,0,1
4593,2026-03-26,2026-03-27,WEAK,NORMAL,-7.56,3,-1.36,4.42,4.97,-0.55,0.027,0,1
4598,2025-10-17,2025-10-20,WEAK,STRONG,-3.37,4,1.23,-1.62,0.81,-2.03,0.2,0,2
4598,2025-10-24,2025-10-27,NORMAL,STRONG,-3.35,5,-1.52,0.66,1.76,-0.44,0.056,0,2
4598,2025-11-10,2025-11-11,STRONG,NORMAL,-4.23,4,2.94,-3.06,1.43,-4.9,0.238,0,1
4598,2025-12-11,2025-12-12,WEAK,STRONG,-7.89,2,-1.32,-8.85,3.51,-11.35,0.262,0,1
4598,2025-12-12,2025-12-15,STRONG,NORMAL,-10.05,3,2.56,0.54,1.61,-2.68,0.169,1,2
4598,2025-12-18,2025-12-19,NORMAL,NORMAL,-4.8,2,0.4,0.4,1.61,-1.2,0.1,1,1
4598,2026-01-14,2026-01-15,NORMAL,STRONG,-28.03,9,3.0,-2.55,1.45,-6.55,0.053,0,3
4598,2026-01-16,2026-01-19,NORMAL,NORMAL,-4.1,9,-2.72,0.4,1.2,-5.6,0.5,1,1
4598,2026-01-21,2026-01-22,WEAK,STRONG,-4.9,7,0.86,-0.85,1.7,-1.28,0.2,0,4
4598,2026-02-06,2026-02-09,NORMAL,STRONG,-3.52,5,0.46,-0.91,0.0,-2.27,0.143,0,2
4598,2026-03-26,2026-03-27,WEAK,NORMAL,-4.69,5,0.49,1.47,3.43,-0.98,0.115,0,1
4599,2025-12-03,2025-12-04,WEAK,NORMAL,-4.51,7,0.0,0.39,1.57,-0.39,0.071,0,3
4599,2025-12-15,2025-12-16,NORMAL,WEAK,-4.23,6,-0.4,2.02,2.02,0.0,0.167,0,2
4599,2025-12-22,2025-12-23,NORMAL,NORMAL,-3.08,2,0.0,5.95,5.95,0.0,0.0,0,1
460A,2026-01-14,2026-01-15,NORMAL,STRONG,-4.93,2,0.0,3.56,3.66,0.0,0.115,0,1
460A,2026-02-04,2026-02-05,NORMAL,NORMAL,-6.45,5,-1.08,3.05,4.68,-0.65,0.0,0,1
4617,2026-02-04,2026-02-05,NORMAL,NORMAL,-12.1,8,0.0,-0.13,1.93,-1.54,0.297,0,1
4617,2026-03-06,2026-03-10,NORMAL,WEAK,-6.08,2,-3.68,0.53,1.58,-0.92,0.333,0,3
4617,2026-03-10,2026-03-11,WEAK,NORMAL,-3.17,4,1.83,0.77,1.93,-0.39,0.368,0,4
4620,2025-11-13,2025-11-14,NORMAL,NORMAL,-3.89,4,-0.32,-0.65,0.16,-3.58,0.281,0,1
4620,2026-01-29,2026-01-30,NORMAL,NORMAL,-4.17,3,0.14,0.95,2.17,0.0,0.072,0,1
4626,2025-11-27,2025-11-28,NORMAL,NORMAL,-48.3,6,-0.17,-2.12,0.36,-2.25,0.431,0,1
4626,2025-12-19,2025-12-22,NORMAL,NORMAL,-6.02,7,0.38,-0.34,2.6,-2.23,0.235,0,2
4626,2026-02-25,2026-02-26,NORMAL,NORMAL,-10.96,3,-0.46,-2.22,0.39,-2.83,0.079,0,1
462A,2026-01-16,2026-01-19,NORMAL,NORMAL,-4.36,2,0.0,-0.31,0.0,-2.59,0.12,0,5
462A,2026-01-21,2026-01-22,WEAK,STRONG,-8.75,7,0.54,3.11,7.61,-2.47,0.196,0,1
462A,2026-03-16,2026-03-17,NORMAL,NORMAL,-7.1,8,-1.37,1.73,6.36,0.0,0.0,0,3
4631,2026-03-10,2026-03-11,WEAK,NORMAL,-5.05,2,2.81,-1.59,0.71,-1.73,0.444,0,3
4633,2026-02-13,2026-02-16,WEAK,NORMAL,-4.44,2,0.6,2.51,2.51,-0.6,0.192,0,1
4633,2026-03-10,2026-03-11,WEAK,NORMAL,-3.03,2,1.22,-3.24,0.6,-3.24,0.2,1,3
4635,2025-12-29,2025-12-30,NORMAL,WEAK,-80.13,10,-0.74,-2.97,0.0,-3.52,0.64,0,1
4635,2025-12-30,2026-01-05,WEAK,NORMAL,-3.69,10,0.63,-0.62,0.28,-1.45,0.154,0,2
463A,2026-01-14,2026-01-15,NORMAL,STRONG,-4.84,3,0.21,1.35,1.45,0.0,0.131,0,1
4641,2026-02-13,2026-02-16,WEAK,NORMAL,-3.12,4,0.42,1.3,1.49,-0.11,0.188,0,2
4642,2025-11-05,2025-11-06,WEAK,NORMAL,-11.29,5,-0.98,-1.3,1.12,-2.73,0.02,0,1
4651,2025-11-05,2025-11-06,WEAK,NORMAL,-6.05,5,0.99,1.47,2.45,-0.98,0.077,0,2
4651,2025-11-13,2025-11-14,NORMAL,NORMAL,-5.56,5,0.0,-1.96,0.49,-1.96,0.0,0,1
4651,2026-02-17,2026-02-18,NORMAL,STRONG,-6.7,5,0.48,0.0,1.9,0.0,0.0,0,3
4658,2025-11-04,2025-11-05,NORMAL,WEAK,-5.79,3,-2.26,-0.17,0.5,-2.56,0.123,0,1
4658,2025-12-08,2025-12-09,NORMAL,NORMAL,-3.77,5,0.0,-0.51,1.79,-0.51,0.353,0,2
4661,2025-10-08,2025-10-09,NORMAL,NORMAL,-3.72,2,0.0,2.41,2.41,-0.06,0.0,0,2
4661,2025-10-31,2025-11-04,NORMAL,NORMAL,-9.96,9,1.54,-1.17,0.03,-2.08,0.095,0,1
4662,2025-12-10,2025-12-11,NORMAL,WEAK,-5.18,3,-0.3,0.86,4.37,-2.28,0.422,0,2
4662,2026-02-04,2026-02-05,NORMAL,NORMAL,-3.09,2,0.0,2.18,2.4,-0.56,0.0,0,1
4662,2026-02-06,2026-02-09,NORMAL,STRONG,-3.83,2,1.59,-1.12,0.34,-1.34,0.255,0,1
4662,2026-02-13,2026-02-16,WEAK,NORMAL,-6.81,5,-1.67,3.8,4.27,-0.35,0.014,0,1
4664,2025-11-20,2025-11-21,STRONG,STRONG,-15.45,3,-1.99,-0.54,7.7,-2.84,0.042,0,2
4664,2025-12-08,2025-12-09,NORMAL,NORMAL,-23.41,3,0.6,5.03,14.42,-8.28,0.018,0,1
4664,2025-12-30,2026-01-05,WEAK,NORMAL,-7.73,2,2.0,-4.37,2.71,-5.27,0.079,0,1
4664,2026-01-13,2026-01-14,NORMAL,NORMAL,-16.27,3,0.09,-2.75,1.37,-5.13,0.133,0,2
4664,2026-01-21,2026-01-22,WEAK,STRONG,-4.23,5,1.98,-1.01,1.94,-3.32,0.652,0,1
4664,2026-02-13,2026-02-16,WEAK,NORMAL,-6.11,5,-0.32,2.57,6.64,-0.64,0.0,0,2
4666,2026-03-10,2026-03-11,WEAK,NORMAL,-4.76,5,0.18,0.49,1.97,-0.1,0.216,0,1
466A,2026-02-05,2026-02-06,NORMAL,NORMAL,-5.16,2,-1.48,0.59,0.59,-3.77,0.3,0,1
466A,2026-02-12,2026-02-13,NORMAL,WEAK,-3.91,3,-2.16,0.09,0.62,-0.44,0.6,0,1
4673,2026-01-14,2026-01-15,NORMAL,STRONG,-13.49,5,0.47,5.6,8.05,0.0,0.029,0,1
4674,2026-02-04,2026-02-05,NORMAL,NORMAL,-4.38,6,0.06,-0.25,0.56,-1.18,0.071,0,1
4674,2026-02-06,2026-02-09,NORMAL,STRONG,-3.35,7,2.25,1.19,1.82,-3.33,0.355,0,3
4674,2026-02-13,2026-02-16,WEAK,NORMAL,-4.28,3,0.0,-1.64,0.0,-2.39,0.081,1,1
4676,2025-11-07,2025-11-10,NORMAL,STRONG,-3.15,2,2.07,3.12,3.12,-0.43,0.0,0,1
4676,2025-11-11,2025-11-12,NORMAL,STRONG,-5.02,2,-0.32,1.13,1.13,-0.86,0.104,0,1
4676,2026-02-05,2026-02-06,NORMAL,NORMAL,-5.47,6,-3.36,-1.17,1.03,-2.88,0.299,0,2
4676,2026-02-06,2026-02-09,NORMAL,STRONG,-4.49,6,1.56,3.07,3.07,-0.6,0.438,1,3
4676,2026-02-18,2026-02-19,STRONG,NORMAL,-3.22,3,0.2,-1.66,0.23,-2.89,0.0,0,2
4680,2025-10-07,2025-10-08,NORMAL,NORMAL,-3.54,3,0.48,1.75,1.75,-0.32,0.14,0,1
4680,2025-11-06,2025-11-07,NORMAL,NORMAL,-4.08,3,2.22,-4.72,0.69,-9.62,0.071,0,1
4680,2025-11-13,2025-11-14,NORMAL,NORMAL,-3.9,5,-1.5,3.87,4.23,-0.13,0.0,1,1
4680,2025-12-01,2025-12-02,WEAK,WEAK,-3.3,3,-0.05,-1.77,0.2,-2.43,0.1,0,1
4680,2026-01-21,2026-01-22,WEAK,STRONG,-3.63,2,0.73,-0.27,0.63,-0.77,0.057,0,1
4680,2026-02-10,2026-02-12,STRONG,NORMAL,-3.46,6,-0.85,1.1,2.05,-2.33,0.287,0,3
4680,2026-02-13,2026-02-16,WEAK,NORMAL,-6.92,7,0.7,-0.97,1.22,-1.38,0.0,0,1
4680,2026-02-20,2026-02-24,WEAK,NORMAL,-3.77,3,-1.45,1.06,2.93,-0.39,0.143,0,1
4680,2026-03-10,2026-03-11,WEAK,NORMAL,-5.03,3,-0.67,-3.07,0.01,-3.7,0.181,0,1
4684,2026-02-04,2026-02-05,NORMAL,NORMAL,-9.99,10,0.0,3.76,5.7,-0.03,0.0,0,6
4684,2026-02-12,2026-02-13,NORMAL,WEAK,-5.02,5,1.64,-1.54,0.31,-2.79,0.007,0,1
4685,2025-10-07,2025-10-08,NORMAL,NORMAL,-4.74,10,0.0,4.55,5.26,-0.14,0.149,0,1
4685,2025-11-04,2025-11-05,NORMAL,WEAK,-7.06,2,-1.05,-3.84,1.32,-6.08,0.365,0,1
4685,2026-02-04,2026-02-05,NORMAL,NORMAL,-6.0,5,-0.57,0.14,1.43,-1.57,0.116,0,2
4685,2026-02-24,2026-02-25,NORMAL,NORMAL,-3.58,2,0.0,-0.43,0.86,-1.29,0.259,0,2
4686,2026-02-04,2026-02-05,NORMAL,NORMAL,-6.13,9,1.01,0.11,1.11,-1.0,0.353,0,1
4686,2026-02-06,2026-02-09,NORMAL,STRONG,-4.12,6,1.16,-3.33,0.8,-7.23,0.0,1,1
4686,2026-02-13,2026-02-16,WEAK,NORMAL,-5.72,7,1.01,-0.13,0.25,-1.38,0.061,0,2
4686,2026-02-24,2026-02-25,NORMAL,NORMAL,-4.38,7,1.31,-0.9,0.9,-1.16,0.152,0,1
4687,2025-11-07,2025-11-10,NORMAL,STRONG,-3.33,4,0.97,-1.41,0.52,-3.56,0.511,0,1
4687,2026-01-20,2026-01-21,WEAK,WEAK,-3.29,2,-0.85,0.62,0.86,-0.93,0.0,0,2
4687,2026-02-04,2026-02-05,NORMAL,NORMAL,-5.22,8,-0.34,0.69,2.07,-0.35,0.0,0,2
4687,2026-02-06,2026-02-09,NORMAL,STRONG,-3.95,7,1.52,-2.9,0.09,-3.61,0.195,1,1
4687,2026-02-13,2026-02-16,WEAK,NORMAL,-3.62,7,-0.56,0.95,1.04,-0.57,0.25,1,2
4689,2025-11-05,2025-11-06,WEAK,NORMAL,-3.67,6,-1.45,0.05,0.9,-1.26,0.14,0,2
4689,2026-02-04,2026-02-05,NORMAL,NORMAL,-3.59,6,6.35,1.37,2.14,-2.78,0.0,0,3
4689,2026-02-12,2026-02-13,NORMAL,WEAK,-5.52,3,0.81,-3.17,0.67,-3.4,0.0,0,2
4691,2025-11-19,2025-11-20,NORMAL,STRONG,-3.96,6,1.5,0.3,1.48,-0.74,0.035,1,4
4691,2026-01-13,2026-01-14,NORMAL,NORMAL,-3.45,3,0.21,-2.28,0.64,-2.49,0.019,0,1
4704,2025-12-05,2025-12-08,WEAK,NORMAL,-8.92,5,-0.77,-0.01,1.05,-0.76,0.128,0,1
4704,2025-12-09,2025-12-10,NORMAL,NORMAL,-4.09,6,0.44,-1.97,0.36,-3.2,0.04,0,3
4704,2025-12-29,2025-12-30,NORMAL,WEAK,-3.56,3,0.9,-1.25,0.06,-1.79,0.099,0,2
4704,2026-02-04,2026-02-05,NORMAL,NORMAL,-7.44,8,1.08,0.05,1.45,-0.58,0.142,0,1
4704,2026-02-13,2026-02-16,WEAK,NORMAL,-5.61,6,2.75,1.96,2.32,-0.75,0.0,0,2
4704,2026-02-24,2026-02-25,NORMAL,NORMAL,-13.75,9,2.43,0.06,2.25,-0.86,0.237,0,2
4709,2025-10-31,2025-11-04,NORMAL,NORMAL,-6.08,6,-0.59,-2.83,0.0,-3.33,0.248,0,4
4709,2025-11-04,2025-11-05,NORMAL,WEAK,-3.41,7,1.02,-0.81,0.71,-3.59,0.149,0,5
4709,2025-11-19,2025-11-20,NORMAL,STRONG,-3.42,5,0.77,0.71,1.48,-0.05,0.095,0,2
4716,2025-12-24,2025-12-25,NORMAL,NORMAL,-3.36,3,0.82,-0.56,0.26,-1.0,0.139,0,1
4716,2026-01-05,2026-01-06,NORMAL,STRONG,-3.9,6,0.99,-1.33,0.35,-2.38,0.146,0,3
4716,2026-01-16,2026-01-19,NORMAL,NORMAL,-5.83,8,1.93,-0.04,2.15,-0.93,0.0,0,5
4716,2026-01-20,2026-01-21,WEAK,WEAK,-3.46,6,-0.48,-2.24,0.09,-3.42,0.0,1,1
4716,2026-02-04,2026-02-05,NORMAL,NORMAL,-7.35,9,0.92,0.94,1.6,-0.47,0.146,0,8
4716,2026-02-06,2026-02-09,NORMAL,STRONG,-4.47,7,1.96,0.85,1.59,-0.77,0.0,1,1
4716,2026-02-12,2026-02-13,NORMAL,WEAK,-5.61,5,-0.33,-3.26,0.43,-4.38,0.083,0,1
4716,2026-02-13,2026-02-16,WEAK,NORMAL,-3.58,5,1.4,1.49,1.83,-0.98,0.234,0,2
4716,2026-02-24,2026-02-25,NORMAL,NORMAL,-6.59,4,3.04,0.63,1.51,-0.46,0.061,0,2
4716,2026-03-25,2026-03-26,STRONG,WEAK,-4.37,4,0.61,-3.41,0.68,-3.73,0.0,0,1
4718,2026-02-05,2026-02-06,NORMAL,NORMAL,-3.99,9,1.52,-0.3,0.2,-1.5,0.385,0,4
4720,2025-11-13,2025-11-14,NORMAL,NORMAL,-6.48,3,-5.84,0.39,4.26,-0.39,0.593,0,1
4722,2026-02-04,2026-02-05,NORMAL,NORMAL,-4.6,7,1.39,0.49,1.31,-0.98,0.013,0,1
4722,2026-02-13,2026-02-16,WEAK,NORMAL,-3.79,4,0.63,0.68,1.14,-0.85,0.0,1,2
472A,2026-01-29,2026-01-30,NORMAL,NORMAL,-3.8,5,0.16,1.26,2.21,0.0,0.5,0,1
472A,2026-02-16,2026-02-17,NORMAL,NORMAL,-19.12,8,0.0,-8.11,0.0,-9.17,0.075,0,2
472A,2026-02-17,2026-02-18,NORMAL,STRONG,-8.11,8,3.84,1.66,4.81,-0.37,0.115,0,3
472A,2026-02-19,2026-02-20,NORMAL,WEAK,-5.27,5,0.38,-0.19,0.76,-2.87,0.3,1,1
472A,2026-02-24,2026-02-25,NORMAL,NORMAL,-5.75,5,-0.2,-2.24,0.0,-2.44,0.097,0,1
4732,2026-03-10,2026-03-11,WEAK,NORMAL,-3.64,2,0.76,-1.03,0.5,-1.08,0.0,0,1
4733,2026-01-29,2026-01-30,NORMAL,NORMAL,-4.29,6,-1.78,-4.38,0.68,-5.14,0.306,0,1
4733,2026-01-30,2026-02-02,NORMAL,NORMAL,-6.08,10,-0.87,-1.71,0.28,-2.34,0.132,0,2
4733,2026-02-03,2026-02-04,STRONG,NORMAL,-3.98,10,-7.79,-1.49,2.65,-4.43,0.174,0,4
4733,2026-02-04,2026-02-05,NORMAL,NORMAL,-9.16,10,1.56,3.82,5.98,-1.08,0.415,0,5
4733,2026-02-12,2026-02-13,NORMAL,WEAK,-4.82,6,-0.84,-2.04,0.66,-2.36,0.26,0,1
4733,2026-02-17,2026-02-18,NORMAL,STRONG,-3.54,6,0.05,1.86,2.12,-0.58,0.203,0,1
4733,2026-02-24,2026-02-25,NORMAL,NORMAL,-3.61,5,1.78,1.08,1.38,-0.51,0.307,0,1
4746,2025-11-05,2025-11-06,WEAK,NORMAL,-3.0,4,0.52,2.56,3.33,-0.38,0.5,0,1
4750,2025-10-17,2025-10-20,WEAK,STRONG,-5.02,5,0.0,0.0,0.68,-0.17,0.312,0,1
4750,2025-12-03,2025-12-04,WEAK,NORMAL,-5.66,3,-0.69,1.55,1.55,-0.35,0.045,0,2
4750,2026-02-24,2026-02-25,NORMAL,NORMAL,-4.73,4,0.0,0.34,0.86,-0.34,0.244,0,1
4751,2025-12-11,2025-12-12,WEAK,STRONG,-3.54,3,0.12,1.09,1.52,-0.12,0.14,0,2
4751,2026-02-04,2026-02-05,NORMAL,NORMAL,-8.03,6,1.03,0.16,1.45,-0.59,0.0,0,3
4751,2026-02-12,2026-02-13,NORMAL,WEAK,-5.72,2,-0.33,-2.34,0.89,-2.93,0.0,1,1
4755,2025-11-14,2025-11-17,NORMAL,NORMAL,-9.43,4,0.01,0.22,1.33,-2.08,0.0,0,1
4755,2026-01-21,2026-01-22,WEAK,STRONG,-3.75,3,0.19,-0.56,0.91,-0.59,0.0,0,1
4755,2026-02-13,2026-02-16,WEAK,NORMAL,-10.55,6,0.9,-1.73,0.0,-2.48,0.002,0,2
475A,2026-02-16,2026-02-17,NORMAL,NORMAL,-9.19,6,0.2,-0.1,1.9,-2.5,0.203,0,2
4766,2026-02-17,2026-02-18,NORMAL,STRONG,-11.27,6,0.0,-0.79,0.4,-0.79,0.0,0,2
4768,2026-02-04,2026-02-05,NORMAL,NORMAL,-5.87,6,0.39,1.82,3.37,-0.29,0.127,0,1
476A,2026-02-17,2026-02-18,NORMAL,STRONG,-13.5,10,-0.69,-1.51,1.16,-1.86,0.375,0,4
4771,2025-10-24,2025-10-27,NORMAL,STRONG,-4.17,3,1.72,-2.1,4.1,-3.22,0.366,0,1
4771,2025-10-31,2025-11-04,NORMAL,NORMAL,-5.73,4,0.41,-5.3,0.04,-7.36,0.198,0,1
4771,2025-11-04,2025-11-05,NORMAL,WEAK,-4.91,2,0.0,-0.95,0.87,-1.38,0.278,0,2
4771,2026-02-05,2026-02-06,NORMAL,NORMAL,-4.36,3,0.61,-1.87,0.0,-2.83,0.0,0,3
4776,2025-12-11,2025-12-12,WEAK,STRONG,-3.03,3,0.04,0.46,0.88,-0.6,0.319,0,3
4776,2025-12-16,2025-12-17,WEAK,NORMAL,-3.36,4,0.43,0.18,0.61,-1.5,0.024,0,1
4776,2025-12-22,2025-12-23,NORMAL,NORMAL,-3.17,3,0.42,1.53,1.63,-0.35,0.087,0,1
4776,2026-01-05,2026-01-06,NORMAL,STRONG,-3.2,3,0.73,-0.4,0.07,-1.28,0.238,0,5
4776,2026-01-16,2026-01-19,NORMAL,NORMAL,-3.56,6,-0.08,-0.46,0.54,-1.08,0.047,0,1
4776,2026-02-04,2026-02-05,NORMAL,NORMAL,-7.57,10,1.08,1.67,3.52,-0.97,0.184,0,8
4776,2026-02-06,2026-02-09,NORMAL,STRONG,-3.82,7,1.28,-0.47,0.79,-1.26,0.507,1,1
4776,2026-02-13,2026-02-16,WEAK,NORMAL,-4.25,7,2.36,1.89,2.31,-0.69,0.536,0,2
4776,2026-02-24,2026-02-25,NORMAL,NORMAL,-5.45,4,2.44,0.48,1.34,-1.0,0.297,0,3
4777,2025-12-03,2025-12-04,WEAK,NORMAL,-4.39,3,0.92,-0.91,1.82,-0.91,0.125,0,1
477A,2026-02-02,2026-02-03,NORMAL,STRONG,-3.3,3,0.43,1.84,8.36,-0.28,0.048,0,7
477A,2026-03-17,2026-03-18,NORMAL,STRONG,-4.19,2,2.5,0.91,1.22,-1.22,0.0,0,4
477A,2026-03-26,2026-03-27,WEAK,NORMAL,-7.4,8,-0.18,-2.85,0.0,-5.52,0.266,0,1
4783,2025-11-10,2025-11-11,STRONG,NORMAL,-6.96,6,0.0,1.21,2.96,-0.47,0.075,0,2
4783,2025-11-14,2025-11-17,NORMAL,NORMAL,-3.31,3,0.8,0.24,1.14,-0.99,0.065,1,2
4784,2025-10-17,2025-10-20,WEAK,STRONG,-4.39,4,2.3,0.39,6.54,-0.39,0.022,0,2
4784,2025-10-30,2025-10-31,NORMAL,NORMAL,-6.09,5,-1.23,-1.35,1.04,-2.4,0.0,0,2
4784,2025-11-04,2025-11-05,NORMAL,WEAK,-9.5,7,-1.52,-0.36,0.83,-2.73,0.012,0,4
4784,2025-11-06,2025-11-07,NORMAL,NORMAL,-3.09,7,-1.23,-0.5,0.87,-2.48,0.243,1,6
4784,2025-11-14,2025-11-17,NORMAL,NORMAL,-4.81,6,0.24,-1.68,3.6,-3.96,0.011,0,2
4784,2025-11-25,2025-11-26,NORMAL,STRONG,-3.27,5,0.14,0.81,1.75,-1.21,0.038,0,1
4784,2025-12-03,2025-12-04,WEAK,NORMAL,-4.51,7,1.03,-0.44,0.44,-1.46,0.0,0,4
4784,2025-12-11,2025-12-12,WEAK,STRONG,-3.7,5,0.15,-1.99,1.38,-2.15,0.071,0,1
4784,2025-12-16,2025-12-17,WEAK,NORMAL,-5.26,5,-0.16,1.11,1.59,-2.07,0.0,0,1
4784,2026-01-21,2026-01-22,WEAK,STRONG,-6.06,3,-1.17,-2.97,2.02,-3.68,0.213,0,1
4784,2026-01-22,2026-01-23,STRONG,NORMAL,-4.1,3,-0.24,-0.37,2.21,-1.1,0.125,1,2
4784,2026-01-29,2026-01-30,NORMAL,NORMAL,-3.05,4,-1.44,-3.59,0.53,-3.59,0.421,0,3
4784,2026-01-30,2026-02-02,NORMAL,NORMAL,-4.98,6,2.07,0.0,4.32,-0.68,0.0,0,4
4784,2026-02-13,2026-02-16,WEAK,NORMAL,-9.97,3,-1.12,-2.39,0.25,-3.65,0.304,0,1
4784,2026-02-20,2026-02-24,WEAK,NORMAL,-3.85,2,-0.55,-6.25,0.0,-6.39,0.0,0,2
4784,2026-02-24,2026-02-25,NORMAL,NORMAL,-6.77,3,1.48,2.63,5.4,-0.15,0.022,0,3
4784,2026-03-10,2026-03-11,WEAK,NORMAL,-3.52,2,1.35,-0.27,3.6,-0.67,0.091,1,1
4784,2026-03-26,2026-03-27,WEAK,NORMAL,-3.04,3,-0.6,3.76,5.71,0.0,0.192,0,1
478A,2026-02-04,2026-02-05,NORMAL,NORMAL,-4.39,5,-0.3,3.31,3.71,-0.8,0.218,0,2
478A,2026-02-13,2026-02-16,WEAK,NORMAL,-25.84,9,-4.07,1.33,5.21,-1.57,0.0,0,1
478A,2026-02-17,2026-02-18,NORMAL,STRONG,-4.3,6,-0.12,0.62,3.5,-4.75,0.059,1,3
478A,2026-02-20,2026-02-24,WEAK,NORMAL,-3.7,6,-1.19,-5.77,0.94,-7.38,0.257,0,2
478A,2026-02-24,2026-02-25,NORMAL,NORMAL,-6.9,6,-0.28,-1.43,1.43,-3.0,0.194,0,3
478A,2026-03-24,2026-03-25,STRONG,STRONG,-9.32,5,-2.0,-2.18,1.5,-2.45,0.156,0,3
478A,2026-03-25,2026-03-26,STRONG,WEAK,-4.14,3,-2.09,-0.85,2.13,-5.55,0.069,0,4
479A,2026-02-04,2026-02-05,NORMAL,NORMAL,-8.08,8,0.5,0.69,2.56,0.0,0.244,0,3
479A,2026-02-13,2026-02-16,WEAK,NORMAL,-10.41,8,5.68,-3.12,0.0,-11.69,0.12,0,1
479A,2026-02-24,2026-02-25,NORMAL,NORMAL,-6.86,5,0.0,-0.07,1.81,-1.88,0.156,0,1
479A,2026-03-25,2026-03-26,STRONG,WEAK,-4.03,3,-0.45,-0.75,1.43,-2.56,0.065,0,1
480A,2026-02-04,2026-02-05,NORMAL,NORMAL,-4.14,9,-0.9,1.22,2.64,0.0,0.03,0,1
480A,2026-02-13,2026-02-16,WEAK,NORMAL,-10.13,7,2.5,-0.49,0.88,-3.6,0.081,0,1
4811,2026-02-16,2026-02-17,NORMAL,NORMAL,-9.15,10,8.05,-3.23,5.59,-4.72,0.245,0,3
4812,2025-12-29,2025-12-30,NORMAL,WEAK,-64.31,10,-1.82,1.75,2.23,-3.27,0.134,0,1
4812,2026-01-14,2026-01-15,NORMAL,STRONG,-7.23,10,-0.08,1.67,2.03,-0.84,0.129,0,3
4812,2026-02-04,2026-02-05,NORMAL,NORMAL,-9.79,9,0.97,0.69,2.93,-1.1,0.057,0,3
4812,2026-02-06,2026-02-09,NORMAL,STRONG,-4.41,7,0.29,1.23,1.37,-1.18,0.177,1,1
4812,2026-02-12,2026-02-13,NORMAL,WEAK,-6.57,8,-9.86,-1.19,4.76,-2.0,0.068,0,1
4812,2026-02-13,2026-02-16,WEAK,NORMAL,-10.93,10,-1.37,2.67,3.83,-1.83,0.12,0,2
4812,2026-02-17,2026-02-18,NORMAL,STRONG,-3.52,7,-0.9,4.24,4.7,-0.28,0.264,0,1
4813,2025-10-17,2025-10-20,WEAK,STRONG,-3.22,2,0.88,1.74,2.78,0.0,0.188,0,1
4813,2025-12-01,2025-12-02,WEAK,WEAK,-3.45,3,0.0,-3.38,0.94,-3.76,0.043,0,1
4813,2025-12-02,2025-12-03,WEAK,WEAK,-3.38,3,0.19,0.78,1.94,-0.19,0.08,0,2
4813,2025-12-22,2025-12-23,NORMAL,NORMAL,-4.83,2,0.61,3.63,3.63,0.0,0.143,0,1
4813,2026-02-12,2026-02-13,NORMAL,WEAK,-5.63,2,-1.57,-0.48,1.75,-1.75,0.129,0,1
4813,2026-03-26,2026-03-27,WEAK,NORMAL,-4.57,3,0.18,4.25,5.49,0.0,0.148,0,1
4814,2026-01-09,2026-01-13,NORMAL,NORMAL,-5.35,2,3.48,-5.88,0.42,-5.88,0.098,0,1
4814,2026-01-30,2026-02-02,NORMAL,NORMAL,-3.98,2,-3.32,-5.58,3.0,-5.58,0.029,0,1
4814,2026-02-03,2026-02-04,STRONG,NORMAL,-7.73,2,-1.48,-3.0,0.5,-4.0,0.077,0,3
4816,2025-10-31,2025-11-04,NORMAL,NORMAL,-5.14,3,0.07,-3.93,0.76,-3.93,0.08,0,1
4816,2025-11-04,2025-11-05,NORMAL,WEAK,-3.86,5,-0.18,0.9,1.51,-1.08,0.0,0,2
4816,2025-12-02,2025-12-03,WEAK,WEAK,-5.91,4,0.0,-3.14,0.11,-4.77,0.031,0,3
4816,2025-12-03,2025-12-04,WEAK,NORMAL,-3.14,4,0.51,2.02,2.14,-0.19,0.333,0,4
4816,2026-02-13,2026-02-16,WEAK,NORMAL,-8.71,8,-3.94,3.18,4.42,-0.09,0.0,0,5
4819,2025-11-28,2025-12-01,NORMAL,WEAK,-4.42,3,1.16,-2.52,0.98,-2.88,0.133,0,2
4819,2025-12-11,2025-12-12,WEAK,STRONG,-3.89,3,-1.06,1.17,2.13,0.0,0.0,0,1
4819,2026-01-21,2026-01-22,WEAK,STRONG,-3.26,4,-0.27,-0.35,0.31,-0.94,0.31,0,1
4819,2026-02-04,2026-02-05,NORMAL,NORMAL,-5.27,5,1.28,-0.21,1.18,-1.48,0.077,0,1
4819,2026-02-06,2026-02-09,NORMAL,STRONG,-3.13,5,2.18,-2.09,0.17,-2.39,0.197,0,1
4819,2026-02-13,2026-02-16,WEAK,NORMAL,-11.36,10,1.03,0.41,1.73,-1.93,0.024,0,2
4819,2026-02-19,2026-02-20,NORMAL,WEAK,-3.57,4,-0.1,-1.83,0.1,-3.56,0.147,0,1
4819,2026-02-24,2026-02-25,NORMAL,NORMAL,-7.39,7,5.18,-1.46,0.3,-2.11,0.056,0,3
4820,2026-02-16,2026-02-17,NORMAL,NORMAL,-3.29,6,-0.28,0.43,1.56,-0.28,0.222,0,3
4825,2026-02-26,2026-02-27,NORMAL,STRONG,-49.32,9,0.0,-0.6,0.0,-1.72,0.414,0,1
4826,2025-12-08,2025-12-09,NORMAL,NORMAL,-3.6,3,-0.37,-1.5,1.5,-2.25,0.361,0,1
4826,2025-12-11,2025-12-12,WEAK,STRONG,-7.71,3,0.57,-1.51,2.08,-2.45,0.048,0,1
4826,2026-02-04,2026-02-05,NORMAL,NORMAL,-3.68,5,-0.4,1.82,3.03,-0.61,0.062,0,1
4828,2025-12-29,2025-12-30,NORMAL,WEAK,-78.77,10,-2.28,-0.76,1.11,-2.39,0.0,0,1
4828,2025-12-30,2026-01-05,WEAK,NORMAL,-3.01,10,-0.88,-1.12,0.18,-5.74,0.467,0,2
4828,2026-02-04,2026-02-05,NORMAL,NORMAL,-7.56,10,0.0,1.07,1.38,-3.21,0.125,0,1
4828,2026-02-13,2026-02-16,WEAK,NORMAL,-6.09,5,0.3,2.56,2.63,-1.28,0.0,0,1
4828,2026-02-24,2026-02-25,NORMAL,NORMAL,-6.97,2,1.76,1.13,2.1,-0.3,0.55,0,2
4832,2025-10-30,2025-10-31,NORMAL,NORMAL,-11.49,7,0.21,-2.64,1.35,-3.27,0.485,0,1
4832,2026-01-29,2026-01-30,NORMAL,NORMAL,-4.97,7,0.0,3.99,4.22,0.0,0.333,0,2
4838,2025-11-13,2025-11-14,NORMAL,NORMAL,-8.39,7,0.12,-3.61,0.96,-4.21,0.237,0,1
4838,2025-11-14,2025-11-17,NORMAL,NORMAL,-3.49,8,-1.87,-1.02,0.38,-3.56,0.116,0,2
4839,2025-11-05,2025-11-06,WEAK,NORMAL,-8.7,4,-0.21,-0.21,1.67,-0.7,0.054,0,1
4839,2025-12-04,2025-12-05,NORMAL,WEAK,-3.94,6,-0.67,-0.75,0.08,-1.73,0.432,0,8
4847,2025-11-06,2025-11-07,NORMAL,NORMAL,-7.02,6,-0.72,0.94,0.94,-0.83,0.483,0,2
4848,2026-02-16,2026-02-17,NORMAL,NORMAL,-4.69,5,0.25,0.37,1.23,-0.55,0.047,0,3
4849,2025-10-16,2025-10-17,NORMAL,WEAK,-3.29,3,0.39,0.2,0.91,-0.33,0.0,0,1
4849,2025-11-14,2025-11-17,NORMAL,NORMAL,-10.7,8,0.15,-2.04,0.29,-3.94,0.074,0,1
4849,2026-01-21,2026-01-22,WEAK,STRONG,-3.64,2,0.81,1.34,2.21,-0.13,0.179,0,1
4849,2026-02-13,2026-02-16,WEAK,NORMAL,-13.06,10,0.48,-0.32,0.72,-5.63,0.057,0,2
4849,2026-02-20,2026-02-24,WEAK,NORMAL,-3.75,5,-1.41,-3.2,0.51,-3.7,0.192,0,1
4849,2026-02-24,2026-02-25,NORMAL,NORMAL,-4.56,8,-0.7,2.28,3.77,0.0,0.12,0,2
4849,2026-03-26,2026-03-27,WEAK,NORMAL,-3.18,2,0.0,1.87,1.96,-0.09,0.175,1,1
485A,2026-01-30,2026-02-02,NORMAL,NORMAL,-3.18,4,0.21,6.93,15.08,-1.8,0.135,0,4
485A,2026-02-05,2026-02-06,NORMAL,NORMAL,-4.17,3,-2.39,6.08,6.52,-2.16,0.19,1,1
485A,2026-03-26,2026-03-27,WEAK,NORMAL,-5.62,2,3.55,4.04,6.98,-6.98,0.188,0,4
4880,2025-11-05,2025-11-06,WEAK,NORMAL,-4.5,5,0.82,-1.02,0.61,-1.02,0.0,0,1
4880,2025-12-12,2025-12-15,STRONG,NORMAL,-9.56,9,1.15,-4.09,0.45,-4.55,0.133,0,1
4880,2025-12-18,2025-12-19,NORMAL,NORMAL,-3.26,8,0.78,1.54,2.83,0.0,0.0,1,5
4882,2025-10-16,2025-10-17,NORMAL,WEAK,-3.43,3,0.32,-2.25,0.64,-2.25,0.0,0,1
4882,2025-12-16,2025-12-17,WEAK,NORMAL,-3.82,3,-0.72,-3.64,0.0,-4.36,0.0,0,1
4882,2025-12-17,2025-12-18,NORMAL,NORMAL,-4.33,5,-21.13,3.35,6.22,-1.44,0.167,0,2
4882,2025-12-18,2025-12-19,NORMAL,NORMAL,-18.49,10,1.39,-1.83,0.91,-3.65,0.188,0,3
4882,2025-12-22,2025-12-23,NORMAL,NORMAL,-4.65,8,1.46,0.0,0.48,-1.92,0.111,1,5
4884,2025-12-02,2025-12-03,WEAK,WEAK,-3.2,8,0.0,-0.51,0.0,-2.29,0.393,0,4
4886,2025-11-05,2025-11-06,WEAK,NORMAL,-6.48,5,1.52,1.74,1.99,-0.85,0.177,0,1
4886,2026-02-02,2026-02-03,NORMAL,STRONG,-7.05,3,-3.53,4.46,7.1,-0.31,0.305,0,1
4887,2026-02-13,2026-02-16,WEAK,NORMAL,-4.58,4,-1.07,1.77,1.9,-2.58,0.302,0,1
4888,2025-10-15,2025-10-16,STRONG,NORMAL,-13.13,8,1.93,-2.52,0.32,-3.47,0.235,0,4
4888,2025-11-10,2025-11-11,STRONG,NORMAL,-5.65,7,1.76,0.35,1.73,-1.38,0.053,0,2
4888,2025-11-13,2025-11-14,NORMAL,NORMAL,-3.67,7,-2.77,-4.98,1.42,-5.34,0.724,0,1
4888,2025-11-14,2025-11-17,NORMAL,NORMAL,-7.61,8,-0.75,-7.92,0.38,-9.43,0.053,0,2
4888,2025-11-25,2025-11-26,NORMAL,STRONG,-3.97,6,0.41,2.88,3.29,0.0,0.083,0,2
4888,2025-12-17,2025-12-18,NORMAL,NORMAL,-4.58,5,3.49,-2.95,0.0,-3.38,0.077,0,2
4888,2025-12-19,2025-12-22,NORMAL,NORMAL,-3.04,4,0.9,-8.0,0.44,-11.11,0.0,0,1
4888,2025-12-22,2025-12-23,NORMAL,NORMAL,-7.17,9,1.45,1.9,2.86,-0.48,0.269,0,2
4888,2026-01-07,2026-01-08,NORMAL,NORMAL,-16.1,3,1.22,-3.23,0.4,-3.63,0.088,0,1
4889,2025-10-08,2025-10-09,NORMAL,NORMAL,-6.98,4,-2.48,4.07,7.75,-2.38,0.085,0,1
4889,2025-12-01,2025-12-02,WEAK,WEAK,-13.96,4,-0.52,-6.58,0.95,-6.74,0.106,0,1
4889,2025-12-02,2025-12-03,WEAK,WEAK,-7.07,4,-0.11,-3.84,0.17,-5.13,0.021,0,2
4889,2025-12-03,2025-12-04,WEAK,NORMAL,-3.94,5,1.47,1.5,2.95,-0.29,0.245,1,3
4889,2025-12-09,2025-12-10,NORMAL,NORMAL,-3.09,2,0.06,-0.06,0.67,-2.18,0.136,0,1
4889,2025-12-11,2025-12-12,WEAK,STRONG,-3.08,2,-0.23,0.23,1.45,-0.87,0.103,0,1
4889,2025-12-17,2025-12-18,NORMAL,NORMAL,-4.75,3,-1.53,-1.97,1.49,-5.13,0.16,0,1
4889,2025-12-18,2025-12-19,NORMAL,NORMAL,-3.46,5,0.36,4.91,5.64,-0.36,0.477,0,2
4889,2025-12-22,2025-12-23,NORMAL,NORMAL,-3.93,2,-0.78,-7.27,0.67,-8.97,0.239,0,1
4889,2025-12-23,2025-12-24,NORMAL,NORMAL,-8.0,7,0.65,-1.69,1.69,-1.69,0.176,0,2
4889,2025-12-25,2025-12-26,NORMAL,NORMAL,-4.56,7,0.0,-0.62,0.97,-3.11,0.317,0,4
4889,2025-12-30,2026-01-05,WEAK,NORMAL,-3.74,6,-0.07,0.99,2.69,-2.26,0.062,1,1
4889,2026-01-13,2026-01-14,NORMAL,NORMAL,-3.53,3,0.0,0.81,2.1,-0.27,0.197,0,1
4889,2026-03-26,2026-03-27,WEAK,NORMAL,-6.42,4,-0.96,3.98,5.12,0.0,0.17,0,1
4890,2026-01-05,2026-01-06,NORMAL,STRONG,-3.82,6,0.0,2.75,4.59,0.0,0.5,0,1
4890,2026-02-09,2026-02-10,STRONG,STRONG,-10.03,8,-0.35,-1.75,1.4,-3.15,0.765,0,2
4892,2025-12-17,2025-12-18,NORMAL,NORMAL,-6.2,6,-0.92,0.19,1.85,-1.3,0.388,0,2
4892,2025-12-22,2025-12-23,NORMAL,NORMAL,-3.57,3,-0.19,2.04,4.08,0.0,0.25,0,1
4892,2026-02-13,2026-02-16,WEAK,NORMAL,-6.28,2,3.12,2.27,3.02,-2.42,0.029,0,1
4894,2026-01-16,2026-01-19,NORMAL,NORMAL,-6.84,3,0.0,4.6,6.34,-1.24,0.247,0,1
4894,2026-01-21,2026-01-22,WEAK,STRONG,-9.07,2,6.15,-2.57,1.8,-3.73,0.026,0,2
4894,2026-02-20,2026-02-24,WEAK,NORMAL,-24.02,3,-5.41,-8.13,0.38,-9.15,0.03,0,2
4894,2026-02-24,2026-02-25,NORMAL,NORMAL,-13.1,6,2.07,-1.08,4.34,-2.3,0.107,0,3
4896,2025-10-17,2025-10-20,WEAK,STRONG,-5.1,2,0.0,-0.46,0.46,-0.92,0.0,0,1
4896,2026-03-26,2026-03-27,WEAK,NORMAL,-3.3,2,-0.38,4.82,5.08,-0.76,0.184,1,1
4901,2025-11-06,2025-11-07,NORMAL,NORMAL,-3.62,3,-3.2,3.0,3.39,-0.36,0.0,0,3
4901,2026-02-06,2026-02-09,NORMAL,STRONG,-3.08,7,3.14,-2.12,0.29,-2.15,0.782,0,3
4902,2026-02-05,2026-02-06,NORMAL,NORMAL,-5.14,5,-2.65,-3.55,0.67,-3.89,0.342,0,1
4902,2026-02-06,2026-02-09,NORMAL,STRONG,-6.1,7,4.86,-6.75,0.57,-7.14,0.075,0,2
4902,2026-02-13,2026-02-16,WEAK,NORMAL,-3.71,5,-1.07,-0.19,0.6,-0.62,0.169,0,2
4902,2026-03-10,2026-03-11,WEAK,NORMAL,-5.48,6,1.94,-0.19,0.95,-0.74,0.538,0,4
4911,2025-11-20,2025-11-21,STRONG,STRONG,-5.2,8,0.0,0.71,1.17,-1.44,0.069,0,6
4914,2025-10-08,2025-10-09,NORMAL,NORMAL,-3.04,8,0.26,-0.58,0.96,-2.04,0.045,0,1
4914,2025-11-05,2025-11-06,WEAK,NORMAL,-3.21,4,0.35,1.58,2.69,-0.34,0.14,0,3
4914,2026-02-13,2026-02-16,WEAK,NORMAL,-5.5,4,-6.02,-0.28,1.35,-1.71,0.011,0,1
4914,2026-02-16,2026-02-17,NORMAL,NORMAL,-6.29,6,0.29,0.93,2.28,-0.43,0.465,0,2
4914,2026-02-20,2026-02-24,WEAK,NORMAL,-4.09,4,0.22,1.3,2.02,-0.94,0.02,0,1
4922,2025-11-11,2025-11-12,NORMAL,STRONG,-16.46,8,0.02,1.17,3.5,-0.02,0.008,0,1
4931,2025-11-12,2025-11-13,STRONG,NORMAL,-4.72,7,1.05,-0.38,0.85,-0.57,0.069,0,1
4932,2026-02-16,2026-02-17,NORMAL,NORMAL,-21.22,10,-0.86,1.52,1.52,-1.3,0.0,0,2
4933,2025-11-11,2025-11-12,NORMAL,STRONG,-5.34,3,1.9,-0.4,1.53,-1.0,0.018,0,1
4933,2025-12-30,2026-01-05,WEAK,NORMAL,-5.88,3,0.08,-1.43,0.38,-2.26,0.026,0,1
4933,2026-02-13,2026-02-16,WEAK,NORMAL,-10.49,7,-0.89,-2.69,0.08,-6.53,0.414,0,2
4933,2026-02-16,2026-02-17,NORMAL,NORMAL,-3.56,8,-0.34,-3.03,0.5,-3.11,0.58,0,3
4933,2026-02-17,2026-02-18,NORMAL,STRONG,-3.35,6,0.78,-2.41,0.0,-2.93,0.023,1,4
4933,2026-02-20,2026-02-24,WEAK,NORMAL,-3.67,6,0.73,0.99,2.8,-0.99,0.0,0,1
4933,2026-02-25,2026-02-26,NORMAL,NORMAL,-4.38,8,-0.47,4.32,5.44,-0.09,0.0,0,1
4934,2026-03-13,2026-03-16,WEAK,NORMAL,-13.35,7,-0.15,-1.51,0.61,-2.42,0.053,0,1
4935,2025-10-06,2025-10-07,STRONG,NORMAL,-3.6,4,1.32,-0.21,2.03,-1.77,0.072,0,2
4935,2025-11-20,2025-11-21,STRONG,STRONG,-5.04,5,-2.44,9.88,10.69,-0.75,0.102,0,1
4935,2025-12-26,2025-12-29,NORMAL,NORMAL,-3.58,3,-80.35,1.69,3.1,-1.13,0.232,0,1
4935,2025-12-29,2025-12-30,NORMAL,WEAK,-80.02,10,-3.05,-6.57,1.43,-7.43,0.267,0,2
4935,2025-12-30,2026-01-05,WEAK,NORMAL,-9.42,10,-2.14,0.94,3.75,-3.12,0.097,0,3
4935,2026-01-08,2026-01-09,NORMAL,NORMAL,-5.59,9,0.31,-1.55,0.62,-3.73,0.0,0,1
4935,2026-01-19,2026-01-20,NORMAL,WEAK,-3.58,7,0.93,2.15,4.91,-0.61,0.1,0,1
4935,2026-01-21,2026-01-22,WEAK,STRONG,-3.3,7,0.0,-1.55,1.86,-3.73,0.083,0,1
4935,2026-02-03,2026-02-04,STRONG,NORMAL,-3.9,5,0.0,0.74,1.11,-1.85,0.067,0,1
4935,2026-02-13,2026-02-16,WEAK,NORMAL,-5.16,2,27.21,0.0,0.0,-4.28,0.154,1,1
4935,2026-02-18,2026-02-19,STRONG,NORMAL,-6.7,2,-6.38,-3.41,2.56,-4.26,0.158,0,1
4935,2026-03-13,2026-03-16,WEAK,NORMAL,-16.96,7,-0.72,-4.69,1.81,-6.14,0.118,0,3
4935,2026-03-16,2026-03-17,NORMAL,NORMAL,-5.38,5,3.03,0.37,2.21,-2.57,0.182,0,4
4936,2026-01-29,2026-01-30,NORMAL,NORMAL,-3.02,4,0.52,0.26,0.52,-0.52,0.167,0,4
4937,2025-12-12,2025-12-15,STRONG,NORMAL,-9.78,8,1.01,-3.84,0.0,-3.91,0.12,0,3
4957,2025-11-05,2025-11-06,WEAK,NORMAL,-3.33,3,-0.36,-0.36,0.29,-0.65,0.205,0,1
4958,2026-02-09,2026-02-10,STRONG,STRONG,-4.37,6,1.02,3.18,4.81,-0.47,0.299,0,1
4960,2026-01-30,2026-02-02,NORMAL,NORMAL,-25.0,2,1.92,-2.89,13.46,-10.19,0.227,0,2
4960,2026-02-18,2026-02-19,STRONG,NORMAL,-7.39,3,-0.25,-7.11,0.25,-9.77,0.177,0,2
4960,2026-02-19,2026-02-20,NORMAL,WEAK,-7.34,3,2.05,-2.28,3.48,-2.81,0.266,0,3
4960,2026-02-26,2026-02-27,NORMAL,STRONG,-5.45,4,-0.82,3.32,4.99,-3.19,0.241,0,1
4960,2026-03-13,2026-03-16,WEAK,NORMAL,-5.45,3,-2.88,0.57,3.39,-3.25,0.125,0,1
4960,2026-03-17,2026-03-18,NORMAL,STRONG,-3.52,3,2.77,0.57,0.57,-3.55,0.0,1,3
4968,2025-11-05,2025-11-06,WEAK,NORMAL,-3.38,2,0.46,-1.01,0.0,-1.37,0.238,0,1
4968,2026-02-05,2026-02-06,NORMAL,NORMAL,-3.48,2,2.3,9.44,9.44,-0.67,0.189,0,1
4968,2026-03-06,2026-03-10,NORMAL,WEAK,-3.63,2,-4.69,2.39,3.58,-0.52,0.735,0,3
4970,2025-11-05,2025-11-06,WEAK,NORMAL,-4.59,2,-0.99,1.29,4.43,-0.86,0.032,0,1
4970,2025-11-10,2025-11-11,STRONG,NORMAL,-4.62,3,-0.61,-0.3,3.51,-0.91,0.083,0,2
4970,2025-11-21,2025-11-25,STRONG,NORMAL,-7.8,3,3.25,-0.16,3.78,-1.26,0.22,0,1
4970,2026-01-09,2026-01-13,NORMAL,NORMAL,-3.18,2,1.97,-6.06,0.26,-6.06,0.29,0,2
4973,2026-01-16,2026-01-19,NORMAL,NORMAL,-3.06,3,-0.73,-1.59,0.12,-3.18,0.274,0,1
4974,2025-11-12,2025-11-13,STRONG,NORMAL,-9.17,7,0.85,0.48,2.17,-1.09,0.4,0,1
4974,2025-12-02,2025-12-03,WEAK,WEAK,-4.3,3,-0.24,-2.8,0.0,-3.05,0.024,0,2
4974,2025-12-03,2025-12-04,WEAK,NORMAL,-3.04,2,0.25,-0.88,0.5,-1.12,0.08,0,3
4975,2025-11-10,2025-11-11,STRONG,NORMAL,-6.07,5,-1.38,-0.12,0.82,-1.87,0.48,0,1
4975,2026-02-06,2026-02-09,NORMAL,STRONG,-4.72,2,1.77,-0.87,0.0,-3.65,0.45,0,1
4979,2025-12-29,2025-12-30,NORMAL,WEAK,-4.87,4,0.75,0.56,1.44,-0.98,0.017,0,1
4980,2025-12-18,2025-12-19,NORMAL,NORMAL,-3.06,3,1.35,-2.3,0.32,-3.14,0.17,1,4
4980,2025-12-25,2025-12-26,NORMAL,NORMAL,-3.23,4,1.88,-1.59,0.02,-2.01,0.075,0,3
4980,2026-02-10,2026-02-12,STRONG,NORMAL,-19.64,7,0.48,-3.2,0.12,-5.08,0.307,0,1
4980,2026-02-13,2026-02-16,WEAK,NORMAL,-7.54,7,0.78,2.15,3.59,-1.0,0.0,1,3
4996,2025-12-12,2025-12-15,STRONG,NORMAL,-4.96,5,1.49,-0.15,0.29,-1.76,0.111,0,1
4997,2025-10-17,2025-10-20,WEAK,STRONG,-3.21,3,1.92,-1.36,0.0,-1.78,0.138,0,1
4997,2026-02-09,2026-02-10,STRONG,STRONG,-3.12,3,-2.92,4.22,4.52,-0.6,0.42,0,2
5010,2026-03-26,2026-03-27,WEAK,NORMAL,-3.69,3,-1.53,4.28,4.28,0.0,0.316,0,1
5013,2026-01-16,2026-01-19,NORMAL,NORMAL,-5.56,2,-0.32,-2.4,0.96,-2.56,0.0,0,1
5016,2025-10-07,2025-10-08,NORMAL,NORMAL,-5.67,2,-4.17,9.38,9.85,-1.62,0.415,0,1
5016,2025-11-07,2025-11-10,NORMAL,STRONG,-4.82,2,2.65,-0.63,1.67,-0.86,0.248,0,1
5016,2025-11-14,2025-11-17,NORMAL,NORMAL,-7.82,4,0.96,3.83,5.15,-0.17,0.122,0,4
5016,2025-11-21,2025-11-25,STRONG,NORMAL,-6.18,7,3.15,-2.48,2.78,-2.6,0.431,0,1
5016,2025-11-28,2025-12-01,NORMAL,WEAK,-5.36,4,1.71,-2.8,0.53,-3.74,0.082,0,1
5020,2026-02-13,2026-02-16,WEAK,NORMAL,-4.23,2,-0.14,-1.69,0.53,-1.69,0.212,0,1
5021,2026-02-09,2026-02-10,STRONG,STRONG,-3.39,2,2.02,-1.46,0.69,-2.39,0.176,0,2
5021,2026-03-06,2026-03-10,NORMAL,WEAK,-3.14,2,-2.17,1.54,3.27,0.0,0.299,1,2
5026,2025-10-15,2025-10-16,STRONG,NORMAL,-5.07,9,0.59,3.77,6.13,0.0,0.429,0,4
5026,2025-10-17,2025-10-20,WEAK,STRONG,-7.5,6,0.12,-0.86,1.6,-2.94,0.043,1,1
5026,2025-12-05,2025-12-08,WEAK,NORMAL,-7.88,3,0.0,-2.81,0.27,-3.88,0.043,0,1
5026,2025-12-11,2025-12-12,WEAK,STRONG,-8.47,4,1.0,-0.42,0.28,-2.54,0.033,0,1
5026,2026-02-13,2026-02-16,WEAK,NORMAL,-8.65,2,1.66,4.91,5.92,-1.01,0.083,0,1
5027,2025-10-16,2025-10-17,NORMAL,WEAK,-3.46,2,-1.15,-2.03,0.29,-3.92,0.394,0,1
5027,2025-10-17,2025-10-20,WEAK,STRONG,-3.16,2,4.0,0.57,1.71,-0.85,0.448,0,2
5027,2025-11-04,2025-11-05,NORMAL,WEAK,-4.18,2,0.0,-0.15,0.6,-2.56,0.108,0,1
5027,2025-11-20,2025-11-21,STRONG,STRONG,-6.84,7,-0.33,1.01,1.84,-5.19,0.032,0,6
5027,2025-12-01,2025-12-02,WEAK,WEAK,-4.55,4,-0.51,-5.14,0.0,-5.65,0.233,0,2
5027,2025-12-02,2025-12-03,WEAK,WEAK,-5.62,7,-0.36,-0.36,2.36,-0.36,0.091,0,3
5027,2025-12-11,2025-12-12,WEAK,STRONG,-3.15,6,-0.76,0.19,3.08,-0.58,0.136,1,1
5027,2025-12-16,2025-12-17,WEAK,NORMAL,-5.41,5,0.57,-1.33,1.52,-1.52,0.0,0,1
5027,2026-02-05,2026-02-06,NORMAL,NORMAL,-5.56,2,-2.65,2.42,4.39,-2.12,0.266,0,1
5027,2026-02-16,2026-02-17,NORMAL,NORMAL,-15.58,8,-0.37,-8.89,1.85,-9.81,0.0,0,3
5027,2026-02-17,2026-02-18,NORMAL,STRONG,-9.23,8,1.63,-2.2,4.6,-3.0,0.079,0,4
5027,2026-02-20,2026-02-24,WEAK,NORMAL,-6.15,8,0.42,-5.47,1.05,-6.74,0.194,0,1
5027,2026-02-24,2026-02-25,NORMAL,NORMAL,-5.07,6,1.78,3.5,4.16,-1.53,0.162,0,2
5027,2026-03-16,2026-03-17,NORMAL,NORMAL,-3.61,3,1.25,-1.85,0.0,-2.87,0.0,0,3
5028,2025-11-14,2025-11-17,NORMAL,NORMAL,-13.62,6,3.2,-3.1,0.0,-6.21,0.286,0,1
5029,2026-02-16,2026-02-17,NORMAL,NORMAL,-19.82,10,-4.45,-2.07,3.28,-6.9,0.0,0,2
5029,2026-02-17,2026-02-18,NORMAL,STRONG,-6.43,10,3.52,-2.89,0.0,-3.4,0.475,0,3
5031,2026-01-29,2026-01-30,NORMAL,NORMAL,-13.39,9,-0.34,0.0,1.38,-0.34,0.0,0,3
5031,2026-03-13,2026-03-16,WEAK,NORMAL,-5.06,3,4.0,-2.56,0.0,-3.53,0.176,0,1
5032,2025-11-19,2025-11-20,NORMAL,STRONG,-5.07,2,1.0,2.31,3.14,-2.64,0.657,0,4
5032,2025-12-02,2025-12-03,WEAK,WEAK,-3.7,2,-2.67,0.17,2.57,-1.89,0.192,0,2
5032,2025-12-11,2025-12-12,WEAK,STRONG,-17.33,9,-1.15,-0.64,3.92,-1.8,0.0,0,2
5032,2026-01-05,2026-01-06,NORMAL,STRONG,-4.23,3,-0.22,1.94,3.02,-0.11,0.047,0,4
5032,2026-01-13,2026-01-14,NORMAL,NORMAL,-4.97,2,-0.67,-1.79,1.01,-1.79,0.096,0,2
5032,2026-02-02,2026-02-03,NORMAL,STRONG,-5.11,4,0.0,-0.48,1.08,-1.2,0.208,0,3
5032,2026-02-18,2026-02-19,STRONG,NORMAL,-5.5,5,1.77,0.87,1.37,-1.24,0.096,0,2
5032,2026-02-24,2026-02-25,NORMAL,NORMAL,-5.1,4,1.18,-2.59,0.13,-3.76,0.0,0,2
5032,2026-03-16,2026-03-17,NORMAL,NORMAL,-4.03,4,3.77,-4.05,0.42,-4.33,0.088,1,1
5032,2026-03-24,2026-03-25,STRONG,STRONG,-3.86,7,0.14,0.27,2.53,-0.86,0.149,0,6
5034,2025-12-01,2025-12-02,WEAK,WEAK,-8.93,8,0.07,-5.71,1.55,-6.55,0.192,0,3
5034,2025-12-02,2025-12-03,WEAK,WEAK,-5.64,6,3.9,-3.04,0.34,-3.61,0.105,0,4
5034,2025-12-08,2025-12-09,NORMAL,NORMAL,-3.02,8,0.49,-0.45,2.0,-1.55,0.451,0,3
5034,2025-12-11,2025-12-12,WEAK,STRONG,-4.37,8,2.13,2.76,2.84,-1.38,0.282,0,1
5034,2026-02-13,2026-02-16,WEAK,NORMAL,-14.74,9,0.0,-5.75,0.7,-6.07,0.32,0,2
5034,2026-02-16,2026-02-17,NORMAL,NORMAL,-5.75,7,4.96,-2.69,0.09,-6.24,0.048,0,3
5036,2025-11-12,2025-11-13,STRONG,NORMAL,-6.24,3,-1.49,-2.69,0.34,-3.52,0.443,0,1
5036,2025-11-13,2025-11-14,NORMAL,NORMAL,-4.14,3,-0.07,0.78,1.35,-0.07,0.214,0,2
5036,2026-02-04,2026-02-05,NORMAL,NORMAL,-5.61,4,-0.61,-0.37,0.61,-2.93,0.29,0,3
5036,2026-02-06,2026-02-09,NORMAL,STRONG,-3.86,5,1.27,-2.83,0.0,-3.96,0.309,1,5
5036,2026-02-13,2026-02-16,WEAK,NORMAL,-3.02,7,-0.4,2.07,2.2,-1.07,0.191,0,2
5036,2026-02-24,2026-02-25,NORMAL,NORMAL,-3.81,6,2.01,1.78,2.5,-0.26,0.214,0,2
5038,2025-10-07,2025-10-08,NORMAL,NORMAL,-4.15,4,1.24,-0.3,1.53,-1.38,0.439,0,1
5038,2025-12-02,2025-12-03,WEAK,WEAK,-4.36,3,0.27,1.18,1.53,-2.29,0.0,0,3
5038,2026-01-29,2026-01-30,NORMAL,NORMAL,-3.12,4,0.67,-2.34,0.47,-3.32,0.37,0,3
5038,2026-02-04,2026-02-05,NORMAL,NORMAL,-6.92,8,0.0,4.27,4.87,-0.77,0.083,0,1
5038,2026-02-12,2026-02-13,NORMAL,WEAK,-4.02,5,0.42,-5.42,1.0,-5.58,0.08,0,1
5038,2026-02-13,2026-02-16,WEAK,NORMAL,-5.02,8,-4.41,-4.52,1.15,-6.22,0.025,0,2
5038,2026-02-16,2026-02-17,NORMAL,NORMAL,-8.72,9,-0.34,-5.08,0.0,-5.86,0.231,0,3
5038,2026-02-17,2026-02-18,NORMAL,STRONG,-5.41,8,7.14,-4.67,1.67,-4.86,0.132,0,4
5038,2026-03-17,2026-03-18,NORMAL,STRONG,-3.21,2,-0.05,-1.49,0.14,-2.98,0.054,0,4
5038,2026-03-26,2026-03-27,WEAK,NORMAL,-4.28,2,0.19,1.21,1.55,-1.94,0.11,1,1
5074,2025-10-23,2025-10-24,NORMAL,NORMAL,-3.68,3,-0.55,0.82,0.82,-1.1,0.167,0,1
5074,2025-11-14,2025-11-17,NORMAL,NORMAL,-8.17,4,6.82,-3.33,1.39,-5.28,0.189,0,1
5074,2025-12-01,2025-12-02,WEAK,WEAK,-4.57,2,-0.3,-3.3,0.0,-3.6,0.0,0,1
5074,2025-12-02,2025-12-03,WEAK,WEAK,-3.59,3,-0.62,-1.25,0.62,-1.88,0.083,0,2
5074,2025-12-17,2025-12-18,NORMAL,NORMAL,-4.08,6,-0.33,1.97,2.95,-0.33,0.0,0,2
5074,2026-02-02,2026-02-03,NORMAL,STRONG,-3.26,3,6.18,-0.79,1.59,-1.32,0.0,0,1
5074,2026-03-26,2026-03-27,WEAK,NORMAL,-5.52,2,1.77,0.87,1.91,-1.74,0.163,0,1
5079,2025-10-30,2025-10-31,NORMAL,NORMAL,-6.11,8,0.42,0.15,0.91,-0.19,0.579,0,6
5101,2026-03-10,2026-03-11,WEAK,NORMAL,-3.68,2,4.75,0.05,1.32,-1.13,0.243,0,4
5101,2026-03-13,2026-03-16,WEAK,NORMAL,-4.01,3,-1.37,-0.58,0.79,-2.83,0.0,0,2
5105,2025-12-05,2025-12-08,WEAK,NORMAL,-3.14,2,2.79,-0.85,0.14,-1.3,0.313,0,1
5105,2026-02-13,2026-02-16,WEAK,NORMAL,-4.93,4,3.17,-1.95,1.18,-2.87,0.498,0,2
5105,2026-03-06,2026-03-10,NORMAL,WEAK,-4.77,4,-3.42,0.94,1.85,-1.02,0.236,0,3
5108,2025-12-05,2025-12-08,WEAK,NORMAL,-4.68,3,0.46,0.68,0.68,-0.48,0.0,0,1
5108,2025-12-29,2025-12-30,NORMAL,WEAK,-50.64,7,0.06,-1.18,0.08,-1.18,0.453,0,1
5108,2026-02-16,2026-02-17,NORMAL,NORMAL,-6.5,3,-0.31,0.76,2.08,-0.65,0.0,0,1
5110,2026-02-12,2026-02-13,NORMAL,WEAK,-5.32,3,1.45,0.23,1.73,-1.21,0.368,0,1
5110,2026-03-06,2026-03-10,NORMAL,WEAK,-5.28,5,-3.91,-0.09,1.06,-1.75,0.168,1,3
5110,2026-03-10,2026-03-11,WEAK,NORMAL,-4.0,6,1.34,1.0,2.09,-0.16,0.59,1,4
5121,2025-11-11,2025-11-12,NORMAL,STRONG,-7.51,6,-0.5,1.72,2.39,0.0,0.333,0,1
5125,2026-01-06,2026-01-07,STRONG,NORMAL,-4.57,3,-0.4,-2.81,12.22,-4.31,0.115,0,1
5125,2026-01-07,2026-01-08,NORMAL,NORMAL,-3.19,2,-3.09,-6.6,2.13,-7.45,0.091,0,2
5129,2025-10-16,2025-10-17,NORMAL,WEAK,-4.47,5,-0.81,-8.01,0.62,-8.01,0.042,1,4
5129,2025-10-17,2025-10-20,WEAK,STRONG,-8.76,7,0.89,0.22,2.43,-2.21,0.0,0,5
5129,2025-12-08,2025-12-09,NORMAL,NORMAL,-4.1,4,0.23,-0.9,0.67,-2.02,0.321,0,1
5129,2025-12-15,2025-12-16,NORMAL,WEAK,-5.35,5,-0.25,-3.69,0.0,-3.69,0.533,0,3
5129,2026-01-13,2026-01-14,NORMAL,NORMAL,-6.57,4,0.81,0.27,1.88,-0.8,0.121,0,3
5132,2025-11-25,2025-11-26,NORMAL,STRONG,-4.82,3,2.53,1.23,1.51,-1.23,0.0,1,2
5132,2025-12-01,2025-12-02,WEAK,WEAK,-5.73,4,2.76,0.0,1.48,-2.42,0.091,0,1
5132,2025-12-09,2025-12-10,NORMAL,NORMAL,-7.82,4,-1.7,-3.74,0.58,-6.91,0.221,0,1
5132,2025-12-10,2025-12-11,NORMAL,WEAK,-5.37,5,-13.45,-1.21,1.55,-4.84,0.423,0,2
5132,2025-12-11,2025-12-12,WEAK,STRONG,-14.5,9,1.05,1.38,2.39,-3.25,0.568,0,3
5132,2025-12-16,2025-12-17,WEAK,NORMAL,-4.92,6,0.0,-0.83,0.47,-3.52,0.164,0,2
5132,2025-12-30,2026-01-05,WEAK,NORMAL,-3.26,3,0.52,-3.36,0.48,-4.78,0.037,0,1
5132,2026-01-22,2026-01-23,STRONG,NORMAL,-3.3,5,-0.5,0.38,1.42,-1.81,0.207,0,2
5132,2026-02-02,2026-02-03,NORMAL,STRONG,-4.31,7,2.06,0.61,1.94,-0.69,0.009,0,4
5132,2026-02-17,2026-02-18,NORMAL,STRONG,-5.33,7,-0.55,-0.51,1.67,-1.16,0.25,0,4
5132,2026-02-24,2026-02-25,NORMAL,NORMAL,-6.44,7,1.21,1.6,3.15,-0.55,0.124,0,2
5132,2026-03-16,2026-03-17,NORMAL,NORMAL,-3.79,2,1.22,5.06,5.06,-0.05,0.162,1,1
5134,2025-12-15,2025-12-16,NORMAL,WEAK,-14.86,10,-1.05,-0.53,0.35,-3.88,0.0,0,2
5134,2025-12-17,2025-12-18,NORMAL,NORMAL,-6.21,9,-1.89,3.85,4.05,-1.54,0.0,0,4
5136,2025-11-04,2025-11-05,NORMAL,WEAK,-3.65,5,-0.73,-1.05,0.12,-3.01,0.0,0,1
5136,2025-11-20,2025-11-21,STRONG,STRONG,-4.69,5,-0.51,4.81,5.07,-0.39,0.0,0,5
5136,2025-11-25,2025-11-26,NORMAL,STRONG,-3.43,2,1.71,-0.44,0.5,-1.18,0.14,0,1
5136,2026-01-29,2026-01-30,NORMAL,NORMAL,-3.2,2,-1.57,-0.46,0.0,-3.58,0.575,0,1
5136,2026-02-13,2026-02-16,WEAK,NORMAL,-6.83,6,2.53,-0.49,0.62,-1.97,0.089,0,2
5136,2026-02-24,2026-02-25,NORMAL,NORMAL,-5.78,6,0.13,1.41,3.37,0.0,0.212,0,5
5137,2025-12-01,2025-12-02,WEAK,WEAK,-4.1,2,-0.24,-3.33,0.71,-4.05,0.267,0,2
5137,2025-12-02,2025-12-03,WEAK,WEAK,-3.56,2,0.49,0.49,1.23,-0.98,0.15,0,3
5137,2025-12-09,2025-12-10,NORMAL,NORMAL,-4.62,6,1.28,-6.55,0.0,-7.05,0.056,0,1
5137,2025-12-10,2025-12-11,NORMAL,WEAK,-5.36,7,-0.27,-1.89,0.27,-3.51,0.071,0,2
5137,2026-01-05,2026-01-06,NORMAL,STRONG,-4.69,2,0.27,-1.09,1.91,-1.09,0.276,0,3
5137,2026-01-20,2026-01-21,WEAK,WEAK,-4.94,2,-2.08,2.65,3.71,-1.86,0.143,0,1
5137,2026-02-04,2026-02-05,NORMAL,NORMAL,-4.35,5,-0.57,-1.71,0.86,-2.29,0.421,0,2
5137,2026-02-06,2026-02-09,NORMAL,STRONG,-4.07,6,0.91,-1.8,0.0,-3.6,0.375,0,4
5137,2026-02-13,2026-02-16,WEAK,NORMAL,-7.02,6,-2.52,-2.26,0.65,-5.16,0.071,0,2
5137,2026-02-16,2026-02-17,NORMAL,NORMAL,-4.72,8,-0.33,-0.66,4.97,-0.66,0.5,0,3
5137,2026-02-24,2026-02-25,NORMAL,NORMAL,-7.82,7,2.47,0.34,3.1,-4.14,0.05,0,2
5137,2026-03-16,2026-03-17,NORMAL,NORMAL,-3.89,5,0.74,-2.19,0.0,-2.92,0.286,0,4
5139,2025-10-02,2025-10-03,NORMAL,STRONG,-4.48,9,-0.48,2.02,2.88,-0.67,0.231,0,2
5139,2025-10-21,2025-10-22,NORMAL,STRONG,-4.34,3,0.19,-0.38,1.42,-0.66,0.038,0,1
5139,2025-11-05,2025-11-06,WEAK,NORMAL,-3.06,4,0.31,2.03,2.54,-0.81,0.66,0,2
5139,2025-11-11,2025-11-12,NORMAL,STRONG,-3.77,2,-0.59,1.77,2.66,-0.89,0.189,0,1
5139,2025-11-13,2025-11-14,NORMAL,NORMAL,-4.06,4,0.0,-0.1,2.02,-2.42,0.492,0,1
5139,2026-02-09,2026-02-10,STRONG,STRONG,-5.52,2,0.0,4.45,4.62,-0.17,0.569,0,1
5139,2026-02-12,2026-02-13,NORMAL,WEAK,-15.69,6,-0.99,-3.9,5.8,-5.8,0.234,0,1
5139,2026-02-13,2026-02-16,WEAK,NORMAL,-4.85,7,-1.14,1.37,3.89,-5.05,0.164,0,2
5139,2026-02-24,2026-02-25,NORMAL,NORMAL,-4.98,6,1.64,-2.69,0.0,-2.69,0.232,0,1
5142,2026-03-13,2026-03-16,WEAK,NORMAL,-4.77,5,-0.21,4.2,5.5,-0.07,0.098,0,2
5162,2026-03-25,2026-03-26,STRONG,WEAK,-6.68,2,1.09,5.4,9.36,0.0,0.031,1,1
5185,2026-02-16,2026-02-17,NORMAL,NORMAL,-4.69,4,-0.51,1.28,1.79,-0.2,0.44,0,2
5201,2026-03-10,2026-03-11,WEAK,NORMAL,-4.96,3,1.61,0.02,1.87,-0.37,0.312,0,3
5202,2025-11-06,2025-11-07,NORMAL,NORMAL,-16.1,4,-8.83,-8.21,1.89,-11.37,0.0,0,1
5202,2025-11-07,2025-11-10,NORMAL,STRONG,-16.31,8,-0.92,0.93,1.62,-5.09,0.238,0,2
5202,2026-02-03,2026-02-04,STRONG,NORMAL,-3.17,2,0.93,-0.77,0.93,-2.78,0.533,0,3
5202,2026-02-09,2026-02-10,STRONG,STRONG,-4.91,5,0.5,1.16,1.82,-0.33,0.213,0,1
5202,2026-03-06,2026-03-10,NORMAL,WEAK,-13.92,6,-1.38,0.4,2.0,-1.4,0.389,0,2
5202,2026-03-16,2026-03-17,NORMAL,NORMAL,-5.88,7,1.29,-2.34,0.64,-2.77,0.3,0,1
5204,2025-10-23,2025-10-24,NORMAL,NORMAL,-6.4,4,2.17,-0.16,2.45,-1.47,0.038,0,1
5210,2026-02-25,2026-02-26,NORMAL,NORMAL,-12.56,3,2.99,-1.8,0.55,-2.49,0.107,0,1
5210,2026-03-10,2026-03-11,WEAK,NORMAL,-3.85,2,0.8,-0.79,1.11,-0.79,0.35,1,1
5214,2026-02-09,2026-02-10,STRONG,STRONG,-11.13,5,0.19,-3.48,0.83,-4.95,0.0,0,1
5214,2026-02-10,2026-02-12,STRONG,NORMAL,-3.29,6,1.99,-2.25,0.0,-2.65,0.255,0,2
5214,2026-02-13,2026-02-16,WEAK,NORMAL,-5.08,7,0.58,0.26,1.48,-0.35,0.138,0,4
5218,2025-12-12,2025-12-15,STRONG,NORMAL,-6.03,6,-0.47,-2.52,0.56,-3.08,0.0,0,2
5232,2025-11-11,2025-11-12,NORMAL,STRONG,-5.88,4,0.43,1.74,2.98,-0.54,0.208,0,1
5232,2026-02-10,2026-02-12,STRONG,NORMAL,-4.75,3,0.17,3.46,5.14,-0.5,0.202,0,1
5232,2026-03-10,2026-03-11,WEAK,NORMAL,-5.23,3,1.73,-0.51,1.73,-0.68,0.148,1,4
5233,2025-11-11,2025-11-12,NORMAL,STRONG,-7.22,3,-1.0,0.48,2.13,-0.96,0.11,0,1
5233,2026-03-10,2026-03-11,WEAK,NORMAL,-5.56,6,1.06,-1.0,1.61,-1.15,0.318,0,4
5240,2025-12-18,2025-12-19,NORMAL,NORMAL,-9.18,3,-5.57,-8.86,0.74,-10.33,0.139,0,1
5240,2026-01-16,2026-01-19,NORMAL,NORMAL,-3.83,3,0.36,-1.08,1.81,-1.08,0.053,0,1
5240,2026-01-21,2026-01-22,WEAK,STRONG,-5.42,5,0.0,-3.82,0.76,-4.2,0.211,0,1
5240,2026-02-05,2026-02-06,NORMAL,NORMAL,-3.27,5,0.42,-5.46,0.0,-10.5,0.154,0,4
5240,2026-02-06,2026-02-09,NORMAL,STRONG,-5.06,8,2.67,1.3,8.23,-1.73,0.48,0,5
5243,2025-10-31,2025-11-04,NORMAL,NORMAL,-3.06,3,-0.39,-1.62,0.23,-2.47,0.035,0,1
5243,2025-11-07,2025-11-10,NORMAL,STRONG,-4.56,3,-2.36,-2.28,1.74,-3.42,0.319,0,1
5243,2025-12-11,2025-12-12,WEAK,STRONG,-5.33,2,1.55,0.83,1.18,-2.77,0.16,1,2
5243,2026-01-13,2026-01-14,NORMAL,NORMAL,-3.85,2,17.33,3.41,3.41,-1.23,0.526,0,1
5243,2026-01-16,2026-01-19,NORMAL,NORMAL,-8.79,3,1.98,5.93,8.06,-0.81,0.056,0,1
5243,2026-02-12,2026-02-13,NORMAL,WEAK,-5.77,3,-2.13,-3.0,1.48,-3.78,0.207,0,1
5243,2026-02-13,2026-02-16,WEAK,NORMAL,-5.06,5,1.16,0.13,2.7,-1.28,0.149,0,2
5243,2026-02-20,2026-02-24,WEAK,NORMAL,-8.32,5,-2.31,-4.17,0.66,-6.59,0.295,0,1
5243,2026-02-24,2026-02-25,NORMAL,NORMAL,-6.39,6,4.95,-0.09,0.33,-2.92,0.333,0,2
5244,2025-11-14,2025-11-17,NORMAL,NORMAL,-7.83,6,0.39,-0.77,2.31,-1.15,0.391,0,2
5244,2025-12-02,2025-12-03,WEAK,WEAK,-3.25,5,0.84,-1.67,0.0,-2.92,0.182,0,2
5244,2025-12-05,2025-12-08,WEAK,NORMAL,-3.4,5,-0.44,0.0,0.44,-2.21,0.125,0,5
5244,2025-12-15,2025-12-16,NORMAL,WEAK,-5.08,3,-0.89,-3.6,0.45,-4.5,0.2,0,1
5244,2025-12-16,2025-12-17,WEAK,NORMAL,-4.46,5,0.47,0.93,1.4,-0.93,0.182,0,2
5244,2026-02-04,2026-02-05,NORMAL,NORMAL,-3.04,2,0.45,2.68,4.46,0.0,0.0,1,1
5246,2025-10-15,2025-10-16,STRONG,NORMAL,-13.19,8,0.0,0.37,10.54,-0.12,0.047,0,3
5246,2025-10-17,2025-10-20,WEAK,STRONG,-8.18,7,1.6,-3.8,0.13,-5.1,0.254,1,1
5246,2025-10-23,2025-10-24,NORMAL,NORMAL,-3.84,5,0.14,1.1,1.65,-0.83,0.04,0,1
5246,2025-11-13,2025-11-14,NORMAL,NORMAL,-4.96,3,-1.19,-0.15,2.87,-1.36,0.067,0,1
5246,2025-12-01,2025-12-02,WEAK,WEAK,-3.71,7,-0.18,-2.76,0.37,-3.12,0.095,0,2
5246,2025-12-11,2025-12-12,WEAK,STRONG,-4.14,4,-0.38,-1.51,0.75,-3.58,0.083,0,4
5246,2025-12-16,2025-12-17,WEAK,NORMAL,-3.61,4,-0.79,1.19,1.59,-0.99,0.0,0,1
5246,2026-02-06,2026-02-09,NORMAL,STRONG,-7.07,2,1.46,1.87,2.74,-2.45,0.22,0,1
5246,2026-02-12,2026-02-13,NORMAL,WEAK,-4.6,2,-0.45,-0.76,1.82,-1.52,0.079,0,2
5246,2026-02-20,2026-02-24,WEAK,NORMAL,-13.78,7,0.0,-2.8,3.79,-3.46,0.105,0,2
5246,2026-03-26,2026-03-27,WEAK,NORMAL,-3.62,3,-0.34,3.42,4.45,0.0,0.269,0,1
5248,2025-11-25,2025-11-26,NORMAL,STRONG,-3.35,3,1.56,-0.68,0.0,-2.73,0.138,0,1
5248,2025-12-02,2025-12-03,WEAK,WEAK,-4.73,7,0.74,-2.19,0.36,-2.19,0.27,0,3
5248,2025-12-15,2025-12-16,NORMAL,WEAK,-7.39,8,0.0,-2.4,1.8,-2.99,0.033,0,2
5248,2025-12-22,2025-12-23,NORMAL,NORMAL,-3.69,5,0.64,-2.33,1.9,-4.44,0.0,0,1
5253,2025-11-12,2025-11-13,STRONG,NORMAL,-10.49,6,0.18,3.16,4.62,-1.75,0.241,0,2
5253,2025-11-14,2025-11-17,NORMAL,NORMAL,-5.05,6,-0.84,-0.12,0.42,-2.17,0.105,1,1
5253,2025-12-02,2025-12-03,WEAK,WEAK,-4.13,4,-5.06,0.27,1.47,-2.33,0.0,0,3
5253,2025-12-03,2025-12-04,WEAK,NORMAL,-4.81,5,1.06,0.79,1.32,-1.32,0.614,0,4
5253,2025-12-11,2025-12-12,WEAK,STRONG,-6.42,3,0.86,0.98,1.11,-0.85,0.123,0,1
5253,2025-12-16,2025-12-17,WEAK,NORMAL,-3.16,3,0.0,0.07,0.92,-1.57,0.029,0,1
5253,2025-12-26,2025-12-29,NORMAL,NORMAL,-3.06,2,0.94,1.33,2.46,-0.87,0.0,0,1
5253,2026-03-26,2026-03-27,WEAK,NORMAL,-5.17,4,1.29,-1.7,1.06,-2.12,0.041,0,1
5254,2025-11-13,2025-11-14,NORMAL,NORMAL,-5.17,4,-10.18,-0.81,1.75,-1.48,0.083,0,1
5254,2025-11-14,2025-11-17,NORMAL,NORMAL,-10.91,7,-2.99,-5.75,0.7,-6.31,0.208,0,2
5254,2025-12-01,2025-12-02,WEAK,WEAK,-3.21,8,-1.16,-2.11,0.34,-2.82,0.243,0,3
5254,2025-12-02,2025-12-03,WEAK,WEAK,-3.25,8,-0.58,-0.07,1.59,-3.52,0.223,0,4
5254,2025-12-08,2025-12-09,NORMAL,NORMAL,-6.22,9,-1.21,-0.96,1.19,-2.15,0.0,0,8
5254,2025-12-16,2025-12-17,WEAK,NORMAL,-4.52,7,0.0,-0.87,1.83,-1.87,0.23,1,1
5258,2025-11-20,2025-11-21,STRONG,STRONG,-3.88,3,1.62,-4.77,0.4,-6.36,0.568,0,1
5258,2025-12-11,2025-12-12,WEAK,STRONG,-4.19,3,0.0,3.46,3.46,0.0,0.053,0,2
5258,2025-12-16,2025-12-17,WEAK,NORMAL,-5.1,3,-0.47,-0.94,1.88,-1.17,0.167,0,1
5258,2026-02-13,2026-02-16,WEAK,NORMAL,-3.24,3,-17.86,0.0,4.08,0.0,0.5,0,2
5258,2026-02-16,2026-02-17,NORMAL,NORMAL,-17.86,9,-1.63,-0.55,1.1,-2.49,0.0,0,3
5258,2026-02-18,2026-02-19,STRONG,NORMAL,-7.22,9,0.0,-7.78,0.3,-8.08,0.182,0,5
5258,2026-02-19,2026-02-20,NORMAL,WEAK,-7.78,10,0.0,-1.62,0.32,-3.57,0.036,0,6
5259,2026-02-16,2026-02-17,NORMAL,NORMAL,-4.17,5,0.17,3.3,3.82,0.0,0.036,0,2
5259,2026-02-24,2026-02-25,NORMAL,NORMAL,-4.88,3,1.08,-1.6,1.96,-1.6,0.033,0,3
5262,2025-10-17,2025-10-20,WEAK,STRONG,-4.02,3,1.79,-0.73,0.0,-2.94,0.038,0,1
5262,2025-11-11,2025-11-12,NORMAL,STRONG,-4.17,5,0.81,0.16,2.88,-3.36,0.093,0,1
5262,2025-12-16,2025-12-17,WEAK,NORMAL,-4.25,3,0.76,-3.75,0.54,-4.04,0.0,0,1
5262,2025-12-17,2025-12-18,NORMAL,NORMAL,-3.02,4,-0.38,0.68,1.32,-0.56,0.063,1,2
5262,2025-12-29,2025-12-30,NORMAL,WEAK,-44.96,10,1.03,-3.12,6.51,-4.46,0.161,0,2
5262,2026-01-16,2026-01-19,NORMAL,NORMAL,-4.48,9,-2.32,0.47,4.33,-1.36,0.258,0,1
5262,2026-01-20,2026-01-21,WEAK,WEAK,-3.19,7,-2.2,0.56,2.93,-0.5,0.0,1,3
5262,2026-02-24,2026-02-25,NORMAL,NORMAL,-3.91,2,-0.72,0.13,2.44,0.0,0.0,0,2
5262,2026-02-26,2026-02-27,NORMAL,STRONG,-3.69,6,1.3,1.62,2.23,-1.08,0.5,0,4
5262,2026-03-06,2026-03-10,NORMAL,WEAK,-7.9,6,-1.01,1.97,3.39,-0.71,0.342,0,3
5262,2026-03-13,2026-03-16,WEAK,NORMAL,-5.68,9,-0.17,1.16,1.24,-0.5,0.118,0,2
5262,2026-03-26,2026-03-27,WEAK,NORMAL,-5.02,6,-0.43,1.83,2.7,-0.61,0.0,0,1
5268,2025-10-07,2025-10-08,NORMAL,NORMAL,-4.6,4,0.9,0.56,2.78,-0.44,0.113,0,2
5269,2026-02-13,2026-02-16,WEAK,NORMAL,-8.22,3,2.09,0.0,2.63,-1.46,0.029,0,1
5279,2026-01-29,2026-01-30,NORMAL,NORMAL,-5.14,3,0.35,-2.98,0.07,-4.01,0.628,0,1
5280,2026-02-02,2026-02-03,NORMAL,STRONG,-6.98,8,0.89,0.04,0.88,-0.7,0.311,0,2
5284,2025-11-06,2025-11-07,NORMAL,NORMAL,-5.85,6,-0.65,0.78,1.13,-0.3,0.275,0,2
5285,2025-11-13,2025-11-14,NORMAL,NORMAL,-4.59,5,-1.6,-0.42,1.53,-0.89,0.347,0,1
5285,2025-11-25,2025-11-26,NORMAL,STRONG,-3.17,3,1.04,-0.49,0.32,-1.3,0.138,0,1
5285,2026-02-05,2026-02-06,NORMAL,NORMAL,-10.29,7,0.6,2.93,2.93,-2.17,0.06,0,2
5285,2026-02-13,2026-02-16,WEAK,NORMAL,-3.61,4,0.11,0.05,0.43,-0.87,0.0,0,1
5285,2026-02-24,2026-02-25,NORMAL,NORMAL,-3.69,7,-0.06,1.51,2.15,-0.64,0.297,0,3
5287,2025-11-10,2025-11-11,STRONG,NORMAL,-9.74,4,0.08,-3.08,0.16,-4.38,0.429,0,4
5287,2025-11-11,2025-11-12,NORMAL,STRONG,-3.0,6,1.84,3.45,4.93,-0.9,0.286,0,5
5287,2025-12-02,2025-12-03,WEAK,WEAK,-6.85,2,0.09,-0.61,0.61,-0.61,0.011,0,1
5287,2025-12-11,2025-12-12,WEAK,STRONG,-4.58,4,-0.19,-1.63,0.96,-2.21,0.064,0,2
5287,2026-01-16,2026-01-19,NORMAL,NORMAL,-5.37,3,-2.21,-2.64,0.6,-4.6,0.207,0,1
5290,2025-11-14,2025-11-17,NORMAL,NORMAL,-4.11,6,-1.35,-1.83,1.53,-2.67,0.224,0,1
5301,2026-02-13,2026-02-16,WEAK,NORMAL,-10.22,4,0.05,0.29,1.95,-1.71,0.197,0,1
5301,2026-03-06,2026-03-10,NORMAL,WEAK,-3.29,3,-1.68,-0.88,0.7,-2.07,0.078,0,3
5310,2025-10-21,2025-10-22,NORMAL,STRONG,-5.15,2,0.64,-0.53,0.32,-1.27,0.02,0,1
5310,2026-02-17,2026-02-18,NORMAL,STRONG,-8.22,4,0.19,1.3,2.79,-0.56,0.367,0,1
5332,2026-03-26,2026-03-27,WEAK,NORMAL,-5.66,3,-1.72,-0.8,0.31,-1.61,0.105,0,1
5334,2026-02-02,2026-02-03,NORMAL,STRONG,-4.35,4,1.55,1.34,2.33,-0.61,0.0,0,1
5341,2025-12-04,2025-12-05,NORMAL,WEAK,-15.86,10,-1.64,1.25,6.25,-2.92,0.083,0,1
5341,2025-12-16,2025-12-17,WEAK,NORMAL,-4.08,9,0.0,0.0,1.28,-0.43,0.062,0,3
5344,2025-10-23,2025-10-24,NORMAL,NORMAL,-4.84,3,-0.05,6.92,6.92,0.0,0.047,0,2
5344,2025-11-05,2025-11-06,WEAK,NORMAL,-11.84,4,4.99,-0.75,2.66,-4.05,0.369,0,2
5344,2025-12-16,2025-12-17,WEAK,NORMAL,-4.16,2,0.26,-0.42,0.78,-1.74,0.086,0,5
5344,2025-12-18,2025-12-19,NORMAL,NORMAL,-3.14,4,1.1,-0.84,0.36,-1.62,0.615,0,7
5344,2025-12-23,2025-12-24,NORMAL,NORMAL,-3.58,3,0.38,0.87,1.63,-0.94,0.108,0,1
5367,2026-02-03,2026-02-04,STRONG,NORMAL,-3.06,2,0.0,1.35,1.35,-1.05,0.3,0,1
5381,2025-11-25,2025-11-26,NORMAL,STRONG,-3.39,3,1.64,-0.23,0.0,-1.38,0.2,1,2
5381,2025-12-11,2025-12-12,WEAK,STRONG,-3.4,2,0.0,0.0,0.94,-0.47,0.062,0,1
5381,2026-01-29,2026-01-30,NORMAL,NORMAL,-13.37,3,-3.81,4.55,8.12,-1.39,0.189,0,1
5384,2026-03-10,2026-03-11,WEAK,NORMAL,-4.57,2,1.35,1.13,2.43,-0.62,0.405,0,4
5386,2026-02-17,2026-02-18,NORMAL,STRONG,-3.19,5,-1.27,-0.26,2.57,-2.31,0.25,0,1
5391,2025-11-06,2025-11-07,NORMAL,NORMAL,-4.74,3,0.24,0.9,0.98,-0.24,0.012,0,2
5391,2026-02-06,2026-02-09,NORMAL,STRONG,-12.1,3,0.91,-0.9,0.0,-2.02,0.065,0,1
5393,2026-02-10,2026-02-12,STRONG,NORMAL,-3.6,2,0.49,1.37,2.2,0.0,0.697,0,1
5401,2025-11-06,2025-11-07,NORMAL,NORMAL,-3.28,3,0.42,2.3,2.68,-0.67,0.522,0,4
5401,2025-12-15,2025-12-16,NORMAL,WEAK,-4.43,4,-0.83,-0.67,0.43,-1.24,0.132,0,1
5401,2026-02-13,2026-02-16,WEAK,NORMAL,-7.16,3,3.84,0.28,1.65,-2.21,0.201,0,1
5401,2026-02-25,2026-02-26,NORMAL,NORMAL,-5.51,5,-0.05,-0.21,0.8,-0.4,0.157,0,4
5406,2026-03-06,2026-03-10,NORMAL,WEAK,-3.92,3,-1.79,0.12,0.58,-0.9,0.0,0,3
5408,2025-11-04,2025-11-05,NORMAL,WEAK,-8.59,7,-0.18,-1.6,1.42,-1.78,0.036,0,1
5408,2026-02-13,2026-02-16,WEAK,NORMAL,-3.32,3,1.14,0.32,0.97,-0.81,0.105,0,1
5410,2025-10-31,2025-11-04,NORMAL,NORMAL,-7.58,6,1.09,-2.57,0.14,-2.57,0.173,0,1
5410,2026-02-13,2026-02-16,WEAK,NORMAL,-3.41,3,1.51,-0.25,0.5,-0.74,0.0,0,1
5411,2026-03-13,2026-03-16,WEAK,NORMAL,-3.08,6,-0.96,-0.58,0.55,-1.0,0.0,0,2
5423,2025-10-17,2025-10-20,WEAK,STRONG,-8.3,7,0.0,1.91,3.9,-0.44,0.0,0,1
5423,2026-03-06,2026-03-10,NORMAL,WEAK,-3.35,2,2.12,1.63,2.32,-1.57,0.48,0,3
5440,2026-02-13,2026-02-16,WEAK,NORMAL,-4.69,2,0.8,-0.44,0.56,-0.48,0.0,0,1
5440,2026-03-06,2026-03-10,NORMAL,WEAK,-4.24,2,-1.63,0.62,1.36,-0.66,0.152,1,3
5444,2026-02-13,2026-02-16,WEAK,NORMAL,-11.77,2,2.62,2.09,2.86,-1.11,0.167,0,1
5445,2026-02-13,2026-02-16,WEAK,NORMAL,-3.47,2,1.1,-1.24,0.15,-1.7,0.042,0,1
5449,2026-02-06,2026-02-09,NORMAL,STRONG,-19.47,5,-3.42,-6.33,0.04,-6.62,0.0,0,1
5449,2026-02-09,2026-02-10,STRONG,STRONG,-9.53,8,-0.73,-3.19,0.0,-4.23,0.043,0,2
5449,2026-02-10,2026-02-12,STRONG,NORMAL,-3.89,7,0.87,6.26,6.38,-0.59,0.245,0,3
5449,2026-02-13,2026-02-16,WEAK,NORMAL,-7.3,5,1.36,-2.17,0.0,-3.04,0.056,0,1
5451,2025-10-08,2025-10-09,NORMAL,NORMAL,-3.2,2,0.31,0.54,0.84,-0.15,0.0,0,1
5461,2025-10-30,2025-10-31,NORMAL,NORMAL,-3.07,5,-1.58,-0.45,0.65,-1.26,0.481,0,3
5461,2026-02-26,2026-02-27,NORMAL,STRONG,-5.17,3,-0.21,0.25,0.8,-1.64,0.273,0,4
5461,2026-03-06,2026-03-10,NORMAL,WEAK,-10.95,7,-1.84,0.44,1.43,-0.74,0.154,0,3
5463,2026-03-06,2026-03-10,NORMAL,WEAK,-5.32,4,-0.84,-0.71,0.41,-1.36,0.283,0,3
5471,2026-01-16,2026-01-19,NORMAL,NORMAL,-6.24,3,0.39,-1.77,0.0,-2.82,0.167,0,1
5480,2025-11-04,2025-11-05,NORMAL,WEAK,-3.86,3,-0.12,-0.24,0.0,-2.19,0.0,0,2
5482,2026-03-06,2026-03-10,NORMAL,WEAK,-4.69,2,-0.79,1.76,2.08,-0.64,0.722,0,3
5491,2025-11-04,2025-11-05,NORMAL,WEAK,-5.0,4,0.0,-1.38,0.0,-3.01,0.139,0,1
5527,2025-11-07,2025-11-10,NORMAL,STRONG,-3.33,2,1.99,2.08,2.99,-0.13,0.343,0,2
5527,2025-12-01,2025-12-02,WEAK,WEAK,-3.26,4,-0.42,-0.71,0.42,-1.69,0.25,0,1
5527,2026-01-15,2026-01-16,STRONG,NORMAL,-8.99,4,1.13,3.63,3.77,-0.7,0.417,0,2
5532,2025-10-17,2025-10-20,WEAK,STRONG,-3.8,4,3.56,1.17,1.17,-1.27,0.099,0,1
5532,2025-10-30,2025-10-31,NORMAL,NORMAL,-3.57,2,-1.23,1.82,2.07,-1.93,0.173,0,2
5532,2025-11-04,2025-11-05,NORMAL,WEAK,-9.21,5,-1.16,2.42,2.42,-1.87,0.116,0,1
5532,2025-12-03,2025-12-04,WEAK,NORMAL,-5.41,6,-0.63,-2.56,1.05,-3.19,0.217,0,3
5532,2025-12-04,2025-12-05,NORMAL,WEAK,-3.17,6,0.09,-1.03,1.08,-1.42,0.149,0,4
5532,2025-12-16,2025-12-17,WEAK,NORMAL,-3.62,5,-0.63,2.83,3.42,-1.09,0.206,1,2
5535,2025-10-08,2025-10-09,NORMAL,NORMAL,-4.83,7,-0.72,-5.66,0.18,-7.66,0.154,0,1
5535,2025-10-17,2025-10-20,WEAK,STRONG,-4.07,7,4.91,0.43,1.91,-3.19,0.045,0,7
5535,2025-10-23,2025-10-24,NORMAL,NORMAL,-3.6,5,1.32,-1.3,0.87,-1.74,0.0,1,1
5535,2025-11-06,2025-11-07,NORMAL,NORMAL,-3.42,4,0.71,1.64,2.11,-0.23,0.0,0,3
5535,2025-11-19,2025-11-20,NORMAL,STRONG,-3.95,4,0.77,-1.28,1.28,-3.06,0.067,0,5
5535,2025-12-01,2025-12-02,WEAK,WEAK,-6.55,5,0.0,-4.58,0.0,-5.39,0.0,0,2
5535,2025-12-02,2025-12-03,WEAK,WEAK,-4.58,8,-1.13,0.86,1.71,-1.14,0.15,0,3
5535,2025-12-11,2025-12-12,WEAK,STRONG,-4.17,4,1.16,-2.29,0.57,-3.15,0.0,0,1
5537,2026-02-25,2026-02-26,NORMAL,NORMAL,-10.37,2,-2.05,-1.2,6.13,-4.78,0.149,0,1
5537,2026-03-26,2026-03-27,WEAK,NORMAL,-7.16,2,-0.71,3.05,3.73,-1.56,0.06,0,1
5541,2025-12-01,2025-12-02,WEAK,WEAK,-5.85,3,-0.67,-2.7,0.8,-3.59,0.096,0,1
5541,2025-12-16,2025-12-17,WEAK,NORMAL,-4.41,3,-0.66,-1.04,0.43,-2.7,0.024,0,2
5542,2025-11-07,2025-11-10,NORMAL,STRONG,-8.06,5,0.0,2.02,2.02,-0.67,0.261,0,1
5563,2025-11-06,2025-11-07,NORMAL,NORMAL,-7.6,8,-0.33,2.97,3.3,-0.33,0.129,0,4
5570,2025-11-11,2025-11-12,NORMAL,STRONG,-3.09,8,0.15,3.62,3.62,-0.43,0.364,0,1
5571,2026-02-12,2026-02-13,NORMAL,WEAK,-4.78,4,0.08,-2.14,0.41,-2.14,0.0,0,3
5571,2026-02-16,2026-02-17,NORMAL,NORMAL,-7.56,9,-2.27,4.0,4.0,-0.47,0.455,0,5
5572,2025-12-22,2025-12-23,NORMAL,NORMAL,-4.89,7,0.82,-1.94,0.05,-2.19,0.101,0,1
5574,2025-10-16,2025-10-17,NORMAL,WEAK,-3.81,4,-1.62,-5.6,0.3,-5.87,0.083,0,1
5574,2025-10-17,2025-10-20,WEAK,STRONG,-7.13,5,1.31,-0.74,2.53,-2.28,0.043,0,2
5574,2025-12-05,2025-12-08,WEAK,NORMAL,-5.89,3,-0.08,0.98,2.62,0.0,0.056,1,1
5574,2026-01-16,2026-01-19,NORMAL,NORMAL,-3.79,2,-1.9,3.28,4.45,-0.3,0.34,0,1
5574,2026-03-26,2026-03-27,WEAK,NORMAL,-5.65,2,-1.23,4.1,4.21,0.0,0.078,0,1
5578,2025-10-15,2025-10-16,STRONG,NORMAL,-6.79,4,2.17,-1.52,2.28,-6.98,0.02,0,3
5578,2026-01-14,2026-01-15,NORMAL,STRONG,-5.3,3,1.76,3.62,7.31,-0.94,0.137,0,2
5582,2026-02-17,2026-02-18,NORMAL,STRONG,-4.93,4,0.2,0.29,1.67,-2.53,0.276,0,1
5586,2025-11-14,2025-11-17,NORMAL,NORMAL,-3.22,2,-1.01,-3.36,0.81,-4.28,0.414,0,1
5586,2025-12-02,2025-12-03,WEAK,WEAK,-3.04,2,-0.35,-1.63,0.7,-1.75,0.25,0,3
5586,2025-12-09,2025-12-10,NORMAL,NORMAL,-3.38,4,-0.48,1.46,2.18,-0.12,0.121,0,1
5586,2025-12-16,2025-12-17,WEAK,NORMAL,-3.01,3,0.0,-0.99,0.5,-2.85,0.0,0,1
5586,2026-02-12,2026-02-13,NORMAL,WEAK,-5.87,4,-2.89,-2.14,0.83,-2.38,0.188,0,1
5586,2026-02-13,2026-02-16,WEAK,NORMAL,-4.97,4,1.09,2.28,2.52,-1.08,0.074,0,2
5586,2026-02-24,2026-02-25,NORMAL,NORMAL,-5.07,5,-0.13,2.54,4.96,0.0,0.0,0,2
5587,2025-11-19,2025-11-20,NORMAL,STRONG,-5.13,8,1.89,-1.46,0.27,-3.45,0.015,1,4
5587,2026-03-06,2026-03-10,NORMAL,WEAK,-11.81,8,1.66,2.45,4.35,-0.54,0.324,0,4
5588,2025-11-19,2025-11-20,NORMAL,STRONG,-5.63,5,-1.93,-0.72,2.24,-1.34,0.0,0,3
5588,2026-02-04,2026-02-05,NORMAL,NORMAL,-7.27,8,-2.07,4.22,4.44,0.0,0.045,0,2
5588,2026-02-13,2026-02-16,WEAK,NORMAL,-11.24,10,11.07,-1.66,6.53,-2.55,0.326,0,2
5588,2026-02-17,2026-02-18,NORMAL,STRONG,-3.49,7,-1.75,-8.43,0.0,-8.67,0.32,0,1
5588,2026-02-18,2026-02-19,STRONG,NORMAL,-10.04,8,0.65,6.83,6.83,-2.06,0.027,0,2
5588,2026-02-24,2026-02-25,NORMAL,NORMAL,-3.41,5,0.0,3.53,4.28,-0.88,0.364,0,2
5588,2026-03-06,2026-03-10,NORMAL,WEAK,-7.31,4,-1.0,-1.26,0.38,-2.91,0.093,0,1
5590,2025-11-12,2025-11-13,STRONG,NORMAL,-5.25,4,-0.16,-6.91,0.0,-7.32,0.467,0,1
5590,2025-11-13,2025-11-14,NORMAL,NORMAL,-7.06,5,-4.06,5.4,8.73,-2.43,0.055,0,2
5590,2025-11-19,2025-11-20,NORMAL,STRONG,-6.35,8,0.95,1.36,2.41,-3.57,0.099,1,3
5590,2025-11-21,2025-11-25,STRONG,NORMAL,-5.8,9,4.62,-3.99,0.32,-4.73,0.415,0,1
5590,2025-11-27,2025-11-28,NORMAL,NORMAL,-5.26,6,10.0,-1.01,2.12,-4.85,0.089,1,1
5590,2025-12-01,2025-12-02,WEAK,WEAK,-6.43,6,0.44,-3.15,0.65,-3.58,0.042,0,1
5590,2025-12-16,2025-12-17,WEAK,NORMAL,-9.7,8,0.0,2.81,2.81,-1.95,0.167,0,1
5590,2026-02-02,2026-02-03,NORMAL,STRONG,-4.68,6,-0.47,0.0,0.59,-1.29,0.129,0,1
5590,2026-02-06,2026-02-09,NORMAL,STRONG,-3.06,6,1.82,1.79,2.98,-1.79,0.567,1,5
5590,2026-02-12,2026-02-13,NORMAL,WEAK,-5.19,5,7.14,-8.89,2.67,-10.11,0.412,0,1
5590,2026-02-16,2026-02-17,NORMAL,NORMAL,-6.22,6,1.95,0.89,2.81,-1.02,0.211,0,3
5590,2026-02-20,2026-02-24,WEAK,NORMAL,-6.77,4,-0.51,0.0,0.13,-2.43,0.098,0,1
5590,2026-03-26,2026-03-27,WEAK,NORMAL,-4.36,3,0.0,6.22,6.35,-0.41,0.154,0,1
5591,2026-02-13,2026-02-16,WEAK,NORMAL,-9.96,8,0.0,-5.62,1.87,-6.78,0.0,0,2
5591,2026-02-16,2026-02-17,NORMAL,NORMAL,-5.62,9,-0.76,0.95,3.52,-2.29,0.134,0,3
5591,2026-02-24,2026-02-25,NORMAL,NORMAL,-12.52,9,1.6,0.63,4.0,0.0,0.007,0,1
5592,2025-10-17,2025-10-20,WEAK,STRONG,-4.56,7,0.14,0.98,3.09,-0.14,0.139,0,2
5592,2025-11-14,2025-11-17,NORMAL,NORMAL,-12.64,9,0.03,-6.49,0.31,-10.27,0.025,0,2
5592,2025-12-01,2025-12-02,WEAK,WEAK,-4.78,4,-1.17,-5.85,0.37,-6.67,0.121,0,2
5592,2025-12-02,2025-12-03,WEAK,WEAK,-6.95,6,-0.98,0.2,1.47,-1.23,0.116,0,3
5592,2026-02-24,2026-02-25,NORMAL,NORMAL,-6.84,3,1.54,1.75,3.26,-0.35,0.098,0,2
5597,2025-10-02,2025-10-03,NORMAL,STRONG,-3.63,6,-1.91,3.95,6.05,-0.68,0.201,1,1
5597,2025-10-17,2025-10-20,WEAK,STRONG,-3.64,2,1.96,4.15,4.15,-1.38,0.118,0,1
5597,2025-11-06,2025-11-07,NORMAL,NORMAL,-6.19,4,0.23,1.52,4.0,0.0,0.08,0,4
5597,2025-11-14,2025-11-17,NORMAL,NORMAL,-3.74,6,-4.05,-2.74,2.02,-3.21,0.0,0,2
5597,2025-11-25,2025-11-26,NORMAL,STRONG,-5.91,8,1.81,-0.5,0.0,-4.61,0.231,0,3
5597,2025-12-05,2025-12-08,WEAK,NORMAL,-6.48,3,-1.0,-1.08,0.74,-3.1,0.0,0,1
5597,2025-12-09,2025-12-10,NORMAL,NORMAL,-4.01,3,-0.85,-6.86,1.36,-7.08,0.036,1,3
5597,2025-12-10,2025-12-11,NORMAL,WEAK,-7.65,5,-0.54,-2.47,2.01,-2.85,0.025,0,4
5597,2025-12-16,2025-12-17,WEAK,NORMAL,-3.71,5,-0.74,-1.07,1.49,-3.3,0.0,0,2
5597,2025-12-18,2025-12-19,NORMAL,NORMAL,-5.34,5,2.65,4.38,6.7,-1.8,0.082,0,4
5597,2025-12-22,2025-12-23,NORMAL,NORMAL,-4.03,5,-0.69,4.84,5.61,-0.26,0.14,0,1
5597,2025-12-30,2026-01-05,WEAK,NORMAL,-4.48,4,-0.68,-1.12,0.69,-2.83,0.0,0,1
5597,2026-01-13,2026-01-14,NORMAL,NORMAL,-4.01,2,1.48,2.22,11.72,-3.49,0.0,0,2
5597,2026-02-16,2026-02-17,NORMAL,NORMAL,-5.77,2,1.78,-9.5,0.0,-10.28,0.0,0,2
5597,2026-02-17,2026-02-18,NORMAL,STRONG,-7.89,5,0.0,7.79,13.0,0.0,0.075,0,3
5599,2025-10-23,2025-10-24,NORMAL,NORMAL,-4.65,3,0.0,0.25,1.42,-4.63,0.181,0,1
5599,2025-12-23,2025-12-24,NORMAL,NORMAL,-5.1,2,0.78,-1.76,0.98,-4.15,0.149,0,1
5599,2026-02-13,2026-02-16,WEAK,NORMAL,-18.9,8,-0.99,-6.12,0.95,-9.13,0.032,0,1
5599,2026-02-16,2026-02-17,NORMAL,NORMAL,-7.05,8,2.08,-3.41,0.39,-6.06,0.298,0,2
5599,2026-02-24,2026-02-25,NORMAL,NORMAL,-20.22,9,2.11,7.38,8.07,0.0,0.126,0,2
5602,2025-10-17,2025-10-20,WEAK,STRONG,-4.13,7,1.66,-0.82,1.03,-1.58,0.0,0,1
5602,2025-11-10,2025-11-11,STRONG,NORMAL,-4.97,4,-0.85,-0.98,0.06,-2.45,0.045,0,2
5602,2026-02-06,2026-02-09,NORMAL,STRONG,-4.63,7,1.62,-3.83,0.0,-5.6,0.429,0,1
5602,2026-03-06,2026-03-10,NORMAL,WEAK,-4.16,3,-1.7,0.51,1.79,-0.77,0.0,0,3
5612,2025-10-17,2025-10-20,WEAK,STRONG,-4.28,3,2.18,0.53,1.71,-1.17,0.0,0,1
5612,2025-11-04,2025-11-05,NORMAL,WEAK,-5.13,4,-1.41,0.36,0.48,-3.28,0.428,0,1
5612,2026-01-16,2026-01-19,NORMAL,NORMAL,-4.76,3,-2.28,-0.71,0.0,-3.6,0.176,0,1
5621,2025-11-04,2025-11-05,NORMAL,WEAK,-3.11,4,0.0,0.27,1.03,-2.05,0.247,0,1
5621,2025-11-25,2025-11-26,NORMAL,STRONG,-5.53,7,-0.43,1.23,1.44,-2.51,0.2,0,1
5621,2025-12-02,2025-12-03,WEAK,WEAK,-4.99,7,0.11,0.11,1.17,-0.56,0.0,0,1
5621,2025-12-11,2025-12-12,WEAK,STRONG,-4.5,4,0.17,-2.03,0.93,-2.73,0.072,0,1
5621,2026-02-04,2026-02-05,NORMAL,NORMAL,-3.43,7,0.29,3.14,3.84,-1.28,0.575,0,3
5621,2026-02-06,2026-02-09,NORMAL,STRONG,-4.0,4,1.0,2.44,2.67,-0.06,0.076,0,1
5621,2026-02-13,2026-02-16,WEAK,NORMAL,-4.89,7,-9.98,-8.6,2.69,-10.88,0.011,0,2
5621,2026-02-16,2026-02-17,NORMAL,NORMAL,-17.71,10,2.2,0.93,3.74,-1.87,0.168,0,3
5631,2025-11-05,2025-11-06,WEAK,NORMAL,-7.72,2,0.64,0.66,1.29,-1.26,0.326,0,3
5631,2025-11-07,2025-11-10,NORMAL,STRONG,-4.49,3,-0.03,1.0,2.7,-1.07,0.202,0,1
5631,2025-11-21,2025-11-25,STRONG,NORMAL,-8.51,3,0.59,-3.33,0.33,-4.42,0.233,0,1
5631,2025-12-02,2025-12-03,WEAK,WEAK,-4.0,2,0.0,0.44,3.11,-1.02,0.0,0,2
5631,2025-12-11,2025-12-12,WEAK,STRONG,-3.1,2,0.62,0.43,1.21,-1.02,0.164,0,3
5631,2025-12-15,2025-12-16,NORMAL,WEAK,-7.9,5,0.32,-3.27,0.58,-3.51,0.031,0,1
5631,2025-12-18,2025-12-19,NORMAL,NORMAL,-6.79,8,-2.03,4.6,5.85,0.0,0.355,0,4
5632,2025-11-06,2025-11-07,NORMAL,NORMAL,-4.78,5,-2.14,0.29,1.12,-2.12,0.366,0,3
5632,2026-02-05,2026-02-06,NORMAL,NORMAL,-3.51,4,-1.29,2.88,3.47,-1.03,0.319,0,1
5659,2026-03-06,2026-03-10,NORMAL,WEAK,-3.1,2,-1.79,0.87,1.43,-0.71,0.938,0,3
5698,2026-01-20,2026-01-21,WEAK,WEAK,-4.5,3,-5.81,0.96,6.7,-2.77,0.24,0,1
5698,2026-02-09,2026-02-10,STRONG,STRONG,-3.74,2,0.0,2.11,3.0,-0.56,0.11,0,1
5702,2025-11-13,2025-11-14,NORMAL,NORMAL,-5.96,6,-0.92,0.37,1.11,-1.11,0.024,0,1
5703,2026-02-13,2026-02-16,WEAK,NORMAL,-7.6,2,3.15,-0.13,0.47,-1.31,0.12,0,1
5706,2025-12-11,2025-12-12,WEAK,STRONG,-4.53,2,4.1,-1.09,0.27,-3.09,0.053,0,1
5706,2025-12-16,2025-12-17,WEAK,NORMAL,-3.32,2,-0.69,3.49,3.85,-1.08,0.476,0,2
5707,2025-11-14,2025-11-17,NORMAL,NORMAL,-4.45,4,1.05,-1.63,0.89,-1.63,0.486,0,2
5707,2025-12-25,2025-12-26,NORMAL,NORMAL,-9.82,3,0.0,5.44,11.11,-0.22,0.124,0,1
5707,2026-01-19,2026-01-20,NORMAL,WEAK,-7.41,2,-2.22,-5.96,5.51,-12.68,0.159,0,1
5707,2026-02-05,2026-02-06,NORMAL,NORMAL,-6.31,3,-3.73,4.21,5.23,-1.9,0.2,1,1
5707,2026-02-17,2026-02-18,NORMAL,STRONG,-6.44,3,-1.19,2.85,6.9,-1.71,0.151,0,1
5707,2026-02-20,2026-02-24,WEAK,NORMAL,-4.98,2,-0.19,-0.71,4.79,-1.49,0.179,1,1
5707,2026-03-06,2026-03-10,NORMAL,WEAK,-6.24,3,-4.48,0.48,1.45,-2.55,0.625,1,2
5707,2026-03-10,2026-03-11,WEAK,NORMAL,-4.02,4,0.89,0.2,3.47,-0.2,0.638,0,3
5707,2026-03-26,2026-03-27,WEAK,NORMAL,-3.46,7,-1.0,2.1,3.11,-1.01,0.28,0,1
5711,2026-02-02,2026-02-03,NORMAL,STRONG,-6.05,2,3.35,2.66,2.87,-0.58,0.005,0,2
5713,2025-11-21,2025-11-25,STRONG,NORMAL,-4.53,3,2.41,-0.31,0.72,-0.87,0.213,0,1
5713,2026-01-30,2026-02-02,NORMAL,NORMAL,-5.02,3,-9.62,-2.0,4.61,-2.91,0.268,0,1
5713,2026-02-02,2026-02-03,NORMAL,STRONG,-11.42,2,2.81,2.64,2.71,-0.79,0.121,0,2
5714,2026-02-02,2026-02-03,NORMAL,STRONG,-6.4,3,4.36,2.07,2.71,-0.6,0.004,0,2
5715,2025-12-16,2025-12-17,WEAK,NORMAL,-5.78,2,-1.33,-0.27,1.62,-2.57,0.039,0,2
5715,2025-12-18,2025-12-19,NORMAL,NORMAL,-3.93,4,1.27,0.56,1.81,-1.25,0.133,1,4
5715,2026-01-16,2026-01-19,NORMAL,NORMAL,-6.38,2,-1.19,3.61,4.27,-0.44,0.227,0,1
5715,2026-03-06,2026-03-10,NORMAL,WEAK,-9.75,3,-2.36,-0.4,1.61,-2.11,0.684,0,2
5715,2026-03-17,2026-03-18,NORMAL,STRONG,-4.84,5,1.8,2.92,2.92,-1.25,0.076,0,1
5724,2025-11-20,2025-11-21,STRONG,STRONG,-7.5,2,-0.42,-2.18,3.9,-5.12,0.253,0,1
5724,2025-12-11,2025-12-12,WEAK,STRONG,-8.18,2,2.0,0.29,2.91,-3.53,0.142,0,6
5724,2025-12-30,2026-01-05,WEAK,NORMAL,-8.96,3,1.93,0.34,4.39,-1.06,0.052,0,1
5724,2026-02-13,2026-02-16,WEAK,NORMAL,-6.47,2,0.0,1.6,2.53,-0.66,0.128,0,4
5724,2026-02-18,2026-02-19,STRONG,NORMAL,-3.3,2,-0.14,-5.74,0.55,-8.33,0.179,0,2
5724,2026-02-19,2026-02-20,NORMAL,WEAK,-5.87,4,0.58,-1.3,3.03,-1.3,0.292,0,3
5724,2026-02-26,2026-02-27,NORMAL,STRONG,-4.06,2,3.14,4.76,7.01,-0.79,0.186,0,1
5724,2026-03-10,2026-03-11,WEAK,NORMAL,-5.5,3,-0.43,0.57,5.14,-0.14,0.5,0,1
5724,2026-03-26,2026-03-27,WEAK,NORMAL,-4.3,3,-1.2,2.12,3.48,-1.06,0.163,1,1
5726,2025-10-17,2025-10-20,WEAK,STRONG,-3.62,2,1.51,2.68,2.72,-1.19,0.049,1,1
5726,2025-11-11,2025-11-12,NORMAL,STRONG,-11.25,7,-0.94,2.53,3.35,-1.81,0.195,0,3
5726,2025-11-19,2025-11-20,NORMAL,STRONG,-3.23,7,1.45,-0.19,1.1,-2.14,0.293,0,2
5726,2025-12-01,2025-12-02,WEAK,WEAK,-6.43,4,0.09,-3.22,1.47,-3.22,0.0,0,1
5726,2025-12-02,2025-12-03,WEAK,WEAK,-3.13,4,4.89,-2.05,1.17,-2.19,0.0,0,2
5726,2025-12-08,2025-12-09,NORMAL,NORMAL,-6.93,6,-1.08,-1.87,1.04,-2.39,0.05,0,3
5726,2025-12-11,2025-12-12,WEAK,STRONG,-6.31,5,4.77,3.27,3.86,0.0,0.009,0,1
5726,2025-12-16,2025-12-17,WEAK,NORMAL,-4.8,4,-0.22,-0.73,1.18,-1.18,0.133,0,2
5726,2026-03-16,2026-03-17,NORMAL,NORMAL,-5.61,3,1.43,-3.69,0.68,-4.1,0.289,0,3
5727,2025-10-17,2025-10-20,WEAK,STRONG,-3.08,5,0.14,1.1,1.1,-0.83,0.173,0,2
5727,2025-11-05,2025-11-06,WEAK,NORMAL,-3.57,2,-0.88,-1.5,0.68,-1.56,0.636,0,2
5727,2025-11-07,2025-11-10,NORMAL,STRONG,-4.83,5,0.8,-3.02,1.08,-3.6,0.778,0,4
5727,2025-12-02,2025-12-03,WEAK,WEAK,-4.71,4,0.74,-1.14,1.64,-1.14,0.034,0,1
5729,2025-11-07,2025-11-10,NORMAL,STRONG,-20.54,10,-0.4,2.91,5.91,-1.3,0.111,0,2
5729,2025-11-11,2025-11-12,NORMAL,STRONG,-4.19,7,-2.34,1.35,1.35,-2.5,0.258,1,1
5729,2026-02-05,2026-02-06,NORMAL,NORMAL,-14.02,6,-0.71,-1.88,3.39,-3.39,0.09,0,1
5741,2025-12-03,2025-12-04,WEAK,NORMAL,-9.87,6,-0.87,3.83,5.41,-0.6,0.074,0,1
5741,2025-12-09,2025-12-10,NORMAL,NORMAL,-5.67,4,3.09,0.53,1.5,-0.43,0.0,0,1
5741,2026-02-13,2026-02-16,WEAK,NORMAL,-20.65,2,0.0,-7.17,1.97,-10.04,0.0,0,1
5741,2026-02-16,2026-02-17,NORMAL,NORMAL,-7.17,3,-3.08,-1.61,1.16,-2.69,0.238,0,2
5741,2026-02-17,2026-02-18,NORMAL,STRONG,-4.65,2,0.46,0.84,5.48,-0.25,0.28,0,3
5741,2026-03-10,2026-03-11,WEAK,NORMAL,-4.98,4,5.04,0.39,2.73,-0.78,0.5,0,4
5742,2025-11-26,2025-11-27,STRONG,NORMAL,-3.26,7,0.0,0.67,2.43,-0.54,0.5,0,1
5801,2025-11-10,2025-11-11,STRONG,NORMAL,-8.19,2,3.61,-2.55,5.49,-3.32,0.059,0,2
5801,2025-11-21,2025-11-25,STRONG,NORMAL,-10.41,4,3.38,-1.58,1.39,-1.97,0.136,0,1
5801,2025-12-16,2025-12-17,WEAK,NORMAL,-4.09,2,1.03,0.66,1.61,-2.36,0.207,0,2
5802,2025-12-18,2025-12-19,NORMAL,NORMAL,-3.81,2,1.78,1.86,3.01,-0.26,0.234,1,1
5802,2025-12-26,2025-12-29,NORMAL,NORMAL,-4.36,2,1.14,0.16,2.73,-0.41,0.104,0,1
5803,2025-11-07,2025-11-10,NORMAL,STRONG,-5.16,2,2.33,-1.82,1.94,-2.94,0.446,0,1
5803,2025-11-21,2025-11-25,STRONG,NORMAL,-8.28,3,3.84,-3.39,1.14,-3.56,0.432,1,1
5803,2025-12-01,2025-12-02,WEAK,WEAK,-8.94,4,1.38,0.18,2.72,-0.27,0.089,0,2
5803,2025-12-16,2025-12-17,WEAK,NORMAL,-6.73,3,0.03,0.12,0.94,-3.45,0.165,0,2
5803,2025-12-18,2025-12-19,NORMAL,NORMAL,-3.42,4,1.1,3.07,4.62,-0.37,0.131,0,1
5805,2025-10-17,2025-10-20,WEAK,STRONG,-3.95,4,2.12,-0.28,0.55,-1.11,0.25,0,1
5805,2026-03-17,2026-03-18,NORMAL,STRONG,-4.75,2,3.79,0.0,0.21,-2.08,0.063,0,4
5816,2025-11-06,2025-11-07,NORMAL,NORMAL,-7.98,2,-2.22,7.2,8.71,-1.59,0.118,0,1
5817,2025-11-05,2025-11-06,WEAK,NORMAL,-3.74,2,0.41,-1.63,0.0,-1.63,0.357,0,1
5817,2025-12-11,2025-12-12,WEAK,STRONG,-17.3,3,-4.04,5.09,12.94,-1.45,0.0,0,1
5817,2026-03-26,2026-03-27,WEAK,NORMAL,-5.38,6,-2.08,2.28,4.08,-1.41,0.233,0,1
5819,2026-01-30,2026-02-02,NORMAL,NORMAL,-4.31,4,0.38,-1.24,0.0,-1.52,0.795,0,1
5821,2025-12-16,2025-12-17,WEAK,NORMAL,-5.11,3,0.04,1.62,1.99,-0.76,0.07,0,2
5830,2025-11-07,2025-11-10,NORMAL,STRONG,-6.09,3,0.26,1.53,1.91,-0.56,0.216,0,1
5831,2026-03-10,2026-03-11,WEAK,NORMAL,-3.06,3,0.54,-0.44,2.07,-0.48,0.374,0,4
5831,2026-03-16,2026-03-17,NORMAL,NORMAL,-3.16,5,2.37,-0.58,1.31,-1.55,0.078,1,1
5834,2025-10-30,2025-10-31,NORMAL,NORMAL,-4.18,4,0.6,-0.99,3.16,-1.87,0.346,0,1
5838,2025-10-06,2025-10-07,STRONG,NORMAL,-5.59,3,-1.37,-0.95,0.62,-1.5,0.42,0,1
5838,2025-11-12,2025-11-13,STRONG,NORMAL,-5.27,6,0.99,-1.49,2.96,-2.07,0.688,0,1
5838,2025-11-19,2025-11-20,NORMAL,STRONG,-5.27,9,3.66,-0.99,0.21,-4.56,0.151,0,6
5838,2026-02-26,2026-02-27,NORMAL,STRONG,-13.57,6,-3.53,-4.1,0.53,-6.0,0.036,0,4
5838,2026-02-27,2026-03-02,STRONG,WEAK,-7.49,8,-3.14,1.17,3.68,-1.95,0.291,0,5
5838,2026-03-26,2026-03-27,WEAK,NORMAL,-3.43,3,-0.38,1.1,1.93,-1.2,0.123,0,1
5842,2025-10-17,2025-10-20,WEAK,STRONG,-3.85,6,1.6,1.73,2.36,-0.16,0.0,0,2
5842,2025-11-13,2025-11-14,NORMAL,NORMAL,-5.87,2,-2.03,1.78,2.81,-1.78,0.263,0,1
5842,2025-12-05,2025-12-08,WEAK,NORMAL,-3.85,2,0.0,0.46,1.54,-0.92,0.312,0,2
5842,2025-12-16,2025-12-17,WEAK,NORMAL,-3.43,5,1.94,0.95,1.11,-3.16,0.176,0,3
5842,2026-01-09,2026-01-13,NORMAL,NORMAL,-3.62,2,1.73,0.43,0.85,-2.84,0.286,0,1
5842,2026-01-16,2026-01-19,NORMAL,NORMAL,-4.36,3,-0.39,-0.79,0.65,-3.66,0.456,0,1
5842,2026-02-12,2026-02-13,NORMAL,WEAK,-4.3,4,-1.05,-4.08,3.33,-4.08,0.186,0,1
5842,2026-02-13,2026-02-16,WEAK,NORMAL,-5.09,5,-0.47,-0.48,2.38,-3.49,0.0,0,2
5844,2026-02-17,2026-02-18,NORMAL,STRONG,-4.1,2,1.13,0.35,0.76,-1.06,0.0,0,3
5844,2026-02-24,2026-02-25,NORMAL,NORMAL,-3.68,3,-0.62,-1.95,0.0,-3.95,0.364,0,2
5851,2025-11-07,2025-11-10,NORMAL,STRONG,-8.87,3,0.89,0.27,0.46,-1.35,0.221,0,1
5851,2026-03-10,2026-03-11,WEAK,NORMAL,-3.65,3,1.59,-1.01,0.78,-1.01,0.4,0,4
5857,2026-02-02,2026-02-03,NORMAL,STRONG,-5.1,3,1.6,2.14,3.0,-0.86,0.156,0,4
5857,2026-03-16,2026-03-17,NORMAL,NORMAL,-4.29,2,1.9,-1.73,0.4,-2.27,0.395,0,3
5858,2025-11-20,2025-11-21,STRONG,STRONG,-3.73,10,-1.27,0.0,1.96,-0.68,0.206,0,2
5870,2025-10-17,2025-10-20,WEAK,STRONG,-3.86,5,1.56,2.2,2.96,-1.76,0.068,0,2
5870,2026-02-16,2026-02-17,NORMAL,NORMAL,-6.58,5,1.19,0.59,0.98,-1.47,0.141,0,1
5871,2025-11-10,2025-11-11,STRONG,NORMAL,-11.66,10,-1.87,1.25,4.78,-0.07,0.316,0,2
5885,2025-12-11,2025-12-12,WEAK,STRONG,-6.28,3,1.31,-3.87,1.77,-5.42,0.011,0,1
5885,2026-02-04,2026-02-05,NORMAL,NORMAL,-4.33,4,-0.43,-0.22,1.26,-0.54,0.065,0,1
5888,2026-03-17,2026-03-18,NORMAL,STRONG,-6.99,6,-0.27,-1.51,0.27,-2.33,0.31,0,2
5889,2025-10-16,2025-10-17,NORMAL,WEAK,-3.96,5,0.69,0.73,0.83,-2.2,0.186,0,1
5889,2025-11-25,2025-11-26,NORMAL,STRONG,-3.11,3,0.98,0.11,0.48,-0.97,0.067,0,1
5891,2025-10-24,2025-10-27,NORMAL,STRONG,-3.95,6,1.18,-0.17,0.41,-0.52,0.0,0,7
5891,2025-12-29,2025-12-30,NORMAL,WEAK,-3.46,6,0.56,-1.53,0.0,-1.6,0.178,0,1
5891,2026-02-16,2026-02-17,NORMAL,NORMAL,-3.69,4,-0.32,0.32,1.73,-0.13,0.0,0,2
5892,2025-10-08,2025-10-09,NORMAL,NORMAL,-9.5,10,-0.27,-4.53,0.93,-6.52,0.189,0,1
5892,2025-10-17,2025-10-20,WEAK,STRONG,-4.86,7,2.17,3.33,3.33,-1.97,0.059,0,2
5892,2025-10-23,2025-10-24,NORMAL,NORMAL,-6.18,6,0.61,-0.15,1.67,-1.22,0.024,0,2
5892,2025-10-30,2025-10-31,NORMAL,NORMAL,-4.76,5,0.0,2.1,2.74,0.0,0.086,0,3
5892,2025-11-11,2025-11-12,NORMAL,STRONG,-11.68,9,3.62,-0.87,4.16,-1.4,0.437,0,2
5892,2025-12-02,2025-12-03,WEAK,WEAK,-3.43,4,0.16,1.2,1.27,-1.99,0.174,0,4
5892,2025-12-05,2025-12-08,WEAK,NORMAL,-3.03,5,3.32,1.96,4.27,-1.57,0.127,0,1
5892,2025-12-09,2025-12-10,NORMAL,NORMAL,-8.23,6,-1.42,0.17,1.28,-2.76,0.137,0,1
5892,2025-12-11,2025-12-12,WEAK,STRONG,-5.18,5,0.4,2.63,3.43,-0.18,0.09,0,3
5892,2025-12-16,2025-12-17,WEAK,NORMAL,-4.28,5,-0.54,0.45,2.65,0.0,0.099,0,1
5892,2026-02-12,2026-02-13,NORMAL,WEAK,-3.19,2,1.75,-1.17,0.41,-3.24,0.372,0,1
5892,2026-02-16,2026-02-17,NORMAL,NORMAL,-14.95,7,0.04,-2.83,0.53,-6.06,0.364,0,1
5892,2026-02-18,2026-02-19,STRONG,NORMAL,-5.1,6,0.09,3.86,4.22,-2.35,0.174,1,3
5892,2026-02-20,2026-02-24,WEAK,NORMAL,-3.59,5,-0.58,-7.27,0.0,-7.53,0.056,1,1
5892,2026-02-24,2026-02-25,NORMAL,NORMAL,-7.8,5,2.16,4.24,6.26,0.0,0.036,0,2
5902,2026-02-09,2026-02-10,STRONG,STRONG,-4.01,4,0.73,-0.34,1.97,-0.39,0.206,0,1
5906,2025-12-19,2025-12-22,NORMAL,NORMAL,-4.44,2,1.55,-1.68,2.13,-5.18,0.178,1,1
5918,2026-03-16,2026-03-17,NORMAL,NORMAL,-3.03,4,0.0,0.28,1.14,-0.43,0.075,0,2
5929,2026-01-30,2026-02-02,NORMAL,NORMAL,-8.69,9,0.0,1.51,2.11,-2.09,0.153,0,3
5932,2025-10-08,2025-10-09,NORMAL,NORMAL,-5.27,4,0.16,-1.59,0.0,-1.59,0.0,0,1
5938,2025-10-31,2025-11-04,NORMAL,NORMAL,-4.36,4,0.0,0.99,1.49,-1.4,0.0,0,1
5939,2026-02-17,2026-02-18,NORMAL,STRONG,-16.1,3,-3.1,0.12,3.2,-12.67,0.142,0,1
5939,2026-03-10,2026-03-11,WEAK,NORMAL,-22.78,8,-2.42,-2.02,0.0,-3.41,0.383,0,3
5939,2026-03-16,2026-03-17,NORMAL,NORMAL,-9.32,8,1.83,1.98,5.59,-0.9,0.321,0,7
5943,2025-11-12,2025-11-13,STRONG,NORMAL,-7.07,7,0.47,-1.66,0.67,-2.02,0.365,0,1
5947,2026-02-13,2026-02-16,WEAK,NORMAL,-4.87,3,0.55,-1.01,0.47,-1.88,0.0,0,2
5947,2026-03-06,2026-03-10,NORMAL,WEAK,-3.3,3,-1.55,-0.78,0.8,-0.83,0.227,1,2
5949,2025-11-07,2025-11-10,NORMAL,STRONG,-6.53,4,1.4,1.64,1.89,-0.78,0.429,0,1
5949,2026-03-06,2026-03-10,NORMAL,WEAK,-5.12,2,-1.24,-0.74,0.15,-1.7,0.538,1,3
5952,2025-10-15,2025-10-16,STRONG,NORMAL,-3.76,3,4.88,-7.91,0.93,-8.37,0.415,0,1
5952,2025-10-22,2025-10-23,STRONG,NORMAL,-15.79,2,0.0,-3.57,1.79,-4.02,0.048,0,1
5952,2026-01-16,2026-01-19,NORMAL,NORMAL,-3.15,2,3.72,-0.45,0.9,-2.69,0.333,0,1
5956,2026-02-13,2026-02-16,WEAK,NORMAL,-3.81,3,0.14,0.14,2.32,-0.14,0.155,0,1
5957,2025-11-14,2025-11-17,NORMAL,NORMAL,-7.79,3,0.6,0.3,0.6,-0.9,0.121,0,1
5965,2025-11-14,2025-11-17,NORMAL,NORMAL,-3.45,4,0.09,1.31,2.16,-0.85,0.25,0,1
5967,2025-11-26,2025-11-27,STRONG,NORMAL,-4.07,7,-9.89,3.14,3.92,-0.2,0.214,0,4
5967,2025-11-27,2025-11-28,NORMAL,NORMAL,-7.07,9,-0.95,-0.38,0.0,-1.15,0.048,0,5
5970,2025-11-14,2025-11-17,NORMAL,NORMAL,-6.67,5,0.05,-1.72,0.16,-2.55,0.024,0,1
5970,2025-12-05,2025-12-08,WEAK,NORMAL,-3.98,6,0.27,2.66,3.04,0.0,0.043,0,1
5974,2026-01-09,2026-01-13,NORMAL,NORMAL,-9.5,3,2.17,-2.35,0.0,-6.15,0.099,0,1
5985,2025-10-20,2025-10-21,STRONG,NORMAL,-4.29,3,3.52,7.11,8.24,-3.09,0.222,0,2
5985,2025-11-19,2025-11-20,NORMAL,STRONG,-7.93,2,4.19,-5.84,0.0,-7.51,0.062,1,1
5985,2025-12-04,2025-12-05,NORMAL,WEAK,-6.28,2,0.0,1.51,4.34,-0.85,0.148,0,1
5985,2025-12-09,2025-12-10,NORMAL,NORMAL,-5.45,4,-0.2,-3.23,1.18,-3.23,0.208,0,1
5985,2025-12-10,2025-12-11,NORMAL,WEAK,-3.42,5,-0.91,-5.11,1.53,-6.33,0.0,0,2
5985,2025-12-11,2025-12-12,WEAK,STRONG,-5.97,6,3.23,3.23,4.48,-1.88,0.156,0,3
5985,2025-12-16,2025-12-17,WEAK,NORMAL,-4.2,6,-0.53,-3.33,0.43,-5.91,0.25,1,2
5985,2025-12-17,2025-12-18,NORMAL,NORMAL,-3.85,6,-2.45,1.71,4.9,-0.8,0.407,0,3
5985,2026-02-19,2026-02-20,NORMAL,WEAK,-11.25,2,-0.79,1.33,1.51,-2.4,0.224,0,1
5985,2026-03-13,2026-03-16,WEAK,NORMAL,-7.11,3,-1.94,-0.29,8.33,-4.14,0.231,0,1
5989,2025-11-12,2025-11-13,STRONG,NORMAL,-4.46,6,0.47,0.63,3.15,-1.81,0.462,0,1
5989,2026-02-13,2026-02-16,WEAK,NORMAL,-4.6,4,0.07,0.0,1.4,-1.82,0.258,0,1
5989,2026-03-06,2026-03-10,NORMAL,WEAK,-3.08,4,-2.07,0.68,1.21,-1.06,0.636,1,3
5989,2026-03-13,2026-03-16,WEAK,NORMAL,-4.71,7,-0.24,0.81,1.87,-0.08,0.149,0,7
5991,2025-11-13,2025-11-14,NORMAL,NORMAL,-17.14,4,-5.5,-1.62,0.94,-7.22,0.0,0,1
5991,2025-11-14,2025-11-17,NORMAL,NORMAL,-7.03,9,-0.51,5.68,5.68,-0.65,0.686,0,2
5991,2026-03-06,2026-03-10,NORMAL,WEAK,-3.26,4,-2.22,0.29,1.76,-0.79,0.188,0,3
5992,2025-10-07,2025-10-08,NORMAL,NORMAL,-4.29,2,0.75,-1.93,0.74,-1.93,0.103,0,1
5992,2025-12-01,2025-12-02,WEAK,WEAK,-11.18,2,0.0,2.52,2.96,0.0,0.033,0,1
5994,2025-12-05,2025-12-08,WEAK,NORMAL,-4.9,4,0.0,4.26,4.98,0.0,0.039,0,5
5994,2026-02-16,2026-02-17,NORMAL,NORMAL,-19.7,6,1.27,-3.69,0.0,-3.87,0.521,0,2
5998,2025-11-19,2025-11-20,NORMAL,STRONG,-8.84,8,2.58,-1.09,0.0,-7.03,0.061,0,4
5998,2026-02-16,2026-02-17,NORMAL,NORMAL,-4.11,2,-1.3,-3.02,1.71,-6.0,0.697,0,2
6005,2026-02-13,2026-02-16,WEAK,NORMAL,-12.82,5,0.07,-3.04,0.68,-3.64,0.095,0,1
6005,2026-03-10,2026-03-11,WEAK,NORMAL,-3.38,2,1.27,-0.55,0.39,-0.81,0.197,1,3
6016,2025-12-18,2025-12-19,NORMAL,NORMAL,-3.75,2,0.39,-0.93,0.78,-2.56,0.571,0,3
6016,2025-12-22,2025-12-23,NORMAL,NORMAL,-3.83,4,-1.3,7.58,8.08,-0.49,0.312,0,5
6016,2025-12-25,2025-12-26,NORMAL,NORMAL,-6.14,4,-1.34,-0.42,2.97,-1.36,0.0,0,2
6016,2026-02-05,2026-02-06,NORMAL,NORMAL,-5.06,2,-0.37,3.19,3.19,-4.23,0.193,0,2
6016,2026-03-06,2026-03-10,NORMAL,WEAK,-7.94,4,-5.55,-0.24,3.51,-0.57,0.66,0,2
6016,2026-03-10,2026-03-11,WEAK,NORMAL,-5.78,4,2.21,0.88,3.04,-0.32,0.08,1,3
6022,2025-10-30,2025-10-31,NORMAL,NORMAL,-10.92,3,1.52,1.2,11.78,-4.69,0.52,0,1
6023,2025-10-31,2025-11-04,NORMAL,NORMAL,-4.8,2,1.14,-5.11,0.0,-5.11,0.5,0,4
6023,2025-11-04,2025-11-05,NORMAL,WEAK,-4.03,2,-2.2,-1.87,1.7,-3.92,0.0,1,5
6023,2025-11-05,2025-11-06,WEAK,NORMAL,-4.03,3,0.64,-1.19,0.25,-1.72,0.364,1,6
6023,2025-11-21,2025-11-25,STRONG,NORMAL,-3.1,3,0.04,-4.01,0.0,-5.22,0.319,1,1
6023,2025-11-25,2025-11-26,NORMAL,STRONG,-3.98,3,0.63,-0.22,1.47,-1.1,0.231,1,2
6023,2025-12-01,2025-12-02,WEAK,WEAK,-3.81,2,0.25,-3.77,0.18,-3.99,0.165,0,1
6023,2025-12-02,2025-12-03,WEAK,WEAK,-3.53,2,1.08,0.52,1.0,-0.96,0.052,0,2
6023,2025-12-16,2025-12-17,WEAK,NORMAL,-5.2,2,1.1,-0.47,0.54,-3.14,0.089,0,1
6023,2026-01-30,2026-02-02,NORMAL,NORMAL,-6.46,7,1.31,-0.4,3.91,-1.13,0.352,0,1
6027,2025-11-14,2025-11-17,NORMAL,NORMAL,-5.37,3,-0.69,-0.77,0.63,-1.85,0.14,0,1
6027,2025-11-25,2025-11-26,NORMAL,STRONG,-3.82,3,0.65,-0.39,0.72,-1.0,0.143,0,1
6027,2026-01-21,2026-01-22,WEAK,STRONG,-4.81,3,1.96,-4.0,0.48,-4.48,0.37,0,4
6027,2026-01-30,2026-02-02,NORMAL,NORMAL,-3.59,3,1.59,-2.48,0.31,-3.49,0.183,0,1
6027,2026-02-04,2026-02-05,NORMAL,NORMAL,-11.97,10,1.02,-1.75,1.01,-2.72,0.0,0,1
6027,2026-02-13,2026-02-16,WEAK,NORMAL,-8.97,7,-0.08,-0.41,0.95,-1.56,0.0,0,1
6027,2026-02-27,2026-03-02,STRONG,WEAK,-4.35,2,-0.45,0.66,1.28,-2.59,0.01,0,1
6031,2025-10-17,2025-10-20,WEAK,STRONG,-3.19,4,0.82,-1.09,1.09,-1.09,0.0,0,2
6031,2025-11-11,2025-11-12,NORMAL,STRONG,-8.88,8,0.32,3.88,3.88,0.0,0.333,0,1
6031,2026-02-10,2026-02-12,STRONG,NORMAL,-14.25,5,-0.98,-2.3,0.99,-2.96,0.143,0,1
6031,2026-02-12,2026-02-13,NORMAL,WEAK,-3.26,5,-0.67,-7.46,0.0,-7.46,0.167,0,2
6031,2026-02-13,2026-02-16,WEAK,NORMAL,-8.08,7,-0.37,0.0,1.84,-1.1,0.0,1,3
6031,2026-02-19,2026-02-20,NORMAL,WEAK,-3.15,4,0.0,-4.33,1.08,-4.69,0.0,0,1
6031,2026-02-20,2026-02-24,WEAK,NORMAL,-4.33,6,0.0,0.38,2.64,0.0,0.062,0,2
6033,2026-02-13,2026-02-16,WEAK,NORMAL,-5.53,4,0.36,-2.7,0.36,-8.47,0.121,0,1
6036,2025-10-06,2025-10-07,STRONG,NORMAL,-4.5,2,2.85,-2.36,0.0,-3.05,0.283,0,2
6036,2026-01-08,2026-01-09,NORMAL,NORMAL,-3.45,4,0.0,0.45,1.04,-0.3,0.053,0,2
6036,2026-03-13,2026-03-16,WEAK,NORMAL,-3.12,3,-0.81,-1.46,0.16,-1.46,0.0,0,2
6037,2025-12-15,2025-12-16,NORMAL,WEAK,-3.58,3,2.51,-3.04,0.59,-3.96,0.3,0,1
6037,2025-12-17,2025-12-18,NORMAL,NORMAL,-4.7,5,-2.37,0.09,2.71,-0.75,0.273,0,3
6039,2025-12-15,2025-12-16,NORMAL,WEAK,-78.69,10,0.0,-1.4,2.19,-2.46,0.12,0,1
6039,2025-12-17,2025-12-18,NORMAL,NORMAL,-4.98,9,5.62,0.35,2.39,-2.39,0.111,1,3
6039,2026-02-17,2026-02-18,NORMAL,STRONG,-5.69,3,0.15,4.06,6.6,0.0,0.294,0,1
6040,2025-10-23,2025-10-24,NORMAL,NORMAL,-3.63,2,0.94,0.75,0.93,-1.68,0.05,0,1
6040,2025-12-08,2025-12-09,NORMAL,NORMAL,-5.35,6,0.84,-0.41,1.04,-1.45,0.364,0,2
6040,2025-12-17,2025-12-18,NORMAL,NORMAL,-5.03,6,0.0,-0.85,0.85,-2.33,0.161,0,2
6040,2026-01-13,2026-01-14,NORMAL,NORMAL,-4.8,2,0.81,-1.6,0.0,-1.8,0.212,0,1
6040,2026-02-12,2026-02-13,NORMAL,WEAK,-3.78,3,0.0,-0.83,0.0,-2.69,0.15,0,1
6044,2026-01-15,2026-01-16,STRONG,NORMAL,-7.48,4,1.01,-4.4,0.3,-6.26,0.171,0,1
6045,2025-10-06,2025-10-07,STRONG,NORMAL,-3.97,3,0.14,-2.13,0.0,-2.41,0.0,0,1
6046,2026-02-12,2026-02-13,NORMAL,WEAK,-3.33,3,-2.46,-3.03,2.02,-3.03,0.467,0,1
6047,2025-10-17,2025-10-20,WEAK,STRONG,-4.54,6,2.21,0.0,1.16,-1.0,0.111,0,2
6047,2025-11-05,2025-11-06,WEAK,NORMAL,-3.64,3,0.34,0.85,1.03,-0.51,0.28,0,1
6047,2026-02-13,2026-02-16,WEAK,NORMAL,-3.01,2,0.37,0.55,1.09,-0.55,0.056,0,2
6050,2026-02-04,2026-02-05,NORMAL,NORMAL,-3.61,5,0.06,0.55,1.78,0.0,0.219,0,1
6055,2025-11-13,2025-11-14,NORMAL,NORMAL,-8.89,4,-4.51,0.77,3.54,-0.77,0.152,0,2
6055,2025-11-14,2025-11-17,NORMAL,NORMAL,-3.78,5,1.35,0.35,1.27,-1.16,0.178,0,3
6055,2025-11-19,2025-11-20,NORMAL,STRONG,-3.71,7,5.14,0.55,0.98,-1.41,0.25,0,2
6055,2025-12-16,2025-12-17,WEAK,NORMAL,-3.43,3,-0.07,0.86,0.86,-1.19,0.07,0,5
6055,2026-03-26,2026-03-27,WEAK,NORMAL,-3.45,5,-0.59,2.41,2.41,-0.71,0.176,0,1
6058,2026-01-16,2026-01-19,NORMAL,NORMAL,-6.58,3,0.34,-3.51,0.54,-5.54,0.007,0,1
6058,2026-01-19,2026-01-20,NORMAL,WEAK,-3.18,2,-0.77,-0.56,0.49,-3.17,0.333,1,2
6063,2026-01-21,2026-01-22,WEAK,STRONG,-5.24,3,-1.54,-1.14,1.35,-1.77,0.028,0,1
6069,2026-02-16,2026-02-17,NORMAL,NORMAL,-19.17,10,0.12,0.25,0.86,-2.45,0.0,0,2
6071,2026-01-21,2026-01-22,WEAK,STRONG,-4.31,5,0.14,-0.27,0.82,-0.41,0.056,0,3
6072,2026-02-18,2026-02-19,STRONG,NORMAL,-14.93,3,-7.89,0.95,10.95,-4.67,0.249,0,1
6072,2026-02-19,2026-02-20,NORMAL,WEAK,-7.02,2,-1.89,3.75,10.58,-8.17,0.299,1,2
6072,2026-03-13,2026-03-16,WEAK,NORMAL,-3.07,3,3.28,-3.92,0.0,-8.47,0.13,0,5
6078,2025-12-29,2025-12-30,NORMAL,WEAK,-4.52,8,-0.87,-0.06,2.01,-0.31,0.25,0,1
6078,2026-01-05,2026-01-06,NORMAL,STRONG,-3.71,5,0.91,-2.78,0.06,-2.91,0.0,0,3
6078,2026-01-21,2026-01-22,WEAK,STRONG,-3.33,5,-0.07,-0.49,0.63,-0.7,0.0,0,3
6080,2025-10-31,2025-11-04,NORMAL,NORMAL,-7.8,5,-0.17,3.9,6.1,-0.34,0.134,0,1
6080,2026-03-16,2026-03-17,NORMAL,NORMAL,-3.82,3,1.53,0.0,0.6,-0.75,0.0,0,1
6081,2025-10-17,2025-10-20,WEAK,STRONG,-5.43,2,0.48,0.48,1.43,-1.43,0.235,0,1
6081,2025-12-05,2025-12-08,WEAK,NORMAL,-16.77,3,1.94,-4.56,17.11,-7.6,0.217,0,1
6081,2026-01-19,2026-01-20,NORMAL,WEAK,-6.83,3,-3.66,0.76,9.51,-3.8,0.186,0,1
6081,2026-01-22,2026-01-23,STRONG,NORMAL,-7.83,3,0.63,4.69,9.06,-4.38,0.145,0,1
6083,2025-10-03,2025-10-06,STRONG,STRONG,-3.18,2,0.41,-0.82,3.54,-0.95,0.324,0,1
6083,2025-12-19,2025-12-22,NORMAL,NORMAL,-3.56,2,-0.42,-2.01,0.74,-2.54,0.207,0,1
6085,2025-11-07,2025-11-10,NORMAL,STRONG,-3.33,2,2.07,-3.04,0.34,-3.72,0.0,0,1
6085,2025-11-20,2025-11-21,STRONG,STRONG,-9.47,3,-10.19,2.99,5.67,-0.3,0.113,0,1
6085,2026-02-18,2026-02-19,STRONG,NORMAL,-3.54,2,15.36,8.88,8.88,-0.52,0.449,0,2
6086,2025-11-05,2025-11-06,WEAK,NORMAL,-3.94,6,0.0,-2.05,0.37,-2.05,0.146,0,3
6088,2025-11-05,2025-11-06,WEAK,NORMAL,-3.24,2,-14.61,-1.82,4.91,-1.82,0.133,0,2
6088,2025-11-06,2025-11-07,NORMAL,NORMAL,-16.17,9,-0.29,3.87,5.73,-0.29,0.0,0,3
6088,2026-02-04,2026-02-05,NORMAL,NORMAL,-6.08,8,0.55,1.37,1.78,-1.23,0.0,0,8
6088,2026-02-06,2026-02-09,NORMAL,STRONG,-8.51,10,1.77,-2.47,0.15,-2.76,0.108,0,1
6088,2026-02-12,2026-02-13,NORMAL,WEAK,-5.76,9,1.53,-1.05,1.35,-1.2,0.118,0,1
6098,2025-10-17,2025-10-20,WEAK,STRONG,-3.01,3,2.62,2.51,3.06,-0.04,0.0,0,5
6098,2025-11-04,2025-11-05,NORMAL,WEAK,-4.72,4,-0.53,-1.15,0.59,-2.22,0.0,0,1
6098,2026-01-20,2026-01-21,WEAK,WEAK,-6.3,2,-1.13,-2.55,0.99,-2.72,0.084,0,1
6098,2026-01-21,2026-01-22,WEAK,STRONG,-3.65,3,1.63,-1.07,1.34,-1.07,0.047,0,2
6098,2026-01-29,2026-01-30,NORMAL,NORMAL,-3.51,4,0.0,-0.76,0.2,-1.31,0.135,0,2
6098,2026-02-04,2026-02-05,NORMAL,NORMAL,-10.1,7,-0.68,-4.03,0.23,-4.7,0.0,0,1
6098,2026-02-05,2026-02-06,NORMAL,NORMAL,-4.68,7,-2.1,0.89,0.89,-2.94,0.136,0,2
6098,2026-02-12,2026-02-13,NORMAL,WEAK,-7.54,8,-7.35,-2.36,1.57,-2.93,0.0,0,1
6098,2026-02-13,2026-02-16,WEAK,NORMAL,-9.54,10,1.62,1.74,1.9,-1.6,0.127,0,2
6098,2026-02-17,2026-02-18,NORMAL,STRONG,-3.94,7,-0.47,3.98,3.98,-0.07,0.503,1,1
6098,2026-03-10,2026-03-11,WEAK,NORMAL,-5.77,2,0.62,-1.67,0.62,-1.96,0.312,0,1
6103,2025-10-31,2025-11-04,NORMAL,NORMAL,-3.64,2,0.44,0.72,1.45,-0.43,0.129,0,1
6103,2025-11-14,2025-11-17,NORMAL,NORMAL,-3.42,2,0.0,-0.28,0.85,-1.27,0.13,0,1
6103,2026-03-06,2026-03-10,NORMAL,WEAK,-4.92,2,-4.69,1.89,2.27,-0.25,0.304,0,3
6104,2025-11-11,2025-11-12,NORMAL,STRONG,-3.24,2,-3.35,1.12,2.73,-0.37,0.0,0,1
6104,2026-02-02,2026-02-03,NORMAL,STRONG,-5.88,7,0.38,1.74,1.99,-0.5,0.053,0,1
6104,2026-03-10,2026-03-11,WEAK,NORMAL,-6.52,6,2.45,-0.76,0.5,-1.26,0.083,0,4
6113,2025-11-05,2025-11-06,WEAK,NORMAL,-3.31,2,0.56,0.39,0.97,-0.53,0.293,0,1
6118,2026-02-13,2026-02-16,WEAK,NORMAL,-5.68,5,-2.55,-1.74,0.26,-4.36,0.129,0,2
6118,2026-02-16,2026-02-17,NORMAL,NORMAL,-4.24,5,0.35,-0.62,1.68,-1.5,0.566,0,3
6125,2025-11-05,2025-11-06,WEAK,NORMAL,-3.91,3,0.0,2.78,3.1,-1.07,0.6,0,1
6125,2025-11-07,2025-11-10,NORMAL,STRONG,-8.54,4,0.57,1.13,1.47,-0.45,0.297,0,1
6125,2026-02-12,2026-02-13,NORMAL,WEAK,-17.2,6,-1.02,-0.57,0.68,-2.62,0.424,0,1
6135,2025-11-25,2025-11-26,NORMAL,STRONG,-5.48,7,0.56,1.86,2.14,-0.93,0.059,0,1
6137,2025-11-11,2025-11-12,NORMAL,STRONG,-5.0,2,-0.2,1.8,2.47,-1.2,0.67,0,1
6138,2025-11-07,2025-11-10,NORMAL,STRONG,-17.98,9,3.36,-2.71,2.71,-4.11,0.05,0,1
6140,2025-11-07,2025-11-10,NORMAL,STRONG,-4.19,2,0.0,-0.12,0.75,-1.12,0.256,0,1
6140,2026-01-29,2026-01-30,NORMAL,NORMAL,-13.08,3,-1.0,1.12,2.35,-1.56,0.032,0,1
6140,2026-02-13,2026-02-16,WEAK,NORMAL,-5.53,2,4.27,-1.16,2.49,-2.67,0.159,0,1
6140,2026-02-19,2026-02-20,NORMAL,WEAK,-7.39,3,-4.51,4.18,11.63,-0.91,0.128,0,1
6141,2025-10-31,2025-11-04,NORMAL,NORMAL,-21.36,9,4.96,5.18,7.92,-0.71,0.286,0,1
6141,2025-12-16,2025-12-17,WEAK,NORMAL,-3.88,3,-0.48,-0.95,0.43,-1.77,0.0,0,1
6141,2026-02-12,2026-02-13,NORMAL,WEAK,-3.89,2,-1.96,-3.73,0.88,-4.44,0.158,0,1
6141,2026-03-06,2026-03-10,NORMAL,WEAK,-4.9,4,-4.01,1.92,1.96,-0.65,0.021,1,3
6143,2025-11-10,2025-11-11,STRONG,NORMAL,-6.77,3,0.99,0.33,0.76,-2.07,0.182,0,2
6143,2026-02-18,2026-02-19,STRONG,NORMAL,-3.64,2,0.44,2.36,2.88,-0.44,0.2,0,1
6145,2025-11-25,2025-11-26,NORMAL,STRONG,-3.39,2,0.66,-0.7,0.39,-2.18,0.079,0,2
6145,2026-03-17,2026-03-18,NORMAL,STRONG,-3.15,4,1.5,2.17,2.17,-0.39,0.076,0,9
6146,2025-10-30,2025-10-31,NORMAL,NORMAL,-8.21,2,-1.47,1.2,2.37,-1.08,0.275,0,1
6146,2025-11-05,2025-11-06,WEAK,NORMAL,-8.35,2,3.05,3.12,3.72,-0.49,0.507,0,1
6146,2025-11-07,2025-11-10,NORMAL,STRONG,-3.96,2,2.0,1.07,1.94,-1.84,0.54,1,1
6146,2025-11-11,2025-11-12,NORMAL,STRONG,-4.54,2,-0.36,0.59,0.88,-2.67,0.137,0,1
6146,2025-11-19,2025-11-20,NORMAL,STRONG,-3.43,5,7.91,-0.96,1.68,-2.98,0.231,0,2
6146,2025-11-21,2025-11-25,STRONG,NORMAL,-7.07,4,1.59,-4.19,0.11,-4.19,0.485,0,1
6146,2026-03-17,2026-03-18,NORMAL,STRONG,-3.68,3,2.0,2.88,2.88,-0.06,0.0,0,1
6149,2025-11-14,2025-11-17,NORMAL,NORMAL,-5.46,6,-0.17,-1.92,0.12,-2.75,0.479,0,2
6149,2026-02-16,2026-02-17,NORMAL,NORMAL,-6.13,5,1.2,1.76,2.09,-1.0,0.299,0,2
6151,2025-11-13,2025-11-14,NORMAL,NORMAL,-4.5,4,-0.87,0.41,0.7,-0.12,0.297,0,1
6158,2026-01-29,2026-01-30,NORMAL,NORMAL,-4.1,2,0.66,-0.33,0.0,-2.18,0.757,0,1
6159,2026-02-19,2026-02-20,NORMAL,WEAK,-12.33,3,-4.13,2.28,2.97,-0.17,0.238,0,1
6166,2026-01-22,2026-01-23,STRONG,NORMAL,-9.08,3,6.37,3.56,10.03,-5.34,0.299,1,2
6166,2026-02-18,2026-02-19,STRONG,NORMAL,-10.3,2,-3.06,-6.52,6.2,-7.07,0.288,0,1
6166,2026-03-26,2026-03-27,WEAK,NORMAL,-4.74,4,0.83,5.21,5.34,-0.82,0.136,1,1
6167,2026-01-16,2026-01-19,NORMAL,NORMAL,-10.9,3,-3.69,0.43,5.65,-3.39,0.173,0,1
6171,2026-01-16,2026-01-19,NORMAL,NORMAL,-3.85,3,-1.69,-0.43,1.29,-1.93,0.127,0,1
6173,2025-12-17,2025-12-18,NORMAL,NORMAL,-5.43,3,0.96,4.74,35.07,-2.84,0.056,0,3
6173,2026-01-16,2026-01-19,NORMAL,NORMAL,-5.41,2,4.76,-5.0,0.0,-6.82,0.222,0,2
6176,2025-12-08,2025-12-09,NORMAL,NORMAL,-3.92,5,0.39,2.23,2.75,-0.39,0.5,0,2
6176,2025-12-11,2025-12-12,WEAK,STRONG,-3.23,4,-1.73,-2.44,0.95,-3.26,0.256,0,2
6176,2025-12-12,2025-12-15,STRONG,NORMAL,-4.13,4,0.42,-0.97,0.0,-1.94,0.194,0,3
6176,2025-12-16,2025-12-17,WEAK,NORMAL,-3.22,6,0.29,-2.31,0.0,-2.59,0.25,0,5
6178,2026-03-06,2026-03-10,NORMAL,WEAK,-3.78,3,-2.12,0.98,1.57,-1.17,0.375,0,3
6182,2025-10-16,2025-10-17,NORMAL,WEAK,-8.17,7,-0.59,-0.8,0.6,-0.8,0.409,0,1
6182,2025-10-30,2025-10-31,NORMAL,NORMAL,-4.19,6,0.62,0.62,2.07,0.0,0.179,0,3
6182,2025-12-12,2025-12-15,STRONG,NORMAL,-4.33,8,0.25,2.51,2.51,-0.75,0.095,0,2
6184,2026-02-06,2026-02-09,NORMAL,STRONG,-4.11,4,0.71,-1.24,0.18,-1.24,0.294,0,1
6184,2026-03-13,2026-03-16,WEAK,NORMAL,-3.36,9,-0.2,-0.2,0.61,-1.23,0.118,0,2
6185,2026-02-02,2026-02-03,NORMAL,STRONG,-5.43,6,0.46,-1.37,0.69,-2.06,0.042,0,2
6190,2025-10-20,2025-10-21,STRONG,NORMAL,-6.77,3,6.92,9.71,9.71,-0.97,0.169,1,2
6190,2025-10-22,2025-10-23,STRONG,NORMAL,-9.88,3,-6.55,-8.76,3.68,-10.51,0.226,0,1
6190,2025-10-23,2025-10-24,NORMAL,NORMAL,-14.73,3,-0.77,-3.29,2.51,-6.0,0.123,0,2
6190,2025-12-02,2025-12-03,WEAK,WEAK,-4.77,3,-6.94,-0.21,10.35,-4.14,0.208,0,1
6190,2025-12-05,2025-12-08,WEAK,NORMAL,-4.45,2,6.15,6.14,11.75,-5.09,0.106,0,1
6191,2025-11-25,2025-11-26,NORMAL,STRONG,-3.55,6,0.54,2.03,2.3,-0.54,0.0,0,1
6191,2025-12-02,2025-12-03,WEAK,WEAK,-3.42,4,0.0,-0.82,0.41,-1.5,0.16,0,1
6194,2025-11-13,2025-11-14,NORMAL,NORMAL,-8.01,6,1.35,1.19,1.48,-1.78,0.135,0,1
6194,2025-12-01,2025-12-02,WEAK,WEAK,-3.19,4,0.0,-1.57,0.31,-1.72,0.276,0,4
6196,2025-10-31,2025-11-04,NORMAL,NORMAL,-7.42,7,0.13,1.57,3.02,-0.13,0.75,0,4
6196,2026-02-02,2026-02-03,NORMAL,STRONG,-6.29,7,-1.52,1.16,1.8,-0.77,0.333,0,1
6197,2026-02-12,2026-02-13,NORMAL,WEAK,-8.02,3,0.11,1.63,2.4,-1.09,0.5,0,1
6199,2025-10-16,2025-10-17,NORMAL,WEAK,-6.95,8,-0.79,-2.93,0.0,-3.06,0.193,0,1
6199,2025-10-17,2025-10-20,WEAK,STRONG,-3.7,7,1.85,3.3,4.25,-0.27,0.043,0,2
6200,2025-10-16,2025-10-17,NORMAL,WEAK,-3.02,4,0.44,0.0,0.44,-0.66,0.125,0,1
6200,2025-11-06,2025-11-07,NORMAL,NORMAL,-4.3,5,1.07,0.0,0.59,-1.52,0.0,0,1
6203,2025-11-14,2025-11-17,NORMAL,NORMAL,-21.38,6,1.45,6.43,7.77,-0.8,0.0,0,2
6203,2025-11-19,2025-11-20,NORMAL,STRONG,-4.01,5,-1.45,-0.09,2.4,-1.75,0.283,1,2
6203,2026-02-24,2026-02-25,NORMAL,NORMAL,-6.1,2,0.32,-4.3,0.21,-5.52,0.398,0,1
6208,2025-11-10,2025-11-11,STRONG,NORMAL,-5.18,4,-0.06,0.39,0.39,-1.29,0.444,0,2
6208,2025-12-01,2025-12-02,WEAK,WEAK,-3.04,2,0.67,-2.19,0.0,-2.45,0.078,0,1
6208,2025-12-11,2025-12-12,WEAK,STRONG,-3.19,2,0.74,0.6,0.74,-0.4,0.138,0,3
6208,2025-12-17,2025-12-18,NORMAL,NORMAL,-3.05,4,-0.91,0.71,1.27,-0.57,0.087,0,2
6208,2026-02-13,2026-02-16,WEAK,NORMAL,-4.86,2,3.07,0.0,3.07,-3.95,0.503,1,1
6208,2026-02-24,2026-02-25,NORMAL,NORMAL,-6.45,2,-1.84,-5.86,1.43,-8.98,0.264,0,1
6208,2026-03-26,2026-03-27,WEAK,NORMAL,-5.29,6,-0.45,0.0,1.22,-2.58,0.062,0,1
6210,2025-11-14,2025-11-17,NORMAL,NORMAL,-3.15,2,-0.74,-2.38,0.15,-2.38,0.08,0,1
6210,2026-02-02,2026-02-03,NORMAL,STRONG,-3.53,4,0.0,1.07,1.37,-0.15,0.091,0,1
6217,2026-02-20,2026-02-24,WEAK,NORMAL,-4.4,2,2.0,-0.59,4.51,-1.57,0.382,0,6
6222,2025-11-05,2025-11-06,WEAK,NORMAL,-3.16,4,3.05,1.12,9.3,-2.45,0.226,0,3
6222,2025-11-25,2025-11-26,NORMAL,STRONG,-3.05,2,1.58,1.76,1.86,-1.24,0.179,0,1
6222,2026-02-02,2026-02-03,NORMAL,STRONG,-10.31,8,0.88,2.93,3.26,-0.11,0.0,0,2
6222,2026-02-13,2026-02-16,WEAK,NORMAL,-3.63,2,1.53,1.1,1.91,-0.4,0.057,0,1
6222,2026-02-19,2026-02-20,NORMAL,WEAK,-4.13,3,-0.61,-0.31,0.41,-0.82,0.047,0,1
6224,2025-10-16,2025-10-17,NORMAL,WEAK,-19.33,10,-0.45,-4.99,1.71,-5.29,0.636,0,1
6224,2025-10-17,2025-10-20,WEAK,STRONG,-5.42,10,-0.39,0.31,2.28,-0.24,0.043,0,2
6224,2026-01-20,2026-01-21,WEAK,WEAK,-3.34,3,-2.21,-1.13,0.6,-1.95,0.157,0,3
6224,2026-01-21,2026-01-22,WEAK,STRONG,-3.31,5,0.15,-1.06,0.0,-1.67,0.324,0,4
6226,2025-10-02,2025-10-03,NORMAL,STRONG,-3.43,6,-0.75,2.61,3.91,0.0,0.182,0,2
6226,2025-11-07,2025-11-10,NORMAL,STRONG,-5.91,2,3.6,3.18,4.37,-0.4,0.062,0,1
6226,2025-11-14,2025-11-17,NORMAL,NORMAL,-6.42,2,0.59,1.36,1.36,-2.14,0.152,1,1
6226,2026-03-10,2026-03-11,WEAK,NORMAL,-6.57,2,1.95,-1.15,1.34,-1.15,0.077,0,3
6226,2026-03-13,2026-03-16,WEAK,NORMAL,-3.21,6,-1.6,-4.13,0.87,-5.0,0.375,0,2
6226,2026-03-16,2026-03-17,NORMAL,NORMAL,-5.67,7,2.83,-5.62,0.55,-5.62,0.148,0,3
6226,2026-03-26,2026-03-27,WEAK,NORMAL,-3.63,7,-3.51,5.33,5.46,-0.39,0.128,1,1
6227,2025-11-05,2025-11-06,WEAK,NORMAL,-9.02,3,1.62,0.11,0.95,-2.65,0.544,0,1
6227,2025-11-14,2025-11-17,NORMAL,NORMAL,-5.52,4,9.19,-2.38,4.55,-3.47,0.312,0,2
6227,2025-11-21,2025-11-25,STRONG,NORMAL,-8.56,3,1.47,-6.42,3.11,-6.53,0.714,0,1
6227,2025-11-25,2025-11-26,NORMAL,STRONG,-5.05,2,-0.33,0.0,2.0,-2.89,0.011,0,2
6227,2025-12-16,2025-12-17,WEAK,NORMAL,-4.51,2,0.23,2.99,3.56,-1.03,0.054,0,4
6227,2026-02-26,2026-02-27,NORMAL,STRONG,-20.41,2,-5.64,-0.71,8.91,-2.77,0.0,0,1
6227,2026-02-27,2026-03-02,STRONG,WEAK,-6.31,2,-1.37,5.33,10.54,-0.11,0.177,0,2
6228,2025-10-07,2025-10-08,NORMAL,NORMAL,-3.65,4,-0.46,-1.85,1.04,-1.96,0.0,0,1
6228,2025-11-10,2025-11-11,STRONG,NORMAL,-7.22,5,1.95,-0.38,1.53,-3.18,0.176,0,2
6228,2025-12-26,2025-12-29,NORMAL,NORMAL,-3.56,6,0.0,2.46,3.08,-0.15,0.0,0,1
6228,2026-02-06,2026-02-09,NORMAL,STRONG,-16.23,7,2.7,-1.32,1.61,-3.8,0.11,0,1
6232,2025-11-04,2025-11-05,NORMAL,WEAK,-3.77,2,4.52,-1.92,0.67,-4.8,0.0,0,5
6232,2025-11-25,2025-11-26,NORMAL,STRONG,-5.31,5,0.0,5.71,6.55,0.0,0.095,0,1
6232,2025-12-30,2026-01-05,WEAK,NORMAL,-5.16,4,1.55,0.11,0.87,-1.86,0.056,0,1
6232,2026-01-09,2026-01-13,NORMAL,NORMAL,-4.38,3,3.39,-5.08,0.16,-5.57,0.286,0,1
6235,2025-11-05,2025-11-06,WEAK,NORMAL,-5.61,3,0.82,0.0,1.5,-1.38,0.483,0,2
6235,2025-11-21,2025-11-25,STRONG,NORMAL,-4.96,4,2.4,1.58,2.81,-1.17,0.0,0,1
6239,2025-11-14,2025-11-17,NORMAL,NORMAL,-6.01,6,-0.79,0.29,0.43,-1.23,0.0,0,1
6239,2026-02-13,2026-02-16,WEAK,NORMAL,-5.12,4,-0.56,3.17,4.15,-0.77,0.528,0,2
6240,2025-11-05,2025-11-06,WEAK,NORMAL,-5.61,4,-9.67,1.38,2.91,-5.2,0.347,0,1
6240,2025-11-06,2025-11-07,NORMAL,NORMAL,-8.43,8,-1.06,-4.12,0.3,-5.34,0.642,0,2
6240,2025-11-07,2025-11-10,NORMAL,STRONG,-5.13,7,0.16,2.22,2.54,-0.16,0.216,0,3
6240,2025-11-21,2025-11-25,STRONG,NORMAL,-6.37,8,1.7,1.51,2.34,-1.17,0.333,0,1
6240,2025-12-11,2025-12-12,WEAK,STRONG,-3.25,3,1.68,0.83,1.82,-0.33,0.04,0,3
6240,2025-12-16,2025-12-17,WEAK,NORMAL,-5.11,5,0.69,0.17,0.52,-1.38,0.037,0,2
6240,2026-02-16,2026-02-17,NORMAL,NORMAL,-5.5,2,0.67,-0.5,1.16,-2.48,0.679,0,2
6240,2026-02-25,2026-02-26,NORMAL,NORMAL,-3.96,3,1.55,-0.17,1.02,-1.18,0.057,0,1
6246,2025-11-10,2025-11-11,STRONG,NORMAL,-7.49,6,1.13,-0.37,0.37,-0.8,0.041,0,2
6247,2026-02-13,2026-02-16,WEAK,NORMAL,-3.29,2,-0.43,3.36,4.04,-1.74,0.038,0,2
6249,2025-11-12,2025-11-13,STRONG,NORMAL,-3.12,7,1.7,1.42,2.21,-1.32,0.0,0,2
6249,2026-02-06,2026-02-09,NORMAL,STRONG,-7.72,7,0.86,1.1,1.67,-0.46,0.044,0,1
6250,2025-11-13,2025-11-14,NORMAL,NORMAL,-5.51,4,0.0,3.01,3.33,-1.51,0.309,0,1
6250,2026-02-13,2026-02-16,WEAK,NORMAL,-7.2,2,-1.11,-1.54,0.42,-2.38,0.062,0,1
6250,2026-03-10,2026-03-11,WEAK,NORMAL,-3.09,2,1.94,0.95,2.45,-0.27,0.0,1,3
6254,2025-11-14,2025-11-17,NORMAL,NORMAL,-4.31,2,1.97,-5.1,1.1,-6.21,0.269,0,4
6254,2025-11-19,2025-11-20,NORMAL,STRONG,-4.15,6,8.15,-2.46,0.62,-3.38,0.161,0,7
6254,2025-11-21,2025-11-25,STRONG,NORMAL,-5.43,6,2.57,-4.68,0.0,-5.04,0.358,1,1
6254,2025-12-01,2025-12-02,WEAK,WEAK,-3.85,6,0.17,-3.46,0.5,-3.46,0.138,1,2
6254,2025-12-02,2025-12-03,WEAK,WEAK,-3.3,6,0.72,0.17,1.81,-0.31,0.0,0,3
6254,2025-12-09,2025-12-10,NORMAL,NORMAL,-3.28,5,-0.9,-3.6,0.52,-4.16,0.259,0,1
6254,2025-12-10,2025-12-11,NORMAL,WEAK,-4.47,5,-0.69,-2.48,0.69,-2.78,0.119,0,2
6254,2025-12-11,2025-12-12,WEAK,STRONG,-3.16,6,1.57,-0.85,0.11,-1.95,0.084,1,3
6254,2026-02-17,2026-02-18,NORMAL,STRONG,-7.37,4,1.27,-1.1,1.42,-1.89,0.255,0,3
6254,2026-03-06,2026-03-10,NORMAL,WEAK,-5.06,3,-4.46,4.33,4.5,-1.69,0.35,0,3
6255,2025-10-08,2025-10-09,NORMAL,NORMAL,-3.75,3,-0.3,0.0,1.05,-1.8,0.048,0,1
6255,2025-12-30,2026-01-05,WEAK,NORMAL,-3.13,2,1.32,1.74,2.61,-0.73,0.0,0,1
6255,2026-02-13,2026-02-16,WEAK,NORMAL,-4.33,2,1.1,2.44,2.99,-0.41,0.133,0,2
6255,2026-03-26,2026-03-27,WEAK,NORMAL,-4.26,3,-1.39,1.83,1.97,-0.56,0.083,0,1
6258,2026-03-13,2026-03-16,WEAK,NORMAL,-3.06,2,-0.19,-0.35,1.23,-1.46,0.172,0,2
6262,2025-12-05,2025-12-08,WEAK,NORMAL,-3.83,4,1.41,-0.89,1.14,-1.01,0.0,1,1
6262,2026-01-30,2026-02-02,NORMAL,NORMAL,-3.33,4,0.14,6.06,9.5,0.0,0.242,0,1
6264,2025-11-21,2025-11-25,STRONG,NORMAL,-7.61,4,1.93,-2.17,0.54,-2.49,0.414,0,1
6264,2026-02-24,2026-02-25,NORMAL,NORMAL,-5.89,3,-1.9,0.28,3.05,-3.33,0.139,0,1
6264,2026-03-17,2026-03-18,NORMAL,STRONG,-7.03,3,3.31,3.66,3.66,-0.91,0.0,0,1
6264,2026-03-26,2026-03-27,WEAK,NORMAL,-6.32,2,-3.14,0.0,1.13,-3.4,0.109,0,1
6266,2025-10-23,2025-10-24,NORMAL,NORMAL,-3.16,2,2.08,-1.08,1.12,-1.7,0.262,0,1
6266,2025-11-05,2025-11-06,WEAK,NORMAL,-6.32,2,1.85,1.6,1.69,-1.48,0.733,0,1
6266,2025-11-19,2025-11-20,NORMAL,STRONG,-4.72,5,5.14,1.01,1.37,-0.91,0.241,0,2
6266,2025-11-21,2025-11-25,STRONG,NORMAL,-6.2,4,3.38,-0.93,0.14,-1.77,0.0,0,1
6266,2025-12-16,2025-12-17,WEAK,NORMAL,-3.2,4,-0.46,0.88,1.76,-0.88,0.188,1,6
6266,2026-02-16,2026-02-17,NORMAL,NORMAL,-12.68,5,0.99,0.16,3.42,-1.1,0.0,0,2
6266,2026-03-26,2026-03-27,WEAK,NORMAL,-3.21,3,-2.74,2.64,2.64,-0.55,0.227,0,1
6268,2025-11-04,2025-11-05,NORMAL,WEAK,-4.78,2,-4.53,1.68,2.13,-1.96,0.031,0,2
6268,2025-11-06,2025-11-07,NORMAL,NORMAL,-3.38,2,-0.98,0.38,1.29,-1.64,0.0,0,4
6268,2026-02-13,2026-02-16,WEAK,NORMAL,-5.49,2,1.57,-2.41,1.32,-2.41,0.105,0,2
6268,2026-03-13,2026-03-16,WEAK,NORMAL,-3.06,2,-1.34,0.4,1.64,-1.08,0.118,1,2
6269,2025-11-26,2025-11-27,STRONG,NORMAL,-4.06,2,-1.08,1.59,2.25,-4.54,0.247,0,1
6269,2025-12-08,2025-12-09,NORMAL,NORMAL,-3.17,2,-0.04,-3.88,0.26,-4.74,0.125,1,3
6269,2025-12-11,2025-12-12,WEAK,STRONG,-4.01,4,0.69,3.55,3.99,-0.28,0.175,1,1
6269,2025-12-16,2025-12-17,WEAK,NORMAL,-7.28,5,-1.42,0.13,2.46,-2.37,0.208,0,1
6269,2026-01-16,2026-01-19,NORMAL,NORMAL,-9.73,2,0.0,1.02,2.01,-2.18,0.182,0,2
6269,2026-02-13,2026-02-16,WEAK,NORMAL,-11.0,2,0.0,0.49,1.18,-5.75,0.09,0,1
6269,2026-02-24,2026-02-25,NORMAL,NORMAL,-6.49,2,-0.04,-5.45,0.25,-5.82,0.233,0,3
6269,2026-02-25,2026-02-26,NORMAL,NORMAL,-5.49,4,2.23,-3.57,0.79,-3.88,0.06,0,4
6269,2026-03-06,2026-03-10,NORMAL,WEAK,-8.61,4,-0.4,6.63,8.04,-0.65,0.557,0,2
6273,2026-03-13,2026-03-16,WEAK,NORMAL,-3.17,3,-1.51,0.86,1.01,-1.29,0.193,0,1
6276,2025-11-25,2025-11-26,NORMAL,STRONG,-3.86,4,-2.16,-1.89,8.52,-2.52,0.032,0,5
6276,2025-11-26,2025-11-27,STRONG,NORMAL,-4.01,6,-0.32,8.71,9.68,-0.32,0.057,0,6
6276,2025-12-01,2025-12-02,WEAK,WEAK,-4.4,6,0.92,4.56,4.56,-6.38,0.333,0,1
6276,2025-12-05,2025-12-08,WEAK,NORMAL,-12.64,4,-0.32,0.32,0.65,-4.52,0.213,0,2
6276,2026-01-22,2026-01-23,STRONG,NORMAL,-11.2,4,-0.31,-2.16,0.31,-4.63,0.226,0,1
6277,2025-11-10,2025-11-11,STRONG,NORMAL,-7.01,7,0.58,-0.58,0.0,-1.73,0.586,0,2
6278,2025-10-03,2025-10-06,STRONG,STRONG,-8.52,6,4.17,-2.54,0.4,-3.87,0.057,0,1
6278,2025-11-14,2025-11-17,NORMAL,NORMAL,-9.65,2,0.54,2.28,5.91,-0.4,0.056,0,2
6278,2025-12-18,2025-12-19,NORMAL,NORMAL,-3.2,3,1.23,-0.73,1.45,-0.97,0.097,0,3
6278,2026-02-13,2026-02-16,WEAK,NORMAL,-3.78,2,2.51,5.55,6.61,-0.82,0.75,0,1
6282,2026-03-06,2026-03-10,NORMAL,WEAK,-3.55,3,-1.8,-0.53,0.04,-1.47,0.938,0,3
6284,2025-11-13,2025-11-14,NORMAL,NORMAL,-7.63,6,0.16,1.4,1.71,-0.93,0.031,0,2
6284,2025-11-19,2025-11-20,NORMAL,STRONG,-3.43,3,0.32,0.64,1.13,-0.64,0.259,0,2
6287,2026-02-13,2026-02-16,WEAK,NORMAL,-3.89,3,0.13,2.37,3.01,-0.56,0.223,0,2
6289,2025-12-03,2025-12-04,WEAK,NORMAL,-5.07,3,-0.86,1.62,1.94,0.0,0.192,0,1
6291,2026-02-17,2026-02-18,NORMAL,STRONG,-6.7,2,-0.16,1.12,2.4,0.0,0.034,0,1
6292,2025-10-31,2025-11-04,NORMAL,NORMAL,-16.76,8,-0.81,0.95,2.57,-0.54,0.0,0,1
6301,2025-10-30,2025-10-31,NORMAL,NORMAL,-5.68,4,0.29,-1.6,0.67,-2.27,0.311,0,3
6301,2026-03-17,2026-03-18,NORMAL,STRONG,-4.29,6,-0.2,0.27,1.44,-0.03,0.115,0,4
6302,2026-03-06,2026-03-10,NORMAL,WEAK,-8.58,2,-3.45,-0.32,1.47,-1.39,0.614,1,2
6302,2026-03-10,2026-03-11,WEAK,NORMAL,-3.76,2,1.89,-1.26,1.09,-1.26,0.375,1,3
6305,2025-11-05,2025-11-06,WEAK,NORMAL,-12.17,6,1.26,-0.05,0.72,-0.97,0.224,0,4
6305,2026-03-06,2026-03-10,NORMAL,WEAK,-6.71,2,-3.25,1.97,1.99,-1.63,0.645,1,3
6307,2026-02-13,2026-02-16,WEAK,NORMAL,-4.5,2,0.71,2.41,6.24,0.0,0.364,0,2
6309,2026-03-13,2026-03-16,WEAK,NORMAL,-4.2,5,0.0,-1.36,0.0,-2.25,0.111,0,2
6310,2025-10-23,2025-10-24,NORMAL,NORMAL,-7.6,4,0.0,-1.15,0.4,-3.72,0.344,0,1
6310,2025-11-14,2025-11-17,NORMAL,NORMAL,-10.28,7,-0.83,3.57,4.52,-4.1,0.162,0,1
6310,2025-12-09,2025-12-10,NORMAL,NORMAL,-6.37,6,3.29,-0.44,1.26,-1.15,0.0,0,3
6310,2025-12-16,2025-12-17,WEAK,NORMAL,-4.42,2,0.33,1.87,1.92,-0.6,0.017,1,1
6310,2026-02-02,2026-02-03,NORMAL,STRONG,-3.19,3,1.62,0.4,0.85,-0.51,0.046,0,1
6310,2026-02-13,2026-02-16,WEAK,NORMAL,-6.75,2,0.37,2.58,5.42,-1.74,0.23,0,1
6310,2026-03-10,2026-03-11,WEAK,NORMAL,-3.69,3,1.14,-1.24,1.64,-1.24,0.7,1,4
6315,2025-10-17,2025-10-20,WEAK,STRONG,-4.62,2,1.48,3.12,3.71,-0.49,0.214,0,1
6315,2025-11-25,2025-11-26,NORMAL,STRONG,-6.29,2,0.95,0.99,1.79,-2.31,0.025,0,2
6315,2025-12-01,2025-12-02,WEAK,WEAK,-4.9,4,0.29,-2.01,1.71,-2.01,0.054,0,2
6315,2025-12-10,2025-12-11,NORMAL,WEAK,-3.28,2,-0.91,-2.55,1.01,-2.65,0.056,0,3
6315,2025-12-11,2025-12-12,WEAK,STRONG,-3.44,5,0.84,0.44,0.83,-1.52,0.026,0,4
6315,2025-12-16,2025-12-17,WEAK,NORMAL,-3.72,4,-0.26,1.88,2.3,-1.47,0.072,0,2
6315,2026-02-13,2026-02-16,WEAK,NORMAL,-6.59,3,1.31,3.2,4.27,-0.37,0.0,0,1
6315,2026-03-10,2026-03-11,WEAK,NORMAL,-5.95,2,0.87,1.05,3.53,-0.86,0.733,1,1
6315,2026-03-17,2026-03-18,NORMAL,STRONG,-3.51,4,2.48,4.09,4.09,-0.12,0.021,0,1
6315,2026-03-26,2026-03-27,WEAK,NORMAL,-3.47,5,-2.48,1.48,1.48,-2.08,0.223,0,1
6317,2026-02-16,2026-02-17,NORMAL,NORMAL,-4.68,2,0.61,-0.72,0.67,-1.11,0.212,0,2
6323,2025-10-23,2025-10-24,NORMAL,NORMAL,-5.01,4,2.5,5.63,7.0,-0.95,0.078,0,3
6323,2025-11-05,2025-11-06,WEAK,NORMAL,-7.16,3,4.19,2.34,2.76,-1.5,0.558,0,1
6323,2025-11-14,2025-11-17,NORMAL,NORMAL,-4.77,2,-0.05,1.4,1.82,-0.42,0.184,0,2
6323,2025-11-21,2025-11-25,STRONG,NORMAL,-7.79,3,2.83,0.43,0.66,-1.74,0.398,0,1
6323,2026-01-14,2026-01-15,NORMAL,STRONG,-3.74,2,-2.44,3.41,5.17,-0.35,0.015,0,1
6323,2026-03-10,2026-03-11,WEAK,NORMAL,-5.01,5,2.6,-0.73,1.53,-1.38,0.556,0,1
6324,2025-10-30,2025-10-31,NORMAL,NORMAL,-3.06,2,-1.22,0.25,0.77,-2.6,0.091,0,4
6324,2025-11-05,2025-11-06,WEAK,NORMAL,-4.02,3,1.29,-1.09,0.46,-2.82,0.882,0,1
6324,2025-11-07,2025-11-10,NORMAL,STRONG,-3.57,3,-0.22,0.19,1.97,-1.74,0.312,0,1
6324,2026-01-07,2026-01-08,NORMAL,NORMAL,-8.31,2,3.21,-0.54,2.57,-1.22,0.0,0,1
6324,2026-01-29,2026-01-30,NORMAL,NORMAL,-4.14,3,-0.3,1.49,3.43,-0.6,0.105,1,2
6326,2026-02-13,2026-02-16,WEAK,NORMAL,-3.24,2,-1.28,-1.81,0.74,-2.97,0.394,0,1
6326,2026-03-16,2026-03-17,NORMAL,NORMAL,-3.08,4,2.31,-1.05,1.15,-1.6,0.024,0,3
6327,2026-01-08,2026-01-09,NORMAL,NORMAL,-6.86,3,0.53,2.72,3.04,0.0,0.0,1,1
6328,2025-12-29,2025-12-30,NORMAL,WEAK,-47.83,9,-2.24,-1.56,1.19,-1.74,0.121,0,1
6328,2025-12-30,2026-01-05,WEAK,NORMAL,-3.76,10,-0.05,-0.14,0.88,-0.98,0.062,0,2
6330,2025-12-16,2025-12-17,WEAK,NORMAL,-5.08,5,0.0,-2.24,0.66,-4.78,0.0,1,1
6330,2025-12-18,2025-12-19,NORMAL,NORMAL,-3.5,5,1.39,0.37,2.25,-1.05,0.039,0,3
6330,2025-12-30,2026-01-05,WEAK,NORMAL,-4.35,3,6.66,0.76,2.74,-4.87,0.046,0,1
6330,2026-02-12,2026-02-13,NORMAL,WEAK,-16.26,2,-19.42,0.0,0.0,0.0,0.0,0,3
6330,2026-02-19,2026-02-20,NORMAL,WEAK,-12.88,6,0.0,-6.71,1.68,-7.62,0.062,0,3
6330,2026-02-20,2026-02-24,WEAK,NORMAL,-6.71,6,-0.98,-3.6,0.99,-10.07,0.098,0,4
6330,2026-03-06,2026-03-10,NORMAL,WEAK,-9.98,6,-3.73,-4.03,1.28,-5.31,0.5,0,3
6330,2026-03-10,2026-03-11,WEAK,NORMAL,-7.61,6,0.78,1.83,7.24,0.0,0.194,0,4
6330,2026-03-17,2026-03-18,NORMAL,STRONG,-4.33,5,6.62,6.06,7.12,-3.94,0.068,0,1
6330,2026-03-24,2026-03-25,STRONG,STRONG,-13.3,6,3.37,3.68,9.89,-4.1,0.133,0,2
6331,2026-03-06,2026-03-10,NORMAL,WEAK,-5.31,2,-2.73,1.87,4.67,-0.31,0.192,0,3
6332,2025-10-03,2025-10-06,STRONG,STRONG,-9.11,9,1.93,-1.59,0.0,-3.11,0.016,0,3
6332,2025-10-21,2025-10-22,NORMAL,STRONG,-3.09,5,0.32,2.67,3.34,-0.48,0.099,0,1
6335,2026-03-24,2026-03-25,STRONG,STRONG,-4.6,2,2.01,3.35,3.94,-0.79,0.1,1,2
6336,2026-03-13,2026-03-16,WEAK,NORMAL,-4.83,3,-1.66,3.14,5.05,-1.12,0.313,0,2
6338,2025-11-05,2025-11-06,WEAK,NORMAL,-5.94,2,0.06,-2.33,0.19,-2.33,0.319,0,2
6338,2025-11-13,2025-11-14,NORMAL,NORMAL,-7.82,8,0.0,-0.36,0.72,-1.15,0.543,0,3
6338,2026-02-13,2026-02-16,WEAK,NORMAL,-5.8,2,2.03,8.68,9.68,-0.2,0.494,0,2
6339,2026-02-09,2026-02-10,STRONG,STRONG,-3.09,2,-0.09,0.95,1.72,-0.17,0.324,0,2
6339,2026-03-06,2026-03-10,NORMAL,WEAK,-7.37,5,-1.61,0.19,1.35,-1.54,0.172,0,3
6340,2025-11-07,2025-11-10,NORMAL,STRONG,-6.2,4,1.26,0.78,2.33,-0.62,0.262,0,1
6342,2026-01-30,2026-02-02,NORMAL,NORMAL,-18.25,3,-2.23,-2.12,2.28,-5.87,0.0,0,2
6347,2025-11-19,2025-11-20,NORMAL,STRONG,-6.3,7,-0.61,-4.92,0.0,-8.0,0.615,0,2
6351,2025-12-19,2025-12-22,NORMAL,NORMAL,-4.2,5,1.79,-1.53,0.56,-2.92,0.0,0,1
6351,2026-02-13,2026-02-16,WEAK,NORMAL,-11.09,3,-0.22,2.16,2.16,-1.62,0.06,0,1
6356,2026-01-29,2026-01-30,NORMAL,NORMAL,-8.04,5,0.6,1.9,2.5,-2.98,0.243,0,2
6356,2026-02-24,2026-02-25,NORMAL,NORMAL,-13.46,3,1.64,-3.06,3.66,-3.66,0.306,0,1
6358,2026-02-13,2026-02-16,WEAK,NORMAL,-4.42,2,-0.44,0.49,1.68,-0.27,0.132,0,1
6361,2025-11-14,2025-11-17,NORMAL,NORMAL,-13.58,3,0.69,2.23,6.05,-4.0,0.255,0,1
6361,2025-12-01,2025-12-02,WEAK,WEAK,-4.92,2,1.8,-4.8,0.0,-4.8,0.103,0,1
6361,2025-12-02,2025-12-03,WEAK,WEAK,-3.09,3,2.2,4.36,5.61,-0.83,0.0,0,2
6361,2025-12-04,2025-12-05,NORMAL,WEAK,-3.14,2,-2.36,0.58,2.21,-0.26,0.074,0,1
6361,2025-12-15,2025-12-16,NORMAL,WEAK,-4.16,2,-0.11,-1.75,0.72,-1.8,0.218,0,2
6361,2026-03-13,2026-03-16,WEAK,NORMAL,-4.94,5,-1.45,-1.62,0.86,-3.13,0.477,0,2
6361,2026-03-16,2026-03-17,NORMAL,NORMAL,-3.04,6,1.49,-0.13,0.25,-2.12,0.379,0,3
6361,2026-03-26,2026-03-27,WEAK,NORMAL,-4.25,4,-3.02,-0.82,0.53,-3.38,0.101,0,1
6363,2025-11-13,2025-11-14,NORMAL,NORMAL,-7.75,7,-1.66,0.74,1.64,-0.21,0.078,0,1
6363,2026-02-12,2026-02-13,NORMAL,WEAK,-9.25,3,-2.02,2.55,5.18,-1.23,0.005,0,1
6364,2025-11-05,2025-11-06,WEAK,NORMAL,-3.45,5,0.05,1.68,4.22,-0.59,0.395,0,3
6364,2025-12-01,2025-12-02,WEAK,WEAK,-3.76,2,0.22,-1.68,0.0,-1.68,0.448,0,1
6366,2026-01-07,2026-01-08,NORMAL,NORMAL,-5.26,2,-1.0,0.56,1.91,-1.35,0.371,0,1
6366,2026-03-06,2026-03-10,NORMAL,WEAK,-10.06,6,-4.11,1.59,2.61,-3.54,0.78,0,2
6366,2026-03-26,2026-03-27,WEAK,NORMAL,-10.52,8,-1.6,-0.43,0.98,-4.02,0.152,0,2
6367,2026-01-07,2026-01-08,NORMAL,NORMAL,-3.42,2,-1.12,-1.39,0.93,-1.62,0.196,0,1
6367,2026-02-05,2026-02-06,NORMAL,NORMAL,-7.43,6,-2.15,2.62,2.82,-0.97,0.185,0,2
6368,2026-02-05,2026-02-06,NORMAL,NORMAL,-10.07,5,-0.27,-3.1,0.2,-3.37,0.201,0,2
6368,2026-02-06,2026-02-09,NORMAL,STRONG,-3.36,4,2.11,-1.48,0.38,-3.54,0.076,0,3
6369,2025-12-29,2025-12-30,NORMAL,WEAK,-46.94,9,-3.84,0.98,2.04,-0.2,0.37,0,1
6371,2025-11-04,2025-11-05,NORMAL,WEAK,-3.93,3,0.29,0.82,0.96,-2.11,0.362,0,2
6371,2026-03-06,2026-03-10,NORMAL,WEAK,-3.27,2,-2.4,0.63,1.75,-0.38,0.524,0,3
6376,2025-11-14,2025-11-17,NORMAL,NORMAL,-6.19,5,5.56,5.26,5.46,-1.91,0.111,0,2
6376,2025-11-19,2025-11-20,NORMAL,STRONG,-3.17,3,2.38,0.6,1.06,-0.8,0.042,0,2
6378,2025-10-21,2025-10-22,NORMAL,STRONG,-3.01,2,0.0,-0.8,0.62,-2.75,0.096,0,1
6378,2025-12-30,2026-01-05,WEAK,NORMAL,-3.3,2,1.58,-0.08,0.98,-0.82,0.0,0,1
6378,2026-02-20,2026-02-24,WEAK,NORMAL,-5.22,3,-7.49,1.0,2.87,-5.02,0.187,0,1
6378,2026-03-17,2026-03-18,NORMAL,STRONG,-3.83,2,1.19,9.47,9.47,-0.83,0.096,0,1
6379,2025-11-14,2025-11-17,NORMAL,NORMAL,-6.21,3,0.76,-1.24,1.24,-2.04,0.02,0,1
6379,2026-02-13,2026-02-16,WEAK,NORMAL,-4.6,3,-2.79,0.55,2.24,-0.91,0.369,0,1
6380,2025-12-03,2025-12-04,WEAK,NORMAL,-20.9,3,-4.79,6.02,7.02,-3.17,0.0,0,2
6382,2026-01-29,2026-01-30,NORMAL,NORMAL,-4.22,4,0.39,0.85,1.62,-1.15,0.278,0,4
6383,2026-03-10,2026-03-11,WEAK,NORMAL,-3.12,3,6.68,-0.82,0.34,-2.35,0.104,0,4
6387,2025-11-21,2025-11-25,STRONG,NORMAL,-4.21,3,1.6,-2.23,0.66,-2.62,0.36,0,1
6387,2026-03-17,2026-03-18,NORMAL,STRONG,-8.5,3,2.08,2.45,4.76,-1.49,0.148,0,1
6390,2025-11-14,2025-11-17,NORMAL,NORMAL,-9.83,6,0.0,-1.7,0.46,-1.78,0.028,0,1
6395,2026-02-12,2026-02-13,NORMAL,WEAK,-3.98,2,-1.75,-1.14,1.07,-2.57,0.733,0,1
6395,2026-03-13,2026-03-16,WEAK,NORMAL,-3.68,3,-0.94,0.39,1.1,-1.65,0.171,0,2
6400,2026-02-13,2026-02-16,WEAK,NORMAL,-11.59,4,7.24,4.82,6.11,-1.93,0.189,0,1
6405,2025-11-04,2025-11-05,NORMAL,WEAK,-11.87,8,0.39,-3.45,0.63,-4.39,0.062,0,2
6405,2025-11-05,2025-11-06,WEAK,NORMAL,-3.07,8,0.41,-0.57,0.73,-1.13,0.188,0,3
6405,2026-03-16,2026-03-17,NORMAL,NORMAL,-5.4,8,1.51,-2.98,0.5,-3.22,0.077,0,8
6407,2025-11-14,2025-11-17,NORMAL,NORMAL,-3.77,5,-15.33,2.2,4.66,-1.04,0.282,0,4
6407,2026-03-10,2026-03-11,WEAK,NORMAL,-7.31,3,-2.63,3.49,4.61,-0.22,0.658,0,3
6407,2026-03-26,2026-03-27,WEAK,NORMAL,-3.84,3,-3.11,-0.8,0.57,-3.09,0.136,0,1
6417,2026-02-06,2026-02-09,NORMAL,STRONG,-3.25,4,1.05,-1.44,0.66,-2.31,0.28,0,1
6417,2026-02-13,2026-02-16,WEAK,NORMAL,-4.12,5,0.93,-1.21,0.58,-1.21,0.19,0,2
6420,2026-02-05,2026-02-06,NORMAL,NORMAL,-6.06,6,0.0,-1.23,0.14,-1.65,0.0,0,2
6420,2026-03-06,2026-03-10,NORMAL,WEAK,-4.42,3,-1.45,0.88,1.76,-0.59,0.385,0,3
6425,2025-11-13,2025-11-14,NORMAL,NORMAL,-3.06,3,0.0,-3.28,0.12,-4.33,0.077,0,1
6425,2025-11-14,2025-11-17,NORMAL,NORMAL,-3.28,6,-1.33,-4.66,0.74,-5.15,0.237,0,2
6425,2025-11-25,2025-11-26,NORMAL,STRONG,-4.04,4,0.95,1.35,1.75,-0.81,0.062,0,1
6425,2025-12-02,2025-12-03,WEAK,WEAK,-3.77,5,0.7,-1.25,0.0,-1.39,0.037,1,3
6425,2026-02-13,2026-02-16,WEAK,NORMAL,-12.12,9,1.44,5.38,5.52,-0.42,0.114,0,1
6425,2026-02-17,2026-02-18,NORMAL,STRONG,-4.7,3,1.13,-0.56,0.0,-2.37,0.111,1,1
6430,2026-02-13,2026-02-16,WEAK,NORMAL,-6.45,5,0.04,-0.48,1.25,-1.58,0.04,0,1
6432,2025-12-08,2025-12-09,NORMAL,NORMAL,-3.89,2,-0.43,0.29,1.6,-0.44,0.261,0,2
6432,2026-01-14,2026-01-15,NORMAL,STRONG,-7.87,4,0.15,-2.4,0.15,-2.99,0.222,0,1
6432,2026-03-10,2026-03-11,WEAK,NORMAL,-3.67,4,0.61,0.76,2.42,-0.15,0.357,0,4
6433,2025-10-03,2025-10-06,STRONG,STRONG,-7.01,3,-1.98,-0.4,3.24,-3.85,0.048,0,1
6433,2025-11-07,2025-11-10,NORMAL,STRONG,-5.89,2,0.34,-3.71,0.34,-4.05,0.352,1,1
6433,2025-11-10,2025-11-11,STRONG,NORMAL,-3.38,3,0.88,0.35,0.87,-2.43,0.077,1,2
6433,2025-11-12,2025-11-13,STRONG,NORMAL,-15.74,7,-16.43,0.0,3.69,0.0,0.04,0,1
6433,2025-11-13,2025-11-14,NORMAL,NORMAL,-16.43,7,-7.62,2.93,5.59,-1.33,0.0,0,2
6433,2025-11-14,2025-11-17,NORMAL,NORMAL,-4.91,6,-3.88,-2.96,0.0,-5.91,0.192,0,3
6433,2025-12-11,2025-12-12,WEAK,STRONG,-5.51,3,-7.81,-7.46,7.46,-8.47,0.159,0,1
6433,2026-01-22,2026-01-23,STRONG,NORMAL,-11.64,3,-0.23,1.58,4.51,-3.72,0.041,0,3
6433,2026-02-09,2026-02-10,STRONG,STRONG,-16.32,2,15.38,5.71,5.71,-10.43,0.0,1,1
6433,2026-03-26,2026-03-27,WEAK,NORMAL,-8.62,5,-0.75,-0.46,6.39,-3.19,0.03,0,1
6436,2025-10-30,2025-10-31,NORMAL,NORMAL,-6.65,3,0.67,1.36,1.56,-0.07,0.0,0,1
6436,2026-02-13,2026-02-16,WEAK,NORMAL,-3.49,2,0.87,-0.87,0.0,-1.21,0.024,0,1
6440,2025-11-25,2025-11-26,NORMAL,STRONG,-5.82,2,0.24,0.71,1.42,-0.47,0.04,0,2
6440,2025-12-01,2025-12-02,WEAK,WEAK,-5.31,3,0.98,7.0,8.45,-0.72,0.0,0,1
6440,2026-02-13,2026-02-16,WEAK,NORMAL,-5.59,3,0.93,1.08,3.09,-0.93,0.096,0,1
6448,2026-02-09,2026-02-10,STRONG,STRONG,-4.78,4,0.06,2.48,2.77,0.0,0.522,0,3
6448,2026-03-10,2026-03-11,WEAK,NORMAL,-3.34,3,1.06,-0.27,1.13,-0.27,0.317,0,4
6454,2026-02-02,2026-02-03,NORMAL,STRONG,-5.66,7,0.16,-0.32,3.24,-0.65,0.361,0,2
6458,2026-02-12,2026-02-13,NORMAL,WEAK,-8.47,4,-0.88,-0.14,1.5,-1.98,0.453,0,1
6459,2026-02-13,2026-02-16,WEAK,NORMAL,-7.21,2,2.35,-2.01,0.11,-2.7,0.0,0,1
6459,2026-02-26,2026-02-27,NORMAL,STRONG,-7.72,2,0.0,5.16,6.15,-0.17,0.0,0,1
6460,2025-11-07,2025-11-10,NORMAL,STRONG,-4.67,6,0.53,-6.53,0.43,-8.03,0.299,0,2
6460,2025-11-10,2025-11-11,STRONG,NORMAL,-6.03,7,-0.52,2.95,3.8,-0.42,0.178,0,3
6463,2026-03-06,2026-03-10,NORMAL,WEAK,-4.6,4,-1.79,-0.63,0.4,-1.82,0.375,0,3
6464,2025-11-12,2025-11-13,STRONG,NORMAL,-4.29,4,-0.53,-2.92,0.0,-3.18,0.308,0,2
6464,2025-11-13,2025-11-14,NORMAL,NORMAL,-3.43,4,-0.82,1.93,2.75,-0.55,0.083,0,3
6464,2026-02-02,2026-02-03,NORMAL,STRONG,-9.74,8,2.54,2.48,3.1,-1.24,0.0,0,1
6464,2026-02-04,2026-02-05,NORMAL,NORMAL,-3.02,3,2.18,2.13,5.18,-0.91,0.143,1,1
6465,2025-11-10,2025-11-11,STRONG,NORMAL,-6.37,8,0.54,-0.96,0.28,-1.25,0.378,0,9
6465,2025-11-19,2025-11-20,NORMAL,STRONG,-3.12,5,0.12,-1.65,0.46,-1.88,0.2,0,1
6465,2026-01-15,2026-01-16,STRONG,NORMAL,-5.07,4,0.58,-0.42,0.27,-1.54,0.181,0,1
6465,2026-02-16,2026-02-17,NORMAL,NORMAL,-5.78,2,0.04,2.63,3.6,-0.02,0.135,0,2
6466,2026-02-24,2026-02-25,NORMAL,NORMAL,-11.02,3,-2.91,3.43,9.54,0.0,0.312,0,1
6469,2025-10-03,2025-10-06,STRONG,STRONG,-3.11,3,8.94,-0.89,1.74,-4.21,0.71,0,1
6469,2025-11-19,2025-11-20,NORMAL,STRONG,-3.74,2,1.48,4.18,5.69,-0.2,0.259,0,4
6469,2025-11-21,2025-11-25,STRONG,NORMAL,-5.85,3,1.33,-3.24,0.0,-4.1,0.2,0,1
6469,2025-12-01,2025-12-02,WEAK,WEAK,-4.58,3,0.05,-3.52,0.56,-3.52,0.17,0,2
6469,2025-12-02,2025-12-03,WEAK,WEAK,-3.47,4,1.59,1.51,1.51,-1.93,0.0,0,3
6469,2026-03-26,2026-03-27,WEAK,NORMAL,-4.64,4,-2.87,2.65,2.65,-1.03,0.203,0,1
6472,2025-10-31,2025-11-04,NORMAL,NORMAL,-3.11,2,2.0,2.19,3.01,-0.2,0.297,0,1
6472,2026-03-06,2026-03-10,NORMAL,WEAK,-4.73,4,-3.68,-0.39,0.78,-2.2,0.367,0,3
6472,2026-03-10,2026-03-11,WEAK,NORMAL,-4.06,5,0.78,-1.47,1.78,-1.47,0.607,0,4
6473,2026-03-06,2026-03-10,NORMAL,WEAK,-3.93,2,-4.65,0.3,0.94,-0.69,0.028,0,3
6473,2026-03-10,2026-03-11,WEAK,NORMAL,-4.36,3,1.65,-0.4,1.32,-0.78,0.424,0,4
6474,2025-11-27,2025-11-28,NORMAL,NORMAL,-3.09,3,-0.38,2.05,2.05,0.0,0.294,0,1
6474,2026-01-15,2026-01-16,STRONG,NORMAL,-5.49,3,0.0,1.16,2.33,-0.58,0.25,0,1
6479,2026-01-08,2026-01-09,NORMAL,NORMAL,-3.36,4,0.33,-1.06,0.99,-1.06,0.099,0,2
6479,2026-02-06,2026-02-09,NORMAL,STRONG,-4.09,3,5.04,2.28,2.34,-1.17,0.437,0,1
6479,2026-03-06,2026-03-10,NORMAL,WEAK,-4.04,5,-4.71,0.07,1.5,-0.92,0.247,0,3
6479,2026-03-10,2026-03-11,WEAK,NORMAL,-4.65,6,1.77,-1.41,0.97,-1.67,0.38,0,4
6481,2025-11-12,2025-11-13,STRONG,NORMAL,-5.1,8,0.67,1.17,1.99,-0.23,0.763,0,2
6481,2026-02-13,2026-02-16,WEAK,NORMAL,-13.17,3,1.55,3.03,3.14,-0.24,0.69,0,1
6482,2026-02-13,2026-02-16,WEAK,NORMAL,-3.04,2,-1.5,-0.13,2.16,-0.64,0.375,0,1
6482,2026-02-19,2026-02-20,NORMAL,WEAK,-5.91,2,0.55,-2.58,0.14,-4.07,0.145,0,2
6482,2026-03-06,2026-03-10,NORMAL,WEAK,-4.49,4,-1.28,1.88,2.74,-0.29,0.154,0,3
6486,2025-11-11,2025-11-12,NORMAL,STRONG,-4.18,3,-0.23,0.45,1.13,-1.02,0.157,0,1
6489,2025-12-17,2025-12-18,NORMAL,NORMAL,-4.25,3,-0.67,-0.21,0.57,-2.29,0.525,0,2
6489,2026-02-13,2026-02-16,WEAK,NORMAL,-3.5,2,0.05,0.43,0.67,-1.14,0.389,0,1
6490,2025-11-14,2025-11-17,NORMAL,NORMAL,-4.61,4,1.43,-0.43,1.08,-1.63,0.129,0,2
6493,2025-11-04,2025-11-05,NORMAL,WEAK,-4.8,3,-1.57,-0.16,0.8,-4.16,0.149,0,1
6493,2025-12-01,2025-12-02,WEAK,WEAK,-9.72,2,-1.4,-1.42,1.27,-1.58,0.442,0,1
6493,2026-02-02,2026-02-03,NORMAL,STRONG,-10.08,4,1.84,3.76,3.76,-2.23,0.135,0,1
6493,2026-02-13,2026-02-16,WEAK,NORMAL,-5.22,2,0.0,1.52,2.34,-0.14,0.194,0,2
6493,2026-03-26,2026-03-27,WEAK,NORMAL,-3.27,4,-0.97,0.65,2.11,-0.65,0.071,0,1
6495,2026-02-05,2026-02-06,NORMAL,NORMAL,-8.04,2,0.97,-0.48,3.85,-7.69,0.171,0,1
6495,2026-03-17,2026-03-18,NORMAL,STRONG,-3.66,3,3.38,5.71,12.24,-3.67,0.45,0,1
6495,2026-03-26,2026-03-27,WEAK,NORMAL,-7.3,3,-3.7,4.33,5.77,0.0,0.043,0,1
6496,2025-10-08,2025-10-09,NORMAL,NORMAL,-3.49,3,0.95,-3.2,0.75,-4.14,0.56,0,1
6497,2026-03-25,2026-03-26,STRONG,WEAK,-11.89,5,0.0,0.31,1.23,-1.92,0.07,0,2
6498,2025-11-12,2025-11-13,STRONG,NORMAL,-6.44,4,2.42,1.83,2.89,-0.24,0.355,0,1
6498,2026-02-13,2026-02-16,WEAK,NORMAL,-7.72,2,1.03,-1.16,0.28,-3.86,0.357,0,1
6498,2026-03-06,2026-03-10,NORMAL,WEAK,-4.33,4,-4.23,0.16,1.77,-0.73,0.222,1,2
6498,2026-03-10,2026-03-11,WEAK,NORMAL,-4.08,5,0.52,-1.08,0.41,-1.08,0.292,0,3
6501,2025-11-21,2025-11-25,STRONG,NORMAL,-3.38,2,1.27,-1.26,1.53,-1.72,0.193,0,1
6501,2026-02-04,2026-02-05,NORMAL,NORMAL,-4.11,3,-1.55,1.65,2.95,-0.14,0.392,0,1
6501,2026-02-13,2026-02-16,WEAK,NORMAL,-6.57,2,-1.94,-0.43,1.37,-0.94,0.0,0,3
6501,2026-02-17,2026-02-18,NORMAL,STRONG,-3.72,2,1.02,-0.71,0.57,-1.9,0.299,0,5
6504,2025-10-31,2025-11-04,NORMAL,NORMAL,-3.41,2,-0.05,-1.85,2.08,-1.85,0.006,0,1
6504,2025-11-05,2025-11-06,WEAK,NORMAL,-5.53,2,2.68,2.71,3.14,-0.19,0.23,0,3
6504,2026-01-20,2026-01-21,WEAK,WEAK,-7.44,3,-2.59,0.18,3.11,-0.18,0.071,0,1
6504,2026-01-30,2026-02-02,NORMAL,NORMAL,-6.47,5,0.27,-2.81,2.09,-2.9,0.211,0,2
6504,2026-02-04,2026-02-05,NORMAL,NORMAL,-5.81,4,-6.68,5.09,5.85,-0.01,0.078,0,1
6504,2026-03-06,2026-03-10,NORMAL,WEAK,-12.1,3,-4.52,0.92,2.57,-1.33,0.189,0,3
6504,2026-03-10,2026-03-11,WEAK,NORMAL,-3.64,2,3.6,-1.01,1.1,-1.01,0.341,0,4
6505,2025-10-17,2025-10-20,WEAK,STRONG,-3.72,3,3.7,2.4,3.47,-1.22,0.185,0,1
6505,2026-01-14,2026-01-15,NORMAL,STRONG,-8.29,4,0.5,0.2,0.95,-0.4,0.446,0,1
6506,2025-10-07,2025-10-08,NORMAL,NORMAL,-4.17,2,-1.27,2.62,3.18,-1.06,0.092,0,1
6506,2025-11-14,2025-11-17,NORMAL,NORMAL,-3.88,3,-0.59,0.02,1.02,-0.95,0.336,0,2
6506,2026-03-06,2026-03-10,NORMAL,WEAK,-4.46,3,-5.66,1.3,2.28,-0.34,0.294,0,3
6506,2026-03-10,2026-03-11,WEAK,NORMAL,-4.44,4,2.54,0.24,2.2,-0.56,0.128,0,4
6507,2025-11-10,2025-11-11,STRONG,NORMAL,-3.49,3,0.93,0.41,0.92,-1.84,0.344,0,2
6507,2025-11-14,2025-11-17,NORMAL,NORMAL,-4.31,3,-0.21,1.72,3.11,-1.72,0.125,0,2
6507,2025-11-21,2025-11-25,STRONG,NORMAL,-7.83,6,1.53,-1.63,1.05,-2.44,0.256,0,1
6507,2026-03-10,2026-03-11,WEAK,NORMAL,-6.03,2,3.48,1.24,2.83,-0.53,0.227,1,3
6508,2025-10-31,2025-11-04,NORMAL,NORMAL,-16.6,3,3.59,2.68,2.83,-1.42,0.038,0,1
6508,2025-11-21,2025-11-25,STRONG,NORMAL,-5.15,4,1.81,-1.07,1.07,-1.6,0.292,0,1
6508,2025-12-01,2025-12-02,WEAK,WEAK,-3.79,2,0.54,-1.6,0.71,-2.85,0.0,0,1
6508,2026-01-20,2026-01-21,WEAK,WEAK,-4.63,2,-3.35,4.16,4.51,0.0,0.513,0,1
6516,2026-01-07,2026-01-08,NORMAL,NORMAL,-3.52,4,0.49,1.69,4.6,-0.61,0.319,0,1
6521,2025-10-21,2025-10-22,NORMAL,STRONG,-5.54,3,-0.76,-0.46,1.18,-2.72,0.056,0,1
6521,2025-11-05,2025-11-06,WEAK,NORMAL,-3.94,2,0.06,-3.98,0.51,-4.55,0.784,0,1
6521,2025-11-06,2025-11-07,NORMAL,NORMAL,-3.93,3,-1.81,-1.25,0.42,-1.96,0.111,1,2
6521,2025-11-07,2025-11-10,NORMAL,STRONG,-3.04,3,1.08,0.83,5.19,-1.97,0.3,1,3
6521,2025-11-11,2025-11-12,NORMAL,STRONG,-3.02,5,0.3,3.04,4.26,-0.12,0.226,0,1
6521,2025-11-21,2025-11-25,STRONG,NORMAL,-9.41,4,0.06,-4.73,1.6,-4.79,0.162,0,1
6521,2025-11-25,2025-11-26,NORMAL,STRONG,-4.67,4,0.19,-1.03,0.71,-3.28,0.01,0,2
6521,2025-12-02,2025-12-03,WEAK,WEAK,-4.62,2,1.59,-1.24,2.48,-1.37,0.059,0,2
6521,2025-12-11,2025-12-12,WEAK,STRONG,-3.55,5,-1.04,0.35,2.11,-0.7,0.264,0,1
6521,2026-01-14,2026-01-15,NORMAL,STRONG,-4.03,3,-2.1,3.34,4.6,-1.07,0.366,0,3
6523,2025-11-13,2025-11-14,NORMAL,NORMAL,-5.47,6,0.0,0.0,1.45,-1.03,0.054,0,1
6523,2026-02-13,2026-02-16,WEAK,NORMAL,-6.59,5,-0.98,2.18,2.97,0.0,0.233,0,2
6524,2025-11-05,2025-11-06,WEAK,NORMAL,-3.12,2,-2.15,0.78,2.51,-0.47,0.675,0,2
6524,2025-11-19,2025-11-20,NORMAL,STRONG,-3.33,2,6.58,0.29,1.76,-1.32,0.216,0,2
6524,2025-12-10,2025-12-11,NORMAL,WEAK,-5.82,2,-0.33,-3.92,0.0,-4.76,0.073,0,3
6524,2025-12-11,2025-12-12,WEAK,STRONG,-4.23,3,0.75,-2.26,0.64,-2.76,0.178,0,4
6524,2026-03-26,2026-03-27,WEAK,NORMAL,-3.26,2,-1.44,1.34,3.05,-1.95,0.128,1,1
6525,2025-11-11,2025-11-12,NORMAL,STRONG,-8.06,2,-15.62,-3.27,4.38,-3.27,0.377,0,1
6525,2025-11-12,2025-11-13,STRONG,NORMAL,-18.38,4,-1.26,-0.27,2.05,-5.02,0.0,0,2
6525,2025-11-14,2025-11-17,NORMAL,NORMAL,-5.99,5,3.02,5.17,5.24,-3.09,0.165,0,4
6525,2025-11-21,2025-11-25,STRONG,NORMAL,-7.25,6,5.36,1.26,1.65,-1.41,0.391,0,1
6525,2026-03-10,2026-03-11,WEAK,NORMAL,-6.54,3,2.97,-3.87,0.08,-4.57,0.28,0,1
6525,2026-03-13,2026-03-16,WEAK,NORMAL,-4.26,4,1.46,-0.54,0.76,-2.26,0.742,0,4
6525,2026-03-26,2026-03-27,WEAK,NORMAL,-3.15,2,-5.01,-0.67,0.72,-3.03,0.27,0,1
6526,2025-11-05,2025-11-06,WEAK,NORMAL,-12.38,4,0.63,-4.73,0.77,-6.1,0.08,0,2
6526,2025-11-06,2025-11-07,NORMAL,NORMAL,-4.13,5,-1.9,3.28,3.76,-2.17,0.198,0,3
6526,2025-11-21,2025-11-25,STRONG,NORMAL,-5.1,7,2.48,-3.37,0.0,-4.4,0.234,0,1
6526,2025-12-02,2025-12-03,WEAK,WEAK,-3.9,4,1.91,1.76,2.61,-0.62,0.05,0,1
6526,2026-02-12,2026-02-13,NORMAL,WEAK,-4.01,4,0.05,3.44,5.59,-0.35,0.152,0,2
6526,2026-02-18,2026-02-19,STRONG,NORMAL,-3.13,2,1.23,-3.36,0.15,-3.46,0.202,0,1
6532,2025-10-16,2025-10-17,NORMAL,WEAK,-8.48,6,1.69,-2.7,1.29,-3.5,0.515,0,7
6532,2025-11-10,2025-11-11,STRONG,NORMAL,-3.58,5,0.0,-2.53,0.52,-2.76,0.009,0,3
6532,2026-01-16,2026-01-19,NORMAL,NORMAL,-8.02,3,0.92,-0.67,0.09,-2.27,0.282,0,1
6532,2026-01-21,2026-01-22,WEAK,STRONG,-6.64,2,0.4,-2.04,0.81,-2.73,0.12,0,1
6532,2026-01-29,2026-01-30,NORMAL,NORMAL,-8.17,5,-1.0,-5.24,0.14,-5.56,0.095,0,1
6532,2026-01-30,2026-02-02,NORMAL,NORMAL,-6.19,7,1.84,-0.69,0.32,-3.81,0.055,0,2
6532,2026-02-04,2026-02-05,NORMAL,NORMAL,-8.49,9,-1.05,1.3,4.41,-0.2,0.0,0,1
6532,2026-02-06,2026-02-09,NORMAL,STRONG,-4.99,7,3.24,-1.04,0.18,-2.53,0.525,1,1
6532,2026-02-12,2026-02-13,NORMAL,WEAK,-10.42,7,-3.5,-1.49,1.68,-3.08,0.009,0,1
6532,2026-02-13,2026-02-16,WEAK,NORMAL,-4.94,9,0.93,1.13,4.62,-1.02,0.333,0,2
6532,2026-02-24,2026-02-25,NORMAL,NORMAL,-13.82,8,3.21,1.91,5.35,-1.38,0.523,0,2
6532,2026-03-13,2026-03-16,WEAK,NORMAL,-6.67,2,1.63,0.18,1.21,-0.82,0.0,0,1
6533,2025-12-29,2025-12-30,NORMAL,WEAK,-4.6,7,0.27,-0.53,1.34,-0.53,0.053,0,5
6535,2025-10-08,2025-10-09,NORMAL,NORMAL,-3.26,2,-0.16,-2.41,0.16,-3.05,0.0,0,1
6535,2025-12-03,2025-12-04,WEAK,NORMAL,-3.96,7,0.0,1.5,1.88,0.0,0.188,0,2
6535,2025-12-11,2025-12-12,WEAK,STRONG,-12.34,9,1.71,2.94,3.35,-0.63,0.212,0,1
6535,2025-12-15,2025-12-16,NORMAL,WEAK,-3.67,7,0.0,0.21,0.85,-0.85,0.15,0,1
6535,2026-03-16,2026-03-17,NORMAL,NORMAL,-4.26,4,-0.2,1.01,1.21,-0.2,0.0,0,1
6537,2025-12-30,2026-01-05,WEAK,NORMAL,-8.23,3,6.72,9.97,14.7,-4.99,0.071,0,1
6537,2026-01-06,2026-01-07,STRONG,NORMAL,-8.59,3,-4.18,-0.54,2.18,-3.0,0.078,0,1
6537,2026-02-16,2026-02-17,NORMAL,NORMAL,-6.32,2,7.71,-3.58,0.89,-6.94,0.151,0,1
6538,2025-10-07,2025-10-08,NORMAL,NORMAL,-6.59,3,-0.88,-3.56,0.59,-6.23,0.31,0,1
6538,2025-11-04,2025-11-05,NORMAL,WEAK,-8.02,5,2.35,1.64,2.62,-1.97,0.0,0,1
6538,2026-01-21,2026-01-22,WEAK,STRONG,-4.85,5,-0.57,0.57,1.42,0.0,0.278,0,1
6538,2026-02-24,2026-02-25,NORMAL,NORMAL,-10.4,8,-1.02,-4.14,0.0,-4.83,0.032,0,2
6538,2026-02-25,2026-02-26,NORMAL,NORMAL,-5.12,9,-0.72,6.52,6.88,-2.17,0.143,0,3
6540,2025-11-14,2025-11-17,NORMAL,NORMAL,-7.74,5,0.11,-3.69,0.0,-4.42,0.174,0,1
6544,2025-12-10,2025-12-11,NORMAL,WEAK,-3.63,3,1.81,0.08,1.58,-0.65,0.229,0,1
6544,2026-01-09,2026-01-13,NORMAL,NORMAL,-4.55,3,1.11,-0.23,1.33,-0.73,0.326,0,1
6544,2026-01-16,2026-01-19,NORMAL,NORMAL,-4.07,5,0.61,1.2,1.57,-0.57,0.195,0,3
6544,2026-02-12,2026-02-13,NORMAL,WEAK,-5.64,3,-1.42,-1.34,1.12,-3.03,0.218,0,1
6545,2026-02-25,2026-02-26,NORMAL,NORMAL,-3.51,3,-1.62,1.09,1.37,-0.14,0.358,0,1
6546,2026-02-25,2026-02-26,NORMAL,NORMAL,-4.19,5,0.18,0.45,0.62,-0.09,0.155,0,1
6547,2025-11-14,2025-11-17,NORMAL,NORMAL,-3.35,2,-5.8,-1.67,0.43,-3.46,0.185,0,1
6551,2026-02-06,2026-02-09,NORMAL,STRONG,-4.69,4,0.0,0.42,2.11,-1.13,0.0,0,1
6551,2026-02-10,2026-02-12,STRONG,NORMAL,-3.22,5,1.45,0.86,1.28,-1.14,0.138,0,1
6551,2026-02-13,2026-02-16,WEAK,NORMAL,-3.54,7,0.59,0.29,0.44,-1.6,0.091,0,1
6554,2026-02-09,2026-02-10,STRONG,STRONG,-3.39,4,0.79,-1.22,0.0,-2.26,0.14,0,2
6560,2026-02-16,2026-02-17,NORMAL,NORMAL,-13.25,9,0.24,-0.94,2.76,-1.06,0.131,0,3
6561,2026-02-16,2026-02-17,NORMAL,NORMAL,-6.35,5,0.0,0.35,0.35,-2.1,0.0,0,2
6562,2025-11-11,2025-11-12,NORMAL,STRONG,-3.2,3,-0.26,2.53,3.49,-0.52,0.139,0,1
6562,2026-02-06,2026-02-09,NORMAL,STRONG,-4.9,4,2.97,-4.04,0.0,-4.04,0.023,0,1
6562,2026-02-13,2026-02-16,WEAK,NORMAL,-3.0,6,-2.58,-1.69,3.18,-3.6,0.173,0,2
6562,2026-02-16,2026-02-17,NORMAL,NORMAL,-4.23,8,4.85,-0.51,0.41,-2.77,0.281,0,3
6564,2025-11-25,2025-11-26,NORMAL,STRONG,-5.86,2,0.83,1.1,1.1,-0.28,0.174,0,1
6564,2026-02-16,2026-02-17,NORMAL,NORMAL,-7.05,5,1.86,5.1,5.78,-0.73,0.085,0,2
6564,2026-03-06,2026-03-10,NORMAL,WEAK,-5.32,3,-2.55,4.32,5.92,-0.75,0.298,0,5
6566,2025-10-23,2025-10-24,NORMAL,NORMAL,-6.88,3,-1.29,3.71,4.95,-0.27,0.123,0,1
6571,2026-02-16,2026-02-17,NORMAL,NORMAL,-3.86,3,0.59,-0.66,0.0,-1.4,0.211,0,2
6572,2025-10-17,2025-10-20,WEAK,STRONG,-9.84,8,0.3,-2.72,0.91,-3.02,0.061,0,2
6572,2025-11-04,2025-11-05,NORMAL,WEAK,-3.67,4,-1.27,-1.61,0.32,-2.25,0.0,0,1
6572,2025-12-10,2025-12-11,NORMAL,WEAK,-4.18,5,2.68,-2.29,0.33,-3.27,0.368,0,1
6572,2026-01-16,2026-01-19,NORMAL,NORMAL,-5.54,5,-0.34,-3.81,0.0,-4.15,0.111,0,1
6572,2026-01-19,2026-01-20,NORMAL,WEAK,-4.14,6,-0.36,0.0,0.72,-1.08,0.083,0,2
6572,2026-02-03,2026-02-04,STRONG,NORMAL,-4.62,6,-1.21,-2.04,0.0,-2.86,0.0,0,1
6572,2026-02-04,2026-02-05,NORMAL,NORMAL,-3.23,6,-0.83,3.36,3.78,0.0,0.286,0,2
6572,2026-02-06,2026-02-09,NORMAL,STRONG,-4.07,5,2.12,-5.81,0.0,-5.81,0.286,0,1
6572,2026-02-09,2026-02-10,STRONG,STRONG,-3.81,8,0.44,3.51,3.95,-0.44,0.0,0,2
6574,2025-10-07,2025-10-08,NORMAL,NORMAL,-4.25,3,0.99,-4.88,0.0,-4.88,0.25,0,2
6580,2026-01-20,2026-01-21,WEAK,WEAK,-3.67,3,-3.54,-1.44,1.34,-2.68,0.446,0,1
6580,2026-01-22,2026-01-23,STRONG,NORMAL,-3.52,2,0.0,1.99,2.09,-0.79,0.347,0,3
6580,2026-02-13,2026-02-16,WEAK,NORMAL,-5.24,4,-11.37,-9.44,0.0,-9.44,0.13,0,1
6580,2026-02-16,2026-02-17,NORMAL,NORMAL,-19.73,10,-2.46,-7.21,0.05,-11.19,0.0,0,2
6580,2026-02-17,2026-02-18,NORMAL,STRONG,-9.49,10,0.54,-0.54,2.05,-2.86,0.354,0,3
6580,2026-02-19,2026-02-20,NORMAL,WEAK,-6.52,8,-2.32,-2.5,1.19,-3.45,0.0,0,1
6580,2026-02-20,2026-02-24,WEAK,NORMAL,-4.76,8,0.0,-8.3,0.0,-13.24,0.205,0,2
6580,2026-02-24,2026-02-25,NORMAL,NORMAL,-8.3,10,2.66,0.13,1.1,-6.03,0.373,0,3
6580,2026-03-13,2026-03-16,WEAK,NORMAL,-3.78,3,-1.23,-3.86,0.0,-7.55,0.112,0,2
6580,2026-03-16,2026-03-17,NORMAL,NORMAL,-5.05,4,2.36,-5.65,0.0,-7.67,0.489,0,3
6580,2026-03-17,2026-03-18,NORMAL,STRONG,-3.43,4,1.96,1.56,2.46,-1.02,0.263,0,4
6580,2026-03-26,2026-03-27,WEAK,NORMAL,-25.45,9,-2.05,8.13,8.13,-2.32,0.0,0,2
6584,2025-11-14,2025-11-17,NORMAL,NORMAL,-3.38,3,-5.64,-1.91,0.0,-5.26,0.0,0,1
6584,2026-02-12,2026-02-13,NORMAL,WEAK,-9.33,6,-0.12,-0.74,0.12,-1.84,0.222,0,1
6584,2026-03-06,2026-03-10,NORMAL,WEAK,-7.53,5,-0.68,1.23,1.37,-1.09,0.5,0,3
6584,2026-03-13,2026-03-16,WEAK,NORMAL,-3.01,4,-0.7,0.28,0.99,-0.71,0.167,0,2
6586,2026-03-10,2026-03-11,WEAK,NORMAL,-3.7,3,1.82,-1.54,0.0,-1.71,0.52,0,4
6588,2025-11-11,2025-11-12,NORMAL,STRONG,-9.41,6,0.0,0.57,1.95,-0.78,0.336,0,1
6588,2025-12-02,2025-12-03,WEAK,WEAK,-3.21,2,0.04,0.73,1.79,0.0,0.046,0,2
6590,2025-11-07,2025-11-10,NORMAL,STRONG,-8.88,2,0.86,4.01,6.32,-0.06,0.227,0,1
6590,2025-11-21,2025-11-25,STRONG,NORMAL,-6.54,4,4.1,-1.42,2.71,-2.78,0.133,0,1
6590,2025-12-18,2025-12-19,NORMAL,NORMAL,-6.91,2,0.91,0.42,0.6,-1.2,0.409,0,1
6590,2026-02-06,2026-02-09,NORMAL,STRONG,-9.33,2,5.2,-0.34,2.1,-3.22,0.101,0,1
6590,2026-02-26,2026-02-27,NORMAL,STRONG,-78.87,9,-4.5,0.87,2.79,-3.14,0.739,0,1
6590,2026-02-27,2026-03-02,STRONG,WEAK,-3.67,10,-5.19,2.01,2.01,-2.92,0.529,0,2
6590,2026-03-10,2026-03-11,WEAK,NORMAL,-8.05,7,1.98,-1.53,0.61,-2.04,0.231,0,6
6590,2026-03-13,2026-03-16,WEAK,NORMAL,-4.09,8,1.53,4.95,4.95,-0.75,0.429,0,2
6590,2026-03-17,2026-03-18,NORMAL,STRONG,-5.44,7,3.04,1.58,2.53,-1.58,0.188,1,1
6592,2025-12-29,2025-12-30,NORMAL,WEAK,-49.93,10,-0.78,-1.3,0.03,-2.81,0.155,0,1
6594,2025-10-24,2025-10-27,NORMAL,STRONG,-3.55,6,0.37,4.11,4.62,-0.2,0.0,0,2
6594,2025-10-31,2025-11-04,NORMAL,NORMAL,-3.29,10,-2.66,7.31,7.31,-0.16,0.882,0,4
6594,2025-12-11,2025-12-12,WEAK,STRONG,-3.53,2,0.9,-0.05,0.5,-1.19,0.5,0,3
6597,2025-12-01,2025-12-02,WEAK,WEAK,-4.49,2,0.0,-3.61,0.34,-3.61,0.146,0,1
6597,2025-12-02,2025-12-03,WEAK,WEAK,-3.61,3,0.06,0.77,2.26,-0.06,0.0,0,2
6597,2026-02-13,2026-02-16,WEAK,NORMAL,-6.57,4,2.15,5.1,5.47,-1.1,0.015,0,1
6613,2025-11-21,2025-11-25,STRONG,NORMAL,-6.58,4,0.88,-2.33,0.87,-2.62,0.2,0,1
6613,2025-12-11,2025-12-12,WEAK,STRONG,-4.62,3,0.0,-1.82,1.21,-2.73,0.0,0,3
6613,2025-12-16,2025-12-17,WEAK,NORMAL,-3.1,5,-0.32,-2.24,0.32,-3.21,0.111,1,6
6613,2026-02-04,2026-02-05,NORMAL,NORMAL,-3.51,3,-3.64,2.26,15.09,-1.7,0.153,0,1
6614,2025-10-17,2025-10-20,WEAK,STRONG,-3.85,5,0.67,1.99,1.99,-0.53,0.22,0,2
6614,2026-02-13,2026-02-16,WEAK,NORMAL,-20.37,3,-2.12,1.42,11.32,-7.17,0.107,0,1
6615,2025-12-09,2025-12-10,NORMAL,NORMAL,-11.26,3,-4.92,3.81,3.81,-2.72,0.333,0,1
6615,2025-12-11,2025-12-12,WEAK,STRONG,-5.51,2,0.28,-1.39,2.77,-1.94,0.25,1,3
6616,2026-02-16,2026-02-17,NORMAL,NORMAL,-3.95,2,0.0,5.55,6.42,-0.87,0.228,0,2
6617,2026-02-02,2026-02-03,NORMAL,STRONG,-5.41,2,2.4,1.67,2.12,-0.89,0.104,0,1
6619,2025-10-08,2025-10-09,NORMAL,NORMAL,-3.42,4,0.0,0.0,0.88,-0.88,0.125,0,1
6619,2025-11-07,2025-11-10,NORMAL,STRONG,-6.88,2,1.3,-3.43,0.0,-4.29,0.133,0,1
6619,2025-11-21,2025-11-25,STRONG,NORMAL,-3.65,5,1.9,-4.65,0.0,-5.58,0.0,0,1
6620,2025-10-17,2025-10-20,WEAK,STRONG,-4.01,3,1.65,-1.51,0.86,-2.05,0.073,0,1
6620,2025-12-04,2025-12-05,NORMAL,WEAK,-3.49,6,1.63,0.46,5.17,0.0,0.024,0,4
6620,2025-12-11,2025-12-12,WEAK,STRONG,-7.03,9,1.79,-2.64,2.39,-3.15,0.048,0,4
6620,2026-03-26,2026-03-27,WEAK,NORMAL,-8.67,4,-2.19,-0.6,11.94,-1.79,0.077,0,1
6622,2025-11-07,2025-11-10,NORMAL,STRONG,-6.35,2,0.0,0.82,1.75,-1.23,0.143,0,1
6622,2025-11-14,2025-11-17,NORMAL,NORMAL,-5.26,2,0.78,1.54,1.87,-0.66,0.04,0,1
6622,2025-11-21,2025-11-25,STRONG,NORMAL,-3.67,5,1.43,0.23,2.23,-1.17,0.448,0,1
6622,2026-03-10,2026-03-11,WEAK,NORMAL,-5.08,3,2.44,0.16,2.46,-0.63,0.237,0,3
6625,2026-03-26,2026-03-27,WEAK,NORMAL,-3.03,2,-1.04,-1.32,2.11,-1.58,0.125,0,1
6627,2025-11-05,2025-11-06,WEAK,NORMAL,-5.5,3,1.82,3.39,4.82,0.0,0.5,0,2
6627,2025-11-19,2025-11-20,NORMAL,STRONG,-3.58,2,6.88,3.83,3.83,-1.04,0.586,0,2
6627,2025-11-21,2025-11-25,STRONG,NORMAL,-11.22,3,3.77,0.91,2.55,-0.18,0.207,0,1
6627,2026-02-13,2026-02-16,WEAK,NORMAL,-5.66,3,3.21,0.1,4.77,-1.76,0.055,0,1
6627,2026-03-10,2026-03-11,WEAK,NORMAL,-4.33,2,3.28,1.86,4.39,-1.32,0.062,0,1
6627,2026-03-26,2026-03-27,WEAK,NORMAL,-5.45,3,-3.53,-1.1,0.85,-4.02,0.21,0,1
6629,2025-12-24,2025-12-25,NORMAL,NORMAL,-10.23,3,4.13,-8.97,3.02,-11.81,0.007,0,1
6629,2026-02-02,2026-02-03,NORMAL,STRONG,-16.04,3,2.33,3.98,8.34,-0.38,0.0,0,1
6629,2026-02-13,2026-02-16,WEAK,NORMAL,-5.06,2,-0.74,5.46,7.59,-0.93,0.242,1,1
6629,2026-02-20,2026-02-24,WEAK,NORMAL,-4.67,3,-1.13,-6.38,0.1,-7.14,0.186,0,4
6629,2026-02-24,2026-02-25,NORMAL,NORMAL,-7.44,3,-0.1,2.95,5.8,-0.41,0.105,0,5
6629,2026-03-26,2026-03-27,WEAK,NORMAL,-3.13,4,0.22,1.11,2.56,-1.33,0.037,0,1
6630,2025-12-12,2025-12-15,STRONG,NORMAL,-3.37,4,1.81,1.14,1.4,-0.13,0.0,0,3
6630,2026-01-08,2026-01-09,NORMAL,NORMAL,-3.58,6,0.27,-0.14,0.82,-0.82,0.0,0,2
6632,2025-11-14,2025-11-17,NORMAL,NORMAL,-12.51,3,0.04,-2.41,0.92,-3.45,0.061,0,2
6632,2025-12-01,2025-12-02,WEAK,WEAK,-4.82,5,0.58,-3.16,0.31,-3.43,0.0,0,2
6632,2026-02-04,2026-02-05,NORMAL,NORMAL,-3.32,5,1.12,0.0,2.05,-1.02,0.744,0,1
6632,2026-03-10,2026-03-11,WEAK,NORMAL,-3.49,3,1.85,3.0,3.0,-0.21,0.034,0,4
6633,2026-02-16,2026-02-17,NORMAL,NORMAL,-11.68,5,-2.2,2.82,2.82,0.0,0.696,0,1
6637,2025-12-16,2025-12-17,WEAK,NORMAL,-6.94,2,0.0,1.26,3.56,-2.3,0.125,0,1
6637,2025-12-18,2025-12-19,NORMAL,NORMAL,-3.4,3,1.53,2.89,3.82,-0.23,0.194,1,1
6637,2026-02-16,2026-02-17,NORMAL,NORMAL,-10.38,5,0.95,-3.98,1.05,-3.98,0.615,0,2
6637,2026-02-17,2026-02-18,NORMAL,STRONG,-3.07,3,3.17,3.31,4.61,-2.01,0.0,0,3
6638,2025-11-11,2025-11-12,NORMAL,STRONG,-6.3,7,-0.59,2.56,5.12,0.0,0.367,0,1
6638,2025-12-02,2025-12-03,WEAK,WEAK,-4.3,2,0.4,-0.13,1.0,-0.33,0.0,0,1
6638,2026-03-10,2026-03-11,WEAK,NORMAL,-4.6,2,0.92,0.51,1.76,-0.91,0.677,1,1
6644,2025-11-05,2025-11-06,WEAK,NORMAL,-8.28,5,0.09,0.17,1.79,-0.43,0.211,0,1
6645,2025-11-10,2025-11-11,STRONG,NORMAL,-9.04,7,-0.44,0.36,1.01,-0.39,0.0,0,2
6648,2025-10-31,2025-11-04,NORMAL,NORMAL,-5.94,3,0.11,4.1,4.65,0.0,0.116,0,1
6648,2025-12-29,2025-12-30,NORMAL,WEAK,-79.73,9,2.1,6.39,8.99,-2.1,0.506,0,1
6648,2026-01-06,2026-01-07,STRONG,NORMAL,-4.1,9,-5.84,-1.69,0.45,-4.92,0.192,0,1
6648,2026-01-07,2026-01-08,NORMAL,NORMAL,-7.43,9,-0.76,-4.91,0.38,-4.96,0.6,0,2
6648,2026-01-08,2026-01-09,NORMAL,NORMAL,-5.63,8,1.16,-1.14,1.85,-1.63,0.008,0,3
6648,2026-02-10,2026-02-12,STRONG,NORMAL,-6.37,4,0.55,-3.63,0.5,-6.54,0.019,0,1
6648,2026-02-12,2026-02-13,NORMAL,WEAK,-3.11,3,-0.33,-3.83,0.0,-6.05,0.413,0,2
6648,2026-02-13,2026-02-16,WEAK,NORMAL,-4.15,3,0.34,1.27,1.27,-1.37,0.367,1,3
6653,2025-12-18,2025-12-19,NORMAL,NORMAL,-3.4,2,0.42,4.15,4.15,-0.09,0.176,0,1
6653,2026-02-13,2026-02-16,WEAK,NORMAL,-17.25,3,-1.11,1.16,2.82,-2.77,0.254,0,2
6653,2026-03-06,2026-03-10,NORMAL,WEAK,-5.65,2,-3.87,1.43,3.07,-0.56,0.318,0,3
6654,2026-01-29,2026-01-30,NORMAL,NORMAL,-4.89,7,-1.96,1.43,2.38,0.0,0.125,0,1
6656,2025-12-30,2026-01-05,WEAK,NORMAL,-5.5,5,0.0,-2.82,1.76,-3.7,0.319,0,1
6656,2026-02-02,2026-02-03,NORMAL,STRONG,-13.86,3,3.03,-4.71,0.44,-7.81,0.109,0,1
6656,2026-03-16,2026-03-17,NORMAL,NORMAL,-9.35,5,1.55,-0.34,1.18,-4.23,0.275,0,3
6658,2025-11-05,2025-11-06,WEAK,NORMAL,-3.96,4,1.59,5.78,7.5,-0.78,0.0,0,2
6662,2026-02-09,2026-02-10,STRONG,STRONG,-5.58,6,0.0,-1.27,0.0,-2.95,0.85,0,2
6663,2025-10-08,2025-10-09,NORMAL,NORMAL,-3.91,2,-1.69,0.0,4.48,-1.03,0.37,0,1
6664,2025-10-02,2025-10-03,NORMAL,STRONG,-17.8,7,2.89,-3.51,0.0,-3.86,0.0,0,1
6664,2025-12-04,2025-12-05,NORMAL,WEAK,-7.48,3,-1.35,5.74,23.22,-2.19,0.196,0,1
6666,2025-10-23,2025-10-24,NORMAL,NORMAL,-3.84,2,-0.42,-5.27,0.0,-5.27,0.185,0,1
6666,2025-11-10,2025-11-11,STRONG,NORMAL,-13.14,5,0.0,-3.59,0.77,-3.85,0.0,0,2
6666,2025-12-15,2025-12-16,NORMAL,WEAK,-8.82,3,-2.67,-9.09,0.0,-9.09,0.414,0,1
6668,2025-11-05,2025-11-06,WEAK,NORMAL,-3.27,5,2.11,3.72,3.72,-1.65,0.347,0,1
6670,2026-02-05,2026-02-06,NORMAL,NORMAL,-3.21,4,26.01,0.0,0.0,0.0,0.0,0,2
6674,2025-11-06,2025-11-07,NORMAL,NORMAL,-6.53,2,-3.48,-3.01,3.27,-4.17,0.304,0,3
6674,2025-11-07,2025-11-10,NORMAL,STRONG,-6.39,2,0.58,0.69,1.66,-1.03,0.156,0,4
6674,2026-01-20,2026-01-21,WEAK,WEAK,-4.7,3,-1.61,1.47,1.63,-0.74,0.023,0,2
6676,2026-02-16,2026-02-17,NORMAL,NORMAL,-6.46,2,0.99,0.98,1.95,-0.59,0.0,0,1
6677,2026-01-08,2026-01-09,NORMAL,NORMAL,-4.13,2,3.51,-2.78,0.15,-2.78,0.176,0,1
6696,2025-12-08,2025-12-09,NORMAL,NORMAL,-9.41,7,2.27,-2.54,6.35,-4.44,0.0,0,1
6696,2026-01-22,2026-01-23,STRONG,NORMAL,-11.58,3,2.08,-1.75,0.29,-2.92,0.206,0,1
6696,2026-02-02,2026-02-03,NORMAL,STRONG,-7.38,3,-3.02,-2.83,0.57,-6.52,0.077,0,1
6696,2026-02-03,2026-02-04,STRONG,NORMAL,-5.77,2,2.33,-4.56,7.41,-4.56,0.52,0,2
6701,2026-01-30,2026-02-02,NORMAL,NORMAL,-5.91,5,1.92,-1.66,1.45,-1.92,0.0,0,3
6701,2026-02-04,2026-02-05,NORMAL,NORMAL,-11.79,9,-4.91,-2.07,0.62,-3.54,0.034,0,1
6701,2026-02-05,2026-02-06,NORMAL,NORMAL,-6.88,10,-1.75,-0.21,3.96,-0.88,0.353,0,2
6701,2026-02-12,2026-02-13,NORMAL,WEAK,-6.87,8,-3.89,-5.29,1.16,-5.38,0.17,0,1
6701,2026-02-13,2026-02-16,WEAK,NORMAL,-8.97,8,-0.76,3.24,3.81,-0.86,0.014,0,2
6701,2026-02-17,2026-02-18,NORMAL,STRONG,-4.67,6,-0.67,1.61,1.86,-0.33,0.012,0,1
6701,2026-02-20,2026-02-24,WEAK,NORMAL,-3.36,6,-6.69,0.52,2.46,-1.31,0.0,0,1
6701,2026-02-24,2026-02-25,NORMAL,NORMAL,-6.21,7,0.84,1.51,4.35,-0.03,0.348,0,2
6702,2026-02-04,2026-02-05,NORMAL,NORMAL,-7.85,6,-2.04,-0.93,0.63,-2.03,0.224,0,1
6702,2026-02-12,2026-02-13,NORMAL,WEAK,-3.3,3,-1.38,-2.64,1.02,-3.26,0.399,0,1
6702,2026-02-13,2026-02-16,WEAK,NORMAL,-3.99,4,-0.76,0.24,0.87,-1.79,0.143,0,2
6702,2026-02-24,2026-02-25,NORMAL,NORMAL,-8.73,9,0.81,0.15,2.31,-0.69,0.165,0,2
6703,2025-12-18,2025-12-19,NORMAL,NORMAL,-3.19,2,2.09,1.61,2.04,-0.38,0.048,0,1
6707,2025-11-05,2025-11-06,WEAK,NORMAL,-6.63,3,0.98,0.27,1.65,0.0,0.486,0,2
6707,2025-11-12,2025-11-13,STRONG,NORMAL,-10.46,10,0.0,-5.18,0.02,-5.37,0.444,0,1
6707,2025-11-13,2025-11-14,NORMAL,NORMAL,-5.18,9,-3.07,-1.63,0.43,-3.09,0.034,0,2
6707,2025-11-14,2025-11-17,NORMAL,NORMAL,-4.64,9,-1.49,-1.32,1.18,-3.43,0.415,1,3
6707,2025-12-02,2025-12-03,WEAK,WEAK,-3.29,4,1.81,1.23,3.29,-0.5,0.0,0,1
6707,2026-03-10,2026-03-11,WEAK,NORMAL,-7.28,4,2.13,-1.95,0.76,-1.95,0.116,0,1
6718,2026-02-04,2026-02-05,NORMAL,NORMAL,-4.07,6,0.0,-0.24,0.24,-0.8,0.389,0,1
6723,2025-10-30,2025-10-31,NORMAL,NORMAL,-4.01,2,7.54,-2.87,3.0,-5.18,0.33,0,2
6723,2026-03-06,2026-03-10,NORMAL,WEAK,-4.24,3,-4.23,1.98,2.74,-0.86,0.591,0,3
6723,2026-03-13,2026-03-16,WEAK,NORMAL,-5.24,5,1.34,-0.8,0.94,-2.93,0.319,0,2
6724,2025-11-06,2025-11-07,NORMAL,NORMAL,-3.28,2,0.0,1.61,2.1,-0.03,0.0,0,2
6728,2025-11-21,2025-11-25,STRONG,NORMAL,-5.66,3,2.9,-1.2,1.02,-1.48,0.136,0,1
6730,2025-11-07,2025-11-10,NORMAL,STRONG,-7.38,2,1.26,1.09,1.17,-0.47,0.027,0,1
6734,2025-10-07,2025-10-08,NORMAL,NORMAL,-8.65,4,0.26,-1.64,0.16,-1.64,0.383,0,1
6736,2026-01-21,2026-01-22,WEAK,STRONG,-6.11,2,0.35,-4.17,0.23,-4.17,0.0,0,2
6736,2026-01-22,2026-01-23,STRONG,NORMAL,-3.84,3,-0.6,0.36,1.09,-0.73,0.0,0,3
6736,2026-02-04,2026-02-05,NORMAL,NORMAL,-3.19,5,0.0,-2.8,0.73,-4.15,0.471,0,1
6736,2026-02-24,2026-02-25,NORMAL,NORMAL,-7.63,3,0.0,-2.63,1.0,-4.76,0.132,0,1
6736,2026-02-27,2026-03-02,STRONG,WEAK,-6.75,7,0.28,-7.37,0.42,-9.21,0.27,0,4
6737,2026-01-30,2026-02-02,NORMAL,NORMAL,-3.91,5,0.74,-0.69,1.29,-0.69,0.252,0,3
6743,2026-02-09,2026-02-10,STRONG,STRONG,-9.82,3,-0.93,1.52,1.64,-0.58,0.062,0,1
6744,2025-11-11,2025-11-12,NORMAL,STRONG,-4.58,2,-0.82,-1.38,1.24,-1.93,0.2,0,1
6748,2026-02-13,2026-02-16,WEAK,NORMAL,-13.44,6,0.0,0.12,1.37,-1.74,0.138,0,1
6750,2025-11-14,2025-11-17,NORMAL,NORMAL,-5.0,5,0.0,-0.34,0.28,-0.78,0.0,0,1
6752,2025-10-31,2025-11-04,NORMAL,NORMAL,-6.52,3,0.97,-4.27,0.17,-4.68,0.418,0,1
6752,2025-11-04,2025-11-05,NORMAL,WEAK,-3.34,2,-0.46,-1.59,0.43,-4.28,0.085,0,2
6753,2025-11-12,2025-11-13,STRONG,NORMAL,-3.83,3,0.0,-1.17,0.79,-1.39,0.241,0,1
6753,2025-11-25,2025-11-26,NORMAL,STRONG,-3.18,3,-0.37,2.21,2.52,-1.02,0.082,0,1
6753,2026-02-12,2026-02-13,NORMAL,WEAK,-12.48,6,0.01,0.44,1.63,-2.13,0.071,0,1
6753,2026-02-24,2026-02-25,NORMAL,NORMAL,-5.19,5,-0.68,3.1,3.88,-1.11,0.186,0,3
6754,2025-11-05,2025-11-06,WEAK,NORMAL,-4.49,2,2.23,-1.22,1.07,-2.42,0.55,0,1
6754,2026-01-30,2026-02-02,NORMAL,NORMAL,-9.54,5,2.33,-1.53,2.17,-1.66,0.491,0,1
6757,2026-01-29,2026-01-30,NORMAL,NORMAL,-11.49,10,-0.24,-1.08,0.36,-2.65,0.05,0,3
6758,2026-01-07,2026-01-08,NORMAL,NORMAL,-3.28,4,-0.15,-1.01,0.1,-1.56,0.269,0,1
6758,2026-02-04,2026-02-05,NORMAL,NORMAL,-4.56,6,-2.84,3.02,8.98,-0.62,0.015,0,1
6758,2026-02-20,2026-02-24,WEAK,NORMAL,-3.16,2,-2.28,1.41,2.94,-0.31,0.216,0,4
6762,2025-11-21,2025-11-25,STRONG,NORMAL,-3.09,2,3.54,-1.62,0.22,-2.02,0.08,0,1
6762,2025-12-11,2025-12-12,WEAK,STRONG,-3.68,3,1.54,1.28,1.73,-1.62,0.019,0,3
6762,2025-12-15,2025-12-16,NORMAL,WEAK,-4.1,3,-1.72,0.93,1.22,-0.45,0.486,0,1
6762,2025-12-24,2025-12-25,NORMAL,NORMAL,-3.02,4,1.68,-0.34,0.0,-1.39,0.2,0,1
6762,2026-01-07,2026-01-08,NORMAL,NORMAL,-3.19,3,-0.64,-1.97,0.44,-2.08,0.0,0,2
6762,2026-01-19,2026-01-20,NORMAL,WEAK,-3.57,3,-0.67,-0.97,0.68,-1.6,0.204,1,1
6762,2026-03-16,2026-03-17,NORMAL,NORMAL,-3.88,4,1.5,0.36,1.93,-0.81,0.157,0,2
6768,2025-12-11,2025-12-12,WEAK,STRONG,-3.29,2,1.19,-1.34,0.17,-1.68,0.13,0,3
6768,2025-12-16,2025-12-17,WEAK,NORMAL,-3.07,3,-0.35,0.35,1.59,-0.88,0.083,0,6
6768,2026-02-06,2026-02-09,NORMAL,STRONG,-7.06,3,1.62,2.38,3.34,-0.95,0.176,0,2
6769,2025-11-06,2025-11-07,NORMAL,NORMAL,-4.76,6,0.0,1.54,2.05,0.0,0.156,0,2
6769,2026-02-06,2026-02-09,NORMAL,STRONG,-4.55,3,0.61,-0.73,0.97,-0.73,0.158,0,2
6769,2026-03-13,2026-03-16,WEAK,NORMAL,-5.34,2,-2.61,1.61,4.72,-2.25,0.058,0,1
6770,2025-11-05,2025-11-06,WEAK,NORMAL,-4.18,3,0.86,-2.03,0.22,-2.91,0.249,0,1
6770,2025-12-18,2025-12-19,NORMAL,NORMAL,-3.34,2,0.9,-1.02,0.0,-1.84,0.354,0,4
6770,2026-02-02,2026-02-03,NORMAL,STRONG,-4.02,4,1.32,2.02,2.02,-0.71,0.317,0,1
6772,2026-03-10,2026-03-11,WEAK,NORMAL,-10.76,9,0.34,0.51,2.21,-2.04,0.348,0,5
6777,2025-11-05,2025-11-06,WEAK,NORMAL,-3.35,2,4.74,2.87,2.87,-2.43,0.822,0,2
6777,2025-11-07,2025-11-10,NORMAL,STRONG,-3.43,2,-4.56,-3.84,3.61,-5.36,0.39,0,1
6777,2025-11-10,2025-11-11,STRONG,NORMAL,-8.22,4,0.0,2.42,3.75,-0.12,0.169,0,2
6777,2025-11-14,2025-11-17,NORMAL,NORMAL,-6.57,2,-0.48,1.2,2.51,-0.6,0.247,0,1
6777,2025-11-21,2025-11-25,STRONG,NORMAL,-8.69,4,3.62,0.65,3.49,-1.68,0.184,0,1
6779,2025-11-12,2025-11-13,STRONG,NORMAL,-3.98,6,1.09,-1.86,0.49,-3.23,0.636,0,2
6779,2025-11-14,2025-11-17,NORMAL,NORMAL,-3.09,6,0.21,-1.33,1.03,-1.74,0.0,1,4
6779,2025-12-01,2025-12-02,WEAK,WEAK,-3.21,4,0.75,-2.66,0.21,-2.87,0.0,0,1
6779,2026-02-12,2026-02-13,NORMAL,WEAK,-10.22,4,-0.1,-2.97,0.2,-3.17,0.529,0,1
6779,2026-02-13,2026-02-16,WEAK,NORMAL,-3.07,4,9.19,5.61,5.61,-1.12,0.059,0,2
6787,2025-11-07,2025-11-10,NORMAL,STRONG,-7.46,5,0.11,-1.54,0.55,-3.42,0.361,0,1
6787,2025-11-14,2025-11-17,NORMAL,NORMAL,-8.26,3,1.11,3.9,7.71,-1.6,0.03,0,1
6787,2026-01-20,2026-01-21,WEAK,WEAK,-5.66,8,-1.61,2.72,4.25,-0.44,0.059,0,2
6794,2026-02-12,2026-02-13,NORMAL,WEAK,-8.35,2,-0.58,-0.99,2.59,-3.24,0.129,0,1
6797,2025-10-20,2025-10-21,STRONG,NORMAL,-3.34,8,0.08,1.6,1.77,-0.76,0.182,0,6
6797,2026-01-29,2026-01-30,NORMAL,NORMAL,-8.66,7,2.5,-0.76,1.85,-2.02,0.466,0,2
6800,2025-11-10,2025-11-11,STRONG,NORMAL,-13.31,3,1.39,7.76,16.57,-0.93,0.065,0,2
6800,2026-02-12,2026-02-13,NORMAL,WEAK,-4.32,3,-0.34,-4.36,0.0,-6.01,0.422,0,1
6806,2025-11-05,2025-11-06,WEAK,NORMAL,-16.07,5,0.45,-2.06,1.26,-2.48,0.333,0,1
6806,2026-01-29,2026-01-30,NORMAL,NORMAL,-3.88,5,-0.09,0.82,1.34,-0.46,0.264,0,2
6807,2025-10-31,2025-11-04,NORMAL,NORMAL,-17.81,6,-0.09,-0.78,0.82,-4.3,0.0,0,1
6807,2026-01-29,2026-01-30,NORMAL,NORMAL,-3.63,6,0.21,0.38,1.42,-0.5,0.463,0,2
6807,2026-03-10,2026-03-11,WEAK,NORMAL,-3.49,4,0.87,-1.2,0.41,-1.2,0.286,0,4
6809,2025-12-09,2025-12-10,NORMAL,NORMAL,-6.6,7,0.13,0.38,3.59,0.0,0.293,0,1
6809,2025-12-17,2025-12-18,NORMAL,NORMAL,-3.34,5,-0.25,-0.95,0.57,-0.95,0.222,0,1
6810,2026-02-02,2026-02-03,NORMAL,STRONG,-5.19,8,2.19,0.61,1.72,-0.75,0.021,0,7
6810,2026-02-13,2026-02-16,WEAK,NORMAL,-3.64,3,-0.27,-1.14,0.55,-1.23,0.169,0,1
6814,2025-10-21,2025-10-22,NORMAL,STRONG,-6.05,2,1.87,7.47,7.7,-1.38,0.052,0,1
6814,2025-11-21,2025-11-25,STRONG,NORMAL,-3.44,3,1.52,-2.13,0.63,-3.38,0.148,1,1
6814,2025-12-16,2025-12-17,WEAK,NORMAL,-5.92,2,0.66,1.3,2.08,-3.65,0.156,0,1
6814,2025-12-18,2025-12-19,NORMAL,NORMAL,-5.27,4,0.81,3.77,4.17,-1.62,0.121,0,1
6814,2026-01-13,2026-01-14,NORMAL,NORMAL,-4.02,3,-0.12,2.22,5.8,-1.6,0.44,0,2
6814,2026-01-22,2026-01-23,STRONG,NORMAL,-5.51,4,-1.22,-3.02,1.92,-3.02,0.065,0,1
6814,2026-02-04,2026-02-05,NORMAL,NORMAL,-3.58,4,-0.57,-3.59,0.0,-4.02,0.074,0,1
6814,2026-02-05,2026-02-06,NORMAL,NORMAL,-4.14,5,-0.3,5.82,5.82,-1.34,0.107,0,2
6814,2026-03-06,2026-03-10,NORMAL,WEAK,-5.21,2,-3.33,0.3,2.99,-0.6,0.571,0,3
6814,2026-03-10,2026-03-11,WEAK,NORMAL,-3.04,3,2.54,-0.15,2.47,-0.15,0.167,1,4
6817,2026-02-09,2026-02-10,STRONG,STRONG,-5.3,4,0.0,5.68,6.28,-0.17,0.121,0,1
6820,2025-11-12,2025-11-13,STRONG,NORMAL,-8.85,4,0.0,-3.2,0.0,-3.41,0.377,0,1
6820,2025-11-13,2025-11-14,NORMAL,NORMAL,-3.2,5,-1.16,0.04,0.93,-0.28,0.06,0,2
6820,2026-03-06,2026-03-10,NORMAL,WEAK,-3.43,2,0.0,-0.48,0.32,-1.78,0.286,0,2
6822,2025-10-31,2025-11-04,NORMAL,NORMAL,-15.1,5,0.0,-0.39,0.0,-4.25,0.056,0,1
6823,2026-01-30,2026-02-02,NORMAL,NORMAL,-3.79,3,0.18,-0.36,0.87,-0.95,0.434,0,2
6832,2025-10-31,2025-11-04,NORMAL,NORMAL,-8.1,3,2.16,-4.57,0.85,-5.12,0.0,0,1
6832,2026-02-04,2026-02-05,NORMAL,NORMAL,-7.87,4,-0.32,-1.98,0.0,-2.83,0.285,0,1
6834,2025-12-18,2025-12-19,NORMAL,NORMAL,-4.74,3,2.53,-2.63,0.0,-4.36,0.0,1,1
6834,2025-12-25,2025-12-26,NORMAL,NORMAL,-3.13,4,-0.77,-0.94,1.03,-1.63,0.167,0,1
6834,2026-01-08,2026-01-09,NORMAL,NORMAL,-3.58,3,-0.35,2.84,3.37,-2.22,0.085,0,2
6834,2026-01-19,2026-01-20,NORMAL,WEAK,-5.56,2,0.0,-3.72,0.0,-4.41,0.469,0,1
6834,2026-01-20,2026-01-21,WEAK,WEAK,-3.72,2,-3.77,6.44,6.54,-0.09,0.157,0,2
6834,2026-03-24,2026-03-25,STRONG,STRONG,-4.81,2,7.65,2.62,2.62,-0.96,0.237,0,3
6835,2025-12-24,2025-12-25,NORMAL,NORMAL,-3.07,2,0.0,0.4,1.58,-0.4,0.182,0,1
6835,2026-02-16,2026-02-17,NORMAL,NORMAL,-18.16,5,0.34,1.02,2.38,-1.36,0.188,0,2
6835,2026-02-18,2026-02-19,STRONG,NORMAL,-9.76,8,1.87,5.13,7.69,0.0,0.214,0,1
6835,2026-02-26,2026-02-27,NORMAL,STRONG,-4.29,3,0.0,2.41,3.1,-2.76,0.2,0,1
6836,2025-10-17,2025-10-20,WEAK,STRONG,-3.54,6,0.69,2.76,4.93,-0.69,0.118,1,2
6836,2025-11-05,2025-11-06,WEAK,NORMAL,-4.59,3,0.96,1.13,2.94,-1.3,0.166,0,1
6836,2025-11-25,2025-11-26,NORMAL,STRONG,-6.46,4,2.37,0.77,2.03,-2.51,0.308,0,1
6836,2025-12-04,2025-12-05,NORMAL,WEAK,-5.0,7,-2.42,-2.37,3.13,-2.59,0.508,0,3
6836,2025-12-05,2025-12-08,WEAK,NORMAL,-4.74,7,0.11,-1.88,1.1,-4.53,0.038,0,4
6836,2025-12-12,2025-12-15,STRONG,NORMAL,-3.11,5,0.44,2.98,2.98,0.0,0.327,0,1
6836,2025-12-19,2025-12-22,NORMAL,NORMAL,-3.11,7,0.0,-0.23,1.26,-1.72,0.049,0,2
6838,2025-12-05,2025-12-08,WEAK,NORMAL,-15.29,7,-1.0,0.58,1.01,-3.91,0.162,0,1
6838,2025-12-16,2025-12-17,WEAK,NORMAL,-4.25,6,0.74,-0.73,0.15,-2.64,0.348,0,1
6838,2026-02-20,2026-02-24,WEAK,NORMAL,-8.29,3,2.97,9.33,9.33,-1.67,0.148,0,1
6840,2025-11-13,2025-11-14,NORMAL,NORMAL,-16.75,2,-2.33,-3.58,0.6,-3.58,0.0,0,1
6840,2025-11-14,2025-11-17,NORMAL,NORMAL,-5.83,2,0.93,3.07,3.99,-0.92,0.0,0,2
6840,2025-11-19,2025-11-20,NORMAL,STRONG,-4.94,2,5.19,-2.78,0.31,-5.25,0.167,0,2
6840,2026-02-13,2026-02-16,WEAK,NORMAL,-5.14,2,-9.98,4.32,6.02,-6.58,0.276,0,1
6840,2026-02-16,2026-02-17,NORMAL,NORMAL,-6.09,3,0.36,1.26,1.44,-7.9,0.522,0,2
6840,2026-03-13,2026-03-16,WEAK,NORMAL,-4.0,4,-1.04,5.47,5.68,-0.63,0.692,0,2
6840,2026-03-17,2026-03-18,NORMAL,STRONG,-4.39,4,1.25,7.01,7.84,-0.21,0.111,0,1
6841,2026-02-04,2026-02-05,NORMAL,NORMAL,-7.11,4,0.02,-1.09,0.44,-2.52,0.716,0,1
6844,2025-11-05,2025-11-06,WEAK,NORMAL,-5.29,2,2.11,-1.33,0.59,-1.92,0.593,0,2
6844,2025-11-11,2025-11-12,NORMAL,STRONG,-6.96,5,-0.96,2.89,3.7,-0.16,0.353,0,1
6844,2025-11-14,2025-11-17,NORMAL,NORMAL,-3.63,3,0.66,-0.98,0.49,-2.77,0.0,0,2
6844,2026-03-06,2026-03-10,NORMAL,WEAK,-5.69,3,-3.7,-0.14,1.14,-1.42,0.5,1,3
6844,2026-03-10,2026-03-11,WEAK,NORMAL,-3.84,4,1.28,-0.14,2.39,-0.14,0.5,1,4
6844,2026-03-13,2026-03-16,WEAK,NORMAL,-3.06,5,-0.75,0.91,1.82,-0.76,0.0,0,2
6845,2026-02-09,2026-02-10,STRONG,STRONG,-9.75,7,0.88,0.04,0.36,-1.22,0.128,0,1
6849,2025-11-11,2025-11-12,NORMAL,STRONG,-8.67,6,1.13,2.95,3.14,-0.28,0.0,0,1
6849,2025-11-13,2025-11-14,NORMAL,NORMAL,-3.29,4,-0.66,0.97,1.41,-0.09,0.045,1,1
6849,2025-11-20,2025-11-21,STRONG,STRONG,-3.2,6,0.69,1.84,2.23,-0.46,0.315,0,1
6849,2026-02-06,2026-02-09,NORMAL,STRONG,-4.48,5,4.84,0.58,1.7,-1.47,0.344,0,1
6849,2026-02-13,2026-02-16,WEAK,NORMAL,-4.69,2,0.0,0.21,1.09,-0.68,0.05,1,1
6849,2026-03-06,2026-03-10,NORMAL,WEAK,-3.4,4,-2.73,0.62,1.4,-0.78,0.25,1,3
6850,2025-12-11,2025-12-12,WEAK,STRONG,-3.67,3,1.65,0.44,0.88,-0.29,0.051,0,1
6855,2025-11-14,2025-11-17,NORMAL,NORMAL,-3.03,2,1.77,0.93,2.54,-0.4,0.222,0,4
6855,2025-11-19,2025-11-20,NORMAL,STRONG,-3.64,4,4.5,3.06,4.03,-0.28,0.259,0,2
6855,2025-11-21,2025-11-25,STRONG,NORMAL,-9.7,5,4.18,-1.15,2.15,-2.15,0.238,1,1
6855,2026-01-29,2026-01-30,NORMAL,NORMAL,-5.77,2,1.45,-1.94,0.51,-3.48,0.141,0,1
6855,2026-02-27,2026-03-02,STRONG,WEAK,-5.3,2,-3.48,1.93,4.12,-0.64,0.076,0,2
6855,2026-03-17,2026-03-18,NORMAL,STRONG,-8.01,4,3.05,2.96,3.11,-0.59,0.0,0,1
6855,2026-03-26,2026-03-27,WEAK,NORMAL,-7.74,6,-4.03,-1.51,1.01,-2.86,0.108,0,1
6856,2025-11-14,2025-11-17,NORMAL,NORMAL,-3.98,3,6.9,4.95,6.53,-0.79,0.267,0,1
6856,2026-02-13,2026-02-16,WEAK,NORMAL,-3.85,2,0.0,-1.28,0.0,-1.44,0.539,0,1
6856,2026-03-26,2026-03-27,WEAK,NORMAL,-3.63,2,-1.72,0.25,0.52,-1.86,0.218,0,1
6857,2025-11-21,2025-11-25,STRONG,NORMAL,-12.1,3,4.37,-0.18,1.75,-1.54,0.028,0,1
6857,2025-12-18,2025-12-19,NORMAL,NORMAL,-3.32,3,1.54,0.52,1.65,-1.0,0.04,0,1
6857,2026-03-10,2026-03-11,WEAK,NORMAL,-6.36,3,2.08,1.26,3.46,-1.18,0.542,0,6
6857,2026-03-13,2026-03-16,WEAK,NORMAL,-3.47,3,0.23,1.84,1.84,-1.67,0.094,0,2
6859,2026-02-12,2026-02-13,NORMAL,WEAK,-7.35,3,1.92,-2.95,1.07,-6.04,0.198,0,1
6861,2025-10-30,2025-10-31,NORMAL,NORMAL,-3.29,2,-1.12,-3.32,0.67,-3.4,0.048,0,1
6861,2025-10-31,2025-11-04,NORMAL,NORMAL,-4.4,2,-1.74,0.27,1.38,-0.55,0.021,0,2
6861,2026-01-30,2026-02-02,NORMAL,NORMAL,-3.98,3,0.89,-2.02,0.11,-2.21,0.135,0,1
6861,2026-02-04,2026-02-05,NORMAL,NORMAL,-4.15,4,-5.5,3.49,4.36,0.0,0.0,0,1
6862,2025-11-11,2025-11-12,NORMAL,STRONG,-3.41,3,17.63,0.0,0.0,0.0,0.377,0,1
6862,2026-02-02,2026-02-03,NORMAL,STRONG,-8.85,3,2.13,0.26,2.41,-1.89,0.086,0,7
6862,2026-02-04,2026-02-05,NORMAL,NORMAL,-3.57,3,-1.75,1.78,3.98,-0.41,0.345,1,1
6862,2026-02-19,2026-02-20,NORMAL,WEAK,-11.24,2,-0.51,4.82,6.58,-6.54,0.041,0,2
6863,2026-02-16,2026-02-17,NORMAL,NORMAL,-4.07,3,0.0,-0.05,0.27,-1.91,0.881,0,2
6864,2025-12-01,2025-12-02,WEAK,WEAK,-3.23,3,1.76,-3.8,0.0,-3.89,0.0,1,1
6866,2025-10-16,2025-10-17,NORMAL,WEAK,-3.76,4,0.0,-0.34,0.17,-1.02,0.25,0,1
6869,2025-11-06,2025-11-07,NORMAL,NORMAL,-5.68,7,2.48,-0.76,0.27,-2.03,0.326,0,1
6869,2026-02-13,2026-02-16,WEAK,NORMAL,-17.87,8,3.31,-1.41,1.23,-2.16,0.029,0,1
6869,2026-02-17,2026-02-18,NORMAL,STRONG,-3.4,4,0.16,-0.04,0.7,-1.09,0.0,1,1
6871,2025-11-12,2025-11-13,STRONG,NORMAL,-14.69,4,0.0,-2.73,0.72,-3.01,0.165,0,2
6871,2025-11-14,2025-11-17,NORMAL,NORMAL,-5.31,4,0.31,4.5,6.52,0.0,0.273,0,4
6871,2025-11-21,2025-11-25,STRONG,NORMAL,-7.02,6,3.36,-2.6,0.49,-3.25,0.815,0,1
6871,2025-12-16,2025-12-17,WEAK,NORMAL,-3.31,3,1.71,2.19,2.86,-1.01,0.042,0,6
6871,2026-03-17,2026-03-18,NORMAL,STRONG,-4.31,2,2.35,2.66,2.66,-0.83,0.196,0,1
6871,2026-03-26,2026-03-27,WEAK,NORMAL,-7.55,4,-3.94,2.05,2.36,-1.95,0.385,0,1
6875,2025-10-03,2025-10-06,STRONG,STRONG,-5.25,2,-0.96,-0.36,0.36,-2.92,0.262,0,1
6877,2025-11-13,2025-11-14,NORMAL,NORMAL,-7.19,6,0.0,2.45,4.52,0.0,0.0,0,2
6882,2026-02-02,2026-02-03,NORMAL,STRONG,-5.62,4,0.94,-0.52,0.41,-0.83,0.033,0,1
6888,2026-02-03,2026-02-04,STRONG,NORMAL,-3.21,5,1.29,0.73,2.0,0.0,0.0,0,2
6890,2025-11-21,2025-11-25,STRONG,NORMAL,-3.27,2,2.11,-0.1,1.35,-0.93,0.0,0,1
6890,2026-01-30,2026-02-02,NORMAL,NORMAL,-7.49,2,-1.69,-2.74,2.06,-5.66,0.327,0,3
6890,2026-02-16,2026-02-17,NORMAL,NORMAL,-4.91,3,1.66,2.78,4.09,-0.82,0.588,0,1
6902,2025-10-31,2025-11-04,NORMAL,NORMAL,-6.02,4,-0.99,-0.65,0.44,-2.52,0.104,0,1
6902,2025-12-05,2025-12-08,WEAK,NORMAL,-3.5,2,0.52,0.52,0.52,-0.2,0.0,0,1
6902,2026-02-03,2026-02-04,STRONG,NORMAL,-4.09,6,-0.19,-0.22,1.77,-0.27,0.187,0,1
6902,2026-03-06,2026-03-10,NORMAL,WEAK,-5.06,4,-1.55,0.22,0.62,-1.02,0.384,0,3
6902,2026-03-13,2026-03-16,WEAK,NORMAL,-3.27,6,-0.13,-0.08,0.65,-0.67,0.029,0,2
6905,2025-11-19,2025-11-20,NORMAL,STRONG,-3.24,5,2.55,0.34,0.6,-1.29,0.067,0,4
6905,2025-12-19,2025-12-22,NORMAL,NORMAL,-4.6,7,0.0,0.73,1.0,-0.64,0.152,0,1
6907,2025-11-13,2025-11-14,NORMAL,NORMAL,-10.2,3,-1.94,7.06,10.23,-3.09,0.023,0,1
6907,2025-12-17,2025-12-18,NORMAL,NORMAL,-6.77,4,-1.18,0.55,2.66,-3.4,0.36,0,2
6907,2026-02-09,2026-02-10,STRONG,STRONG,-3.48,4,-0.74,7.09,7.25,0.0,0.418,0,3
6907,2026-02-13,2026-02-16,WEAK,NORMAL,-6.94,3,0.74,-4.23,0.0,-4.23,0.275,0,1
6907,2026-03-10,2026-03-11,WEAK,NORMAL,-6.07,4,4.97,-9.62,0.87,-10.96,0.374,0,1
6914,2026-01-08,2026-01-09,NORMAL,NORMAL,-3.1,5,1.34,-1.04,0.56,-1.8,0.015,0,3
6914,2026-01-20,2026-01-21,WEAK,WEAK,-4.4,3,-2.5,2.61,2.98,-0.17,0.0,0,2
6920,2026-02-02,2026-02-03,NORMAL,STRONG,-13.96,3,3.32,-0.77,0.74,-2.87,0.046,0,3
6920,2026-02-04,2026-02-05,NORMAL,NORMAL,-7.15,4,-1.36,-1.73,3.44,-2.52,0.354,0,1
6920,2026-02-05,2026-02-06,NORMAL,NORMAL,-3.07,4,1.44,3.02,3.77,-1.72,0.131,0,2
6925,2025-11-07,2025-11-10,NORMAL,STRONG,-8.49,4,1.05,0.97,1.3,-0.48,0.0,0,1
6928,2026-02-09,2026-02-10,STRONG,STRONG,-4.47,3,-0.61,0.54,3.99,0.0,0.122,0,1
6929,2026-02-02,2026-02-03,NORMAL,STRONG,-3.05,2,1.64,0.54,0.81,-0.94,0.0,0,1
6932,2025-11-04,2025-11-05,NORMAL,WEAK,-7.12,5,-1.62,0.97,1.26,-1.69,0.339,0,5
6941,2025-11-05,2025-11-06,WEAK,NORMAL,-6.28,2,16.47,0.0,0.0,-0.91,0.623,0,2
6941,2025-12-16,2025-12-17,WEAK,NORMAL,-5.21,2,1.47,3.79,6.14,-1.99,0.0,0,3
6941,2025-12-18,2025-12-19,NORMAL,NORMAL,-4.87,2,1.28,0.54,1.62,-0.18,0.32,1,1
6946,2025-11-19,2025-11-20,NORMAL,STRONG,-3.39,2,3.07,2.87,3.62,-1.7,0.182,0,2
6946,2025-11-21,2025-11-25,STRONG,NORMAL,-6.2,3,1.1,-3.05,0.0,-4.25,0.0,0,1
6946,2025-12-01,2025-12-02,WEAK,WEAK,-6.03,3,-1.55,-0.67,1.12,-0.9,0.019,0,1
6946,2025-12-18,2025-12-19,NORMAL,NORMAL,-5.42,2,0.34,1.37,3.65,-0.11,0.059,0,3
6946,2025-12-26,2025-12-29,NORMAL,NORMAL,-3.5,2,0.23,3.85,5.55,-0.91,0.026,0,1
6946,2026-03-26,2026-03-27,WEAK,NORMAL,-3.99,4,-1.49,-1.51,1.21,-1.51,0.132,0,1
6947,2025-10-03,2025-10-06,STRONG,STRONG,-3.77,5,2.65,0.1,1.14,-0.72,0.044,0,1
6947,2026-02-06,2026-02-09,NORMAL,STRONG,-4.27,5,2.57,0.76,1.31,-1.41,0.0,0,3
6951,2026-03-10,2026-03-11,WEAK,NORMAL,-5.95,4,1.0,-1.05,0.79,-1.05,0.397,0,4
6952,2026-03-06,2026-03-10,NORMAL,WEAK,-5.09,7,0.32,-0.36,1.25,-0.46,0.535,0,5
6954,2026-02-02,2026-02-03,NORMAL,STRONG,-3.61,3,3.39,2.94,3.1,-0.75,0.076,0,1
6961,2025-12-16,2025-12-17,WEAK,NORMAL,-4.95,2,-1.59,4.14,5.87,-2.42,0.255,0,5
6961,2025-12-18,2025-12-19,NORMAL,NORMAL,-3.54,3,0.8,1.14,2.05,-1.02,0.0,1,1
6961,2026-03-26,2026-03-27,WEAK,NORMAL,-8.88,2,-4.4,-3.52,0.46,-5.75,0.037,0,1
6963,2025-11-07,2025-11-10,NORMAL,STRONG,-13.46,7,0.02,-2.02,1.24,-2.92,0.23,0,1
6963,2026-02-05,2026-02-06,NORMAL,NORMAL,-9.05,4,-2.01,2.95,3.2,-0.27,0.323,0,1
6963,2026-02-13,2026-02-16,WEAK,NORMAL,-3.14,2,0.76,-2.6,0.24,-2.6,0.284,0,1
6965,2025-10-07,2025-10-08,NORMAL,NORMAL,-3.18,2,-0.15,-0.42,0.66,-1.52,0.096,0,1
6965,2025-11-10,2025-11-11,STRONG,NORMAL,-4.49,2,0.47,3.01,3.1,-0.12,0.007,0,2
6965,2026-02-06,2026-02-09,NORMAL,STRONG,-6.28,4,2.24,-0.06,0.44,-2.36,0.399,0,1
6966,2025-12-12,2025-12-15,STRONG,NORMAL,-4.87,3,-2.94,2.64,3.16,-0.4,0.365,0,2
6966,2025-12-16,2025-12-17,WEAK,NORMAL,-3.72,2,0.0,-1.33,0.13,-1.73,0.0,1,4
6966,2026-03-10,2026-03-11,WEAK,NORMAL,-3.98,3,2.14,-0.79,1.18,-1.57,0.591,0,3
6966,2026-03-13,2026-03-16,WEAK,NORMAL,-4.19,7,-1.09,-4.1,0.47,-4.1,0.034,0,2
6966,2026-03-16,2026-03-17,NORMAL,NORMAL,-5.15,8,1.32,-1.79,1.3,-1.79,0.0,0,3
6969,2025-10-06,2025-10-07,STRONG,NORMAL,-7.03,8,1.74,5.83,5.94,-1.14,0.279,0,1
6969,2025-11-13,2025-11-14,NORMAL,NORMAL,-4.74,6,-3.52,2.64,4.65,0.0,0.134,0,1
6971,2025-10-31,2025-11-04,NORMAL,NORMAL,-4.27,2,-0.49,-0.93,0.25,-2.13,0.191,0,1
6976,2025-11-11,2025-11-12,NORMAL,STRONG,-4.0,3,-2.05,0.63,1.83,-1.17,0.031,0,3
6976,2025-11-21,2025-11-25,STRONG,NORMAL,-3.19,5,2.63,-1.17,1.02,-1.17,0.022,0,1
6976,2026-01-08,2026-01-09,NORMAL,NORMAL,-6.01,2,0.35,-0.44,1.58,-0.82,0.0,0,1
6977,2026-01-08,2026-01-09,NORMAL,NORMAL,-7.52,3,-0.1,-0.39,2.45,-6.08,0.0,0,1
6986,2025-12-16,2025-12-17,WEAK,NORMAL,-4.6,4,0.0,0.0,0.54,-1.79,0.115,0,1
6986,2026-03-06,2026-03-10,NORMAL,WEAK,-3.23,2,-2.17,2.67,3.41,-0.74,0.323,0,2
6994,2025-12-09,2025-12-10,NORMAL,NORMAL,-7.75,2,-0.33,0.22,3.94,-0.77,0.205,0,1
6994,2026-01-08,2026-01-09,NORMAL,NORMAL,-4.7,2,0.84,-1.43,0.0,-3.34,0.062,0,1
6994,2026-02-05,2026-02-06,NORMAL,NORMAL,-5.93,4,-1.75,-1.19,0.59,-4.99,0.415,0,1
6994,2026-02-25,2026-02-26,NORMAL,NORMAL,-4.34,3,-1.13,-0.96,2.67,-2.48,0.125,0,1
6994,2026-03-26,2026-03-27,WEAK,NORMAL,-4.55,2,-1.35,-2.0,0.84,-2.52,0.115,0,1
6996,2025-11-06,2025-11-07,NORMAL,NORMAL,-17.65,8,0.16,1.12,1.76,-0.64,0.374,0,3
6996,2026-01-08,2026-01-09,NORMAL,NORMAL,-4.61,2,0.06,-0.57,0.89,-1.27,0.014,0,1
6997,2025-11-05,2025-11-06,WEAK,NORMAL,-5.92,2,1.08,0.8,1.27,-4.35,0.481,0,1
6997,2025-11-07,2025-11-10,NORMAL,STRONG,-20.97,9,0.08,0.17,1.17,-1.34,0.561,0,1
6997,2025-11-21,2025-11-25,STRONG,NORMAL,-3.68,3,2.3,0.97,3.29,-0.6,0.277,0,1
6997,2026-02-10,2026-02-12,STRONG,NORMAL,-4.16,4,0.71,0.13,1.16,-1.41,0.853,0,1
6998,2025-11-14,2025-11-17,NORMAL,NORMAL,-8.78,6,0.67,0.0,0.81,-0.81,0.247,0,2
6998,2026-02-02,2026-02-03,NORMAL,STRONG,-5.17,2,1.66,-0.09,4.9,-1.77,0.176,1,1
6998,2026-02-19,2026-02-20,NORMAL,WEAK,-4.37,2,-0.82,-5.12,0.55,-5.25,0.222,0,1
6999,2025-10-30,2025-10-31,NORMAL,NORMAL,-3.81,2,-0.15,1.1,3.53,-0.37,0.204,0,2
7003,2025-12-10,2025-12-11,NORMAL,WEAK,-7.33,2,-0.26,-1.66,2.74,-1.9,0.0,0,4
7003,2025-12-15,2025-12-16,NORMAL,WEAK,-3.05,3,-1.75,-5.68,0.5,-6.16,0.554,0,1
7003,2025-12-16,2025-12-17,WEAK,NORMAL,-7.33,4,0.04,0.04,1.89,-4.06,0.072,0,2
7003,2026-03-06,2026-03-10,NORMAL,WEAK,-12.14,2,-6.14,-1.25,1.56,-2.1,0.802,0,2
7003,2026-03-10,2026-03-11,WEAK,NORMAL,-7.31,4,2.81,0.72,3.28,-0.86,0.234,1,3
7004,2025-11-07,2025-11-10,NORMAL,STRONG,-19.18,8,-0.76,1.52,2.39,-0.87,0.243,0,1
7004,2025-12-16,2025-12-17,WEAK,NORMAL,-3.1,2,-0.53,0.43,0.64,-0.64,0.083,0,4
7011,2025-11-21,2025-11-25,STRONG,NORMAL,-6.43,5,-0.13,0.7,1.95,-0.73,0.031,0,1
7011,2026-03-06,2026-03-10,NORMAL,WEAK,-3.27,2,-1.28,-1.11,1.26,-2.0,0.305,1,2
7012,2026-03-06,2026-03-10,NORMAL,WEAK,-5.47,2,-2.23,2.16,4.38,-1.35,0.521,1,2
7013,2025-11-21,2025-11-25,STRONG,NORMAL,-4.7,5,-0.02,-0.8,0.95,-2.46,0.443,0,1
7013,2026-03-06,2026-03-10,NORMAL,WEAK,-9.49,2,-0.63,1.16,4.77,-1.58,0.534,1,2
7014,2025-11-21,2025-11-25,STRONG,NORMAL,-6.47,2,2.04,-5.89,0.22,-7.33,0.258,0,1
7014,2025-11-25,2025-11-26,NORMAL,STRONG,-3.97,3,1.06,0.82,2.22,-0.93,0.191,1,2
7014,2025-12-01,2025-12-02,WEAK,WEAK,-4.89,2,0.0,-2.05,1.71,-2.05,0.119,0,1
7014,2025-12-10,2025-12-11,NORMAL,WEAK,-7.39,2,1.72,-3.38,0.48,-3.38,0.016,0,1
7014,2025-12-15,2025-12-16,NORMAL,WEAK,-4.82,3,-1.27,-6.54,0.77,-7.18,0.586,0,1
7014,2025-12-16,2025-12-17,WEAK,NORMAL,-7.72,5,0.0,-3.43,0.14,-6.17,0.081,0,2
7014,2025-12-17,2025-12-18,NORMAL,NORMAL,-3.43,7,-1.99,2.75,5.07,-0.43,0.435,0,3
7014,2025-12-25,2025-12-26,NORMAL,NORMAL,-5.31,5,0.72,-0.14,0.71,-1.29,0.27,0,2
7014,2025-12-30,2026-01-05,WEAK,NORMAL,-3.15,4,1.41,3.2,4.18,-0.28,0.462,0,1
7014,2026-02-02,2026-02-03,NORMAL,STRONG,-3.57,2,5.19,3.52,5.52,-1.41,0.158,0,2
7014,2026-03-10,2026-03-11,WEAK,NORMAL,-3.93,2,0.1,1.47,4.19,-0.42,0.034,0,3
7014,2026-03-24,2026-03-25,STRONG,STRONG,-3.68,6,4.05,0.11,0.89,-2.67,0.128,0,3
7018,2025-12-02,2025-12-03,WEAK,WEAK,-3.49,2,0.0,0.66,1.71,-1.45,0.071,1,2
7018,2025-12-16,2025-12-17,WEAK,NORMAL,-5.75,2,0.42,-4.82,0.07,-6.7,0.087,0,2
7018,2025-12-17,2025-12-18,NORMAL,NORMAL,-4.42,4,-3.82,1.53,3.2,-0.76,0.278,0,3
7018,2025-12-25,2025-12-26,NORMAL,NORMAL,-4.89,3,-1.38,1.18,1.62,-0.81,0.149,0,2
7018,2026-02-05,2026-02-06,NORMAL,NORMAL,-10.36,6,-1.66,5.74,7.09,-1.28,0.177,0,1
7018,2026-02-19,2026-02-20,NORMAL,WEAK,-7.35,2,-0.12,-2.13,2.88,-3.8,0.293,0,1
7031,2026-03-13,2026-03-16,WEAK,NORMAL,-9.73,2,1.48,-4.66,0.44,-5.24,0.031,0,2
7033,2025-12-09,2025-12-10,NORMAL,NORMAL,-3.09,4,0.31,0.39,0.85,-0.62,0.159,0,1
7033,2026-02-13,2026-02-16,WEAK,NORMAL,-6.06,7,0.41,1.56,2.88,0.0,0.014,0,2
7035,2025-10-22,2025-10-23,STRONG,NORMAL,-5.65,2,-1.71,-1.3,1.3,-1.74,0.0,0,1
7036,2025-10-15,2025-10-16,STRONG,NORMAL,-16.81,5,0.0,-0.1,2.09,-2.41,0.0,0,1
7036,2026-01-13,2026-01-14,NORMAL,NORMAL,-15.97,7,0.0,-2.12,0.0,-3.84,0.236,0,2
7038,2025-12-29,2025-12-30,NORMAL,WEAK,-4.4,7,0.32,0.95,6.01,-0.63,0.0,0,2
7038,2026-01-05,2026-01-06,NORMAL,STRONG,-3.29,5,-0.32,-0.81,0.98,-0.81,0.1,1,1
7038,2026-01-08,2026-01-09,NORMAL,NORMAL,-4.52,9,-0.35,-0.35,0.7,-1.23,0.115,0,4
7042,2025-12-24,2025-12-25,NORMAL,NORMAL,-10.04,3,4.65,5.04,10.37,-1.33,0.0,0,1
7042,2025-12-30,2026-01-05,WEAK,NORMAL,-7.13,3,-1.12,1.25,5.26,-3.51,0.159,0,1
7044,2025-12-29,2025-12-30,NORMAL,WEAK,-8.03,6,-0.71,0.9,1.08,-0.18,0.0,0,1
7047,2025-12-09,2025-12-10,NORMAL,NORMAL,-5.78,3,-0.6,1.36,2.16,-0.6,0.0,0,3
7047,2026-02-24,2026-02-25,NORMAL,NORMAL,-7.28,2,-1.07,0.52,2.95,-1.43,0.0,0,2
7047,2026-03-26,2026-03-27,WEAK,NORMAL,-4.25,2,-0.76,3.48,3.71,0.0,0.139,0,1
7049,2026-01-15,2026-01-16,STRONG,NORMAL,-7.41,4,0.33,-0.11,0.66,-0.44,0.344,0,2
7049,2026-02-26,2026-02-27,NORMAL,STRONG,-7.58,8,-0.23,-0.71,0.0,-1.29,0.029,0,1
7050,2026-03-16,2026-03-17,NORMAL,NORMAL,-3.23,4,0.9,-3.69,0.32,-3.69,0.294,0,3
7059,2025-10-21,2025-10-22,NORMAL,STRONG,-3.15,4,0.09,2.5,2.5,-0.28,0.204,0,3
7059,2025-11-14,2025-11-17,NORMAL,NORMAL,-9.56,8,-1.47,-4.14,1.49,-7.12,0.206,0,2
7059,2026-02-13,2026-02-16,WEAK,NORMAL,-5.5,5,-2.96,1.73,3.25,-3.15,0.036,0,2
7059,2026-02-24,2026-02-25,NORMAL,NORMAL,-3.41,5,0.52,0.21,2.48,0.0,0.148,0,2
7061,2025-12-08,2025-12-09,NORMAL,NORMAL,-3.75,8,-0.33,-2.33,0.5,-4.33,0.104,0,2
7061,2025-12-18,2025-12-19,NORMAL,NORMAL,-3.06,5,0.09,-2.16,1.17,-2.16,0.158,0,3
7061,2026-02-16,2026-02-17,NORMAL,NORMAL,-10.62,7,1.61,4.74,5.27,-0.53,0.746,0,2
7061,2026-02-19,2026-02-20,NORMAL,WEAK,-5.34,6,0.0,-2.87,0.0,-2.98,0.048,0,2
7061,2026-03-10,2026-03-11,WEAK,NORMAL,-4.05,5,-0.36,-0.85,0.61,-1.69,0.5,0,1
7063,2025-10-06,2025-10-07,STRONG,NORMAL,-6.17,5,0.88,0.43,0.87,-1.74,0.125,0,3
7063,2025-10-08,2025-10-09,NORMAL,NORMAL,-8.66,5,-0.47,-1.9,0.48,-6.67,0.148,0,1
7063,2025-10-17,2025-10-20,WEAK,STRONG,-4.72,5,0.99,-1.96,2.45,-1.96,0.154,0,1
7064,2026-03-13,2026-03-16,WEAK,NORMAL,-11.06,9,2.92,-0.95,0.0,-2.1,0.078,0,2
7065,2025-10-15,2025-10-16,STRONG,NORMAL,-5.23,8,0.42,0.14,2.82,-0.14,0.19,0,2
7066,2025-11-14,2025-11-17,NORMAL,NORMAL,-16.23,10,-1.96,-2.2,2.2,-3.39,0.0,0,2
7067,2026-01-09,2026-01-13,NORMAL,NORMAL,-8.38,3,-2.59,0.62,2.3,-2.39,0.147,0,1
7068,2025-12-24,2025-12-25,NORMAL,NORMAL,-3.82,3,0.53,0.26,0.66,-2.63,0.154,0,1
7068,2025-12-26,2025-12-29,NORMAL,NORMAL,-10.5,3,2.64,-0.43,2.14,-1.71,0.629,0,1
7068,2026-01-05,2026-01-06,NORMAL,STRONG,-4.41,3,0.77,-0.31,1.53,-0.92,0.053,0,2
7068,2026-02-18,2026-02-19,STRONG,NORMAL,-3.63,4,0.82,0.49,0.98,-0.98,0.038,0,1
7068,2026-02-24,2026-02-25,NORMAL,NORMAL,-7.1,6,-0.69,2.62,3.15,0.0,0.033,0,1
7068,2026-03-26,2026-03-27,WEAK,NORMAL,-3.94,7,-0.74,-1.88,0.0,-4.13,0.098,0,1
7069,2025-11-07,2025-11-10,NORMAL,STRONG,-10.72,3,-3.31,2.41,2.41,-1.01,0.066,0,1
7071,2025-10-20,2025-10-21,STRONG,NORMAL,-13.4,8,5.8,4.2,6.58,-2.01,0.294,0,3
7071,2025-11-07,2025-11-10,NORMAL,STRONG,-18.98,9,0.0,2.81,3.28,-5.85,0.0,0,2
7071,2026-02-16,2026-02-17,NORMAL,NORMAL,-3.21,3,-0.62,0.42,4.38,-0.62,0.359,0,3
7071,2026-02-24,2026-02-25,NORMAL,NORMAL,-5.53,3,1.46,2.89,3.51,-0.21,0.286,0,2
7071,2026-03-26,2026-03-27,WEAK,NORMAL,-3.95,5,-0.73,2.2,2.68,-0.98,0.133,0,1
7072,2025-10-17,2025-10-20,WEAK,STRONG,-8.31,3,2.25,2.71,3.3,-2.2,0.128,0,1
7072,2025-11-14,2025-11-17,NORMAL,NORMAL,-5.15,2,-1.45,-4.48,0.15,-5.07,0.086,0,1
7072,2026-02-16,2026-02-17,NORMAL,NORMAL,-11.17,7,0.1,-5.88,0.1,-6.89,0.977,0,2
7078,2026-01-08,2026-01-09,NORMAL,NORMAL,-6.08,2,0.0,-3.89,0.26,-5.44,0.04,0,1
7080,2025-11-12,2025-11-13,STRONG,NORMAL,-7.52,5,0.0,-1.77,0.12,-3.89,0.194,0,1
7082,2025-10-06,2025-10-07,STRONG,NORMAL,-4.31,2,0.07,-0.9,0.55,-2.98,0.043,1,1
7082,2025-10-17,2025-10-20,WEAK,STRONG,-3.17,4,0.6,0.67,1.63,-1.33,0.255,0,1
7082,2025-11-04,2025-11-05,NORMAL,WEAK,-3.15,5,-0.49,0.0,0.57,-3.6,0.114,0,1
7082,2025-11-13,2025-11-14,NORMAL,NORMAL,-5.17,2,-2.05,1.45,1.45,-0.65,0.217,0,1
7082,2025-11-19,2025-11-20,NORMAL,STRONG,-6.45,9,3.0,-2.52,0.58,-3.88,0.112,0,5
7082,2025-11-25,2025-11-26,NORMAL,STRONG,-5.58,9,0.0,2.95,3.48,0.0,0.171,0,2
7082,2025-12-01,2025-12-02,WEAK,WEAK,-4.63,7,-0.22,0.43,2.27,-0.54,0.175,0,1
7082,2026-02-06,2026-02-09,NORMAL,STRONG,-3.08,4,1.47,-0.45,0.45,-1.79,0.286,0,1
7082,2026-02-13,2026-02-16,WEAK,NORMAL,-5.73,7,-14.04,2.59,5.17,-0.27,0.052,0,2
7082,2026-02-16,2026-02-17,NORMAL,NORMAL,-11.81,9,0.0,-1.06,0.4,-3.85,0.05,0,3
7082,2026-02-19,2026-02-20,NORMAL,WEAK,-3.49,6,0.4,-0.93,0.0,-2.94,0.205,0,1
7085,2025-10-15,2025-10-16,STRONG,NORMAL,-5.66,6,-0.38,-1.92,1.41,-1.92,0.079,0,2
7085,2026-01-21,2026-01-22,WEAK,STRONG,-3.58,2,0.13,1.19,1.59,0.0,0.043,0,3
7089,2025-12-30,2026-01-05,WEAK,NORMAL,-4.73,10,1.27,-4.28,0.31,-4.91,0.128,0,2
7090,2025-10-17,2025-10-20,WEAK,STRONG,-18.86,4,1.75,7.07,11.03,-0.86,0.016,0,2
7091,2026-02-16,2026-02-17,NORMAL,NORMAL,-10.79,3,-1.37,1.74,1.74,-6.35,0.836,0,1
7093,2025-10-06,2025-10-07,STRONG,NORMAL,-10.77,3,0.34,0.34,0.86,-1.03,0.286,1,2
7094,2025-11-11,2025-11-12,NORMAL,STRONG,-16.36,7,0.0,-1.53,0.05,-4.03,0.075,0,1
7094,2025-11-13,2025-11-14,NORMAL,NORMAL,-4.15,7,-1.73,1.0,2.76,-0.59,0.135,1,3
7094,2025-11-20,2025-11-21,STRONG,STRONG,-3.39,7,-0.91,0.43,2.87,-0.43,0.209,0,1
7094,2025-12-01,2025-12-02,WEAK,WEAK,-3.41,6,0.12,-3.34,0.43,-3.95,0.033,0,1
7094,2025-12-02,2025-12-03,WEAK,WEAK,-3.22,6,-0.69,-0.63,1.46,-0.63,0.139,0,2
7094,2025-12-26,2025-12-29,NORMAL,NORMAL,-3.97,3,0.24,-2.48,0.12,-2.83,0.778,0,1
7094,2026-02-12,2026-02-13,NORMAL,WEAK,-3.51,5,-0.3,0.49,3.04,-0.43,0.22,0,1
7094,2026-03-26,2026-03-27,WEAK,NORMAL,-3.12,3,1.51,1.68,2.07,-0.13,0.067,0,1
7095,2025-10-17,2025-10-20,WEAK,STRONG,-3.37,4,2.46,-1.1,0.24,-1.49,0.0,0,2
7095,2025-11-05,2025-11-06,WEAK,NORMAL,-3.55,6,0.43,-2.1,1.94,-2.1,0.423,0,2
7095,2025-11-25,2025-11-26,NORMAL,STRONG,-3.39,4,0.52,0.34,1.09,-0.46,0.0,0,1
7095,2025-12-12,2025-12-15,STRONG,NORMAL,-17.24,9,0.07,0.74,1.47,-1.47,0.136,0,1
7095,2025-12-22,2025-12-23,NORMAL,NORMAL,-4.27,4,-1.15,0.75,1.3,-0.48,0.012,0,1
7095,2026-02-12,2026-02-13,NORMAL,WEAK,-3.04,2,0.61,-2.84,0.07,-3.45,0.378,1,1
7095,2026-03-13,2026-03-16,WEAK,NORMAL,-3.65,5,0.3,-1.04,0.07,-3.41,0.362,0,2
7095,2026-03-26,2026-03-27,WEAK,NORMAL,-3.89,5,1.62,1.19,1.67,-0.8,0.108,0,2
7097,2026-01-29,2026-01-30,NORMAL,NORMAL,-11.49,9,0.69,2.23,3.41,0.0,0.007,0,3
7110,2026-02-09,2026-02-10,STRONG,STRONG,-3.11,7,1.1,2.03,3.37,-0.2,0.153,0,2
7110,2026-03-17,2026-03-18,NORMAL,STRONG,-5.45,4,0.2,2.93,3.17,-1.09,0.202,0,1
7112,2026-02-05,2026-02-06,NORMAL,NORMAL,-10.36,3,-1.39,-5.79,0.42,-7.63,0.267,0,2
7115,2025-11-04,2025-11-05,NORMAL,WEAK,-6.48,8,-1.74,-0.26,0.91,-2.55,0.073,0,7
7115,2025-11-14,2025-11-17,NORMAL,NORMAL,-4.65,8,0.0,4.16,5.01,-2.61,0.228,0,2
7115,2026-02-16,2026-02-17,NORMAL,NORMAL,-9.23,8,1.17,0.89,2.0,-1.16,0.0,0,3
7122,2025-11-14,2025-11-17,NORMAL,NORMAL,-4.21,4,-0.33,1.18,4.08,-0.82,0.0,0,1
7130,2025-11-05,2025-11-06,WEAK,NORMAL,-5.31,6,-0.67,-0.88,0.46,-3.14,0.26,0,2
7131,2025-12-12,2025-12-15,STRONG,NORMAL,-3.48,6,11.14,6.75,6.75,-0.1,0.682,0,3
7133,2026-02-16,2026-02-17,NORMAL,NORMAL,-7.11,8,-0.91,1.93,2.3,0.0,0.444,0,5
7134,2026-02-09,2026-02-10,STRONG,STRONG,-6.21,7,1.06,-2.28,0.47,-3.13,0.059,0,3
7135,2025-12-17,2025-12-18,NORMAL,NORMAL,-5.24,5,0.46,0.0,1.83,0.0,0.143,0,2
7138,2025-12-25,2025-12-26,NORMAL,NORMAL,-14.14,3,15.72,3.4,3.4,-1.49,0.0,1,1
7138,2026-01-22,2026-01-23,STRONG,NORMAL,-11.86,2,2.2,9.95,10.22,-2.69,0.113,1,2
7138,2026-01-29,2026-01-30,NORMAL,NORMAL,-6.32,3,-1.76,-1.49,1.49,-4.18,0.083,0,2
7138,2026-01-30,2026-02-02,NORMAL,NORMAL,-3.23,4,1.82,2.08,5.65,-1.79,0.474,1,3
7138,2026-02-03,2026-02-04,STRONG,NORMAL,-3.79,2,-1.82,-3.09,1.23,-4.63,0.13,0,1
7138,2026-02-04,2026-02-05,NORMAL,NORMAL,-4.85,4,0.0,3.82,4.78,-1.91,0.263,0,2
7138,2026-02-06,2026-02-09,NORMAL,STRONG,-3.07,3,2.85,-1.54,1.85,-3.08,0.353,1,1
7138,2026-02-12,2026-02-13,NORMAL,WEAK,-3.03,2,-1.88,-1.91,0.0,-7.32,0.25,0,1
7138,2026-02-13,2026-02-16,WEAK,NORMAL,-3.75,5,-1.62,8.58,10.23,-1.32,0.739,0,2
7138,2026-02-17,2026-02-18,NORMAL,STRONG,-5.47,5,0.96,-7.64,1.91,-7.96,0.1,0,1
7138,2026-02-18,2026-02-19,STRONG,NORMAL,-6.75,5,16.55,-3.85,2.07,-8.88,0.032,0,2
7138,2026-02-20,2026-02-24,WEAK,NORMAL,-7.08,3,-0.33,-1.66,4.65,-2.66,0.033,0,1
7138,2026-03-26,2026-03-27,WEAK,NORMAL,-5.36,5,2.02,1.19,1.98,-1.98,0.0,0,1
7148,2025-10-31,2025-11-04,NORMAL,NORMAL,-6.06,6,0.23,3.92,3.92,-0.23,0.12,0,1
7148,2025-12-22,2025-12-23,NORMAL,NORMAL,-22.75,7,0.06,4.41,8.83,-1.59,0.0,0,1
7148,2026-02-09,2026-02-10,STRONG,STRONG,-3.37,2,-0.9,0.62,1.38,-0.14,0.036,0,1
7157,2025-10-16,2025-10-17,NORMAL,WEAK,-3.55,2,-1.92,-0.26,0.95,-0.79,0.133,0,4
7157,2025-10-22,2025-10-23,STRONG,NORMAL,-3.11,2,0.11,-2.57,0.21,-2.89,0.153,0,1
7161,2025-11-13,2025-11-14,NORMAL,NORMAL,-4.17,3,-0.77,1.03,1.29,-0.52,0.273,0,1
7161,2025-12-03,2025-12-04,WEAK,NORMAL,-4.79,4,0.26,3.69,4.22,0.0,0.0,0,2
7161,2026-03-26,2026-03-27,WEAK,NORMAL,-5.44,3,0.0,0.82,1.64,-0.62,0.032,0,1
7162,2025-10-24,2025-10-27,NORMAL,STRONG,-3.1,3,3.2,8.53,19.38,-0.39,0.115,0,1
7167,2026-03-10,2026-03-11,WEAK,NORMAL,-3.19,2,0.95,-1.18,0.81,-1.18,0.247,0,4
7172,2025-12-22,2025-12-23,NORMAL,NORMAL,-6.18,4,0.05,0.19,1.09,-0.8,0.399,0,1
7172,2026-02-12,2026-02-13,NORMAL,WEAK,-16.51,5,0.63,-1.87,0.58,-4.94,0.048,0,1
7172,2026-02-20,2026-02-24,WEAK,NORMAL,-4.2,6,-0.31,0.46,1.48,-0.2,0.167,0,1
7173,2026-02-13,2026-02-16,WEAK,NORMAL,-6.06,2,-0.35,-2.1,0.44,-4.11,0.042,0,1
7177,2025-12-15,2025-12-16,NORMAL,WEAK,-3.52,5,0.46,-0.79,0.34,-1.14,0.094,0,1
7184,2025-11-07,2025-11-10,NORMAL,STRONG,-4.12,2,2.12,6.56,6.56,-2.07,0.323,0,1
7186,2026-03-06,2026-03-10,NORMAL,WEAK,-3.17,2,-4.01,2.29,3.17,-1.08,0.061,1,3
7186,2026-03-16,2026-03-17,NORMAL,NORMAL,-3.01,5,2.53,-2.4,0.97,-2.78,0.014,0,1
7187,2025-11-11,2025-11-12,NORMAL,STRONG,-6.59,4,-0.07,0.82,1.83,-0.14,0.087,0,1
7196,2026-01-29,2026-01-30,NORMAL,NORMAL,-4.69,4,0.14,0.0,1.4,0.0,0.0,0,4
7198,2025-12-02,2025-12-03,WEAK,WEAK,-4.23,2,0.34,-2.14,0.68,-2.14,0.0,0,1
7199,2026-01-21,2026-01-22,WEAK,STRONG,-3.98,4,1.42,-0.32,0.32,-1.13,0.243,0,3
7199,2026-02-13,2026-02-16,WEAK,NORMAL,-4.1,4,1.5,1.2,1.97,-1.04,0.177,0,1
7201,2025-10-31,2025-11-04,NORMAL,NORMAL,-4.12,3,1.84,-2.14,0.14,-2.14,0.603,0,1
7201,2026-03-13,2026-03-16,WEAK,NORMAL,-4.4,6,-2.08,-1.18,0.36,-2.63,0.438,0,1
7201,2026-03-16,2026-03-17,NORMAL,NORMAL,-3.24,6,1.76,-0.56,1.23,-0.56,0.486,0,2
7202,2026-03-16,2026-03-17,NORMAL,NORMAL,-4.37,5,0.82,0.6,0.89,-0.27,0.101,0,3
7203,2025-11-05,2025-11-06,WEAK,NORMAL,-3.65,2,2.3,0.93,2.32,-1.8,0.284,0,1
7205,2026-03-13,2026-03-16,WEAK,NORMAL,-3.3,6,-0.26,-1.05,0.26,-1.58,0.0,0,7
7212,2025-11-07,2025-11-10,NORMAL,STRONG,-9.71,4,0.83,-0.68,0.55,-1.09,0.029,0,1
7212,2026-03-13,2026-03-16,WEAK,NORMAL,-3.73,7,0.97,1.78,1.92,-0.96,0.154,0,2
7220,2025-10-17,2025-10-20,WEAK,STRONG,-5.16,4,4.61,-0.79,0.0,-2.36,0.056,0,2
7220,2025-11-13,2025-11-14,NORMAL,NORMAL,-6.63,5,-3.42,3.4,4.95,-2.26,0.086,0,1
7220,2025-11-19,2025-11-20,NORMAL,STRONG,-3.02,5,3.66,-3.6,0.25,-4.94,0.336,0,5
7220,2025-12-16,2025-12-17,WEAK,NORMAL,-7.7,3,-0.82,-3.24,0.83,-3.47,0.04,0,6
7220,2025-12-17,2025-12-18,NORMAL,NORMAL,-4.04,6,-3.51,0.77,2.83,-0.81,0.053,0,7
7220,2026-02-09,2026-02-10,STRONG,STRONG,-14.69,5,0.24,2.07,5.37,-0.68,0.102,0,1
7220,2026-02-12,2026-02-13,NORMAL,WEAK,-5.1,5,-2.05,-6.62,1.26,-6.62,0.296,1,1
7220,2026-02-13,2026-02-16,WEAK,NORMAL,-8.54,6,0.18,2.42,4.93,-0.99,0.0,0,2
7220,2026-02-20,2026-02-24,WEAK,NORMAL,-3.3,4,-0.42,5.85,7.29,-0.85,0.068,0,1
7222,2025-10-08,2025-10-09,NORMAL,NORMAL,-5.9,6,0.0,1.72,1.97,0.0,0.0,0,1
7222,2025-12-03,2025-12-04,WEAK,NORMAL,-3.95,2,0.8,-0.4,0.89,-0.5,0.0,0,3
7222,2025-12-11,2025-12-12,WEAK,STRONG,-3.2,2,1.2,0.49,0.69,-0.49,0.0,0,1
7222,2026-03-13,2026-03-16,WEAK,NORMAL,-3.76,3,0.0,0.51,0.93,-1.23,0.074,0,2
7224,2025-11-04,2025-11-05,NORMAL,WEAK,-7.62,2,-0.32,-1.03,0.0,-5.19,0.4,0,2
7235,2026-02-12,2026-02-13,NORMAL,WEAK,-3.66,3,-0.18,-2.46,0.0,-2.52,0.208,0,1
7235,2026-03-06,2026-03-10,NORMAL,WEAK,-4.29,2,-0.55,0.0,1.11,-1.17,0.568,0,3
7240,2025-11-11,2025-11-12,NORMAL,STRONG,-4.5,4,0.0,0.69,1.13,-0.46,0.228,0,1
7241,2025-10-31,2025-11-04,NORMAL,NORMAL,-3.96,4,-0.74,0.21,1.28,-1.81,0.172,0,1
7242,2026-03-06,2026-03-10,NORMAL,WEAK,-4.68,2,-2.78,0.11,1.43,-0.33,0.356,0,3
7244,2026-03-10,2026-03-11,WEAK,NORMAL,-3.21,3,0.98,-3.68,2.13,-3.68,0.214,0,1
7244,2026-03-13,2026-03-16,WEAK,NORMAL,-3.96,6,0.0,1.03,1.44,-0.82,0.0,0,1
7245,2025-11-14,2025-11-17,NORMAL,NORMAL,-3.05,4,-1.52,1.54,2.99,-1.03,0.189,0,2
7245,2025-12-01,2025-12-02,WEAK,WEAK,-4.29,3,-0.31,-1.57,0.63,-1.67,0.044,0,1
7245,2025-12-09,2025-12-10,NORMAL,NORMAL,-4.34,2,1.3,-0.75,0.32,-1.39,0.119,0,1
7245,2026-01-16,2026-01-19,NORMAL,NORMAL,-3.16,2,-1.18,0.37,1.28,-2.29,0.419,0,1
7245,2026-02-12,2026-02-13,NORMAL,WEAK,-6.96,3,-1.87,5.33,7.14,-1.9,0.112,0,1
7245,2026-03-10,2026-03-11,WEAK,NORMAL,-6.02,2,0.19,0.68,3.29,-1.26,0.594,1,4
7245,2026-03-13,2026-03-16,WEAK,NORMAL,-3.55,4,-0.21,-0.53,1.16,-1.58,0.387,0,2
7246,2026-03-10,2026-03-11,WEAK,NORMAL,-3.54,3,0.34,0.69,1.6,0.0,0.524,1,4
7247,2025-11-11,2025-11-12,NORMAL,STRONG,-9.67,6,0.56,-0.28,0.0,-0.84,0.25,0,1
7250,2025-10-15,2025-10-16,STRONG,NORMAL,-7.02,4,0.89,2.52,2.8,-0.76,0.0,0,3
7250,2025-12-19,2025-12-22,NORMAL,NORMAL,-4.11,2,0.66,1.48,3.28,-0.33,0.0,0,1
7254,2025-12-08,2025-12-09,NORMAL,NORMAL,-4.72,3,-1.86,4.04,4.8,0.0,0.6,0,2
7256,2026-02-19,2026-02-20,NORMAL,WEAK,-5.63,3,-4.55,5.65,6.85,-8.04,0.102,0,1
7256,2026-02-24,2026-02-25,NORMAL,NORMAL,-16.9,2,-1.36,4.81,15.46,-1.03,0.0,1,1
7259,2025-12-05,2025-12-08,WEAK,NORMAL,-3.07,2,0.8,3.93,3.93,0.0,0.0,0,1
7259,2026-02-20,2026-02-24,WEAK,NORMAL,-8.67,4,0.3,-0.33,1.19,-1.49,0.232,0,1
7259,2026-03-06,2026-03-10,NORMAL,WEAK,-3.73,5,-2.2,-0.51,0.12,-1.61,0.115,0,3
7261,2025-11-05,2025-11-06,WEAK,NORMAL,-3.12,4,1.86,-0.81,0.1,-2.11,0.458,0,3
7261,2026-03-10,2026-03-11,WEAK,NORMAL,-3.54,3,2.2,0.42,1.86,-0.25,0.36,0,4
7261,2026-03-13,2026-03-16,WEAK,NORMAL,-3.13,5,-1.22,1.33,2.08,-0.62,0.346,0,2
7265,2025-12-05,2025-12-08,WEAK,NORMAL,-12.99,6,1.49,2.79,2.94,-1.03,0.104,0,1
7267,2025-11-10,2025-11-11,STRONG,NORMAL,-4.67,2,-0.07,0.89,1.13,-0.5,0.069,0,1
7267,2026-02-12,2026-02-13,NORMAL,WEAK,-3.5,2,-0.68,0.06,1.16,-0.53,0.161,0,1
7267,2026-03-13,2026-03-16,WEAK,NORMAL,-5.56,9,-0.95,-0.77,1.4,-1.25,0.382,0,2
7269,2026-03-13,2026-03-16,WEAK,NORMAL,-3.58,6,-1.45,-1.81,0.52,-2.27,0.179,0,2
7269,2026-03-16,2026-03-17,NORMAL,NORMAL,-3.23,5,1.84,-0.03,0.93,-0.83,0.167,0,3
7270,2025-12-03,2025-12-04,WEAK,NORMAL,-3.0,2,2.15,1.41,1.74,-1.29,0.0,0,3
7270,2026-02-06,2026-02-09,NORMAL,STRONG,-5.54,4,0.24,-9.13,0.3,-9.13,0.223,0,1
7270,2026-02-09,2026-02-10,STRONG,STRONG,-8.92,7,0.82,2.97,4.11,-0.29,0.0,0,2
7270,2026-02-24,2026-02-25,NORMAL,NORMAL,-3.46,5,-0.33,1.65,1.89,-0.58,0.425,0,2
7271,2025-12-09,2025-12-10,NORMAL,NORMAL,-3.39,3,1.51,2.47,2.87,-0.99,0.114,0,1
7271,2026-02-02,2026-02-03,NORMAL,STRONG,-3.13,2,0.92,4.49,6.23,-0.46,0.137,0,1
7271,2026-02-16,2026-02-17,NORMAL,NORMAL,-13.24,5,2.15,1.67,3.16,-2.2,0.205,0,2
7271,2026-02-20,2026-02-24,WEAK,NORMAL,-3.59,2,0.54,-1.35,0.54,-2.53,0.022,0,1
7272,2026-02-03,2026-02-04,STRONG,NORMAL,-10.09,9,0.05,1.19,1.19,-1.43,0.596,0,1
7273,2025-10-02,2025-10-03,NORMAL,STRONG,-3.25,9,3.73,-4.31,2.04,-5.15,0.5,0,6
7273,2025-10-06,2025-10-07,STRONG,NORMAL,-3.63,7,-1.04,3.54,8.66,-0.52,0.099,1,8
7273,2025-11-20,2025-11-21,STRONG,STRONG,-5.26,3,-1.18,1.2,4.07,-1.79,0.0,0,1
7273,2025-12-01,2025-12-02,WEAK,WEAK,-5.73,6,-1.29,2.88,7.99,-0.39,0.102,0,1
7273,2025-12-11,2025-12-12,WEAK,STRONG,-3.04,5,0.0,0.82,1.36,-2.59,0.067,0,2
7273,2025-12-15,2025-12-16,NORMAL,WEAK,-3.78,6,-0.28,-0.42,0.85,-1.83,0.211,0,1
7273,2025-12-17,2025-12-18,NORMAL,NORMAL,-5.52,7,-1.5,2.89,3.8,-0.91,0.079,0,3
7273,2025-12-23,2025-12-24,NORMAL,NORMAL,-3.48,3,-0.28,-1.81,0.0,-2.64,0.182,0,1
7273,2026-02-06,2026-02-09,NORMAL,STRONG,-3.03,4,2.86,-3.17,0.0,-3.44,0.1,0,1
7273,2026-02-17,2026-02-18,NORMAL,STRONG,-8.38,4,1.23,-1.35,0.27,-1.75,0.354,0,1
7277,2025-11-14,2025-11-17,NORMAL,NORMAL,-3.63,3,0.0,0.0,0.0,-2.32,0.0,0,2
7278,2025-10-30,2025-10-31,NORMAL,NORMAL,-3.02,2,0.58,0.58,0.58,-1.36,0.455,0,3
7279,2025-12-18,2025-12-19,NORMAL,NORMAL,-6.29,2,1.54,5.77,5.94,-0.67,0.007,0,1
7279,2026-03-06,2026-03-10,NORMAL,WEAK,-6.56,6,-3.59,2.33,4.65,0.0,0.529,0,3
7280,2026-01-22,2026-01-23,STRONG,NORMAL,-12.12,3,-1.69,-1.65,5.8,-5.15,0.046,0,2
7280,2026-02-10,2026-02-12,STRONG,NORMAL,-4.45,2,4.94,-1.01,3.76,-2.42,0.39,0,1
7280,2026-03-13,2026-03-16,WEAK,NORMAL,-3.17,5,0.0,0.56,1.68,-0.64,0.0,0,7
7282,2025-10-31,2025-11-04,NORMAL,NORMAL,-5.92,3,5.87,-0.77,1.19,-1.87,0.218,0,1
7282,2025-11-21,2025-11-25,STRONG,NORMAL,-8.2,5,3.51,-0.36,0.48,-1.51,0.049,0,1
7282,2026-03-10,2026-03-11,WEAK,NORMAL,-3.97,4,2.29,-1.02,0.35,-1.04,0.553,0,4
7283,2026-02-02,2026-02-03,NORMAL,STRONG,-4.42,7,2.57,1.16,1.58,-1.58,0.343,0,1
7283,2026-03-13,2026-03-16,WEAK,NORMAL,-3.53,6,-0.67,0.21,0.99,-0.62,0.316,0,2
7287,2026-03-06,2026-03-10,NORMAL,WEAK,-6.28,3,-4.48,2.24,3.78,-0.54,0.284,1,3
7291,2026-03-13,2026-03-16,WEAK,NORMAL,-3.21,5,-0.47,0.24,1.43,-0.24,0.4,0,2
7294,2026-03-10,2026-03-11,WEAK,NORMAL,-3.16,4,1.53,-0.9,0.3,-0.9,0.3,1,4
7294,2026-03-13,2026-03-16,WEAK,NORMAL,-3.22,5,0.0,0.0,0.86,-0.75,0.0,0,2
7296,2026-02-04,2026-02-05,NORMAL,NORMAL,-7.17,8,8.87,-2.23,0.66,-3.29,0.071,0,1
7296,2026-03-13,2026-03-16,WEAK,NORMAL,-4.14,6,0.3,-0.3,0.89,-0.45,0.182,0,2
7305,2025-11-10,2025-11-11,STRONG,NORMAL,-5.76,7,0.43,0.85,1.07,-0.32,0.0,0,1
7309,2025-11-19,2025-11-20,NORMAL,STRONG,-3.24,6,0.13,0.17,1.04,-0.37,0.0,0,3
7309,2026-02-12,2026-02-13,NORMAL,WEAK,-5.56,2,-0.79,-4.88,0.54,-4.88,0.419,0,1
7309,2026-02-13,2026-02-16,WEAK,NORMAL,-5.63,2,0.98,0.77,2.9,-0.59,0.0,0,2
7317,2025-11-11,2025-11-12,NORMAL,STRONG,-3.58,3,-0.38,3.34,3.59,-0.26,0.038,0,1
7318,2025-10-02,2025-10-03,NORMAL,STRONG,-4.9,4,-1.44,1.05,4.08,-1.67,0.056,0,1
7318,2025-10-17,2025-10-20,WEAK,STRONG,-9.7,4,4.13,1.39,1.59,-2.78,0.067,0,1
7318,2025-11-14,2025-11-17,NORMAL,NORMAL,-17.83,10,0.22,7.68,12.34,-4.65,0.0,0,4
7318,2025-11-19,2025-11-20,NORMAL,STRONG,-12.79,9,1.7,-6.56,0.0,-8.94,0.106,0,2
7318,2025-11-20,2025-11-21,STRONG,STRONG,-4.97,9,-1.79,4.81,16.88,0.0,0.267,0,3
7318,2025-11-27,2025-11-28,NORMAL,NORMAL,-72.75,10,0.0,5.56,5.65,-4.84,0.0,0,1
7318,2025-12-02,2025-12-03,WEAK,WEAK,-12.83,10,0.09,-5.09,1.76,-6.01,0.108,0,2
7318,2025-12-03,2025-12-04,WEAK,NORMAL,-5.0,8,-0.97,2.26,3.35,-2.26,0.119,0,3
7318,2025-12-05,2025-12-08,WEAK,NORMAL,-5.87,8,5.11,-2.43,1.46,-3.7,0.197,0,1
7318,2025-12-10,2025-12-11,NORMAL,WEAK,-3.65,7,1.39,-6.19,0.39,-6.68,0.09,0,1
7318,2025-12-11,2025-12-12,WEAK,STRONG,-4.88,7,3.14,2.34,4.57,0.0,0.069,0,2
7318,2025-12-16,2025-12-17,WEAK,NORMAL,-8.77,7,1.5,-1.38,0.39,-2.07,0.141,0,1
7318,2025-12-29,2025-12-30,NORMAL,WEAK,-5.91,3,-0.83,-3.73,0.56,-4.66,0.131,1,1
7318,2025-12-30,2026-01-05,WEAK,NORMAL,-4.53,2,1.55,-3.81,0.57,-4.29,0.179,1,2
7320,2025-11-13,2025-11-14,NORMAL,NORMAL,-23.03,10,-4.19,-3.81,2.25,-4.18,0.0,0,1
7320,2025-11-14,2025-11-17,NORMAL,NORMAL,-7.84,10,1.17,1.28,2.76,-2.57,0.058,0,2
7320,2025-11-19,2025-11-20,NORMAL,STRONG,-3.4,7,0.98,-9.93,0.0,-11.93,0.068,1,1
7320,2025-11-20,2025-11-21,STRONG,STRONG,-9.05,9,0.21,4.21,4.21,-1.14,0.168,0,2
7320,2025-12-01,2025-12-02,WEAK,WEAK,-3.5,6,-0.34,-1.01,1.15,-1.42,0.123,0,2
7320,2025-12-22,2025-12-23,NORMAL,NORMAL,-3.16,3,2.18,1.42,2.7,0.0,0.102,0,1
7320,2026-02-13,2026-02-16,WEAK,NORMAL,-5.29,4,16.39,1.15,3.91,0.0,0.087,0,1
7325,2026-01-05,2026-01-06,NORMAL,STRONG,-3.45,5,0.6,-1.07,0.12,-2.6,0.225,0,1
7347,2025-12-29,2025-12-30,NORMAL,WEAK,-3.15,5,-0.24,-1.09,0.48,-1.09,0.0,0,4
7347,2026-02-13,2026-02-16,WEAK,NORMAL,-10.07,6,0.26,-2.63,0.53,-3.68,0.0,0,2
7347,2026-03-10,2026-03-11,WEAK,NORMAL,-5.1,2,0.0,-0.92,0.92,-1.44,0.684,0,1
7351,2025-10-16,2025-10-17,NORMAL,WEAK,-17.32,9,-2.79,-1.01,1.72,-4.02,0.0,0,1
7351,2025-10-17,2025-10-20,WEAK,STRONG,-3.77,9,1.45,-3.72,0.0,-4.72,0.525,0,2
7351,2026-01-15,2026-01-16,STRONG,NORMAL,-10.02,4,0.35,-0.17,0.52,-2.25,0.524,0,1
7352,2025-10-16,2025-10-17,NORMAL,WEAK,-9.0,6,-1.45,-1.61,0.8,-2.14,0.167,0,1
7352,2025-10-17,2025-10-20,WEAK,STRONG,-3.03,7,1.09,2.15,6.06,-0.27,0.182,0,2
7352,2025-10-24,2025-10-27,NORMAL,STRONG,-4.92,3,-0.54,-0.68,1.23,-1.78,0.0,0,2
7352,2025-11-25,2025-11-26,NORMAL,STRONG,-3.6,5,1.56,-1.84,0.46,-3.52,0.52,0,1
7352,2026-01-16,2026-01-19,NORMAL,NORMAL,-3.35,2,-1.79,-2.56,0.0,-2.56,0.782,0,4
7352,2026-02-06,2026-02-09,NORMAL,STRONG,-3.12,7,1.13,-1.44,1.12,-1.44,0.048,0,4
7352,2026-02-12,2026-02-13,NORMAL,WEAK,-3.85,8,-3.0,-2.92,0.34,-3.44,0.167,0,1
7352,2026-02-13,2026-02-16,WEAK,NORMAL,-5.83,8,5.31,7.39,10.59,-3.03,0.136,0,2
7352,2026-02-17,2026-02-18,NORMAL,STRONG,-3.44,4,0.0,0.49,2.11,-0.81,0.242,0,1
7352,2026-02-20,2026-02-24,WEAK,NORMAL,-5.76,3,-2.31,-3.38,0.68,-6.94,0.0,0,1
7352,2026-02-24,2026-02-25,NORMAL,NORMAL,-5.62,5,-1.23,7.98,17.55,-3.19,0.467,0,2
7352,2026-02-27,2026-03-02,STRONG,WEAK,-4.33,2,-4.52,-1.4,4.04,-1.4,0.064,1,1
7354,2025-11-20,2025-11-21,STRONG,STRONG,-3.46,2,0.0,2.87,2.87,-0.36,0.062,0,3
7354,2026-02-12,2026-02-13,NORMAL,WEAK,-3.14,3,-0.97,-4.26,0.66,-4.59,0.0,0,1
7354,2026-02-13,2026-02-16,WEAK,NORMAL,-5.19,7,10.96,4.63,5.25,-1.85,0.062,0,2
7354,2026-03-10,2026-03-11,WEAK,NORMAL,-3.86,2,0.33,-0.67,1.67,-1.0,0.333,0,4
7358,2025-11-13,2025-11-14,NORMAL,NORMAL,-6.24,7,0.36,-0.5,0.79,-0.5,0.013,0,2
7359,2025-11-19,2025-11-20,NORMAL,STRONG,-4.75,4,0.31,-4.35,2.48,-4.35,0.0,0,4
7359,2026-02-13,2026-02-16,WEAK,NORMAL,-13.37,7,1.75,-3.1,0.0,-3.1,0.192,0,2
7359,2026-02-17,2026-02-18,NORMAL,STRONG,-3.56,6,0.0,-3.69,0.0,-5.54,0.15,0,4
7359,2026-02-18,2026-02-19,STRONG,NORMAL,-3.69,8,1.53,-1.13,1.51,-1.89,0.333,0,5
7360,2026-01-07,2026-01-08,NORMAL,NORMAL,-9.29,3,-5.88,-3.02,1.29,-3.45,0.06,0,1
7361,2026-02-12,2026-02-13,NORMAL,WEAK,-8.87,7,-0.24,0.0,0.4,-0.48,0.077,0,1
7366,2026-01-08,2026-01-09,NORMAL,NORMAL,-4.73,2,0.79,1.09,2.19,-0.47,0.083,0,1
7366,2026-03-26,2026-03-27,WEAK,NORMAL,-6.66,4,-0.49,0.65,1.3,-0.24,0.122,0,1
7370,2025-10-15,2025-10-16,STRONG,NORMAL,-5.45,3,0.84,0.24,1.19,-0.24,0.171,0,3
7370,2025-11-27,2025-11-28,NORMAL,NORMAL,-3.69,4,0.0,0.49,0.99,-0.12,0.083,0,1
7370,2026-01-14,2026-01-15,NORMAL,STRONG,-4.45,5,-1.26,0.13,0.76,-0.64,0.216,0,1
7372,2025-11-06,2025-11-07,NORMAL,NORMAL,-5.72,4,-17.98,0.0,4.38,0.0,0.061,0,2
7372,2025-11-07,2025-11-10,NORMAL,STRONG,-17.98,9,-1.37,-2.22,0.28,-2.22,0.0,0,3
7372,2025-12-22,2025-12-23,NORMAL,NORMAL,-4.75,9,2.1,1.03,2.57,0.0,0.056,0,4
7373,2025-11-04,2025-11-05,NORMAL,WEAK,-7.28,3,-0.18,2.2,2.49,-1.9,0.216,0,4
7373,2026-01-05,2026-01-06,NORMAL,STRONG,-3.16,2,1.96,0.32,2.4,-0.8,0.528,0,2
7373,2026-01-16,2026-01-19,NORMAL,NORMAL,-10.28,9,0.84,3.46,4.3,-0.44,0.055,0,2
7373,2026-01-20,2026-01-21,WEAK,WEAK,-3.01,7,-1.35,-1.55,0.0,-2.22,0.137,1,1
7373,2026-02-04,2026-02-05,NORMAL,NORMAL,-4.67,6,2.08,0.15,1.21,-2.33,0.011,0,1
7373,2026-02-12,2026-02-13,NORMAL,WEAK,-6.11,5,-1.09,-3.47,0.47,-3.79,0.011,0,1
7373,2026-02-13,2026-02-16,WEAK,NORMAL,-4.53,7,1.15,1.62,2.32,-1.56,0.074,0,2
7374,2026-02-16,2026-02-17,NORMAL,NORMAL,-4.59,5,-0.56,0.43,0.74,-0.74,0.638,0,2
7375,2026-03-16,2026-03-17,NORMAL,NORMAL,-12.46,3,0.8,4.34,7.7,-0.49,0.005,0,1
7375,2026-03-24,2026-03-25,STRONG,STRONG,-6.8,2,-2.74,1.97,4.78,-3.28,0.494,1,1
7378,2025-11-13,2025-11-14,NORMAL,NORMAL,-3.75,2,0.87,-1.26,0.32,-1.65,0.069,0,1
7378,2025-12-12,2025-12-15,STRONG,NORMAL,-7.1,3,0.98,4.19,4.19,-1.27,0.082,0,4
7380,2026-02-13,2026-02-16,WEAK,NORMAL,-7.48,2,0.77,-0.33,0.54,-1.74,0.0,0,1
7381,2025-10-02,2025-10-03,NORMAL,STRONG,-3.41,10,0.31,0.46,2.6,0.0,0.25,0,2
7381,2026-02-02,2026-02-03,NORMAL,STRONG,-5.51,2,2.06,2.69,3.25,-0.45,0.06,0,1
7383,2025-10-17,2025-10-20,WEAK,STRONG,-5.0,3,0.24,3.79,3.79,-0.49,0.212,0,1
7383,2025-10-31,2025-11-04,NORMAL,NORMAL,-3.27,2,0.63,0.0,0.62,-2.24,0.1,0,1
7383,2025-11-14,2025-11-17,NORMAL,NORMAL,-4.29,4,-19.08,-0.16,0.95,-0.16,0.052,0,2
7383,2025-11-25,2025-11-26,NORMAL,STRONG,-5.08,6,1.21,0.68,1.02,-1.71,0.176,0,1
7383,2025-12-02,2025-12-03,WEAK,WEAK,-4.51,6,-0.35,-2.46,0.88,-6.32,0.071,0,3
7383,2025-12-05,2025-12-08,WEAK,NORMAL,-5.6,7,-0.19,5.75,6.51,-0.38,0.0,0,6
7383,2025-12-09,2025-12-10,NORMAL,NORMAL,-3.62,4,-0.38,0.94,3.96,0.0,0.148,0,1
7383,2025-12-11,2025-12-12,WEAK,STRONG,-4.3,6,1.37,6.74,8.09,-0.19,0.032,0,1
7383,2025-12-30,2026-01-05,WEAK,NORMAL,-5.23,2,3.04,-0.92,0.0,-4.06,0.0,0,1
7383,2026-01-20,2026-01-21,WEAK,WEAK,-3.64,3,-2.84,0.78,1.36,-0.58,0.379,0,3
7383,2026-01-29,2026-01-30,NORMAL,NORMAL,-3.21,5,0.83,-2.05,0.21,-2.87,0.294,0,4
7383,2026-02-04,2026-02-05,NORMAL,NORMAL,-9.41,10,1.93,0.71,0.95,-1.18,0.229,0,8
7383,2026-02-13,2026-02-16,WEAK,NORMAL,-5.71,3,7.36,8.47,9.27,-2.42,0.241,1,2
7383,2026-03-16,2026-03-17,NORMAL,NORMAL,-3.05,3,1.12,0.22,1.56,-0.89,0.176,0,1
7383,2026-03-26,2026-03-27,WEAK,NORMAL,-4.56,6,2.25,-0.82,1.37,-2.47,0.25,1,1
7388,2025-11-27,2025-11-28,NORMAL,NORMAL,-5.73,5,-0.22,-1.02,0.44,-1.16,0.31,0,1
7388,2025-12-01,2025-12-02,WEAK,WEAK,-5.16,8,0.19,-1.13,0.71,-1.13,0.0,0,3
7409,2025-12-08,2025-12-09,NORMAL,NORMAL,-5.56,5,-1.96,-1.0,1.83,-2.0,0.484,0,2
7409,2025-12-12,2025-12-15,STRONG,NORMAL,-4.88,9,-1.95,-0.36,0.36,-3.07,0.095,0,1
7409,2025-12-29,2025-12-30,NORMAL,WEAK,-67.01,9,-0.22,-4.32,7.97,-7.29,0.051,0,1
7409,2025-12-30,2026-01-05,WEAK,NORMAL,-4.54,9,22.39,0.92,0.92,-0.61,0.195,0,2
7409,2026-01-07,2026-01-08,NORMAL,NORMAL,-3.57,8,0.62,3.6,5.13,-1.97,0.696,0,1
7409,2026-01-09,2026-01-13,NORMAL,NORMAL,-5.59,5,2.2,5.72,7.06,-1.46,0.266,1,1
7409,2026-03-16,2026-03-17,NORMAL,NORMAL,-6.32,4,-1.57,-7.89,0.8,-9.03,0.244,0,3
7409,2026-03-17,2026-03-18,NORMAL,STRONG,-9.34,6,1.74,2.68,4.27,-0.98,0.116,0,4
7419,2025-10-16,2025-10-17,NORMAL,WEAK,-3.34,7,-0.32,0.81,1.29,-1.05,0.089,0,1
7419,2025-10-24,2025-10-27,NORMAL,STRONG,-3.86,7,0.3,2.19,2.42,0.0,0.163,0,1
7419,2025-10-30,2025-10-31,NORMAL,NORMAL,-9.44,8,0.09,-2.82,0.51,-3.92,0.355,0,3
7419,2026-01-29,2026-01-30,NORMAL,NORMAL,-6.41,6,-0.36,-3.75,0.18,-4.28,0.608,0,4
7419,2026-01-30,2026-02-02,NORMAL,NORMAL,-4.09,8,-0.65,0.0,1.77,-0.75,0.12,0,5
7420,2025-11-27,2025-11-28,NORMAL,NORMAL,-3.01,5,0.06,0.94,1.22,-0.11,0.3,0,1
7426,2026-02-19,2026-02-20,NORMAL,WEAK,-4.66,2,-2.81,1.41,5.77,-0.07,0.0,1,1
7426,2026-02-24,2026-02-25,NORMAL,NORMAL,-7.96,2,-3.49,-1.81,1.48,-3.53,0.005,0,3
7426,2026-02-25,2026-02-26,NORMAL,NORMAL,-5.23,3,2.51,-2.94,0.0,-4.08,0.344,0,4
7447,2025-12-26,2025-12-29,NORMAL,NORMAL,-4.19,4,0.55,0.22,0.71,-0.76,0.089,0,4
7453,2025-10-03,2025-10-06,STRONG,STRONG,-7.35,8,0.99,-1.51,0.5,-2.89,0.378,0,1
7453,2025-12-02,2025-12-03,WEAK,WEAK,-3.79,2,-1.99,-0.3,0.74,-2.4,0.014,0,1
7453,2025-12-05,2025-12-08,WEAK,NORMAL,-4.49,3,0.6,0.05,1.31,-1.09,0.0,0,1
7453,2025-12-25,2025-12-26,NORMAL,NORMAL,-4.03,4,-0.18,1.17,1.25,-0.76,0.122,0,4
7453,2026-01-07,2026-01-08,NORMAL,NORMAL,-4.12,4,0.09,-1.1,0.11,-1.34,0.178,0,1
7456,2026-02-02,2026-02-03,NORMAL,STRONG,-4.69,2,1.36,3.02,3.69,-0.67,0.16,0,2
7463,2026-02-02,2026-02-03,NORMAL,STRONG,-3.16,4,1.63,2.36,2.57,-0.64,0.0,0,1
7467,2026-02-13,2026-02-16,WEAK,NORMAL,-3.47,3,0.27,1.86,2.39,-0.27,0.235,0,1
7476,2026-02-13,2026-02-16,WEAK,NORMAL,-4.41,3,0.38,-0.89,0.24,-1.24,0.011,0,2
7505,2025-11-12,2025-11-13,STRONG,NORMAL,-17.73,8,1.24,-0.19,0.32,-1.87,0.048,0,2
7506,2026-01-19,2026-01-20,NORMAL,WEAK,-9.91,3,0.64,0.07,1.14,-0.35,0.0,0,1
7512,2026-02-26,2026-02-27,NORMAL,STRONG,-4.35,6,0.78,0.33,0.33,-0.55,0.143,0,1
7513,2026-02-26,2026-02-27,NORMAL,STRONG,-3.06,2,0.54,1.3,1.53,-1.68,0.0,0,2
7520,2026-02-26,2026-02-27,NORMAL,STRONG,-5.65,4,-0.81,0.33,0.98,-0.65,0.524,0,1
7532,2025-11-13,2025-11-14,NORMAL,NORMAL,-3.01,2,0.0,-0.47,0.38,-1.68,0.045,0,3
7537,2026-02-02,2026-02-03,NORMAL,STRONG,-10.0,6,0.49,0.24,0.56,-0.73,0.055,0,3
7545,2025-12-22,2025-12-23,NORMAL,NORMAL,-5.61,5,-0.71,-0.29,0.86,-0.43,0.051,0,2
7550,2026-03-16,2026-03-17,NORMAL,NORMAL,-3.04,2,0.85,-0.44,1.68,-0.49,0.0,0,2
7552,2025-10-21,2025-10-22,NORMAL,STRONG,-3.64,2,1.1,2.49,2.49,-0.16,0.097,0,1
7552,2025-12-02,2025-12-03,WEAK,WEAK,-4.34,2,0.81,-1.77,0.0,-1.77,0.054,0,2
7552,2025-12-17,2025-12-18,NORMAL,NORMAL,-3.7,4,-1.05,1.76,3.0,-0.53,0.208,0,3
7552,2025-12-29,2025-12-30,NORMAL,WEAK,-49.78,9,0.48,-0.41,0.85,-0.98,0.495,0,1
7552,2026-01-08,2026-01-09,NORMAL,NORMAL,-3.17,9,0.41,-1.26,0.31,-1.67,0.351,0,1
7552,2026-02-12,2026-02-13,NORMAL,WEAK,-5.3,4,0.04,-2.2,0.97,-2.38,0.292,0,1
7564,2025-12-02,2025-12-03,WEAK,WEAK,-3.72,2,0.45,-0.15,0.3,-2.81,0.614,0,2
7564,2026-01-06,2026-01-07,STRONG,NORMAL,-5.98,4,-0.95,0.96,1.28,-1.12,0.395,0,1
7564,2026-03-26,2026-03-27,WEAK,NORMAL,-3.4,4,0.16,0.48,1.76,-0.16,0.0,0,1
7575,2026-02-02,2026-02-03,NORMAL,STRONG,-9.13,8,0.64,1.2,1.7,-0.42,0.0,0,4
7581,2026-01-13,2026-01-14,NORMAL,NORMAL,-5.41,3,-0.5,1.35,2.03,-0.34,0.0,0,1
7581,2026-01-19,2026-01-20,NORMAL,WEAK,-4.38,2,1.15,1.46,2.27,-1.46,0.037,0,1
7585,2025-11-20,2025-11-21,STRONG,STRONG,-3.04,3,0.24,0.24,1.2,-0.24,0.0,0,1
7590,2025-11-27,2025-11-28,NORMAL,NORMAL,-7.47,3,0.24,-0.47,0.47,-0.47,0.125,0,1
7590,2026-01-19,2026-01-20,NORMAL,WEAK,-5.72,4,0.0,0.49,0.73,0.0,0.0,0,1
7590,2026-03-06,2026-03-10,NORMAL,WEAK,-3.02,5,0.78,-1.54,0.0,-2.06,0.4,0,3
7599,2026-03-06,2026-03-10,NORMAL,WEAK,-6.7,5,-2.3,0.23,2.65,-0.83,0.046,0,3
7600,2025-10-30,2025-10-31,NORMAL,NORMAL,-4.67,4,1.63,-4.22,0.4,-4.42,0.032,0,3
7600,2025-11-20,2025-11-21,STRONG,STRONG,-3.5,6,-1.71,4.34,4.34,0.0,0.05,0,6
7600,2026-03-10,2026-03-11,WEAK,NORMAL,-8.49,2,0.64,-5.41,0.0,-5.41,0.426,0,1
7600,2026-03-13,2026-03-16,WEAK,NORMAL,-7.24,2,1.3,-0.55,0.92,-2.2,0.116,0,4
7602,2026-02-20,2026-02-24,WEAK,NORMAL,-8.19,7,0.0,3.29,5.16,-1.41,0.158,0,2
7607,2025-10-15,2025-10-16,STRONG,NORMAL,-4.96,7,1.14,-1.61,1.13,-1.94,0.625,0,3
7608,2025-11-20,2025-11-21,STRONG,STRONG,-6.29,3,-1.39,1.72,3.05,-1.25,0.05,0,3
7608,2026-01-15,2026-01-16,STRONG,NORMAL,-3.48,3,2.04,1.94,2.67,-0.53,0.047,0,5
7608,2026-02-26,2026-02-27,NORMAL,STRONG,-47.37,8,0.11,3.11,4.89,0.0,0.019,0,4
7608,2026-03-10,2026-03-11,WEAK,NORMAL,-3.63,8,1.71,0.22,2.69,-0.45,0.29,0,1
7609,2025-11-05,2025-11-06,WEAK,NORMAL,-7.09,3,1.55,-2.07,0.11,-2.07,0.342,0,1
7609,2025-12-29,2025-12-30,NORMAL,WEAK,-48.88,10,-1.16,-1.78,1.13,-2.06,0.038,0,2
7611,2025-10-07,2025-10-08,NORMAL,NORMAL,-4.64,5,-0.57,-0.43,0.86,-0.43,0.138,0,1
7611,2026-01-06,2026-01-07,STRONG,NORMAL,-3.32,4,1.94,-2.49,0.88,-2.49,0.133,0,1
7611,2026-01-21,2026-01-22,WEAK,STRONG,-3.02,5,-0.16,0.62,1.25,-0.31,0.059,0,1
7611,2026-02-26,2026-02-27,NORMAL,STRONG,-3.1,2,1.76,-1.26,0.0,-2.51,0.0,0,1
7613,2025-11-10,2025-11-11,STRONG,NORMAL,-8.76,8,0.41,1.63,1.63,-0.57,0.065,0,5
7613,2026-02-13,2026-02-16,WEAK,NORMAL,-4.74,3,0.3,1.58,3.16,-0.38,0.434,0,2
7613,2026-03-10,2026-03-11,WEAK,NORMAL,-7.32,6,1.65,0.08,1.78,0.0,0.282,0,4
7614,2025-11-21,2025-11-25,STRONG,NORMAL,-20.21,4,0.66,0.39,2.62,-0.39,0.018,0,4
7628,2025-12-29,2025-12-30,NORMAL,WEAK,-50.41,10,0.25,0.17,1.83,-0.08,0.0,0,1
7640,2025-12-16,2025-12-17,WEAK,NORMAL,-16.54,3,0.0,-0.94,0.47,-5.19,0.057,0,1
7640,2026-03-13,2026-03-16,WEAK,NORMAL,-7.52,3,-1.44,-3.88,0.49,-3.88,0.167,0,1
7670,2026-03-16,2026-03-17,NORMAL,NORMAL,-4.19,8,2.79,-0.72,2.17,-2.08,0.004,0,1
7679,2026-01-07,2026-01-08,NORMAL,NORMAL,-4.15,3,0.24,-1.9,1.0,-1.9,0.2,0,1
7683,2026-01-29,2026-01-30,NORMAL,NORMAL,-5.84,6,0.08,0.83,0.83,-0.08,0.0,0,3
7685,2025-11-04,2025-11-05,NORMAL,WEAK,-3.55,3,-1.53,2.18,2.18,-3.73,0.423,0,2
7686,2026-02-24,2026-02-25,NORMAL,NORMAL,-7.87,7,3.9,-2.11,0.0,-3.05,0.107,0,1
7707,2026-02-17,2026-02-18,NORMAL,STRONG,-7.08,4,7.17,4.6,7.53,-1.67,0.154,0,1
7707,2026-02-19,2026-02-20,NORMAL,WEAK,-8.4,3,0.44,-3.48,0.87,-3.48,0.138,0,1
7711,2025-10-02,2025-10-03,NORMAL,STRONG,-10.3,2,-1.23,3.25,5.75,-1.12,0.082,0,4
7711,2025-11-06,2025-11-07,NORMAL,NORMAL,-18.36,4,-3.0,-4.17,3.25,-6.49,0.0,0,1
7711,2025-11-07,2025-11-10,NORMAL,STRONG,-7.05,5,-0.16,-9.21,0.65,-10.34,0.238,0,2
7711,2025-11-13,2025-11-14,NORMAL,NORMAL,-8.66,4,-3.74,-1.79,7.46,-3.43,0.114,0,1
7711,2025-11-14,2025-11-17,NORMAL,NORMAL,-5.46,5,-0.15,-3.04,3.96,-4.57,0.151,1,2
7711,2025-11-21,2025-11-25,STRONG,NORMAL,-3.26,4,3.21,-6.21,0.0,-6.37,0.042,1,1
7711,2025-11-25,2025-11-26,NORMAL,STRONG,-3.21,5,6.13,9.83,9.83,-0.78,0.024,1,2
7711,2026-01-16,2026-01-19,NORMAL,NORMAL,-3.33,3,-2.76,3.55,4.96,-0.12,0.398,1,1
7711,2026-02-09,2026-02-10,STRONG,STRONG,-12.29,2,2.14,-5.35,1.51,-7.33,0.013,0,1
7711,2026-02-13,2026-02-16,WEAK,NORMAL,-5.74,2,0.83,7.27,7.41,0.0,0.022,1,4
7711,2026-02-17,2026-02-18,NORMAL,STRONG,-4.6,2,2.82,0.0,1.3,-3.39,0.256,0,1
7711,2026-02-24,2026-02-25,NORMAL,NORMAL,-6.84,2,0.0,-2.27,2.94,-2.4,0.275,1,1
7711,2026-03-26,2026-03-27,WEAK,NORMAL,-4.26,2,-0.74,-0.3,1.49,-2.09,0.171,0,1
7716,2025-11-07,2025-11-10,NORMAL,STRONG,-3.45,4,0.25,2.41,2.41,-0.45,0.159,0,1
7716,2025-11-25,2025-11-26,NORMAL,STRONG,-6.27,5,1.46,2.11,2.78,-0.15,0.0,0,1
7717,2025-11-05,2025-11-06,WEAK,NORMAL,-6.03,3,0.92,0.15,1.36,-0.76,0.538,0,1
7717,2025-11-13,2025-11-14,NORMAL,NORMAL,-9.97,7,-2.54,-1.5,1.1,-1.5,0.141,0,2
7717,2025-11-14,2025-11-17,NORMAL,NORMAL,-4.01,5,-1.63,2.07,2.38,-0.9,0.0,0,3
7719,2025-12-04,2025-12-05,NORMAL,WEAK,-8.64,3,-1.69,2.06,13.4,-1.37,0.111,0,1
7721,2025-11-21,2025-11-25,STRONG,NORMAL,-6.09,3,1.85,-3.82,0.36,-5.64,0.0,0,1
7721,2025-12-18,2025-12-19,NORMAL,NORMAL,-3.59,4,0.39,3.12,3.91,-0.2,0.4,0,4
7722,2026-02-10,2026-02-12,STRONG,NORMAL,-7.04,3,-0.49,-1.58,0.4,-3.86,0.311,0,1
7722,2026-03-06,2026-03-10,NORMAL,WEAK,-5.36,4,-2.33,-0.91,1.02,-1.71,0.545,0,2
7722,2026-03-10,2026-03-11,WEAK,NORMAL,-3.22,5,1.49,-0.23,1.47,-0.68,0.292,0,3
7723,2025-11-05,2025-11-06,WEAK,NORMAL,-8.66,4,0.19,0.91,1.92,-0.83,0.979,0,1
7725,2025-10-17,2025-10-20,WEAK,STRONG,-4.51,3,0.64,0.36,0.71,-0.43,0.024,0,1
7725,2025-12-01,2025-12-02,WEAK,WEAK,-3.63,3,0.0,-1.54,0.46,-2.0,0.053,0,3
7726,2025-12-12,2025-12-15,STRONG,NORMAL,-3.54,2,-2.75,-1.79,0.57,-5.57,0.3,0,2
7727,2025-11-05,2025-11-06,WEAK,NORMAL,-4.32,3,1.61,0.0,0.95,-1.59,0.333,0,2
7727,2025-11-14,2025-11-17,NORMAL,NORMAL,-3.35,2,-8.98,-1.21,1.04,-2.42,0.125,0,1
7729,2025-10-30,2025-10-31,NORMAL,NORMAL,-3.87,3,0.05,3.34,4.7,0.0,0.587,0,1
7729,2026-02-27,2026-03-02,STRONG,WEAK,-5.13,2,-3.01,2.86,5.04,-0.66,0.396,0,1
7729,2026-03-10,2026-03-11,WEAK,NORMAL,-7.18,3,3.17,0.36,1.87,-0.9,0.329,0,5
7729,2026-03-13,2026-03-16,WEAK,NORMAL,-3.61,3,0.0,1.87,2.67,-0.1,0.258,0,2
7730,2025-11-20,2025-11-21,STRONG,STRONG,-3.02,4,0.3,2.14,2.44,-0.15,0.113,1,4
7731,2026-02-06,2026-02-09,NORMAL,STRONG,-4.57,4,5.17,0.51,1.83,-0.69,0.537,0,3
7733,2026-01-20,2026-01-21,WEAK,WEAK,-3.91,3,-0.55,-1.36,0.0,-2.28,0.074,0,4
7733,2026-02-13,2026-02-16,WEAK,NORMAL,-5.22,2,-9.99,-3.21,0.0,-3.87,0.0,0,2
7733,2026-02-16,2026-02-17,NORMAL,NORMAL,-12.87,8,-0.43,-2.77,0.0,-3.17,0.171,0,3
7733,2026-02-17,2026-02-18,NORMAL,STRONG,-3.19,8,-0.93,-1.45,0.39,-1.55,0.127,0,4
7733,2026-02-20,2026-02-24,WEAK,NORMAL,-4.39,7,-1.49,-1.17,0.62,-1.54,0.0,0,1
7733,2026-03-06,2026-03-10,NORMAL,WEAK,-3.58,7,2.13,2.12,2.12,-1.47,0.235,0,3
7734,2025-12-03,2025-12-04,WEAK,NORMAL,-3.05,3,0.0,2.15,2.65,0.0,0.0,0,3
7735,2025-11-04,2025-11-05,NORMAL,WEAK,-12.43,4,-1.01,-0.2,1.81,-3.53,0.117,0,1
7735,2025-11-21,2025-11-25,STRONG,NORMAL,-4.28,2,2.22,-2.44,0.12,-3.23,0.5,0,1
7735,2026-03-10,2026-03-11,WEAK,NORMAL,-6.47,3,2.29,-1.26,0.73,-3.09,0.285,0,5
7740,2025-11-07,2025-11-10,NORMAL,STRONG,-7.68,4,0.29,-0.59,0.29,-1.27,0.183,0,1
7740,2026-02-09,2026-02-10,STRONG,STRONG,-3.41,6,0.6,2.3,3.61,0.0,0.316,0,2
7743,2026-02-09,2026-02-10,STRONG,STRONG,-6.93,6,0.91,-1.62,0.0,-2.34,0.388,0,2
7743,2026-03-17,2026-03-18,NORMAL,STRONG,-5.46,3,2.04,-5.32,1.5,-10.15,0.074,0,2
7744,2025-11-19,2025-11-20,NORMAL,STRONG,-3.61,2,1.46,-1.91,0.0,-1.91,0.08,0,1
7744,2026-02-16,2026-02-17,NORMAL,NORMAL,-3.9,2,0.23,-2.27,0.5,-3.05,0.248,0,2
7745,2025-11-10,2025-11-11,STRONG,NORMAL,-5.95,4,0.82,0.65,0.97,-1.57,0.03,0,2
7745,2025-11-21,2025-11-25,STRONG,NORMAL,-3.17,6,2.22,-1.89,0.06,-2.23,0.127,0,1
7746,2025-10-03,2025-10-06,STRONG,STRONG,-4.26,3,3.56,2.15,5.15,-2.58,0.333,0,1
7746,2025-10-17,2025-10-20,WEAK,STRONG,-8.92,2,0.0,4.08,5.31,0.0,0.147,0,1
7746,2025-11-19,2025-11-20,NORMAL,STRONG,-5.81,2,4.94,-2.65,5.59,-3.53,0.08,1,5
7746,2025-11-25,2025-11-26,NORMAL,STRONG,-8.71,6,1.41,4.53,10.8,-2.44,0.079,0,2
7746,2025-12-02,2025-12-03,WEAK,WEAK,-12.33,3,2.5,-1.52,3.05,-1.83,0.049,1,2
7746,2025-12-04,2025-12-05,NORMAL,WEAK,-3.41,4,1.28,5.7,7.28,-0.63,0.0,1,1
7746,2025-12-09,2025-12-10,NORMAL,NORMAL,-6.78,3,0.0,-2.85,1.9,-3.16,0.0,0,1
7746,2025-12-17,2025-12-18,NORMAL,NORMAL,-6.1,7,-1.08,-2.19,2.19,-2.92,0.357,0,2
7746,2025-12-18,2025-12-19,NORMAL,NORMAL,-3.25,7,1.87,1.1,3.3,-0.73,0.143,0,3
7746,2026-01-16,2026-01-19,NORMAL,NORMAL,-5.09,3,12.63,2.8,2.8,-2.24,0.28,0,1
7746,2026-02-18,2026-02-19,STRONG,NORMAL,-9.63,2,-2.75,-5.29,2.83,-8.12,0.075,0,2
7746,2026-02-19,2026-02-20,NORMAL,WEAK,-7.9,4,-0.3,2.7,10.5,-1.5,0.259,0,3
7746,2026-03-10,2026-03-11,WEAK,NORMAL,-4.77,6,0.31,2.85,4.79,-0.2,0.26,0,1
7746,2026-03-26,2026-03-27,WEAK,NORMAL,-3.67,2,-3.09,1.28,2.87,-0.21,0.05,1,1
7752,2026-03-26,2026-03-27,WEAK,NORMAL,-3.26,4,0.04,1.37,2.63,0.0,0.955,0,1
7760,2025-10-21,2025-10-22,NORMAL,STRONG,-5.87,2,0.11,1.77,3.38,-0.91,0.052,0,1
7760,2026-03-26,2026-03-27,WEAK,NORMAL,-4.82,7,-3.47,0.22,1.08,-3.48,0.186,0,1
7771,2026-02-18,2026-02-19,STRONG,NORMAL,-16.95,3,-5.5,-8.25,0.24,-13.59,0.435,0,4
7771,2026-02-19,2026-02-20,NORMAL,WEAK,-13.3,3,-3.7,1.1,9.62,-3.57,0.386,0,5
7771,2026-02-26,2026-02-27,NORMAL,STRONG,-7.3,2,6.25,-6.32,0.0,-6.97,0.109,0,1
7771,2026-03-17,2026-03-18,NORMAL,STRONG,-4.85,3,1.7,9.79,11.22,-1.43,0.034,0,1
7771,2026-03-26,2026-03-27,WEAK,NORMAL,-6.11,2,-0.48,1.69,2.18,-1.21,0.119,0,1
7774,2026-01-06,2026-01-07,STRONG,NORMAL,-9.06,2,0.75,2.99,2.99,-0.56,0.111,0,2
7774,2026-02-02,2026-02-03,NORMAL,STRONG,-4.07,2,1.16,0.95,2.1,-1.15,0.238,0,5
7776,2025-10-17,2025-10-20,WEAK,STRONG,-7.63,3,0.0,0.46,2.75,-1.15,0.037,0,2
7776,2025-11-14,2025-11-17,NORMAL,NORMAL,-5.09,4,-0.98,-1.23,0.74,-1.97,0.208,0,2
7776,2025-11-21,2025-11-25,STRONG,NORMAL,-21.11,7,-4.68,3.16,9.82,0.0,0.0,0,7
7776,2025-12-02,2025-12-03,WEAK,WEAK,-6.58,8,0.35,-1.75,1.75,-1.75,0.042,0,2
7776,2025-12-04,2025-12-05,NORMAL,WEAK,-4.29,8,1.87,-1.1,0.37,-4.76,0.071,0,4
7776,2025-12-11,2025-12-12,WEAK,STRONG,-4.91,7,-0.4,-0.4,1.59,-1.59,0.071,0,3
7776,2025-12-17,2025-12-18,NORMAL,NORMAL,-3.97,7,-0.41,-1.66,0.0,-2.49,0.167,0,1
7776,2025-12-22,2025-12-23,NORMAL,NORMAL,-3.69,7,0.0,0.85,1.28,-1.7,0.286,0,1
7776,2026-02-17,2026-02-18,NORMAL,STRONG,-8.33,2,-1.52,2.46,5.85,-2.15,0.333,0,1
7776,2026-03-26,2026-03-27,WEAK,NORMAL,-4.76,3,-0.33,2.34,4.35,-1.34,0.077,0,1
7777,2025-11-21,2025-11-25,STRONG,NORMAL,-4.39,2,2.3,-2.24,0.0,-5.13,0.308,0,1
7777,2025-12-11,2025-12-12,WEAK,STRONG,-5.07,2,17.92,-1.07,5.87,-7.2,0.0,0,1
7777,2025-12-15,2025-12-16,NORMAL,WEAK,-4.85,3,0.0,-2.55,2.55,-4.82,0.032,0,1
7777,2025-12-19,2025-12-22,NORMAL,NORMAL,-3.75,5,1.95,0.0,7.32,-2.23,0.027,0,5
7777,2026-03-13,2026-03-16,WEAK,NORMAL,-20.92,3,-13.4,6.11,9.98,-0.61,0.0,0,2
7777,2026-03-17,2026-03-18,NORMAL,STRONG,-8.64,4,2.1,3.91,4.32,-1.65,0.087,1,4
7777,2026-03-26,2026-03-27,WEAK,NORMAL,-5.3,5,-1.86,4.75,6.65,0.0,0.158,1,1
7779,2026-03-26,2026-03-27,WEAK,NORMAL,-7.77,4,-0.7,1.41,2.83,-0.35,0.042,0,1
7794,2025-10-16,2025-10-17,NORMAL,WEAK,-10.15,2,-1.53,-4.47,0.19,-4.47,0.037,0,1
7794,2025-10-17,2025-10-20,WEAK,STRONG,-5.94,2,2.44,0.0,0.99,-1.59,0.0,1,2
7794,2025-11-13,2025-11-14,NORMAL,NORMAL,-10.21,2,-1.26,-0.21,0.85,-0.43,0.043,0,1
7794,2025-12-01,2025-12-02,WEAK,WEAK,-5.62,9,-0.25,-3.23,0.0,-3.23,0.179,0,2
7794,2025-12-02,2025-12-03,WEAK,WEAK,-3.47,8,3.08,-0.75,1.25,-1.5,0.0,0,3
7794,2025-12-11,2025-12-12,WEAK,STRONG,-5.57,5,0.26,-0.51,1.28,-2.05,0.0,0,1
7794,2026-01-19,2026-01-20,NORMAL,WEAK,-8.26,3,0.18,-3.49,2.2,-4.95,0.033,0,1
7794,2026-01-30,2026-02-02,NORMAL,NORMAL,-12.93,3,0.0,-6.21,5.76,-8.79,0.403,0,1
7794,2026-02-02,2026-02-03,NORMAL,STRONG,-6.21,3,-0.81,5.37,6.19,-5.21,0.177,0,2
7794,2026-03-24,2026-03-25,STRONG,STRONG,-3.04,6,1.47,-0.09,2.36,-1.36,0.053,1,3
7794,2026-03-26,2026-03-27,WEAK,NORMAL,-7.82,6,29.59,0.0,0.0,0.0,0.147,0,1
7795,2026-01-08,2026-01-09,NORMAL,NORMAL,-4.5,2,0.94,1.87,3.27,0.0,0.071,0,2
7800,2026-02-19,2026-02-20,NORMAL,WEAK,-18.06,3,-1.36,7.69,10.12,-2.67,0.025,0,1
7803,2025-10-16,2025-10-17,NORMAL,WEAK,-3.25,7,-0.67,-0.68,0.34,-2.03,0.0,0,1
7803,2025-10-24,2025-10-27,NORMAL,STRONG,-3.26,5,0.34,1.01,1.68,-0.34,0.0,0,1
7803,2026-02-04,2026-02-05,NORMAL,NORMAL,-3.16,4,-0.36,0.73,1.82,-1.09,0.25,0,1
7803,2026-02-13,2026-02-16,WEAK,NORMAL,-3.17,6,-8.73,3.19,3.59,-2.79,0.0,0,1
7803,2026-02-16,2026-02-17,NORMAL,NORMAL,-5.82,8,0.0,-2.32,0.39,-3.47,0.438,0,2
7803,2026-03-26,2026-03-27,WEAK,NORMAL,-3.82,3,0.0,1.98,2.38,-0.79,0.2,0,1
7806,2025-10-07,2025-10-08,NORMAL,NORMAL,-3.3,2,-0.82,0.71,2.61,-0.47,0.158,0,1
7806,2025-10-21,2025-10-22,NORMAL,STRONG,-5.45,6,0.64,1.27,1.27,-0.64,0.233,0,1
7806,2026-01-14,2026-01-15,NORMAL,STRONG,-3.61,3,-0.11,1.59,1.59,-0.8,0.0,0,2
7806,2026-01-30,2026-02-02,NORMAL,NORMAL,-3.42,4,0.0,1.06,2.13,-0.24,0.2,0,3
7809,2026-02-16,2026-02-17,NORMAL,NORMAL,-5.56,8,0.14,-0.21,0.57,-0.43,0.244,0,2
7810,2026-02-18,2026-02-19,STRONG,NORMAL,-22.16,2,-10.68,-6.37,0.0,-10.36,0.0,0,1
7812,2026-03-25,2026-03-26,STRONG,WEAK,-5.91,3,1.64,-1.26,1.41,-2.31,0.017,0,1
7814,2025-11-04,2025-11-05,NORMAL,WEAK,-17.36,9,-10.22,7.49,9.05,-0.47,0.0,0,1
7814,2025-11-05,2025-11-06,WEAK,NORMAL,-3.5,9,0.73,2.45,3.6,-0.29,0.049,0,2
7814,2025-12-29,2025-12-30,NORMAL,WEAK,-7.42,6,0.26,-0.13,0.52,-0.39,0.197,0,2
7814,2026-02-16,2026-02-17,NORMAL,NORMAL,-9.12,9,0.45,3.13,3.28,0.0,0.06,0,2
7814,2026-02-19,2026-02-20,NORMAL,WEAK,-6.8,10,0.16,-0.32,0.63,-1.43,0.0,0,2
7818,2025-10-16,2025-10-17,NORMAL,WEAK,-7.74,8,-1.95,0.9,1.89,-0.2,0.129,0,4
7820,2025-10-22,2025-10-23,STRONG,NORMAL,-3.49,4,1.37,2.33,2.83,0.0,0.0,0,3
7826,2025-11-05,2025-11-06,WEAK,NORMAL,-3.58,2,0.0,0.4,1.78,-0.91,0.523,0,1
7826,2026-03-26,2026-03-27,WEAK,NORMAL,-5.97,3,-3.03,-0.62,0.31,-5.46,0.172,0,1
7827,2025-10-30,2025-10-31,NORMAL,NORMAL,-10.73,9,0.0,-1.33,0.0,-2.66,0.379,0,4
7832,2025-11-06,2025-11-07,NORMAL,NORMAL,-7.37,6,1.57,0.4,1.61,-1.32,0.069,0,1
7833,2025-12-29,2025-12-30,NORMAL,WEAK,-4.81,5,-0.15,-0.15,1.04,-0.15,0.389,0,2
7837,2025-10-21,2025-10-22,NORMAL,STRONG,-4.09,3,9.84,5.97,5.97,-6.57,0.13,0,1
7839,2026-02-02,2026-02-03,NORMAL,STRONG,-4.85,5,-0.24,-3.03,0.06,-3.03,0.263,0,1
7839,2026-02-03,2026-02-04,STRONG,NORMAL,-3.26,6,1.04,0.97,1.82,-0.18,0.0,0,2
7841,2026-02-16,2026-02-17,NORMAL,NORMAL,-6.44,6,1.99,-1.06,0.41,-1.38,0.679,0,2
7844,2025-11-04,2025-11-05,NORMAL,WEAK,-6.89,5,0.0,-3.8,0.0,-4.17,0.333,0,1
7844,2025-11-05,2025-11-06,WEAK,NORMAL,-3.8,4,0.59,0.98,2.75,-0.78,0.091,0,2
7846,2026-02-16,2026-02-17,NORMAL,NORMAL,-3.99,4,0.84,0.29,1.83,-0.19,0.0,0,4
7856,2025-10-30,2025-10-31,NORMAL,NORMAL,-5.51,6,0.0,0.94,0.94,-2.57,0.0,0,3
7864,2026-02-12,2026-02-13,NORMAL,WEAK,-7.75,5,-1.78,-4.77,1.64,-5.92,0.322,0,1
7864,2026-02-13,2026-02-16,WEAK,NORMAL,-6.46,7,1.28,-0.41,0.38,-1.71,0.152,0,2
7864,2026-02-17,2026-02-18,NORMAL,STRONG,-3.25,7,-0.14,1.21,1.7,-0.39,0.379,0,1
7867,2025-11-12,2025-11-13,STRONG,NORMAL,-7.62,6,0.02,0.1,1.62,-1.2,0.088,0,2
7867,2025-11-19,2025-11-20,NORMAL,STRONG,-3.05,3,0.81,0.98,1.34,-0.63,0.0,0,3
7868,2025-12-30,2026-01-05,WEAK,NORMAL,-3.0,2,1.11,-1.97,0.0,-2.19,0.12,0,1
7868,2026-01-21,2026-01-22,WEAK,STRONG,-5.21,2,0.63,1.68,1.68,-0.63,0.227,0,2
7874,2025-12-09,2025-12-10,NORMAL,NORMAL,-3.98,2,0.29,4.51,4.51,-0.29,0.12,0,1
7874,2025-12-11,2025-12-12,WEAK,STRONG,-3.31,2,0.95,-0.28,0.38,-0.66,0.028,0,1
7879,2025-11-27,2025-11-28,NORMAL,NORMAL,-4.17,7,0.15,0.3,0.6,-0.3,0.353,0,3
7888,2026-03-10,2026-03-11,WEAK,NORMAL,-4.48,4,1.38,-1.68,0.84,-1.68,0.636,1,4
7901,2025-11-28,2025-12-01,NORMAL,WEAK,-7.01,3,1.77,-4.05,1.85,-4.05,0.036,0,1
7901,2026-02-09,2026-02-10,STRONG,STRONG,-21.94,3,-4.22,-3.08,5.65,-7.56,0.0,0,2
7901,2026-02-10,2026-02-12,STRONG,NORMAL,-7.17,2,2.27,-2.89,8.59,-5.26,0.339,0,3
7901,2026-02-24,2026-02-25,NORMAL,NORMAL,-4.45,3,-1.36,0.29,3.74,-2.46,0.271,0,3
7906,2025-11-10,2025-11-11,STRONG,NORMAL,-9.06,4,-1.06,-2.82,0.0,-3.36,0.673,0,2
7906,2025-11-11,2025-11-12,NORMAL,STRONG,-3.85,4,0.0,2.07,4.42,-0.28,0.16,0,3
7906,2025-12-01,2025-12-02,WEAK,WEAK,-5.71,5,1.97,-3.41,0.0,-3.41,0.0,0,3
7906,2025-12-05,2025-12-08,WEAK,NORMAL,-3.15,5,0.93,-0.46,0.31,-1.84,0.414,0,1
7908,2026-01-30,2026-02-02,NORMAL,NORMAL,-6.3,6,0.79,0.78,2.35,-0.39,0.429,0,2
7911,2026-02-16,2026-02-17,NORMAL,NORMAL,-5.99,2,-1.24,3.94,3.94,-0.77,0.005,0,2
7912,2025-12-05,2025-12-08,WEAK,NORMAL,-3.01,2,1.09,1.17,1.35,-0.39,0.494,0,1
7914,2025-11-10,2025-11-11,STRONG,NORMAL,-4.58,5,0.9,-0.62,1.1,-1.38,0.295,0,1
7915,2025-10-08,2025-10-09,NORMAL,NORMAL,-3.22,3,1.23,-0.36,0.36,-1.07,0.0,0,2
7915,2025-11-05,2025-11-06,WEAK,NORMAL,-4.34,2,1.62,-1.06,0.38,-1.36,0.236,0,1
7915,2025-11-12,2025-11-13,STRONG,NORMAL,-6.87,7,-0.9,-0.58,0.83,-1.9,0.842,0,2
7915,2026-02-13,2026-02-16,WEAK,NORMAL,-5.16,3,-0.54,-0.46,1.0,-0.62,0.0,0,2
7915,2026-03-10,2026-03-11,WEAK,NORMAL,-3.88,2,0.32,-1.18,0.95,-1.18,0.457,0,1
7917,2025-10-08,2025-10-09,NORMAL,NORMAL,-3.05,10,-0.81,-0.27,0.54,-0.91,0.0,0,1
7922,2026-02-10,2026-02-12,STRONG,NORMAL,-4.44,2,0.68,-0.14,1.77,-0.54,0.0,1,2
7922,2026-03-25,2026-03-26,STRONG,WEAK,-15.06,3,-0.67,1.48,1.88,-0.4,0.035,0,1
7925,2026-02-13,2026-02-16,WEAK,NORMAL,-3.31,2,0.04,-0.18,0.35,-1.67,0.238,0,1
7927,2026-02-13,2026-02-16,WEAK,NORMAL,-4.11,2,0.51,-0.04,0.64,-0.55,0.244,0,1
7931,2025-10-24,2025-10-27,NORMAL,STRONG,-3.52,4,0.98,-0.69,0.0,-1.39,0.077,0,2
7943,2026-03-06,2026-03-10,NORMAL,WEAK,-3.56,2,-2.06,-0.6,0.6,-4.67,0.5,0,3
7944,2026-02-13,2026-02-16,WEAK,NORMAL,-3.14,3,0.52,0.0,1.42,-1.29,0.323,0,2
7946,2026-03-24,2026-03-25,STRONG,STRONG,-18.4,10,-7.52,3.25,5.69,-2.44,0.0,0,1
7946,2026-03-25,2026-03-26,STRONG,WEAK,-4.51,10,-1.57,-7.84,0.16,-8.0,0.3,0,2
7947,2026-01-21,2026-01-22,WEAK,STRONG,-3.09,2,1.37,0.51,3.4,-0.58,0.244,0,1
7947,2026-03-06,2026-03-10,NORMAL,WEAK,-3.42,3,-4.83,-0.45,0.78,-0.78,0.345,1,3
7947,2026-03-10,2026-03-11,WEAK,NORMAL,-5.26,6,-0.33,-0.33,0.58,-0.33,0.211,0,4
7955,2026-02-06,2026-02-09,NORMAL,STRONG,-6.1,3,0.66,0.44,0.44,-1.64,0.197,0,1
7956,2025-11-07,2025-11-10,NORMAL,STRONG,-10.86,6,0.62,2.3,2.33,0.0,0.188,0,1
7956,2025-11-25,2025-11-26,NORMAL,STRONG,-3.86,5,1.15,1.36,1.92,-0.06,0.0,0,1
7965,2025-11-19,2025-11-20,NORMAL,STRONG,-4.19,3,0.12,-1.11,0.49,-1.54,0.079,0,2
7965,2025-12-03,2025-12-04,WEAK,NORMAL,-3.43,2,0.06,1.0,1.37,-0.06,0.093,0,1
7965,2025-12-26,2025-12-29,NORMAL,NORMAL,-4.26,4,0.0,-0.45,0.25,-1.65,0.037,0,1
7966,2025-11-07,2025-11-10,NORMAL,STRONG,-4.2,2,0.9,-1.53,0.0,-2.3,0.574,0,1
7966,2026-02-10,2026-02-12,STRONG,NORMAL,-4.81,2,0.93,0.1,0.41,-0.72,0.128,0,1
7970,2025-10-24,2025-10-27,NORMAL,STRONG,-4.21,4,-0.58,0.84,1.74,-0.37,0.608,0,1
7972,2025-11-04,2025-11-05,NORMAL,WEAK,-7.22,5,0.04,-0.61,0.17,-3.33,0.336,0,1
7972,2026-02-13,2026-02-16,WEAK,NORMAL,-7.93,3,15.28,1.16,3.31,-2.78,0.0,0,1
7972,2026-03-26,2026-03-27,WEAK,NORMAL,-3.12,2,-0.31,-0.15,1.23,-0.46,0.167,0,1
7974,2025-12-09,2025-12-10,NORMAL,NORMAL,-3.41,5,-1.85,-0.86,1.2,-2.91,0.108,0,3
7974,2025-12-19,2025-12-22,NORMAL,NORMAL,-3.05,7,0.0,-3.8,0.23,-3.8,0.034,0,5
7974,2025-12-22,2025-12-23,NORMAL,NORMAL,-3.8,9,2.05,0.57,1.67,-1.15,0.0,0,6
7974,2026-01-07,2026-01-08,NORMAL,NORMAL,-4.65,3,-0.14,-1.5,0.29,-1.6,0.165,0,1
7974,2026-02-04,2026-02-05,NORMAL,NORMAL,-10.98,8,-1.36,-0.78,0.81,-1.65,0.365,0,1
7974,2026-02-06,2026-02-09,NORMAL,STRONG,-3.88,8,2.48,0.14,0.75,-1.31,0.395,0,3
7974,2026-02-12,2026-02-13,NORMAL,WEAK,-3.25,5,-1.16,-2.22,1.51,-2.22,0.201,0,1
7974,2026-02-13,2026-02-16,WEAK,NORMAL,-3.36,5,1.8,-0.6,2.99,-0.6,0.0,0,2
7976,2026-02-13,2026-02-16,WEAK,NORMAL,-9.16,6,2.29,2.11,4.3,-0.94,0.143,0,1
7976,2026-03-26,2026-03-27,WEAK,NORMAL,-4.66,2,1.26,0.29,0.71,-0.79,0.172,0,1
7980,2026-03-06,2026-03-10,NORMAL,WEAK,-19.23,2,-6.89,1.28,3.65,-3.26,0.212,0,1
7983,2025-12-09,2025-12-10,NORMAL,NORMAL,-12.36,7,-0.57,-2.79,0.0,-4.02,0.057,0,1
7983,2025-12-16,2025-12-17,WEAK,NORMAL,-6.37,9,-0.18,-0.54,0.0,-2.06,0.237,0,2
7984,2025-12-29,2025-12-30,NORMAL,WEAK,-3.12,3,0.15,-0.75,0.19,-1.26,0.228,0,1
7984,2026-02-13,2026-02-16,WEAK,NORMAL,-5.92,3,-0.19,-0.79,0.1,-2.61,0.214,0,1
7987,2025-11-06,2025-11-07,NORMAL,NORMAL,-3.79,5,0.36,-1.43,0.0,-1.96,0.222,0,2
7990,2025-11-11,2025-11-12,NORMAL,STRONG,-7.8,8,0.23,2.48,2.72,-0.09,0.08,0,5
7991,2025-11-06,2025-11-07,NORMAL,NORMAL,-7.6,4,-0.76,0.18,0.95,-0.95,0.207,0,7
7991,2025-12-02,2025-12-03,WEAK,WEAK,-4.88,7,0.39,-1.17,0.39,-2.91,0.175,0,2
7991,2026-02-04,2026-02-05,NORMAL,NORMAL,-12.9,8,-0.07,4.09,5.84,-0.13,0.096,0,1
7994,2025-11-10,2025-11-11,STRONG,NORMAL,-5.16,5,0.69,-0.27,0.14,-1.14,0.5,0,1
7997,2025-10-20,2025-10-21,STRONG,NORMAL,-4.21,4,0.9,-1.09,0.0,-2.97,0.047,0,1
7997,2025-11-27,2025-11-28,NORMAL,NORMAL,-13.61,5,-0.39,-1.86,0.1,-2.93,0.0,0,1
7997,2025-12-01,2025-12-02,WEAK,WEAK,-4.68,5,0.0,-3.55,0.31,-3.65,0.044,1,3
8001,2025-12-29,2025-12-30,NORMAL,WEAK,-78.93,10,-0.05,-1.94,0.05,-2.18,0.128,0,1
8002,2026-03-06,2026-03-10,NORMAL,WEAK,-6.5,3,-0.24,0.8,1.73,-0.8,0.674,0,3
8008,2026-02-26,2026-02-27,NORMAL,STRONG,-4.12,3,0.0,1.38,1.38,-0.39,0.065,0,1
8011,2026-02-02,2026-02-03,NORMAL,STRONG,-4.56,2,0.24,2.86,3.93,0.0,0.019,0,1
8016,2026-02-26,2026-02-27,NORMAL,STRONG,-5.13,2,0.25,2.38,2.51,-0.5,0.0,0,1
8018,2025-11-07,2025-11-10,NORMAL,STRONG,-4.34,2,-0.58,2.35,3.68,-0.29,0.103,0,1
8020,2025-12-29,2025-12-30,NORMAL,WEAK,-48.61,8,-0.52,-0.47,0.53,-0.47,0.06,0,1
8022,2026-03-10,2026-03-11,WEAK,NORMAL,-3.71,4,1.93,0.14,1.89,-0.14,0.231,1,4
8022,2026-03-16,2026-03-17,NORMAL,NORMAL,-4.1,6,1.92,-1.45,0.14,-2.17,0.04,0,3
8029,2025-12-29,2025-12-30,NORMAL,WEAK,-6.95,7,-0.55,-0.12,0.48,-0.2,0.129,0,1
8032,2025-11-07,2025-11-10,NORMAL,STRONG,-5.01,4,1.39,-1.64,0.14,-1.78,0.551,0,1
8035,2025-11-21,2025-11-25,STRONG,NORMAL,-7.14,3,2.72,0.32,0.94,-0.87,0.055,0,1
8035,2025-12-18,2025-12-19,NORMAL,NORMAL,-3.22,2,1.32,1.6,2.18,-0.07,0.25,0,1
8035,2026-03-10,2026-03-11,WEAK,NORMAL,-4.21,2,1.75,-0.49,0.79,-1.92,0.426,0,6
8035,2026-03-13,2026-03-16,WEAK,NORMAL,-3.55,3,0.21,1.9,1.9,-1.54,0.057,0,2
8037,2025-11-14,2025-11-17,NORMAL,NORMAL,-7.28,4,0.14,0.81,0.81,-1.26,0.0,0,2
8050,2026-01-06,2026-01-07,STRONG,NORMAL,-4.38,4,-0.55,0.84,0.98,-0.7,0.273,0,1
8050,2026-02-16,2026-02-17,NORMAL,NORMAL,-5.62,2,0.96,1.43,5.23,0.0,0.216,0,1
8052,2025-11-04,2025-11-05,NORMAL,WEAK,-5.28,3,0.43,-0.89,0.54,-1.5,0.5,0,1
8052,2026-03-06,2026-03-10,NORMAL,WEAK,-3.6,2,-1.68,0.8,1.46,-0.45,0.407,0,3
8053,2025-10-31,2025-11-04,NORMAL,NORMAL,-3.61,2,-0.22,-1.39,0.78,-1.92,0.061,0,1
8053,2026-02-05,2026-02-06,NORMAL,NORMAL,-3.22,3,-0.84,4.22,4.22,-0.36,0.244,0,2
8053,2026-03-06,2026-03-10,NORMAL,WEAK,-7.21,3,-2.69,1.03,1.8,-0.75,0.689,0,3
8056,2025-11-06,2025-11-07,NORMAL,NORMAL,-10.58,6,0.56,2.58,2.69,-0.83,0.073,0,3
8056,2026-02-04,2026-02-05,NORMAL,NORMAL,-8.84,9,1.5,-1.16,1.29,-3.33,0.122,0,1
8056,2026-02-13,2026-02-16,WEAK,NORMAL,-3.54,4,0.02,0.64,0.64,-2.13,0.338,1,2
8056,2026-02-24,2026-02-25,NORMAL,NORMAL,-6.01,6,1.39,1.06,1.64,-0.68,0.319,0,2
8057,2025-12-04,2025-12-05,NORMAL,WEAK,-9.52,6,3.24,-2.65,0.98,-2.94,0.182,0,2
8057,2026-01-19,2026-01-20,NORMAL,WEAK,-80.06,10,-0.04,-2.43,0.09,-3.89,0.046,0,1
8057,2026-01-21,2026-01-22,WEAK,STRONG,-3.58,10,-0.23,0.19,0.94,-0.75,0.114,0,3
8057,2026-02-13,2026-02-16,WEAK,NORMAL,-4.07,4,0.24,1.17,1.31,-0.19,0.044,0,2
8058,2025-12-16,2025-12-17,WEAK,NORMAL,-4.31,2,-0.44,-0.03,0.53,-1.42,0.021,0,1
8061,2025-10-21,2025-10-22,NORMAL,STRONG,-3.07,3,-0.04,-0.45,0.0,-2.5,0.022,0,1
8061,2025-11-07,2025-11-10,NORMAL,STRONG,-12.45,4,0.59,1.64,1.73,-3.0,0.232,0,1
8061,2026-03-10,2026-03-11,WEAK,NORMAL,-3.47,2,0.8,-1.71,1.63,-1.71,0.149,0,4
8065,2026-02-04,2026-02-05,NORMAL,NORMAL,-3.16,5,1.8,0.0,0.93,-1.68,0.214,0,1
8081,2025-11-05,2025-11-06,WEAK,NORMAL,-5.4,3,0.44,-2.06,0.05,-2.45,0.36,0,1
8084,2025-11-04,2025-11-05,NORMAL,WEAK,-3.12,3,0.0,-2.74,0.0,-3.87,0.4,0,2
8084,2026-02-02,2026-02-03,NORMAL,STRONG,-3.53,4,0.85,0.84,2.23,-0.7,0.08,0,1
8088,2026-03-06,2026-03-10,NORMAL,WEAK,-5.68,3,-3.2,0.35,1.12,-0.72,0.394,0,3
8091,2025-11-10,2025-11-11,STRONG,NORMAL,-4.34,4,0.04,-0.45,0.12,-1.28,0.37,0,2
8093,2025-11-13,2025-11-14,NORMAL,NORMAL,-4.56,5,-0.57,0.86,1.72,-0.52,0.373,0,2
8093,2026-03-06,2026-03-10,NORMAL,WEAK,-3.27,2,-2.29,1.83,2.95,-0.61,0.714,0,3
8103,2025-10-31,2025-11-04,NORMAL,NORMAL,-8.54,6,1.89,-0.99,0.5,-2.85,0.379,0,1
8103,2026-01-30,2026-02-02,NORMAL,NORMAL,-3.25,3,0.0,-2.06,1.19,-2.27,0.308,0,3
8103,2026-03-10,2026-03-11,WEAK,NORMAL,-6.86,5,0.85,-0.6,0.48,-0.6,0.48,0,1
8104,2026-02-09,2026-02-10,STRONG,STRONG,-6.05,5,0.66,0.0,0.49,-1.48,0.161,0,2
8105,2025-10-06,2025-10-07,STRONG,NORMAL,-6.23,3,-2.73,-5.6,1.23,-10.68,0.0,1,1
8105,2025-10-07,2025-10-08,NORMAL,NORMAL,-8.18,4,-1.67,-4.15,2.83,-4.15,0.426,0,2
8105,2025-10-08,2025-10-09,NORMAL,NORMAL,-5.75,5,-1.38,2.2,4.59,-1.8,0.0,0,3
8105,2025-10-15,2025-10-16,STRONG,NORMAL,-5.76,6,-1.13,-5.49,0.0,-5.49,0.184,0,3
8105,2025-10-16,2025-10-17,NORMAL,WEAK,-6.56,6,-1.94,4.2,4.69,-2.47,0.0,1,4
8105,2025-10-23,2025-10-24,NORMAL,NORMAL,-3.73,3,3.23,9.22,10.62,-1.25,0.017,0,1
8105,2025-11-25,2025-11-26,NORMAL,STRONG,-18.18,5,-3.56,-4.84,8.29,-8.06,0.0,0,1
8105,2025-11-26,2025-11-27,STRONG,NORMAL,-8.22,4,5.57,-4.82,0.69,-6.65,0.197,1,2
8105,2025-11-28,2025-12-01,NORMAL,WEAK,-5.06,5,-20.3,0.0,0.0,0.0,0.281,1,1
8105,2025-12-03,2025-12-04,WEAK,NORMAL,-12.68,7,3.23,-4.69,7.5,-5.31,0.0,0,1
8105,2025-12-05,2025-12-08,WEAK,NORMAL,-3.61,6,-2.72,-1.05,2.1,-2.1,0.115,1,3
8105,2025-12-08,2025-12-09,NORMAL,NORMAL,-3.74,5,0.35,-3.17,10.56,-3.52,0.25,1,4
8105,2025-12-11,2025-12-12,WEAK,STRONG,-10.1,6,1.94,-2.28,1.9,-4.94,0.0,0,1
8105,2025-12-16,2025-12-17,WEAK,NORMAL,-7.48,7,0.43,-0.42,2.12,-4.66,0.208,0,4
8105,2026-01-08,2026-01-09,NORMAL,NORMAL,-7.08,4,0.0,0.0,0.9,-4.93,0.062,0,2
8105,2026-01-13,2026-01-14,NORMAL,NORMAL,-4.93,4,1.89,-1.39,1.85,-2.78,0.0,0,1
8105,2026-03-17,2026-03-18,NORMAL,STRONG,-3.35,2,-1.98,-0.51,0.0,-4.04,0.143,1,1
8111,2025-12-16,2025-12-17,WEAK,NORMAL,-6.04,5,0.33,-0.35,1.08,-0.91,0.026,0,1
8111,2025-12-22,2025-12-23,NORMAL,NORMAL,-3.1,4,0.3,-1.19,0.45,-2.31,0.078,0,2
8111,2026-02-06,2026-02-09,NORMAL,STRONG,-7.16,5,1.12,-0.06,1.33,-1.1,0.56,0,1
8113,2025-11-11,2025-11-12,NORMAL,STRONG,-4.22,4,0.85,-0.89,0.2,-1.36,0.252,0,2
8113,2025-11-25,2025-11-26,NORMAL,STRONG,-3.12,4,-0.5,0.57,0.93,-0.32,0.0,0,1
8113,2026-02-09,2026-02-10,STRONG,STRONG,-6.0,3,0.85,0.82,1.0,-0.45,0.376,0,1
8113,2026-03-10,2026-03-11,WEAK,NORMAL,-3.6,2,0.88,-1.07,1.34,-1.07,0.576,0,6
8117,2025-10-20,2025-10-21,STRONG,NORMAL,-3.42,4,2.25,0.22,1.32,0.0,0.0,0,3
8117,2026-03-10,2026-03-11,WEAK,NORMAL,-3.17,4,1.46,-1.59,0.19,-1.59,0.415,0,3
8125,2026-02-26,2026-02-27,NORMAL,STRONG,-5.2,4,0.3,1.89,1.89,-0.55,0.125,0,2
8127,2025-12-03,2025-12-04,WEAK,NORMAL,-6.46,8,-3.09,-5.44,0.0,-6.19,0.028,0,3
8127,2025-12-04,2025-12-05,NORMAL,WEAK,-8.36,10,-1.98,0.4,1.21,-3.24,0.121,0,4
8129,2025-10-16,2025-10-17,NORMAL,WEAK,-4.53,5,0.0,-0.14,0.79,-0.3,0.209,0,1
8129,2025-11-04,2025-11-05,NORMAL,WEAK,-4.27,6,0.7,-1.49,0.73,-2.47,0.0,0,1
8129,2025-11-20,2025-11-21,STRONG,STRONG,-3.36,3,1.08,1.13,1.13,-1.28,0.126,0,3
8129,2026-02-12,2026-02-13,NORMAL,WEAK,-4.01,2,1.51,-0.85,0.45,-3.78,0.199,0,1
8131,2026-03-06,2026-03-10,NORMAL,WEAK,-5.04,2,0.78,1.56,2.97,-1.19,0.28,0,2
8133,2025-10-31,2025-11-04,NORMAL,NORMAL,-5.3,4,-0.44,-1.49,0.28,-2.92,0.069,0,1
8133,2026-01-30,2026-02-02,NORMAL,NORMAL,-3.97,3,0.0,-0.63,1.26,-0.73,0.376,0,1
8135,2026-01-08,2026-01-09,NORMAL,NORMAL,-3.05,2,1.48,1.28,2.55,-0.36,0.379,0,1
8135,2026-03-16,2026-03-17,NORMAL,NORMAL,-3.62,6,1.25,-0.62,0.62,-1.03,0.438,0,8
8136,2025-11-06,2025-11-07,NORMAL,NORMAL,-13.79,8,0.9,-2.25,0.06,-5.78,0.212,0,1
8136,2025-11-10,2025-11-11,STRONG,NORMAL,-5.29,8,-0.87,-0.34,2.99,-0.45,0.065,1,3
8136,2025-11-20,2025-11-21,STRONG,STRONG,-3.87,7,1.91,3.37,3.8,-0.13,0.046,1,2
8136,2025-11-25,2025-11-26,NORMAL,STRONG,-4.09,7,0.0,2.1,2.1,-1.15,0.167,0,1
8136,2025-12-01,2025-12-02,WEAK,WEAK,-4.17,4,0.92,-1.57,0.24,-1.57,0.092,1,2
8136,2025-12-03,2025-12-04,WEAK,NORMAL,-3.27,4,0.19,5.07,5.09,-0.17,0.271,0,4
8136,2025-12-09,2025-12-10,NORMAL,NORMAL,-5.42,2,1.0,-6.65,0.24,-7.21,0.096,0,1
8136,2025-12-10,2025-12-11,NORMAL,WEAK,-5.71,4,0.42,-2.31,1.35,-3.78,0.075,0,2
8136,2026-01-16,2026-01-19,NORMAL,NORMAL,-5.36,4,-0.89,-3.44,0.02,-4.64,0.099,0,1
8136,2026-01-19,2026-01-20,NORMAL,WEAK,-4.31,5,0.59,0.78,3.18,-0.65,0.257,0,2
8136,2026-01-21,2026-01-22,WEAK,STRONG,-3.26,4,0.89,0.2,1.71,-0.57,0.078,1,1
8136,2026-02-04,2026-02-05,NORMAL,NORMAL,-3.27,3,-0.22,2.07,2.35,-0.97,0.075,0,3
8139,2025-12-30,2026-01-05,WEAK,NORMAL,-8.92,2,-1.74,1.37,1.57,-5.59,0.181,0,2
8139,2026-02-05,2026-02-06,NORMAL,NORMAL,-4.51,8,0.2,4.47,6.28,-1.47,0.227,0,1
8141,2026-01-07,2026-01-08,NORMAL,NORMAL,-4.05,2,0.0,0.67,1.92,0.0,0.0,0,1
8141,2026-02-02,2026-02-03,NORMAL,STRONG,-3.72,2,0.87,1.25,3.07,0.0,0.022,0,1
8141,2026-03-26,2026-03-27,WEAK,NORMAL,-3.74,3,-0.08,3.46,5.41,-2.2,0.478,0,1
8142,2025-12-16,2025-12-17,WEAK,NORMAL,-4.33,2,1.07,-0.79,1.32,-1.05,0.065,1,1
8142,2026-01-21,2026-01-22,WEAK,STRONG,-3.73,4,0.26,0.9,1.68,-1.16,0.0,0,2
8142,2026-01-29,2026-01-30,NORMAL,NORMAL,-67.17,10,-0.24,0.71,1.1,-1.73,0.314,0,4
8142,2026-02-02,2026-02-03,NORMAL,STRONG,-3.36,7,1.13,1.92,2.24,-0.56,0.049,1,1
8143,2025-12-12,2025-12-15,STRONG,NORMAL,-3.65,7,-1.42,-2.4,2.88,-2.4,0.077,0,1
8150,2026-02-05,2026-02-06,NORMAL,NORMAL,-3.09,5,0.16,-1.59,0.0,-1.75,0.211,0,1
8151,2026-02-16,2026-02-17,NORMAL,NORMAL,-4.02,2,-0.27,-1.31,0.0,-1.75,0.231,0,2
8157,2025-11-05,2025-11-06,WEAK,NORMAL,-4.1,2,0.82,-0.49,0.82,-1.47,0.312,0,1
8157,2026-01-08,2026-01-09,NORMAL,NORMAL,-4.21,2,1.32,0.29,0.72,-0.14,0.094,0,1
8165,2025-12-29,2025-12-30,NORMAL,WEAK,-4.07,6,-0.94,-2.38,0.48,-2.38,0.0,0,2
8165,2025-12-30,2026-01-05,WEAK,NORMAL,-3.3,7,0.49,0.0,0.49,-0.49,0.0,0,3
8167,2026-02-26,2026-02-27,NORMAL,STRONG,-3.82,3,1.18,0.07,0.36,-1.38,0.0,0,1
8174,2026-02-04,2026-02-05,NORMAL,NORMAL,-6.97,7,-0.52,2.52,3.26,-0.34,0.278,0,1
8179,2025-12-29,2025-12-30,NORMAL,WEAK,-52.28,10,-0.3,-1.35,0.67,-1.35,0.167,0,1
8198,2026-02-26,2026-02-27,NORMAL,STRONG,-3.17,5,0.27,2.45,2.45,-0.14,0.235,0,5
8203,2026-02-26,2026-02-27,NORMAL,STRONG,-3.81,4,0.26,1.53,2.04,-0.38,0.053,0,2
8214,2025-11-10,2025-11-11,STRONG,NORMAL,-3.05,4,-0.43,0.06,0.62,-0.5,0.432,0,1
8219,2026-02-16,2026-02-17,NORMAL,NORMAL,-3.06,3,-0.54,-0.66,0.23,-1.32,0.327,0,2
8226,2025-11-11,2025-11-12,NORMAL,STRONG,-12.73,2,0.63,2.94,4.62,-1.05,0.621,0,1
8226,2025-11-14,2025-11-17,NORMAL,NORMAL,-4.5,3,-0.43,1.08,2.8,-0.43,0.056,0,2
8226,2025-11-20,2025-11-21,STRONG,STRONG,-3.6,7,-1.87,2.14,2.14,-0.71,0.0,0,3
8226,2025-11-25,2025-11-26,NORMAL,STRONG,-3.26,7,0.0,1.2,1.69,0.0,0.211,0,1
8227,2025-12-23,2025-12-24,NORMAL,NORMAL,-3.6,7,-0.39,-1.76,0.69,-2.05,0.243,0,3
8227,2026-02-19,2026-02-20,NORMAL,WEAK,-67.43,10,-1.76,-0.76,0.51,-4.18,0.27,0,1
8227,2026-03-10,2026-03-11,WEAK,NORMAL,-4.31,7,4.18,-3.44,0.03,-3.44,0.104,0,1
8233,2026-02-25,2026-02-26,NORMAL,NORMAL,-4.62,2,-3.18,-1.27,1.2,-2.47,0.247,0,4
8233,2026-02-26,2026-02-27,NORMAL,STRONG,-4.41,2,-0.02,-1.74,0.32,-2.66,0.327,0,5
8237,2025-12-05,2025-12-08,WEAK,NORMAL,-3.69,2,0.22,-2.05,0.83,-3.65,0.353,0,5
8237,2025-12-10,2025-12-11,NORMAL,WEAK,-3.21,2,0.0,2.5,3.66,-0.12,0.458,0,1
8237,2026-03-06,2026-03-10,NORMAL,WEAK,-6.61,3,-4.25,-4.33,2.75,-4.84,0.615,0,3
8237,2026-03-10,2026-03-11,WEAK,NORMAL,-8.39,5,6.34,-6.86,0.6,-6.91,0.067,0,4
8254,2025-10-06,2025-10-07,STRONG,NORMAL,-14.12,8,-0.46,-3.21,2.98,-3.67,0.0,0,2
8254,2025-10-07,2025-10-08,NORMAL,NORMAL,-3.65,5,1.18,-3.98,0.47,-3.98,0.069,0,3
8254,2025-10-22,2025-10-23,STRONG,NORMAL,-4.8,6,0.25,-0.75,0.25,-1.01,0.111,0,1
8254,2026-02-09,2026-02-10,STRONG,STRONG,-11.66,7,1.58,1.3,1.82,-1.56,0.0,0,1
8255,2025-10-31,2025-11-04,NORMAL,NORMAL,-3.29,2,-1.19,-1.21,1.77,-1.49,0.234,0,1
8255,2026-03-06,2026-03-10,NORMAL,WEAK,-3.85,2,1.88,-0.8,0.8,-0.96,0.0,0,3
8267,2025-12-08,2025-12-09,NORMAL,NORMAL,-6.86,3,0.04,0.7,1.47,-0.91,0.0,0,2
8267,2025-12-11,2025-12-12,WEAK,STRONG,-3.98,5,1.19,-0.17,1.02,-0.96,0.0,0,2
8267,2025-12-16,2025-12-17,WEAK,NORMAL,-3.85,4,1.8,-0.56,0.62,-2.25,0.112,0,1
8267,2025-12-22,2025-12-23,NORMAL,NORMAL,-3.89,3,0.29,0.41,1.76,-1.16,0.017,0,1
8267,2026-01-09,2026-01-13,NORMAL,NORMAL,-7.68,6,0.78,-0.36,2.23,-1.3,0.107,0,3
8267,2026-01-16,2026-01-19,NORMAL,NORMAL,-5.26,5,3.83,2.73,3.46,-0.77,0.0,0,1
8267,2026-01-22,2026-01-23,STRONG,NORMAL,-5.53,3,0.88,0.36,0.69,-1.28,0.055,0,2
8267,2026-01-29,2026-01-30,NORMAL,NORMAL,-3.23,3,0.31,-0.31,0.45,-1.56,0.231,0,4
8273,2026-02-26,2026-02-27,NORMAL,STRONG,-67.28,10,0.98,0.39,0.58,-1.93,0.125,0,1
8276,2025-12-25,2025-12-26,NORMAL,NORMAL,-3.28,5,0.84,0.0,0.52,-1.18,0.284,0,2
8278,2026-02-26,2026-02-27,NORMAL,STRONG,-4.06,5,0.48,0.19,0.19,-0.86,0.048,0,2
8281,2025-11-14,2025-11-17,NORMAL,NORMAL,-4.96,5,-1.03,-1.6,0.75,-3.02,0.224,0,1
8282,2026-02-06,2026-02-09,NORMAL,STRONG,-3.26,4,1.9,0.8,1.1,-1.69,0.23,0,1
8283,2025-11-05,2025-11-06,WEAK,NORMAL,-7.34,6,0.16,0.96,1.77,0.0,0.49,0,1
8285,2025-12-09,2025-12-10,NORMAL,NORMAL,-5.23,2,-1.07,-0.18,1.08,-2.88,0.086,0,1
8304,2025-10-17,2025-10-20,WEAK,STRONG,-3.71,3,1.09,1.19,1.46,-0.4,0.019,0,1
8308,2025-10-17,2025-10-20,WEAK,STRONG,-4.0,4,2.14,3.91,3.91,-0.35,0.049,0,1
8316,2025-10-17,2025-10-20,WEAK,STRONG,-3.08,2,1.79,2.87,2.87,-0.96,0.0,0,1
8331,2025-10-17,2025-10-20,WEAK,STRONG,-3.15,4,1.99,1.99,2.26,-0.86,0.364,0,1
8331,2026-03-06,2026-03-10,NORMAL,WEAK,-3.49,3,-2.03,1.93,2.92,-1.23,0.101,0,3
8337,2026-03-06,2026-03-10,NORMAL,WEAK,-3.34,2,-4.06,1.11,2.31,-1.39,0.481,1,3
8338,2026-03-16,2026-03-17,NORMAL,NORMAL,-3.32,4,2.74,-1.17,2.34,-1.84,0.174,1,1
8344,2026-02-13,2026-02-16,WEAK,NORMAL,-3.87,2,0.15,0.34,0.49,-2.59,0.18,1,1
8346,2026-03-06,2026-03-10,NORMAL,WEAK,-3.77,2,-3.77,2.82,3.29,-1.1,0.115,1,3
8354,2025-11-11,2025-11-12,NORMAL,STRONG,-3.88,3,-0.18,1.05,2.24,-0.05,0.062,0,1
8354,2026-03-06,2026-03-10,NORMAL,WEAK,-3.14,2,-2.12,2.5,2.92,-0.6,0.14,1,3
8358,2025-10-17,2025-10-20,WEAK,STRONG,-4.15,4,1.79,2.36,2.77,-0.47,0.519,0,1
8359,2026-02-24,2026-02-25,NORMAL,NORMAL,-6.84,2,-0.51,0.13,1.19,-1.52,0.159,0,1
8366,2026-01-30,2026-02-02,NORMAL,NORMAL,-4.13,2,2.92,-2.83,0.62,-3.2,0.179,0,1
8377,2026-03-10,2026-03-11,WEAK,NORMAL,-3.45,2,1.72,-0.35,1.13,-0.73,0.195,1,2
8381,2026-03-06,2026-03-10,NORMAL,WEAK,-5.64,3,-2.52,3.94,4.13,-0.84,0.122,0,3
8383,2026-02-24,2026-02-25,NORMAL,NORMAL,-4.42,2,1.03,-2.04,0.0,-3.07,0.04,0,2
8386,2026-03-06,2026-03-10,NORMAL,WEAK,-3.38,2,-3.39,3.51,5.26,-0.12,0.636,0,3
8387,2026-02-13,2026-02-16,WEAK,NORMAL,-4.91,2,1.2,-0.63,0.13,-3.55,0.254,0,1
8392,2026-03-10,2026-03-11,WEAK,NORMAL,-3.13,2,2.19,-2.55,1.53,-2.55,0.286,0,1
8410,2026-02-09,2026-02-10,STRONG,STRONG,-4.11,4,0.0,1.66,1.66,-0.14,0.13,0,1
8411,2025-10-17,2025-10-20,WEAK,STRONG,-4.01,4,2.12,3.99,4.31,-0.17,0.0,0,1
8411,2026-02-25,2026-02-26,NORMAL,NORMAL,-4.14,3,2.2,2.86,3.79,-0.01,0.201,0,3
8416,2026-02-09,2026-02-10,STRONG,STRONG,-10.84,3,-2.14,-1.02,1.02,-3.52,0.079,0,1
8424,2025-10-24,2025-10-27,NORMAL,STRONG,-7.49,5,0.78,-0.75,0.48,-0.77,0.01,0,1
8473,2025-11-27,2025-11-28,NORMAL,NORMAL,-50.08,7,0.12,-0.03,1.37,-0.67,0.292,0,1
8473,2025-12-16,2025-12-17,WEAK,NORMAL,-6.8,9,0.18,-2.44,1.63,-2.59,0.108,0,1
8473,2026-02-02,2026-02-03,NORMAL,STRONG,-3.73,3,2.47,0.41,1.6,-0.55,0.0,0,2
8473,2026-02-20,2026-02-24,WEAK,NORMAL,-3.95,2,-1.7,-3.27,0.49,-3.64,0.402,0,1
8473,2026-02-24,2026-02-25,NORMAL,NORMAL,-4.92,3,-0.31,0.22,0.85,-0.85,0.088,0,2
8508,2025-12-30,2026-01-05,WEAK,NORMAL,-4.02,2,1.26,0.21,0.62,-1.86,0.094,0,1
8515,2026-02-02,2026-02-03,NORMAL,STRONG,-3.1,2,1.13,0.93,1.49,-0.56,0.0,0,1
8515,2026-02-13,2026-02-16,WEAK,NORMAL,-3.66,3,0.76,0.57,1.32,-0.94,0.091,1,2
8515,2026-02-20,2026-02-24,WEAK,NORMAL,-3.64,3,-0.2,-0.2,0.6,-1.59,0.214,0,2
8518,2025-12-02,2025-12-03,WEAK,WEAK,-4.48,5,0.0,-0.47,1.41,-0.47,0.083,0,3
8537,2025-11-07,2025-11-10,NORMAL,STRONG,-3.15,2,0.12,-0.7,0.93,-1.33,0.416,0,1
8551,2026-01-30,2026-02-02,NORMAL,NORMAL,-3.8,3,1.39,-3.58,0.63,-3.58,0.036,0,3
8558,2026-02-02,2026-02-03,NORMAL,STRONG,-3.04,2,2.69,1.13,1.66,-1.4,0.079,0,1
8558,2026-02-13,2026-02-16,WEAK,NORMAL,-4.98,2,0.0,-0.08,0.25,-2.25,0.086,0,1
8562,2026-03-16,2026-03-17,NORMAL,NORMAL,-3.2,3,1.93,-2.97,0.27,-3.24,0.2,0,1
8570,2026-01-21,2026-01-22,WEAK,STRONG,-3.06,2,0.54,0.0,0.95,-0.12,0.078,0,3
8572,2025-11-12,2025-11-13,STRONG,NORMAL,-4.36,3,1.32,0.84,0.97,-0.44,0.507,0,1
8572,2026-02-02,2026-02-03,NORMAL,STRONG,-3.17,4,0.59,0.82,1.35,-0.38,0.161,0,1
8595,2025-10-24,2025-10-27,NORMAL,STRONG,-3.86,6,-0.47,0.19,1.97,-0.58,0.166,0,1
8595,2025-11-04,2025-11-05,NORMAL,WEAK,-3.28,5,0.11,-0.13,0.41,-2.04,0.099,0,1
8600,2025-11-11,2025-11-12,NORMAL,STRONG,-5.11,2,0.58,0.0,0.87,-1.45,0.154,0,1
8601,2026-02-02,2026-02-03,NORMAL,STRONG,-3.72,3,3.21,1.91,2.41,-1.1,0.115,0,1
8604,2026-02-02,2026-02-03,NORMAL,STRONG,-7.71,6,3.22,0.78,0.78,-0.78,0.0,0,2
8609,2026-03-06,2026-03-10,NORMAL,WEAK,-3.74,3,-2.51,1.99,2.58,-0.59,0.229,0,3
8614,2025-12-16,2025-12-17,WEAK,NORMAL,-3.1,2,0.51,-0.84,0.17,-1.17,0.211,0,1
8630,2025-11-05,2025-11-06,WEAK,NORMAL,-3.14,2,0.44,2.27,2.43,-0.02,0.081,0,2
8697,2025-12-16,2025-12-17,WEAK,NORMAL,-6.34,2,-1.16,0.81,0.94,-0.66,0.0,0,1
8697,2026-01-29,2026-01-30,NORMAL,NORMAL,-3.04,3,-0.51,1.11,1.35,-0.21,0.22,0,2
8697,2026-02-02,2026-02-03,NORMAL,STRONG,-3.02,4,1.13,0.94,2.06,-0.3,0.0,1,1
8697,2026-02-04,2026-02-05,NORMAL,NORMAL,-3.68,7,4.97,-3.14,0.12,-3.55,0.192,0,1
8698,2025-10-23,2025-10-24,NORMAL,NORMAL,-4.41,4,0.53,-0.79,0.26,-0.92,0.065,0,3
8698,2026-01-19,2026-01-20,NORMAL,WEAK,-5.19,2,0.0,-1.78,0.0,-1.78,0.52,0,1
8706,2026-01-21,2026-01-22,WEAK,STRONG,-3.42,2,1.16,1.49,2.52,-0.34,0.362,0,1
8707,2026-02-24,2026-02-25,NORMAL,NORMAL,-5.07,2,0.8,-0.13,1.19,-0.93,0.0,0,2
8713,2026-02-13,2026-02-16,WEAK,NORMAL,-4.22,2,-0.09,-1.5,0.0,-2.64,0.194,0,1
8714,2026-03-06,2026-03-10,NORMAL,WEAK,-3.66,2,-3.68,2.96,4.06,-0.12,0.312,1,3
8739,2025-10-22,2025-10-23,STRONG,NORMAL,-3.81,4,0.91,2.25,4.5,-0.32,0.0,0,1
8739,2025-11-04,2025-11-05,NORMAL,WEAK,-5.33,5,-0.81,-0.07,0.48,-2.74,0.436,0,1
8742,2026-01-20,2026-01-21,WEAK,WEAK,-10.69,3,-5.04,1.33,1.55,-2.21,0.134,0,1
8746,2025-10-24,2025-10-27,NORMAL,STRONG,-4.03,3,1.55,1.74,3.92,-0.44,0.0,0,2
8746,2025-11-21,2025-11-25,STRONG,NORMAL,-23.74,10,3.11,6.04,6.42,-3.02,0.0,0,7
8746,2025-12-02,2025-12-03,WEAK,WEAK,-3.04,6,0.0,-1.39,1.39,-1.74,0.167,1,3
8746,2026-02-06,2026-02-09,NORMAL,STRONG,-4.2,2,1.04,5.99,6.4,-1.03,0.16,0,2
8746,2026-02-16,2026-02-17,NORMAL,NORMAL,-13.09,6,1.48,0.0,2.43,-5.11,0.413,0,1
8746,2026-02-18,2026-02-19,STRONG,NORMAL,-18.49,9,4.78,1.14,1.99,-3.99,0.054,0,1
8746,2026-02-24,2026-02-25,NORMAL,NORMAL,-13.26,9,1.0,-3.62,0.66,-4.28,0.104,0,2
8747,2026-02-09,2026-02-10,STRONG,STRONG,-3.23,3,0.67,0.99,0.99,-3.25,0.37,0,1
8766,2025-10-17,2025-10-20,WEAK,STRONG,-3.49,2,1.67,0.43,0.53,-0.36,0.243,0,2
8766,2025-11-20,2025-11-21,STRONG,STRONG,-7.93,6,-0.93,4.55,4.55,0.0,0.112,0,1
8766,2026-03-26,2026-03-27,WEAK,NORMAL,-3.44,3,-1.03,0.03,0.88,-1.73,0.241,0,1
8769,2025-10-20,2025-10-21,STRONG,NORMAL,-5.1,2,0.5,1.51,2.17,0.0,0.13,0,1
8769,2025-11-20,2025-11-21,STRONG,STRONG,-3.42,3,-0.48,-0.16,0.65,-1.13,0.032,0,1
8769,2026-02-13,2026-02-16,WEAK,NORMAL,-3.91,5,-5.08,-5.0,0.18,-10.71,0.125,0,2
8769,2026-02-16,2026-02-17,NORMAL,NORMAL,-9.83,10,0.19,-0.19,0.0,-2.81,0.525,0,3
8783,2025-10-06,2025-10-07,STRONG,NORMAL,-3.75,6,0.65,3.23,4.84,-0.97,0.2,0,2
8783,2025-10-08,2025-10-09,NORMAL,NORMAL,-3.12,5,0.0,-1.94,0.0,-2.26,0.176,1,1
8783,2025-11-25,2025-11-26,NORMAL,STRONG,-3.65,4,0.76,1.13,1.5,-1.5,0.25,0,3
8783,2025-11-28,2025-12-01,NORMAL,WEAK,-3.45,2,1.79,-5.26,0.0,-5.26,0.0,0,1
8783,2025-12-01,2025-12-02,WEAK,WEAK,-3.57,3,1.11,-3.66,0.37,-3.66,0.0,1,2
8783,2025-12-16,2025-12-17,WEAK,NORMAL,-7.42,5,-1.27,-4.7,2.14,-5.13,0.357,0,1
8783,2025-12-17,2025-12-18,NORMAL,NORMAL,-5.91,8,0.9,-6.22,0.0,-6.67,0.059,0,2
8783,2025-12-18,2025-12-19,NORMAL,NORMAL,-5.38,8,6.16,1.79,2.68,-1.79,0.067,1,3
8783,2026-02-06,2026-02-09,NORMAL,STRONG,-3.4,4,2.2,0.0,0.86,-1.72,0.5,0,5
8795,2025-10-17,2025-10-20,WEAK,STRONG,-3.09,3,1.7,1.08,1.08,-0.79,0.438,0,2
8798,2026-01-05,2026-01-06,NORMAL,STRONG,-9.76,3,-1.54,-3.14,1.96,-5.88,0.032,0,1
8802,2025-11-11,2025-11-12,NORMAL,STRONG,-5.46,3,1.44,1.11,2.28,-0.12,0.111,0,2
8803,2025-11-07,2025-11-10,NORMAL,STRONG,-3.75,2,0.4,2.32,2.36,-0.13,0.011,0,1
8804,2026-02-13,2026-02-16,WEAK,NORMAL,-4.69,2,1.07,-2.47,0.46,-2.64,0.069,0,1
8818,2025-10-17,2025-10-20,WEAK,STRONG,-3.02,2,3.11,-1.45,0.0,-2.52,0.094,0,1
8830,2025-12-29,2025-12-30,NORMAL,WEAK,-49.82,7,-0.68,-0.48,0.53,-0.81,0.432,0,2
8835,2026-02-12,2026-02-13,NORMAL,WEAK,-3.47,5,0.0,-1.69,0.0,-1.8,0.0,0,1
8835,2026-03-24,2026-03-25,STRONG,STRONG,-3.73,3,1.08,1.06,1.38,-0.96,0.292,0,1
8844,2025-11-10,2025-11-11,STRONG,NORMAL,-6.56,5,0.16,-0.73,0.0,-2.04,0.244,0,2
8844,2026-02-10,2026-02-12,STRONG,NORMAL,-4.33,3,1.15,0.33,1.79,-0.89,0.37,0,1
8848,2026-02-16,2026-02-17,NORMAL,NORMAL,-3.59,2,0.57,1.14,2.42,-0.43,0.65,0,2
8848,2026-03-10,2026-03-11,WEAK,NORMAL,-4.22,2,0.73,-1.02,0.15,-1.02,0.118,1,4
8850,2025-10-08,2025-10-09,NORMAL,NORMAL,-3.7,2,-0.31,0.62,1.04,-0.94,0.0,0,1
8860,2025-11-04,2025-11-05,NORMAL,WEAK,-4.02,3,-0.38,-0.64,0.26,-2.17,0.088,0,1
8864,2025-10-30,2025-10-31,NORMAL,NORMAL,-4.08,4,1.98,0.0,3.69,-3.01,0.068,0,3
8887,2025-10-20,2025-10-21,STRONG,NORMAL,-5.41,2,1.32,-1.74,0.0,-2.39,0.366,0,1
8887,2025-11-27,2025-11-28,NORMAL,NORMAL,-4.05,5,1.06,1.83,2.09,-0.26,0.273,0,4
8887,2025-12-01,2025-12-02,WEAK,WEAK,-4.36,5,-0.27,1.34,1.61,-0.54,0.167,0,1
8892,2026-02-02,2026-02-03,NORMAL,STRONG,-4.11,5,0.17,-0.35,0.87,-1.13,0.519,0,5
8904,2026-02-26,2026-02-27,NORMAL,STRONG,-3.76,6,0.0,1.9,1.9,0.0,0.0,0,1
8914,2025-10-30,2025-10-31,NORMAL,NORMAL,-50.84,8,1.24,-4.51,0.0,-6.01,0.342,0,3
8914,2025-10-31,2025-11-04,NORMAL,NORMAL,-3.33,9,0.0,0.59,1.97,-2.85,0.25,0,4
8914,2026-03-26,2026-03-27,WEAK,NORMAL,-3.58,4,-0.27,0.27,1.45,0.0,0.06,0,1
8917,2025-10-30,2025-10-31,NORMAL,NORMAL,-3.45,6,-0.45,-0.18,0.63,-0.99,0.0,0,2
8919,2025-10-16,2025-10-17,NORMAL,WEAK,-3.53,5,-1.26,1.52,1.79,-0.12,0.073,0,1
8919,2026-03-10,2026-03-11,WEAK,NORMAL,-5.36,2,1.29,0.48,1.92,-0.96,0.154,1,4
8920,2025-12-09,2025-12-10,NORMAL,NORMAL,-4.19,2,0.0,-1.85,0.53,-2.25,0.0,0,1
8923,2025-11-27,2025-11-28,NORMAL,NORMAL,-52.7,10,-0.18,0.36,0.97,-1.52,0.174,0,1
8927,2025-12-11,2025-12-12,WEAK,STRONG,-3.63,6,-0.94,-3.33,1.43,-3.8,0.0,0,1
8927,2025-12-12,2025-12-15,STRONG,NORMAL,-4.24,9,1.97,0.96,1.93,-0.72,0.091,0,2
8929,2025-12-08,2025-12-09,NORMAL,NORMAL,-3.96,8,-0.29,-1.81,1.05,-1.81,0.035,0,4
8929,2025-12-11,2025-12-12,WEAK,STRONG,-3.12,7,0.3,2.48,2.85,0.0,0.229,0,1
8929,2025-12-16,2025-12-17,WEAK,NORMAL,-5.85,7,-0.25,-2.86,0.19,-3.42,0.0,0,1
8929,2025-12-17,2025-12-18,NORMAL,NORMAL,-3.11,9,-1.09,-0.58,1.36,-1.49,0.155,0,2
8929,2025-12-22,2025-12-23,NORMAL,NORMAL,-5.53,10,1.7,1.61,3.28,-0.27,0.282,0,1
8929,2026-02-13,2026-02-16,WEAK,NORMAL,-5.75,5,0.94,1.22,3.24,-0.72,0.0,0,2
8934,2026-02-06,2026-02-09,NORMAL,STRONG,-3.22,5,2.1,-1.4,0.0,-1.44,0.452,0,2
8935,2025-11-06,2025-11-07,NORMAL,NORMAL,-3.72,4,0.28,-2.55,0.55,-3.3,0.116,0,4
8951,2026-01-21,2026-01-22,WEAK,STRONG,-3.16,3,0.97,-1.31,0.28,-1.31,0.0,0,3
8995,2025-10-21,2025-10-22,NORMAL,STRONG,-21.26,3,1.26,-1.16,17.33,-1.78,0.0,0,1
8995,2025-12-22,2025-12-23,NORMAL,NORMAL,-12.42,3,-6.67,2.71,30.95,-12.81,0.127,0,1
8995,2025-12-26,2025-12-29,NORMAL,NORMAL,-23.18,2,-2.41,-6.31,4.21,-10.2,0.0,0,2
8995,2026-01-15,2026-01-16,STRONG,NORMAL,-5.68,2,3.41,-8.22,1.55,-8.87,0.156,0,1
8995,2026-01-16,2026-01-19,NORMAL,NORMAL,-5.09,4,0.0,-1.83,0.85,-2.68,0.062,0,2
8995,2026-02-09,2026-02-10,STRONG,STRONG,-8.24,2,0.0,1.56,6.33,-0.23,0.095,0,2
9001,2025-10-08,2025-10-09,NORMAL,NORMAL,-3.32,5,0.02,-0.45,0.35,-0.74,0.0,0,2
9006,2026-02-13,2026-02-16,WEAK,NORMAL,-5.15,3,0.46,-0.1,0.29,-1.27,0.047,0,1
9009,2025-10-31,2025-11-04,NORMAL,NORMAL,-3.27,6,0.45,1.26,2.31,-0.24,0.055,0,3
9009,2025-11-14,2025-11-17,NORMAL,NORMAL,-3.89,4,-0.16,0.36,0.73,-0.81,0.058,0,1
9009,2026-02-02,2026-02-03,NORMAL,STRONG,-3.48,7,0.17,1.02,1.48,-0.42,0.009,0,1
9010,2025-11-06,2025-11-07,NORMAL,NORMAL,-12.09,7,2.25,2.46,2.46,-1.36,0.018,0,2
9010,2025-11-10,2025-11-11,STRONG,NORMAL,-4.08,4,-0.49,-1.71,0.49,-1.75,0.094,1,1
9010,2025-12-01,2025-12-02,WEAK,WEAK,-4.86,4,0.69,-0.89,0.1,-0.89,0.024,0,2
9022,2025-10-30,2025-10-31,NORMAL,NORMAL,-8.25,9,0.03,-0.74,1.4,-0.74,0.046,0,3
9022,2025-11-11,2025-11-12,NORMAL,STRONG,-4.07,2,1.21,0.5,1.2,-0.2,0.117,1,1
9022,2026-03-06,2026-03-10,NORMAL,WEAK,-5.37,3,0.37,0.05,0.81,-1.15,0.081,0,2
9024,2025-11-06,2025-11-07,NORMAL,NORMAL,-3.73,3,-0.13,-0.81,0.55,-1.72,0.291,0,1
9024,2025-12-11,2025-12-12,WEAK,STRONG,-3.28,2,0.62,0.26,0.38,-1.73,0.108,0,4
9024,2025-12-16,2025-12-17,WEAK,NORMAL,-3.25,4,-0.17,-1.2,0.44,-2.45,0.0,0,1
9024,2025-12-22,2025-12-23,NORMAL,NORMAL,-7.47,4,-0.14,-1.32,0.28,-1.57,0.023,0,1
9025,2025-12-01,2025-12-02,WEAK,WEAK,-3.29,2,0.0,-0.97,0.0,-1.62,0.05,0,2
9025,2026-03-06,2026-03-10,NORMAL,WEAK,-5.0,3,-2.01,-2.84,0.0,-2.84,0.5,1,6
9025,2026-03-10,2026-03-11,WEAK,NORMAL,-4.8,5,3.09,-1.58,0.0,-1.74,0.0,0,7
9028,2026-02-13,2026-02-16,WEAK,NORMAL,-15.45,7,1.63,2.63,3.65,0.0,0.0,0,1
9037,2025-10-31,2025-11-04,NORMAL,NORMAL,-3.1,3,0.07,-0.07,1.83,-0.59,0.219,0,1
9041,2026-02-16,2026-02-17,NORMAL,NORMAL,-3.61,2,0.37,1.07,1.13,-0.64,0.059,0,1
9042,2025-11-04,2025-11-05,NORMAL,WEAK,-3.58,5,0.8,-0.57,0.9,-0.57,0.0,0,5
9042,2026-03-06,2026-03-10,NORMAL,WEAK,-4.32,3,-0.85,-0.41,0.48,-0.86,0.0,0,3
9046,2025-10-30,2025-10-31,NORMAL,NORMAL,-5.3,6,0.0,-0.47,0.77,-0.64,0.0,0,3
9064,2025-10-31,2025-11-04,NORMAL,NORMAL,-3.37,3,-0.09,-2.0,0.0,-3.71,0.142,0,1
9064,2026-01-09,2026-01-13,NORMAL,NORMAL,-5.3,4,0.71,-0.12,1.37,-0.14,0.009,0,2
9064,2026-02-03,2026-02-04,STRONG,NORMAL,-7.49,8,-0.34,-0.64,0.37,-1.06,0.0,0,1
9064,2026-02-13,2026-02-16,WEAK,NORMAL,-4.19,6,1.67,-0.74,0.11,-0.98,0.078,0,1
9067,2025-11-07,2025-11-10,NORMAL,STRONG,-5.45,4,-0.32,9.0,9.0,-1.61,0.422,0,3
9069,2025-11-14,2025-11-17,NORMAL,NORMAL,-11.51,8,1.11,2.39,3.57,0.0,0.147,0,6
9075,2025-11-12,2025-11-13,STRONG,NORMAL,-4.18,4,0.0,0.95,0.95,-1.5,0.375,0,2
9082,2025-10-07,2025-10-08,NORMAL,NORMAL,-13.79,2,-1.57,-2.92,2.25,-5.17,0.412,0,3
9082,2025-10-31,2025-11-04,NORMAL,NORMAL,-3.63,3,7.92,-4.89,3.91,-10.7,0.033,0,1
9101,2025-11-06,2025-11-07,NORMAL,NORMAL,-3.69,4,0.53,1.84,1.86,-0.53,0.256,0,4
9101,2026-01-16,2026-01-19,NORMAL,NORMAL,-3.99,2,0.39,-0.31,0.64,-1.66,0.007,0,2
9104,2025-11-04,2025-11-05,NORMAL,WEAK,-4.93,4,-0.67,1.73,2.24,-0.14,0.05,0,1
9104,2026-01-16,2026-01-19,NORMAL,NORMAL,-5.01,3,0.36,0.44,1.03,-1.03,0.0,0,2
9107,2025-11-04,2025-11-05,NORMAL,WEAK,-3.82,2,-1.29,0.12,1.38,-1.14,0.0,0,2
9107,2026-01-16,2026-01-19,NORMAL,NORMAL,-5.17,2,0.27,0.32,0.95,-0.82,0.077,0,1
9110,2026-03-06,2026-03-10,NORMAL,WEAK,-4.83,2,-0.99,1.28,2.13,-1.14,0.3,0,2
9115,2025-10-31,2025-11-04,NORMAL,NORMAL,-10.7,4,-2.14,-3.5,1.02,-3.94,0.328,0,1
9115,2025-11-04,2025-11-05,NORMAL,WEAK,-5.56,4,0.15,-1.81,1.06,-1.81,0.088,0,2
9115,2025-12-01,2025-12-02,WEAK,WEAK,-4.46,4,0.15,-3.16,0.0,-3.46,0.189,0,1
9115,2025-12-02,2025-12-03,WEAK,WEAK,-3.01,4,-0.62,0.16,0.31,-1.88,0.087,0,2
9127,2026-03-24,2026-03-25,STRONG,STRONG,-14.62,6,0.55,0.68,2.45,-0.54,0.186,0,2
9130,2026-02-06,2026-02-09,NORMAL,STRONG,-4.98,3,1.24,-0.09,0.53,-2.54,0.229,0,2
9130,2026-03-06,2026-03-10,NORMAL,WEAK,-14.67,2,6.93,4.73,10.64,-4.02,0.082,0,1
9130,2026-03-16,2026-03-17,NORMAL,NORMAL,-9.66,3,-5.28,6.92,18.71,0.0,0.231,0,1
9143,2026-02-09,2026-02-10,STRONG,STRONG,-4.12,4,0.2,0.68,1.22,-0.61,0.5,0,1
9145,2025-11-14,2025-11-17,NORMAL,NORMAL,-5.25,3,-0.12,-4.72,0.0,-5.79,0.265,0,1
9145,2026-02-13,2026-02-16,WEAK,NORMAL,-5.64,7,-3.28,-6.91,0.61,-8.48,0.536,0,1
9145,2026-02-16,2026-02-17,NORMAL,NORMAL,-9.96,9,-1.56,0.79,2.78,-2.12,0.173,0,2
9147,2026-02-13,2026-02-16,WEAK,NORMAL,-3.28,3,-0.38,-1.76,0.77,-2.31,0.333,0,1
9158,2025-12-01,2025-12-02,WEAK,WEAK,-3.6,2,-0.21,-1.87,1.25,-3.12,0.174,0,3
9158,2026-01-05,2026-01-06,NORMAL,STRONG,-4.25,6,0.25,1.23,1.97,0.0,0.0,0,4
9158,2026-02-02,2026-02-03,NORMAL,STRONG,-4.25,4,6.91,4.15,5.07,-1.85,0.0,0,1
9158,2026-02-04,2026-02-05,NORMAL,NORMAL,-3.21,2,0.11,4.46,4.57,-0.91,0.237,0,1
9162,2026-02-16,2026-02-17,NORMAL,NORMAL,-12.0,8,2.27,-5.56,0.37,-8.89,0.147,0,1
9163,2025-12-15,2025-12-16,NORMAL,WEAK,-5.83,4,0.92,-0.05,0.36,-1.14,0.564,0,1
9166,2025-11-06,2025-11-07,NORMAL,NORMAL,-6.74,9,-1.51,3.82,3.82,-0.46,0.027,0,3
9166,2025-11-11,2025-11-12,NORMAL,STRONG,-3.62,8,-1.56,3.82,3.82,-0.95,0.167,0,2
9166,2025-12-16,2025-12-17,WEAK,NORMAL,-13.07,7,1.32,7.5,8.32,-1.31,0.017,0,2
9166,2026-02-02,2026-02-03,NORMAL,STRONG,-5.22,6,-1.26,3.03,3.67,-0.16,0.0,0,1
9166,2026-02-13,2026-02-16,WEAK,NORMAL,-4.21,3,1.46,-1.59,1.73,-1.59,0.095,0,1
9166,2026-02-19,2026-02-20,NORMAL,WEAK,-3.02,4,-2.96,-1.93,1.61,-2.41,0.276,0,5
9166,2026-02-20,2026-02-24,WEAK,NORMAL,-4.83,5,-0.16,-7.21,0.0,-7.38,0.12,0,6
9166,2026-02-24,2026-02-25,NORMAL,NORMAL,-7.36,6,2.3,-0.17,3.28,-0.86,0.022,0,7
9168,2025-10-23,2025-10-24,NORMAL,NORMAL,-3.02,4,1.93,-1.68,0.42,-2.21,0.288,0,2
9168,2025-11-04,2025-11-05,NORMAL,WEAK,-3.62,5,-0.23,1.18,1.18,-0.94,0.133,0,1
9168,2025-12-04,2025-12-05,NORMAL,WEAK,-3.84,3,0.48,-2.17,0.24,-2.41,0.195,0,5
9168,2026-01-15,2026-01-16,STRONG,NORMAL,-11.65,9,0.16,-3.25,0.16,-3.58,0.0,0,3
9168,2026-01-16,2026-01-19,NORMAL,NORMAL,-3.09,10,0.0,-1.01,0.67,-2.52,0.087,0,4
9168,2026-02-04,2026-02-05,NORMAL,NORMAL,-3.52,7,0.38,-0.38,0.38,-1.15,0.083,0,2
9201,2026-03-06,2026-03-10,NORMAL,WEAK,-4.36,4,-0.13,-0.99,0.18,-1.84,0.179,0,3
9204,2025-11-14,2025-11-17,NORMAL,NORMAL,-8.94,9,-0.25,-3.28,1.26,-3.79,0.049,0,3
9204,2025-12-01,2025-12-02,WEAK,WEAK,-3.39,8,0.54,0.81,2.42,0.0,0.067,0,1
9204,2026-02-09,2026-02-10,STRONG,STRONG,-6.67,7,1.37,2.98,3.79,-1.08,0.042,0,1
9211,2025-12-05,2025-12-08,WEAK,NORMAL,-3.34,5,0.83,-2.16,0.7,-3.11,0.117,0,1
9211,2025-12-11,2025-12-12,WEAK,STRONG,-4.63,5,0.21,-0.83,0.97,-1.87,0.094,0,5
9211,2025-12-16,2025-12-17,WEAK,NORMAL,-3.78,5,0.77,-0.21,1.88,-0.49,0.128,1,1
9211,2025-12-24,2025-12-25,NORMAL,NORMAL,-3.04,4,0.63,2.77,3.11,-0.69,0.044,1,1
9211,2026-02-04,2026-02-05,NORMAL,NORMAL,-6.69,2,-1.0,3.02,3.78,-2.02,0.217,0,1
9211,2026-02-13,2026-02-16,WEAK,NORMAL,-6.31,2,0.57,-4.94,0.0,-9.32,0.225,0,1
9211,2026-02-16,2026-02-17,NORMAL,NORMAL,-4.4,4,-2.17,-1.75,0.67,-3.3,0.47,0,2
9211,2026-02-17,2026-02-18,NORMAL,STRONG,-3.88,4,1.64,1.62,5.19,-0.67,0.39,0,3
9212,2026-03-13,2026-03-16,WEAK,NORMAL,-14.35,4,4.82,-4.84,4.12,-6.54,0.0,0,1
9213,2025-10-07,2025-10-08,NORMAL,NORMAL,-5.72,4,-3.91,0.51,3.16,0.0,0.221,0,5
9213,2025-10-08,2025-10-09,NORMAL,NORMAL,-3.42,4,1.42,-2.3,0.0,-3.6,0.0,0,6
9213,2025-12-04,2025-12-05,NORMAL,WEAK,-6.44,8,-0.26,-0.66,0.8,-1.59,0.208,0,3
9218,2025-12-29,2025-12-30,NORMAL,WEAK,-5.6,3,0.0,-0.73,0.61,-0.73,0.268,0,1
9218,2026-02-16,2026-02-17,NORMAL,NORMAL,-3.94,6,-0.13,-1.46,0.66,-1.46,0.1,0,2
9221,2025-11-21,2025-11-25,STRONG,NORMAL,-4.3,3,0.42,-2.53,0.93,-3.21,0.0,0,3
9221,2026-02-17,2026-02-18,NORMAL,STRONG,-6.16,6,0.89,-3.22,0.0,-5.05,0.055,0,4
9221,2026-02-24,2026-02-25,NORMAL,NORMAL,-4.71,7,0.0,0.31,1.02,-1.49,0.0,0,2
9223,2025-12-05,2025-12-08,WEAK,NORMAL,-6.28,9,1.53,4.53,5.47,0.0,0.082,0,5
9227,2025-10-02,2025-10-03,NORMAL,STRONG,-10.8,2,-0.3,4.59,6.07,-0.59,0.0,0,1
9227,2025-11-26,2025-11-27,STRONG,NORMAL,-3.66,2,-0.42,-1.27,1.13,-2.83,0.074,0,1
9227,2025-12-01,2025-12-02,WEAK,WEAK,-5.62,3,-0.89,0.15,1.8,-0.9,0.0,0,1
9227,2025-12-16,2025-12-17,WEAK,NORMAL,-4.15,3,-0.77,-3.12,0.47,-3.58,0.172,0,6
9227,2025-12-17,2025-12-18,NORMAL,NORMAL,-3.86,4,-0.8,0.65,1.62,-1.62,0.115,0,7
9227,2025-12-24,2025-12-25,NORMAL,NORMAL,-3.05,6,1.16,0.0,0.98,-1.64,0.038,0,1
9227,2025-12-30,2026-01-05,WEAK,NORMAL,-4.08,7,1.02,2.19,3.2,0.0,0.0,0,1
9227,2026-01-16,2026-01-19,NORMAL,NORMAL,-10.81,3,12.13,3.56,6.59,-4.44,0.203,0,1
9227,2026-02-17,2026-02-18,NORMAL,STRONG,-17.06,2,0.0,-1.78,4.23,-3.0,0.151,0,1
9227,2026-02-20,2026-02-24,WEAK,NORMAL,-7.66,2,-1.19,-1.7,6.0,-3.0,0.156,0,1
9227,2026-02-26,2026-02-27,NORMAL,STRONG,-4.73,3,0.84,2.51,2.88,-0.84,0.333,0,1
9227,2026-03-26,2026-03-27,WEAK,NORMAL,-4.42,2,-2.16,2.84,4.31,-1.26,0.186,0,1
9229,2025-10-08,2025-10-09,NORMAL,NORMAL,-5.49,6,0.66,0.33,1.32,-1.81,0.042,0,2
9229,2025-10-20,2025-10-21,STRONG,NORMAL,-3.7,6,0.17,0.7,2.09,-0.52,0.114,0,3
9229,2025-10-24,2025-10-27,NORMAL,STRONG,-4.63,3,1.73,-1.53,0.68,-2.39,0.042,0,1
9229,2025-10-30,2025-10-31,NORMAL,NORMAL,-3.09,9,2.0,-3.91,0.0,-4.5,0.174,0,3
9229,2025-11-19,2025-11-20,NORMAL,STRONG,-3.38,4,0.0,-1.53,1.09,-1.53,0.179,1,1
9229,2025-12-02,2025-12-03,WEAK,WEAK,-8.99,8,1.98,-4.12,0.0,-4.84,0.049,0,2
9229,2025-12-04,2025-12-05,NORMAL,WEAK,-4.55,8,-0.53,-0.27,1.6,-0.8,0.083,1,4
9229,2025-12-08,2025-12-09,NORMAL,NORMAL,-4.0,7,1.39,-3.56,0.55,-3.56,0.167,0,6
9229,2025-12-12,2025-12-15,STRONG,NORMAL,-5.41,6,-0.27,-1.37,0.0,-2.46,0.0,0,1
9229,2025-12-22,2025-12-23,NORMAL,NORMAL,-3.18,6,-0.6,1.8,3.9,0.0,0.333,0,1
9229,2026-02-06,2026-02-09,NORMAL,STRONG,-5.29,7,1.24,1.84,1.84,-1.23,0.25,0,1
9229,2026-02-12,2026-02-13,NORMAL,WEAK,-3.24,4,0.91,-7.55,0.3,-8.16,0.077,0,1
9229,2026-02-13,2026-02-16,WEAK,NORMAL,-6.71,7,-1.63,-3.65,0.0,-6.98,0.071,0,2
9229,2026-02-16,2026-02-17,NORMAL,NORMAL,-5.23,9,0.0,1.03,4.48,-1.03,0.476,0,3
9229,2026-02-19,2026-02-20,NORMAL,WEAK,-4.98,6,-1.75,-2.49,2.49,-4.63,0.286,0,1
9229,2026-02-20,2026-02-24,WEAK,NORMAL,-4.2,8,-1.09,-6.64,0.0,-6.64,0.3,0,2
9229,2026-02-24,2026-02-25,NORMAL,NORMAL,-7.66,7,1.19,1.17,3.52,-1.17,0.0,0,3
9235,2025-10-24,2025-10-27,NORMAL,STRONG,-5.2,2,0.46,1.73,3.46,-0.46,0.056,0,2
9235,2025-10-31,2025-11-04,NORMAL,NORMAL,-5.21,4,-0.95,-8.13,0.0,-8.33,0.0,0,1
9235,2025-11-04,2025-11-05,NORMAL,WEAK,-9.0,6,-3.12,1.94,3.76,-1.08,0.023,0,2
9235,2025-12-15,2025-12-16,NORMAL,WEAK,-4.42,10,0.0,-5.58,0.41,-6.12,0.304,0,7
9235,2025-12-17,2025-12-18,NORMAL,NORMAL,-7.06,10,6.2,-3.8,1.61,-7.15,0.032,0,9
9235,2025-12-19,2025-12-22,NORMAL,NORMAL,-3.19,8,1.57,-7.1,0.93,-7.1,0.121,1,1
9235,2025-12-25,2025-12-26,NORMAL,NORMAL,-7.13,5,0.15,4.72,7.23,-1.03,0.395,0,1
9235,2025-12-30,2026-01-05,WEAK,NORMAL,-4.91,4,0.15,-2.88,1.52,-3.33,0.244,1,2
9235,2026-01-29,2026-01-30,NORMAL,NORMAL,-7.1,3,-0.62,-3.61,0.63,-4.24,0.033,0,2
9235,2026-01-30,2026-02-02,NORMAL,NORMAL,-4.21,2,1.63,-1.76,0.96,-1.92,0.129,1,3
9235,2026-02-12,2026-02-13,NORMAL,WEAK,-3.45,2,-0.33,-1.96,0.16,-3.43,0.136,0,1
9235,2026-02-20,2026-02-24,WEAK,NORMAL,-5.5,2,0.17,-2.74,0.34,-2.91,0.034,0,1
9235,2026-03-16,2026-03-17,NORMAL,NORMAL,-6.19,5,3.66,-2.47,12.01,-3.18,0.4,0,4
9237,2025-12-15,2025-12-16,NORMAL,WEAK,-7.43,7,0.0,-4.86,0.0,-5.88,0.306,0,1
9238,2025-10-16,2025-10-17,NORMAL,WEAK,-12.17,7,0.33,-2.11,1.45,-2.25,0.031,0,3
9238,2026-02-26,2026-02-27,NORMAL,STRONG,-13.28,10,-1.38,1.26,1.96,0.0,0.39,0,3
9240,2026-03-16,2026-03-17,NORMAL,NORMAL,-10.55,5,1.05,-1.04,3.75,-1.46,0.281,0,2
9242,2025-11-06,2025-11-07,NORMAL,NORMAL,-6.77,3,6.64,-2.4,8.0,-6.23,0.102,0,1
9242,2025-11-12,2025-11-13,STRONG,NORMAL,-20.37,3,1.5,-1.73,0.31,-4.18,0.008,0,1
9242,2025-11-26,2025-11-27,STRONG,NORMAL,-7.06,4,-0.7,0.65,1.95,-2.5,0.029,0,1
9245,2025-12-19,2025-12-22,NORMAL,NORMAL,-3.53,7,-0.33,-5.63,0.04,-5.71,0.188,0,6
9245,2025-12-23,2025-12-24,NORMAL,NORMAL,-3.63,10,0.0,0.45,0.9,-1.26,0.576,0,8
9247,2026-02-13,2026-02-16,WEAK,NORMAL,-4.04,3,2.34,-0.8,0.63,-2.34,0.111,0,1
9251,2025-10-30,2025-10-31,NORMAL,NORMAL,-15.56,9,0.27,-2.14,1.61,-2.32,0.018,0,1
9252,2025-10-16,2025-10-17,NORMAL,WEAK,-7.46,6,0.53,-1.45,0.13,-6.57,0.117,0,1
9253,2025-10-08,2025-10-09,NORMAL,NORMAL,-6.82,6,-1.83,-4.22,1.24,-5.22,0.309,0,1
9253,2026-01-07,2026-01-08,NORMAL,NORMAL,-7.85,3,-1.6,0.13,1.38,-2.13,0.165,0,1
9254,2025-10-31,2025-11-04,NORMAL,NORMAL,-18.34,5,1.99,-1.42,1.05,-1.5,0.111,0,1
9259,2026-01-16,2026-01-19,NORMAL,NORMAL,-4.86,3,1.96,3.08,3.08,-1.41,0.71,0,1
9262,2025-12-12,2025-12-15,STRONG,NORMAL,-7.92,6,0.51,0.5,1.38,-2.64,0.228,0,1
9267,2025-10-31,2025-11-04,NORMAL,NORMAL,-5.0,3,-3.41,-2.12,0.61,-3.33,0.083,0,1
9267,2025-11-04,2025-11-05,NORMAL,WEAK,-5.46,2,-1.03,1.25,2.19,0.0,0.308,1,2
9267,2026-01-08,2026-01-09,NORMAL,NORMAL,-3.83,5,-0.65,-3.14,0.65,-3.25,0.0,0,5
9267,2026-01-09,2026-01-13,NORMAL,NORMAL,-3.76,6,-0.11,-1.23,0.22,-2.68,0.028,0,6
9270,2025-10-15,2025-10-16,STRONG,NORMAL,-5.97,4,0.56,-0.66,0.44,-1.99,0.0,0,5
9270,2025-12-26,2025-12-29,NORMAL,NORMAL,-7.59,3,0.09,-3.17,4.59,-4.5,0.029,0,1
9270,2026-02-13,2026-02-16,WEAK,NORMAL,-5.01,3,2.4,3.1,3.28,-0.64,0.162,0,2
9271,2025-11-04,2025-11-05,NORMAL,WEAK,-8.36,2,-0.97,-0.49,1.67,-5.39,0.213,1,1
9271,2025-11-06,2025-11-07,NORMAL,NORMAL,-3.45,2,0.0,0.0,1.43,-4.8,0.153,0,3
9271,2025-11-13,2025-11-14,NORMAL,NORMAL,-4.83,3,1.47,-7.11,3.0,-12.44,0.101,0,2
9271,2025-11-14,2025-11-17,NORMAL,NORMAL,-5.75,6,-2.39,-3.68,0.61,-7.6,0.345,0,3
9271,2025-11-19,2025-11-20,NORMAL,STRONG,-5.78,6,0.95,2.97,3.51,-3.91,0.061,0,6
9271,2026-02-18,2026-02-19,STRONG,NORMAL,-5.69,3,-0.17,-3.27,1.09,-3.95,0.491,0,1
9271,2026-02-20,2026-02-24,WEAK,NORMAL,-5.64,2,0.92,7.02,7.57,-1.28,0.075,0,3
9271,2026-03-16,2026-03-17,NORMAL,NORMAL,-3.2,3,2.92,-1.13,1.61,-1.42,0.228,0,5
9273,2026-02-16,2026-02-17,NORMAL,NORMAL,-3.1,2,0.0,-1.47,0.0,-1.97,0.059,0,4
9278,2026-02-20,2026-02-24,WEAK,NORMAL,-10.57,3,-1.01,5.27,8.45,-0.81,0.063,0,1
9279,2025-10-30,2025-10-31,NORMAL,NORMAL,-4.49,5,0.63,0.62,1.56,-1.87,0.0,0,3
9279,2025-11-04,2025-11-05,NORMAL,WEAK,-4.18,3,-0.65,1.3,4.07,-0.16,0.077,1,1
9279,2025-12-11,2025-12-12,WEAK,STRONG,-3.15,2,0.98,-0.32,1.29,-0.97,0.125,0,3
9301,2025-11-04,2025-11-05,NORMAL,WEAK,-4.02,5,0.61,0.46,1.53,-0.83,0.221,0,1
9302,2026-02-20,2026-02-24,WEAK,NORMAL,-3.86,2,-0.12,-0.32,0.2,-1.53,0.028,0,1
9305,2025-10-24,2025-10-27,NORMAL,STRONG,-3.36,4,0.12,1.31,2.05,-0.08,0.159,0,1
9305,2025-11-07,2025-11-10,NORMAL,STRONG,-4.47,5,0.12,1.64,3.52,0.0,0.554,0,1
9305,2025-12-11,2025-12-12,WEAK,STRONG,-6.52,6,3.32,0.91,1.94,-0.82,0.034,0,1
9305,2025-12-17,2025-12-18,NORMAL,NORMAL,-4.17,5,0.0,0.69,1.38,-0.04,0.137,0,2
9307,2025-10-17,2025-10-20,WEAK,STRONG,-3.24,3,7.28,-0.46,0.37,-5.5,0.58,0,1
9307,2025-10-21,2025-10-22,NORMAL,STRONG,-8.76,3,-0.4,-0.3,0.91,-1.42,0.055,0,1
9308,2025-11-12,2025-11-13,STRONG,NORMAL,-6.01,8,0.28,-2.22,1.11,-3.19,0.18,0,2
9308,2025-12-11,2025-12-12,WEAK,STRONG,-4.52,2,0.3,0.44,0.96,-0.74,0.34,0,2
9308,2025-12-16,2025-12-17,WEAK,NORMAL,-5.1,3,0.08,1.59,2.19,-0.08,0.0,0,1
9310,2025-11-11,2025-11-12,NORMAL,STRONG,-3.46,2,0.0,-0.09,0.92,-0.92,0.161,0,1
9324,2026-02-17,2026-02-18,NORMAL,STRONG,-5.24,3,0.12,1.85,3.87,0.0,0.102,0,1
9324,2026-03-10,2026-03-11,WEAK,NORMAL,-3.69,2,0.59,-0.17,1.38,-0.46,0.228,0,1
9325,2025-11-04,2025-11-05,NORMAL,WEAK,-11.07,6,-1.2,-1.49,1.31,-1.59,0.0,0,1
9326,2025-11-27,2025-11-28,NORMAL,NORMAL,-10.32,6,0.0,-0.23,0.45,-0.68,0.471,0,1
9327,2026-01-19,2026-01-20,NORMAL,WEAK,-11.19,3,5.69,-5.77,19.23,-8.46,0.093,0,1
9336,2026-02-10,2026-02-12,STRONG,NORMAL,-4.19,3,1.75,0.98,3.19,0.0,0.041,0,1
9336,2026-02-13,2026-02-16,WEAK,NORMAL,-6.45,4,0.26,-0.91,0.52,-1.69,0.0,1,1
9336,2026-03-10,2026-03-11,WEAK,NORMAL,-3.85,3,1.33,-1.32,1.58,-1.32,0.0,0,1
9337,2026-02-12,2026-02-13,NORMAL,WEAK,-5.57,6,-22.95,0.0,0.0,0.0,0.129,0,1
9337,2026-02-16,2026-02-17,NORMAL,NORMAL,-13.96,10,-0.79,-0.5,0.8,-3.29,0.5,0,3
9337,2026-02-20,2026-02-24,WEAK,NORMAL,-3.15,9,-1.28,-2.49,0.49,-2.49,0.048,0,7
9337,2026-02-24,2026-02-25,NORMAL,NORMAL,-3.74,8,1.5,-1.37,1.31,-1.37,0.0,0,8
9338,2025-11-13,2025-11-14,NORMAL,NORMAL,-7.18,4,-1.26,-1.7,1.62,-2.13,0.104,0,2
9338,2025-12-11,2025-12-12,WEAK,STRONG,-3.17,2,0.47,0.71,2.12,-0.47,0.0,0,5
9338,2025-12-19,2025-12-22,NORMAL,NORMAL,-4.37,5,-1.33,0.3,1.0,-1.49,0.0,0,1
9338,2025-12-24,2025-12-25,NORMAL,NORMAL,-3.3,7,0.8,-0.2,0.8,-1.1,0.0,0,1
9339,2025-12-29,2025-12-30,NORMAL,WEAK,-12.58,7,-0.96,-1.19,0.0,-1.56,0.22,0,1
9341,2025-10-16,2025-10-17,NORMAL,WEAK,-4.61,9,-0.69,-0.87,0.87,-1.74,0.194,0,7
9341,2026-02-13,2026-02-16,WEAK,NORMAL,-3.16,4,0.17,0.68,2.57,0.0,0.16,0,2
9343,2026-02-12,2026-02-13,NORMAL,WEAK,-4.71,7,-4.49,-2.98,1.57,-3.76,0.316,0,1
9343,2026-02-13,2026-02-16,WEAK,NORMAL,-7.34,9,-0.32,4.7,5.35,-0.97,0.147,0,2
9348,2025-10-16,2025-10-17,NORMAL,WEAK,-3.85,5,-1.8,0.41,0.41,-2.04,0.0,0,1
9348,2025-10-21,2025-10-22,NORMAL,STRONG,-4.07,7,-0.21,1.06,2.13,-1.06,0.0,0,4
9348,2025-12-01,2025-12-02,WEAK,WEAK,-3.69,2,0.0,-1.35,0.45,-1.35,0.0,0,1
9348,2025-12-16,2025-12-17,WEAK,NORMAL,-4.52,3,0.71,-2.35,0.47,-2.82,0.053,0,1
9348,2026-02-12,2026-02-13,NORMAL,WEAK,-11.86,2,-1.22,-3.01,0.88,-4.25,0.023,0,1
9353,2025-10-22,2025-10-23,STRONG,NORMAL,-15.38,3,-5.12,9.06,18.47,-0.66,0.229,0,1
9363,2025-10-17,2025-10-20,WEAK,STRONG,-8.79,3,12.85,1.71,3.8,-8.54,0.111,0,1
9363,2025-10-21,2025-10-22,NORMAL,STRONG,-6.16,3,-1.99,-2.03,0.81,-4.26,0.2,0,1
9367,2026-02-10,2026-02-12,STRONG,NORMAL,-6.9,3,2.06,-5.44,0.04,-8.87,0.172,0,1
9367,2026-02-12,2026-02-13,NORMAL,WEAK,-3.5,3,-0.21,-4.87,0.0,-4.96,0.385,0,2
9369,2025-10-07,2025-10-08,NORMAL,NORMAL,-3.98,7,-0.37,-0.26,1.49,-0.82,0.189,0,5
9369,2025-12-03,2025-12-04,WEAK,NORMAL,-4.29,4,0.52,-0.79,1.86,-0.99,0.058,0,3
9369,2026-03-06,2026-03-10,NORMAL,WEAK,-3.05,2,-2.72,-0.31,2.28,-0.71,0.211,0,3
9369,2026-03-10,2026-03-11,WEAK,NORMAL,-3.01,3,1.02,1.08,1.39,-0.3,0.136,0,4
9381,2026-02-26,2026-02-27,NORMAL,STRONG,-3.03,3,0.04,2.28,2.41,-0.09,0.043,0,2
9401,2026-02-06,2026-02-09,NORMAL,STRONG,-7.99,7,4.91,0.09,0.84,-1.59,0.085,0,1
9401,2026-02-17,2026-02-18,NORMAL,STRONG,-3.72,3,0.7,0.03,1.67,-0.63,0.1,1,2
9404,2026-02-04,2026-02-05,NORMAL,NORMAL,-3.22,4,1.93,-0.22,0.19,-1.21,0.365,0,1
9404,2026-02-06,2026-02-09,NORMAL,STRONG,-6.14,6,2.28,-0.79,0.2,-1.69,0.03,0,1
9404,2026-02-17,2026-02-18,NORMAL,STRONG,-3.19,4,0.9,-0.33,0.45,-0.77,0.087,0,1
9409,2026-02-20,2026-02-24,WEAK,NORMAL,-3.89,3,0.0,1.25,1.25,-0.93,0.0,0,6
9413,2026-02-17,2026-02-18,NORMAL,STRONG,-3.85,4,1.03,1.24,1.7,0.0,0.049,0,1
9416,2025-11-13,2025-11-14,NORMAL,NORMAL,-3.96,6,6.19,2.59,2.91,-0.97,0.179,0,1
9416,2026-02-16,2026-02-17,NORMAL,NORMAL,-4.87,4,0.65,0.08,1.21,-1.78,0.04,0,3
9418,2025-10-16,2025-10-17,NORMAL,WEAK,-4.14,3,0.05,1.82,1.82,0.0,0.0,0,1
9418,2025-10-24,2025-10-27,NORMAL,STRONG,-3.42,3,0.59,0.88,1.32,-0.05,0.05,0,1
9418,2025-12-08,2025-12-09,NORMAL,NORMAL,-3.0,5,0.0,-1.34,0.98,-2.89,0.114,0,2
9425,2025-10-06,2025-10-07,STRONG,NORMAL,-5.9,7,0.66,7.54,13.28,-0.82,0.088,0,1
9425,2025-10-17,2025-10-20,WEAK,STRONG,-8.61,5,1.75,2.4,2.4,-2.74,0.064,0,4
9425,2025-11-13,2025-11-14,NORMAL,NORMAL,-6.68,2,-3.25,-3.03,1.01,-5.04,0.038,0,1
9425,2025-11-14,2025-11-17,NORMAL,NORMAL,-6.18,3,0.17,-2.6,0.0,-5.19,0.333,0,2
9425,2025-11-20,2025-11-21,STRONG,STRONG,-3.98,5,-0.56,1.14,1.14,-3.6,0.264,0,6
9425,2025-12-04,2025-12-05,NORMAL,WEAK,-3.97,8,0.43,-4.98,0.22,-6.49,0.179,0,5
9425,2025-12-05,2025-12-08,WEAK,NORMAL,-4.57,8,2.51,1.33,2.22,-3.33,0.226,0,6
9425,2025-12-16,2025-12-17,WEAK,NORMAL,-10.84,6,1.27,-1.25,0.5,-2.25,0.0,0,1
9425,2026-01-09,2026-01-13,NORMAL,NORMAL,-3.62,3,0.22,-5.73,0.0,-5.73,0.125,0,1
9425,2026-02-06,2026-02-09,NORMAL,STRONG,-3.21,3,0.0,-1.02,0.26,-2.04,0.552,0,1
9433,2026-02-09,2026-02-10,STRONG,STRONG,-9.22,6,0.83,0.7,1.87,-0.82,0.062,0,1
9438,2026-02-09,2026-02-10,STRONG,STRONG,-5.12,6,0.44,5.09,7.85,0.0,0.067,0,2
9438,2026-02-13,2026-02-16,WEAK,NORMAL,-7.31,5,0.0,0.15,1.17,-1.02,0.064,0,1
9438,2026-02-24,2026-02-25,NORMAL,NORMAL,-4.28,4,0.0,0.15,1.04,-0.75,0.062,0,2
9449,2025-10-02,2025-10-03,NORMAL,STRONG,-3.61,6,0.91,1.08,1.26,-0.12,0.0,0,5
9449,2026-02-04,2026-02-05,NORMAL,NORMAL,-4.3,6,1.92,-2.2,0.62,-2.2,0.012,0,1
9449,2026-02-13,2026-02-16,WEAK,NORMAL,-14.09,10,0.38,-1.86,0.35,-3.06,0.015,0,2
9449,2026-02-20,2026-02-24,WEAK,NORMAL,-4.15,7,-1.71,-2.22,0.1,-3.37,0.135,0,1
9449,2026-02-24,2026-02-25,NORMAL,NORMAL,-3.89,7,0.87,-0.04,1.34,-0.9,0.33,0,2
9467,2025-11-04,2025-11-05,NORMAL,WEAK,-3.69,2,0.0,3.14,3.35,-1.91,0.35,0,1
9467,2025-11-14,2025-11-17,NORMAL,NORMAL,-8.04,7,1.47,-0.07,1.65,-2.0,0.088,0,1
9467,2026-02-06,2026-02-09,NORMAL,STRONG,-3.1,5,0.97,-0.21,0.34,-1.72,0.071,0,3
9467,2026-02-16,2026-02-17,NORMAL,NORMAL,-6.95,8,-1.06,-2.21,0.0,-2.9,0.435,0,3
9467,2026-02-17,2026-02-18,NORMAL,STRONG,-3.25,9,0.0,1.4,3.51,0.0,0.237,0,4
9467,2026-02-20,2026-02-24,WEAK,NORMAL,-3.33,7,-2.4,0.49,1.39,-1.23,0.25,0,2
9468,2025-11-07,2025-11-10,NORMAL,STRONG,-9.01,8,0.3,4.13,4.13,0.0,0.48,0,3
9468,2026-02-04,2026-02-05,NORMAL,NORMAL,-4.4,4,1.66,0.31,0.53,-1.57,0.132,0,2
9468,2026-02-13,2026-02-16,WEAK,NORMAL,-5.42,6,-0.96,2.09,3.04,-0.39,0.431,0,2
9468,2026-02-18,2026-02-19,STRONG,NORMAL,-5.25,7,-0.07,-0.96,0.81,-2.11,0.03,0,2
9470,2026-01-05,2026-01-06,NORMAL,STRONG,-3.13,2,0.83,1.46,1.56,-0.18,0.0,0,1
9474,2026-02-02,2026-02-03,NORMAL,STRONG,-3.24,6,0.2,-0.98,0.1,-1.18,0.28,0,1
9501,2025-11-20,2025-11-21,STRONG,STRONG,-3.92,2,0.01,-1.94,2.24,-5.29,0.468,0,3
9501,2025-11-25,2025-11-26,NORMAL,STRONG,-6.41,2,1.88,2.65,3.39,-0.71,0.345,0,5
9501,2025-12-01,2025-12-02,WEAK,WEAK,-9.71,4,-0.5,-6.2,0.63,-9.6,0.0,0,1
9501,2025-12-02,2025-12-03,WEAK,WEAK,-6.68,7,1.5,-2.76,1.19,-3.67,0.332,0,2
9501,2025-12-11,2025-12-12,WEAK,STRONG,-3.35,7,1.6,3.88,4.65,-0.35,0.147,0,1
9501,2025-12-16,2025-12-17,WEAK,NORMAL,-3.07,6,-0.49,-1.23,0.73,-3.12,0.033,1,2
9501,2026-03-10,2026-03-11,WEAK,NORMAL,-6.72,3,2.29,1.76,2.95,-0.2,0.13,0,1
9501,2026-03-16,2026-03-17,NORMAL,NORMAL,-4.76,3,1.54,-0.97,2.32,-1.55,0.371,1,2
9502,2026-01-06,2026-01-07,STRONG,NORMAL,-9.59,6,-0.88,1.55,2.61,-0.66,0.09,0,1
9504,2026-02-02,2026-02-03,NORMAL,STRONG,-6.65,7,0.03,1.56,1.98,-0.13,0.0,0,2
9505,2026-02-02,2026-02-03,NORMAL,STRONG,-3.3,2,0.32,0.76,0.76,-0.61,0.123,0,1
9506,2025-10-17,2025-10-20,WEAK,STRONG,-7.02,6,0.81,1.27,1.41,-1.13,0.146,0,1
9506,2026-03-10,2026-03-11,WEAK,NORMAL,-3.22,3,1.8,-0.04,0.88,-0.57,0.545,0,4
9508,2026-03-10,2026-03-11,WEAK,NORMAL,-3.39,3,1.97,0.68,1.45,-0.51,0.338,0,4
9509,2025-11-04,2025-11-05,NORMAL,WEAK,-6.05,5,-1.09,1.75,1.75,-2.22,0.099,0,2
9509,2025-11-27,2025-11-28,NORMAL,NORMAL,-4.49,2,0.29,0.33,4.07,-0.95,0.088,0,1
9509,2025-12-11,2025-12-12,WEAK,STRONG,-3.62,2,2.93,-0.57,0.05,-2.61,0.168,0,1
9509,2026-02-02,2026-02-03,NORMAL,STRONG,-4.58,6,-0.11,1.01,1.06,-0.53,0.04,0,1
9509,2026-03-06,2026-03-10,NORMAL,WEAK,-5.99,2,-2.31,0.72,1.64,-1.84,0.571,1,3
9511,2026-03-06,2026-03-10,NORMAL,WEAK,-3.12,3,-1.93,-1.41,0.0,-2.16,0.467,0,3
9511,2026-03-10,2026-03-11,WEAK,NORMAL,-3.31,4,1.52,0.0,0.75,-0.56,0.348,0,4
9513,2025-11-04,2025-11-05,NORMAL,WEAK,-3.92,3,-0.69,1.02,1.41,-1.45,0.119,0,2
9514,2025-11-07,2025-11-10,NORMAL,STRONG,-16.91,9,0.29,-0.88,0.59,-1.47,0.5,0,1
9514,2026-02-10,2026-02-12,STRONG,NORMAL,-5.84,5,-0.28,1.69,2.54,0.0,0.583,0,1
9514,2026-03-10,2026-03-11,WEAK,NORMAL,-3.16,4,1.19,0.88,1.47,-0.59,0.364,0,1
9517,2025-10-17,2025-10-20,WEAK,STRONG,-5.53,2,1.71,-0.7,0.42,-1.54,0.0,0,1
9517,2025-11-12,2025-11-13,STRONG,NORMAL,-3.17,3,-1.49,0.3,0.91,-1.66,0.103,0,1
9517,2025-11-14,2025-11-17,NORMAL,NORMAL,-3.17,5,1.25,-0.77,0.46,-1.69,0.0,0,3
9517,2025-12-01,2025-12-02,WEAK,WEAK,-3.62,2,0.47,-1.87,0.16,-2.02,0.0,0,2
9519,2025-10-06,2025-10-07,STRONG,NORMAL,-11.76,5,1.19,2.82,4.71,-1.06,0.614,0,1
9519,2025-11-13,2025-11-14,NORMAL,NORMAL,-3.44,4,-1.53,2.97,4.13,-0.39,0.0,0,2
9519,2025-12-01,2025-12-02,WEAK,WEAK,-3.16,3,0.0,-3.27,0.0,-3.27,0.036,0,1
9519,2025-12-02,2025-12-03,WEAK,WEAK,-3.27,4,-0.14,-2.57,0.68,-2.71,0.0,0,2
9519,2025-12-05,2025-12-08,WEAK,NORMAL,-3.81,5,0.0,0.14,1.42,-0.57,0.0,0,1
9519,2025-12-12,2025-12-15,STRONG,NORMAL,-3.39,7,-1.52,0.31,0.31,-2.94,0.16,0,4
9519,2025-12-16,2025-12-17,WEAK,NORMAL,-3.55,7,0.8,-0.63,0.0,-2.06,0.0,1,6
9531,2026-03-10,2026-03-11,WEAK,NORMAL,-4.72,2,2.01,0.79,1.51,-0.58,0.169,1,2
9532,2026-03-10,2026-03-11,WEAK,NORMAL,-8.08,3,2.93,0.41,1.42,-0.68,0.028,0,2
9533,2025-12-03,2025-12-04,WEAK,NORMAL,-3.03,2,0.37,1.25,1.94,0.0,0.138,0,1
9534,2025-12-05,2025-12-08,WEAK,NORMAL,-3.51,2,0.42,0.7,1.12,-0.84,0.107,0,1
9534,2026-02-18,2026-02-19,STRONG,NORMAL,-6.15,3,-0.12,4.1,4.57,-1.06,0.457,0,2
9551,2025-12-22,2025-12-23,NORMAL,NORMAL,-4.97,2,0.0,2.0,2.62,-0.62,0.049,0,1
9551,2026-01-29,2026-01-30,NORMAL,NORMAL,-3.2,4,-0.9,0.15,0.61,-1.36,0.361,0,2
9552,2025-10-08,2025-10-09,NORMAL,NORMAL,-5.72,7,0.61,-1.46,1.38,-2.5,0.075,0,2
9552,2025-11-25,2025-11-26,NORMAL,STRONG,-3.15,2,0.43,5.89,12.12,-0.17,0.594,0,1
9552,2025-12-05,2025-12-08,WEAK,NORMAL,-3.09,2,1.64,0.25,1.19,-1.7,0.079,1,2
9552,2025-12-11,2025-12-12,WEAK,STRONG,-3.35,2,0.0,-0.62,1.42,-2.31,0.159,0,3
9552,2026-02-06,2026-02-09,NORMAL,STRONG,-6.41,6,2.16,-1.38,0.0,-2.94,0.244,0,1
9552,2026-02-16,2026-02-17,NORMAL,NORMAL,-18.42,10,0.47,-9.55,0.47,-10.24,0.06,0,3
9552,2026-02-17,2026-02-18,NORMAL,STRONG,-9.12,10,0.26,-2.7,0.39,-4.11,0.065,0,4
9552,2026-02-24,2026-02-25,NORMAL,NORMAL,-3.45,8,-0.13,-0.66,1.06,-1.99,0.417,1,1
9552,2026-03-10,2026-03-11,WEAK,NORMAL,-5.01,7,-1.46,0.3,2.82,-1.19,0.464,1,1
9552,2026-03-13,2026-03-16,WEAK,NORMAL,-3.82,6,0.0,-0.16,1.59,-1.27,0.067,0,4
9552,2026-03-17,2026-03-18,NORMAL,STRONG,-3.82,6,1.49,-1.14,0.33,-4.72,0.062,0,6
9553,2025-10-06,2025-10-07,STRONG,NORMAL,-5.2,4,-0.84,1.49,3.62,-0.64,0.083,0,1
9553,2025-10-17,2025-10-20,WEAK,STRONG,-3.49,4,0.45,1.8,1.8,-1.8,0.0,0,1
9553,2025-10-21,2025-10-22,NORMAL,STRONG,-3.1,3,0.0,3.65,4.11,-0.23,0.176,0,1
9553,2026-02-04,2026-02-05,NORMAL,NORMAL,-3.81,2,-1.37,2.77,3.74,-1.25,0.0,0,3
9553,2026-02-06,2026-02-09,NORMAL,STRONG,-5.66,3,0.71,4.82,5.96,0.0,0.095,0,1
9554,2026-02-04,2026-02-05,NORMAL,NORMAL,-7.18,7,-2.61,-1.11,0.47,-4.21,0.053,0,1
9554,2026-02-05,2026-02-06,NORMAL,NORMAL,-3.69,8,-1.76,-5.74,0.22,-7.37,0.663,0,2
9554,2026-02-06,2026-02-09,NORMAL,STRONG,-7.4,9,0.0,-3.1,0.0,-3.33,0.214,0,3
9554,2026-02-09,2026-02-10,STRONG,STRONG,-3.1,8,2.02,-0.12,1.34,-2.97,0.069,0,4
9554,2026-02-12,2026-02-13,NORMAL,WEAK,-7.51,9,-0.82,-2.6,0.95,-4.12,0.2,0,1
9554,2026-02-13,2026-02-16,WEAK,NORMAL,-3.4,9,2.61,-7.43,0.0,-13.27,0.3,0,2
9554,2026-02-16,2026-02-17,NORMAL,NORMAL,-5.02,10,-1.1,-2.98,0.0,-5.13,0.44,0,3
9554,2026-02-17,2026-02-18,NORMAL,STRONG,-4.05,7,-2.14,0.73,2.99,-1.97,0.419,0,4
9554,2026-02-24,2026-02-25,NORMAL,NORMAL,-5.51,7,1.14,1.35,4.42,-1.8,0.087,1,1
9556,2025-10-17,2025-10-20,WEAK,STRONG,-5.43,3,4.52,3.97,3.97,-1.75,0.14,0,2
9556,2025-12-09,2025-12-10,NORMAL,NORMAL,-3.27,3,0.0,1.95,2.21,-0.52,0.152,0,1
9556,2025-12-11,2025-12-12,WEAK,STRONG,-4.09,3,1.6,5.24,9.57,-2.49,0.111,0,1
9556,2026-01-05,2026-01-06,NORMAL,STRONG,-5.99,5,-1.08,1.92,4.11,-0.41,0.191,0,2
9556,2026-01-14,2026-01-15,NORMAL,STRONG,-3.29,3,-0.41,1.09,1.23,-1.37,0.086,1,2
9556,2026-02-03,2026-02-04,STRONG,NORMAL,-5.19,4,-0.89,-2.99,0.15,-3.88,0.0,0,2
9556,2026-02-04,2026-02-05,NORMAL,NORMAL,-3.85,8,-0.62,3.25,5.11,-2.94,0.222,0,3
9556,2026-02-13,2026-02-16,WEAK,NORMAL,-5.23,4,-1.84,-1.56,0.94,-4.06,0.086,0,2
9556,2026-02-16,2026-02-17,NORMAL,NORMAL,-3.37,6,1.9,-0.16,0.0,-2.18,0.5,0,3
9556,2026-02-24,2026-02-25,NORMAL,NORMAL,-4.02,5,0.14,-0.4,2.19,-1.01,0.036,0,2
9556,2026-03-10,2026-03-11,WEAK,NORMAL,-4.55,5,-1.81,0.4,1.88,-2.06,0.667,0,1
9556,2026-03-13,2026-03-16,WEAK,NORMAL,-17.78,10,-5.17,-1.18,0.69,-3.59,0.063,0,4
9556,2026-03-16,2026-03-17,NORMAL,NORMAL,-6.29,10,0.0,-2.64,1.84,-3.83,0.563,0,5
9556,2026-03-26,2026-03-27,WEAK,NORMAL,-4.99,7,0.23,2.25,3.69,0.0,0.118,0,1
9557,2025-11-12,2025-11-13,STRONG,NORMAL,-14.57,9,0.0,0.0,1.34,-0.67,0.1,0,2
9557,2026-02-25,2026-02-26,NORMAL,NORMAL,-7.69,3,2.92,-0.81,0.4,-2.83,0.125,0,1
9560,2025-10-17,2025-10-20,WEAK,STRONG,-3.05,5,0.2,0.51,2.54,-0.3,0.143,0,2
9560,2026-01-15,2026-01-16,STRONG,NORMAL,-6.32,4,0.98,-2.26,0.0,-2.37,0.185,0,4
9560,2026-02-09,2026-02-10,STRONG,STRONG,-3.06,7,-0.49,1.71,3.41,0.0,0.087,0,7
9560,2026-02-13,2026-02-16,WEAK,NORMAL,-4.11,7,0.76,1.5,2.38,-0.5,0.086,0,2
9561,2025-10-02,2025-10-03,NORMAL,STRONG,-4.58,5,-1.92,1.96,3.33,-2.15,0.0,1,3
9561,2025-12-01,2025-12-02,WEAK,WEAK,-4.74,7,-0.45,0.45,1.82,-0.45,0.0,0,1
9564,2025-10-02,2025-10-03,NORMAL,STRONG,-3.81,3,-0.85,3.0,4.29,0.0,0.068,0,1
9564,2025-11-25,2025-11-26,NORMAL,STRONG,-4.52,3,0.15,3.05,3.05,0.0,0.031,0,1
9564,2026-02-12,2026-02-13,NORMAL,WEAK,-6.19,7,-4.95,-6.25,0.0,-6.25,0.157,0,1
9564,2026-02-13,2026-02-16,WEAK,NORMAL,-10.89,10,-7.41,2.0,3.4,-1.4,0.0,0,2
9564,2026-02-16,2026-02-17,NORMAL,NORMAL,-5.56,10,-1.96,4.0,5.0,-3.2,0.292,0,3
9564,2026-02-24,2026-02-25,NORMAL,NORMAL,-7.85,5,-1.85,-1.89,0.0,-3.21,0.022,0,1
9564,2026-02-25,2026-02-26,NORMAL,NORMAL,-3.7,6,-0.77,4.26,4.26,0.0,0.412,1,2
9601,2025-10-16,2025-10-17,NORMAL,WEAK,-6.36,3,0.46,-1.82,0.76,-2.43,0.279,0,1
9601,2025-12-22,2025-12-23,NORMAL,NORMAL,-3.28,7,-0.09,1.78,1.96,-0.18,0.176,0,2
9601,2026-02-26,2026-02-27,NORMAL,STRONG,-3.35,4,0.09,-1.51,0.27,-1.96,0.179,0,2
9602,2025-10-16,2025-10-17,NORMAL,WEAK,-5.1,4,-0.65,-4.63,0.21,-4.67,0.335,0,1
9602,2025-10-17,2025-10-20,WEAK,STRONG,-5.25,5,1.07,-0.18,2.11,-0.74,0.009,0,2
9602,2026-02-26,2026-02-27,NORMAL,STRONG,-79.99,10,0.03,0.71,0.71,-1.42,0.514,0,1
9603,2025-11-20,2025-11-21,STRONG,STRONG,-3.08,4,0.08,3.99,3.99,0.0,0.0,0,4
9603,2026-03-10,2026-03-11,WEAK,NORMAL,-3.91,6,0.88,-1.32,0.26,-1.84,0.129,0,1
9605,2026-02-16,2026-02-17,NORMAL,NORMAL,-3.14,2,0.0,0.18,1.44,0.0,0.053,0,3
9605,2026-02-24,2026-02-25,NORMAL,NORMAL,-5.19,6,0.78,2.71,3.68,-0.19,0.219,0,2
9610,2025-12-04,2025-12-05,NORMAL,WEAK,-26.4,3,-7.17,8.21,10.14,-6.28,0.0,0,1
9610,2026-01-19,2026-01-20,NORMAL,WEAK,-3.8,2,1.32,2.16,2.6,-3.03,0.182,1,1
9610,2026-01-21,2026-01-22,WEAK,STRONG,-5.08,2,1.79,-9.21,0.88,-10.09,0.056,0,1
9610,2026-01-22,2026-01-23,STRONG,NORMAL,-7.59,5,2.42,1.89,1.89,-5.66,0.08,0,2
9610,2026-02-09,2026-02-10,STRONG,STRONG,-3.01,2,-3.1,7.2,8.0,-1.6,0.469,0,1
9610,2026-02-16,2026-02-17,NORMAL,NORMAL,-14.06,3,2.8,-6.82,0.0,-7.73,0.375,0,1
9610,2026-02-17,2026-02-18,NORMAL,STRONG,-4.21,3,0.98,-0.48,0.48,-2.9,0.118,0,2
9612,2025-11-20,2025-11-21,STRONG,STRONG,-4.38,2,-2.38,3.23,4.44,-0.79,0.323,0,1
9612,2026-02-02,2026-02-03,NORMAL,STRONG,-3.4,4,0.06,2.84,3.69,0.0,0.103,0,2
9612,2026-02-16,2026-02-17,NORMAL,NORMAL,-9.58,7,0.18,5.29,5.53,-0.91,0.349,0,3
9616,2025-11-04,2025-11-05,NORMAL,WEAK,-4.56,5,-0.49,1.19,1.68,-1.12,0.0,0,1
9616,2026-02-10,2026-02-12,STRONG,NORMAL,-4.37,6,0.46,-0.27,0.04,-1.12,0.408,0,1
9627,2025-12-12,2025-12-15,STRONG,NORMAL,-5.01,4,2.4,0.64,1.65,-1.23,0.189,0,2
9627,2025-12-16,2025-12-17,WEAK,NORMAL,-3.61,3,0.95,-3.62,0.0,-3.67,0.089,1,1
9627,2026-02-20,2026-02-24,WEAK,NORMAL,-4.51,2,-0.06,-1.22,0.34,-1.98,0.0,0,1
9627,2026-03-06,2026-03-10,NORMAL,WEAK,-4.03,5,-1.16,-0.11,0.68,-1.33,0.711,0,3
9628,2025-11-04,2025-11-05,NORMAL,WEAK,-4.19,3,0.62,-0.62,0.28,-2.69,0.25,0,1
9628,2025-11-11,2025-11-12,NORMAL,STRONG,-4.54,4,0.21,0.56,1.4,-0.28,0.284,0,1
9663,2026-01-05,2026-01-06,NORMAL,STRONG,-3.87,2,0.48,-0.32,0.96,-0.32,0.0,1,1
9682,2025-11-06,2025-11-07,NORMAL,NORMAL,-9.68,7,-1.31,3.8,3.8,-0.44,0.658,0,2
9682,2026-02-04,2026-02-05,NORMAL,NORMAL,-4.74,5,1.08,-1.64,0.49,-2.05,0.155,0,1
9682,2026-02-13,2026-02-16,WEAK,NORMAL,-3.96,6,1.26,0.35,0.97,-0.53,0.017,1,2
9682,2026-02-20,2026-02-24,WEAK,NORMAL,-3.95,3,-0.8,-1.8,0.63,-2.25,0.143,1,1
9684,2025-12-10,2025-12-11,NORMAL,WEAK,-5.29,6,-1.43,-1.27,1.17,-2.12,0.09,0,2
9684,2026-02-02,2026-02-03,NORMAL,STRONG,-3.16,4,-0.04,0.5,0.5,-1.1,0.441,0,1
9684,2026-02-13,2026-02-16,WEAK,NORMAL,-5.87,3,1.3,-1.21,1.23,-1.71,0.0,0,2
9684,2026-02-24,2026-02-25,NORMAL,NORMAL,-3.02,2,-0.04,2.09,2.46,-0.25,0.014,0,2
9686,2025-10-31,2025-11-04,NORMAL,NORMAL,-8.26,3,1.36,0.32,1.47,-0.89,0.469,0,1
9687,2026-01-30,2026-02-02,NORMAL,NORMAL,-10.61,8,0.57,1.02,1.59,-1.7,0.207,0,2
9692,2026-02-04,2026-02-05,NORMAL,NORMAL,-3.99,8,0.58,-0.72,0.34,-1.2,0.089,0,8
9692,2026-02-06,2026-02-09,NORMAL,STRONG,-3.1,7,2.45,-2.34,0.05,-2.64,0.25,0,9
9692,2026-02-20,2026-02-24,WEAK,NORMAL,-3.88,4,-1.38,-1.45,0.47,-2.38,0.0,0,1
9692,2026-03-13,2026-03-16,WEAK,NORMAL,-3.52,2,0.5,0.35,1.99,-0.35,0.297,0,2
9697,2025-10-30,2025-10-31,NORMAL,NORMAL,-7.51,5,1.27,-0.42,2.81,-0.47,0.709,0,3
9697,2025-11-25,2025-11-26,NORMAL,STRONG,-3.99,3,-0.03,0.45,1.17,-0.53,0.07,0,1
9697,2025-12-12,2025-12-15,STRONG,NORMAL,-4.24,3,1.74,-2.09,0.71,-2.2,0.049,0,1
9697,2026-01-07,2026-01-08,NORMAL,NORMAL,-3.67,2,-0.08,0.22,1.06,-1.06,0.203,0,1
9697,2026-02-04,2026-02-05,NORMAL,NORMAL,-9.86,6,-1.57,-0.7,1.05,-1.11,0.016,0,3
9697,2026-02-13,2026-02-16,WEAK,NORMAL,-6.57,4,1.64,1.06,1.77,-1.03,0.014,0,2
9699,2025-11-11,2025-11-12,NORMAL,STRONG,-3.41,4,0.47,-0.7,0.7,-0.7,0.429,0,1
9699,2026-02-05,2026-02-06,NORMAL,NORMAL,-5.6,6,0.22,-1.34,0.11,-2.23,0.212,0,2
9702,2025-11-11,2025-11-12,NORMAL,STRONG,-6.18,6,-0.83,1.56,2.69,0.0,0.564,0,1
9706,2025-12-09,2025-12-10,NORMAL,NORMAL,-6.38,6,-1.09,0.1,0.84,-0.72,0.218,0,1
9709,2025-10-31,2025-11-04,NORMAL,NORMAL,-3.92,4,0.0,-2.16,0.0,-2.58,0.36,0,1
9709,2026-01-30,2026-02-02,NORMAL,NORMAL,-7.14,7,-0.13,3.88,5.31,-0.71,0.317,0,3
9716,2026-03-10,2026-03-11,WEAK,NORMAL,-3.66,2,0.51,0.29,1.38,-0.07,0.08,0,1
9722,2025-12-29,2025-12-30,NORMAL,WEAK,-80.51,10,1.24,0.92,1.3,-0.76,0.202,0,1
9722,2026-01-30,2026-02-02,NORMAL,NORMAL,-4.16,6,0.12,-3.69,1.28,-3.97,0.34,0,5
9722,2026-02-02,2026-02-03,NORMAL,STRONG,-3.58,7,0.25,-2.08,0.0,-5.32,0.053,0,6
9722,2026-02-12,2026-02-13,NORMAL,WEAK,-14.75,6,0.63,-1.22,2.31,-2.98,0.413,0,1
9726,2026-02-10,2026-02-12,STRONG,NORMAL,-4.63,4,0.29,-0.92,0.75,-3.22,0.249,0,1
9739,2026-02-13,2026-02-16,WEAK,NORMAL,-3.59,4,-0.13,0.63,0.96,-0.5,0.038,0,1
9740,2025-12-09,2025-12-10,NORMAL,NORMAL,-6.79,2,2.01,3.64,5.84,0.0,0.126,0,1
9742,2026-03-24,2026-03-25,STRONG,STRONG,-10.94,6,0.05,6.87,6.98,0.0,0.107,0,2
9743,2026-01-29,2026-01-30,NORMAL,NORMAL,-3.24,4,-0.07,0.46,0.79,-0.46,0.75,0,2
9746,2026-02-13,2026-02-16,WEAK,NORMAL,-3.12,3,3.22,-1.68,2.28,-2.04,0.061,0,2
9746,2026-03-06,2026-03-10,NORMAL,WEAK,-3.03,5,-0.78,0.26,1.84,0.0,0.056,0,2
9753,2025-11-11,2025-11-12,NORMAL,STRONG,-9.63,6,-0.66,0.51,0.51,-0.37,0.442,0,1
9753,2026-02-06,2026-02-09,NORMAL,STRONG,-6.64,7,0.88,1.74,1.98,-0.79,0.33,0,1
9755,2025-11-11,2025-11-12,NORMAL,STRONG,-9.44,7,1.41,2.82,2.97,-0.56,0.102,0,1
9757,2025-11-11,2025-11-12,NORMAL,STRONG,-5.04,5,-0.04,1.9,2.82,0.0,0.098,0,1
9757,2025-12-05,2025-12-08,WEAK,NORMAL,-3.01,4,0.89,0.53,0.79,-0.13,0.037,0,1
9757,2025-12-29,2025-12-30,NORMAL,WEAK,-50.13,10,-0.77,-1.38,0.34,-1.38,0.333,0,1
9759,2026-02-04,2026-02-05,NORMAL,NORMAL,-5.51,7,1.43,-0.5,1.48,-0.75,0.0,0,2
9759,2026-02-13,2026-02-16,WEAK,NORMAL,-5.85,7,0.77,0.34,0.34,-0.9,0.0,0,2
9759,2026-02-24,2026-02-25,NORMAL,NORMAL,-3.17,7,0.36,0.4,1.12,-0.18,0.123,0,5
9765,2025-11-27,2025-11-28,NORMAL,NORMAL,-3.96,4,0.09,-0.46,0.82,-0.64,0.0,0,1
9766,2025-12-01,2025-12-02,WEAK,WEAK,-3.13,2,0.76,-0.26,1.89,-0.28,0.023,0,2
9766,2026-01-07,2026-01-08,NORMAL,NORMAL,-3.88,4,0.94,0.21,1.38,-0.36,0.209,0,2
9766,2026-01-21,2026-01-22,WEAK,STRONG,-3.29,2,-0.05,-1.47,0.6,-1.47,0.0,0,1
9766,2026-02-04,2026-02-05,NORMAL,NORMAL,-8.28,4,-0.98,-2.06,1.41,-2.45,0.0,0,3
9766,2026-02-05,2026-02-06,NORMAL,NORMAL,-3.02,5,-4.2,-0.69,2.05,-0.69,0.101,0,4
9766,2026-02-06,2026-02-09,NORMAL,STRONG,-4.87,4,9.62,-5.87,0.0,-5.87,0.0,0,5
9766,2026-02-13,2026-02-16,WEAK,NORMAL,-4.79,4,2.05,1.34,1.45,-1.63,0.047,0,2
9768,2025-11-05,2025-11-06,WEAK,NORMAL,-8.33,3,1.06,-0.9,0.0,-1.95,0.688,0,1
9768,2026-01-16,2026-01-19,NORMAL,NORMAL,-5.77,2,1.62,-1.93,0.0,-3.07,0.217,0,3
9790,2025-11-14,2025-11-17,NORMAL,NORMAL,-3.52,5,0.2,0.27,1.27,-0.2,0.4,0,1
9793,2025-10-03,2025-10-06,STRONG,STRONG,-3.56,7,0.0,0.31,1.08,-0.46,0.111,0,1
9793,2026-01-08,2026-01-09,NORMAL,NORMAL,-3.18,4,0.15,2.09,2.69,0.0,0.6,0,1
9799,2026-02-16,2026-02-17,NORMAL,NORMAL,-4.16,8,0.0,0.65,0.65,-1.11,0.021,0,4
9816,2025-11-25,2025-11-26,NORMAL,STRONG,-4.03,3,2.4,-3.23,1.17,-7.62,0.512,0,1
9823,2025-11-14,2025-11-17,NORMAL,NORMAL,-16.04,7,4.55,4.42,5.0,-0.07,0.03,0,1
9823,2026-01-07,2026-01-08,NORMAL,NORMAL,-3.14,2,-0.62,-2.08,0.28,-2.08,0.234,0,6
9823,2026-03-16,2026-03-17,NORMAL,NORMAL,-3.33,2,0.72,-0.07,1.42,-0.36,0.014,0,7
9827,2025-12-29,2025-12-30,NORMAL,WEAK,-8.09,6,0.9,-2.07,0.44,-2.37,0.286,0,1
9830,2026-01-07,2026-01-08,NORMAL,NORMAL,-3.45,2,-0.41,0.38,1.79,-0.12,0.0,0,1
9830,2026-02-13,2026-02-16,WEAK,NORMAL,-10.96,4,0.91,-4.54,0.65,-5.2,0.062,0,1
9830,2026-02-16,2026-02-17,NORMAL,NORMAL,-3.68,4,2.14,-0.46,1.51,-0.92,0.112,0,2
9842,2026-02-26,2026-02-27,NORMAL,STRONG,-3.54,3,0.0,-0.36,0.31,-1.38,0.073,0,2
9843,2026-01-13,2026-01-14,NORMAL,NORMAL,-4.73,5,-0.1,-0.45,0.31,-1.3,0.0,0,1
9845,2025-12-29,2025-12-30,NORMAL,WEAK,-3.52,3,-0.26,3.86,5.82,-0.92,0.372,0,2
9854,2026-02-12,2026-02-13,NORMAL,WEAK,-9.84,4,3.18,-6.17,0.0,-7.93,0.0,0,1
9854,2026-02-13,2026-02-16,WEAK,NORMAL,-3.18,3,0.47,1.4,1.87,-1.4,0.222,0,2
9856,2026-02-13,2026-02-16,WEAK,NORMAL,-3.58,3,1.42,-0.47,0.0,-1.4,0.0,0,1
9869,2025-11-11,2025-11-12,NORMAL,STRONG,-3.01,4,-0.86,2.09,2.96,-0.52,0.357,0,2
9872,2025-11-19,2025-11-20,NORMAL,STRONG,-4.4,5,-1.15,-0.35,1.05,-0.7,0.4,0,5
9878,2025-12-09,2025-12-10,NORMAL,NORMAL,-10.09,4,-5.26,-3.33,4.63,-3.33,0.253,0,1
9878,2025-12-10,2025-12-11,NORMAL,WEAK,-8.42,6,0.96,-7.59,0.0,-10.82,0.0,0,2
9878,2025-12-11,2025-12-12,WEAK,STRONG,-6.7,7,0.21,-3.28,0.0,-4.3,0.298,1,3
9882,2025-11-04,2025-11-05,NORMAL,WEAK,-6.37,5,0.34,1.1,1.44,-0.68,0.295,0,2
9882,2026-02-02,2026-02-03,NORMAL,STRONG,-4.21,3,0.06,0.56,1.3,-0.74,0.236,0,1
9885,2026-01-30,2026-02-02,NORMAL,NORMAL,-3.62,7,0.29,3.75,3.75,0.0,0.467,0,2
9887,2026-02-17,2026-02-18,NORMAL,STRONG,-8.31,6,0.0,-2.75,0.81,-2.75,0.057,0,2
9889,2026-01-29,2026-01-30,NORMAL,NORMAL,-3.42,4,1.67,-2.24,1.64,-4.74,0.117,0,4
9889,2026-02-04,2026-02-05,NORMAL,NORMAL,-6.24,7,-2.1,-0.5,0.21,-2.22,0.0,0,1
9889,2026-02-13,2026-02-16,WEAK,NORMAL,-7.36,7,0.68,1.73,3.08,-0.45,0.06,0,2
9889,2026-02-24,2026-02-25,NORMAL,NORMAL,-5.96,6,-0.24,1.27,1.98,-1.83,0.127,0,3
9896,2025-11-10,2025-11-11,STRONG,NORMAL,-3.72,4,1.65,-1.46,0.73,-2.02,0.051,0,2
9900,2026-02-13,2026-02-16,WEAK,NORMAL,-3.87,2,0.15,-0.05,0.36,-0.93,0.13,0,2
9902,2025-11-06,2025-11-07,NORMAL,NORMAL,-3.65,7,-0.21,2.4,2.45,-0.08,0.092,0,2
9902,2026-02-13,2026-02-16,WEAK,NORMAL,-3.93,4,0.08,1.17,2.71,-0.16,0.039,0,1
9906,2025-11-07,2025-11-10,NORMAL,STRONG,-4.63,3,-0.27,-2.16,0.0,-2.16,0.551,0,1
9928,2026-02-06,2026-02-09,NORMAL,STRONG,-4.31,5,1.11,-1.49,0.0,-3.14,0.108,0,3
9928,2026-02-13,2026-02-16,WEAK,NORMAL,-5.11,7,0.58,1.34,1.4,-0.47,0.098,0,2
9932,2025-12-01,2025-12-02,WEAK,WEAK,-3.26,5,0.07,-0.96,1.38,-0.96,0.035,1,1
9934,2025-11-27,2025-11-28,NORMAL,NORMAL,-49.02,8,0.02,1.95,2.08,-0.16,0.0,0,1
9936,2025-11-04,2025-11-05,NORMAL,WEAK,-8.61,9,0.65,0.65,1.77,-0.65,0.071,0,1
9946,2026-01-08,2026-01-09,NORMAL,NORMAL,-4.77,3,-0.72,4.08,4.13,-0.44,0.036,0,1
9946,2026-02-26,2026-02-27,NORMAL,STRONG,-3.47,6,-0.05,-2.77,0.0,-3.28,0.0,0,1
9948,2026-02-26,2026-02-27,NORMAL,STRONG,-4.49,2,-0.52,2.23,2.37,-0.92,0.0,0,1
9962,2025-11-04,2025-11-05,NORMAL,WEAK,-4.62,2,-0.02,-1.78,0.57,-3.33,0.19,0,1
9962,2026-03-10,2026-03-11,WEAK,NORMAL,-4.32,2,7.71,-2.61,0.19,-2.68,0.592,0,1
9982,2026-01-13,2026-01-14,NORMAL,NORMAL,-3.31,3,0.14,0.0,0.0,-0.69,0.244,0,1
9984,2025-10-22,2025-10-23,STRONG,NORMAL,-4.9,2,-5.49,0.87,3.79,-1.34,0.762,0,2
9984,2025-11-07,2025-11-10,NORMAL,STRONG,-6.87,2,2.3,0.25,1.01,-2.91,0.658,0,1
9984,2025-11-12,2025-11-13,STRONG,NORMAL,-3.46,2,-2.85,-0.54,1.1,-3.5,0.446,0,1
9984,2025-11-13,2025-11-14,NORMAL,NORMAL,-3.38,3,-8.81,2.46,7.43,-0.18,0.643,0,2
9984,2025-11-14,2025-11-17,NORMAL,NORMAL,-6.57,5,0.05,2.78,4.5,-0.76,0.024,0,3
9984,2025-11-21,2025-11-25,STRONG,NORMAL,-10.9,7,0.03,-9.97,0.32,-11.2,0.087,0,1
9984,2025-11-25,2025-11-26,NORMAL,STRONG,-9.95,8,1.62,3.96,6.23,-0.64,0.107,0,2
9984,2025-12-02,2025-12-03,WEAK,WEAK,-5.23,6,1.18,5.14,7.47,-0.28,0.059,0,3
9984,2025-12-08,2025-12-09,NORMAL,NORMAL,-3.27,2,1.13,-0.34,1.03,-2.41,0.202,0,1
9984,2025-12-11,2025-12-12,WEAK,STRONG,-7.69,2,3.69,0.2,3.05,-5.24,0.173,0,2
9984,2025-12-18,2025-12-19,NORMAL,NORMAL,-3.76,2,2.48,3.57,4.6,-0.97,0.221,0,1
9984,2025-12-29,2025-12-30,NORMAL,WEAK,-74.8,9,-1.81,-0.09,2.18,-1.63,0.675,0,1
9984,2026-01-08,2026-01-09,NORMAL,NORMAL,-7.59,8,0.0,-0.86,0.88,-2.21,0.0,0,2
9984,2026-01-14,2026-01-15,NORMAL,STRONG,-4.18,8,-2.61,-2.39,0.65,-3.28,0.307,0,1
9984,2026-01-15,2026-01-16,STRONG,NORMAL,-4.93,7,0.72,-1.72,1.3,-1.72,0.227,1,2
9984,2026-01-20,2026-01-21,WEAK,WEAK,-3.29,7,-3.01,3.75,5.35,-0.13,0.053,0,5
9984,2026-02-02,2026-02-03,NORMAL,STRONG,-3.83,5,3.18,1.9,2.3,-1.28,0.109,0,2
9984,2026-02-05,2026-02-06,NORMAL,NORMAL,-7.01,2,-1.0,3.25,4.13,-2.14,0.115,0,2
9984,2026-03-10,2026-03-11,WEAK,NORMAL,-7.49,5,4.49,2.45,5.14,-0.21,0.513,0,5
9984,2026-03-13,2026-03-16,WEAK,NORMAL,-4.54,5,-0.22,1.09,3.31,-0.73,0.126,0,2
9987,2026-02-12,2026-02-13,NORMAL,WEAK,-3.64,2,0.58,-1.99,0.63,-3.11,0.262,0,1
9989,2026-03-06,2026-03-10,NORMAL,WEAK,-3.63,3,0.58,0.65,0.87,-0.42,0.835,0,2
9990,2025-11-06,2025-11-07,NORMAL,NORMAL,-3.2,5,0.13,0.53,0.92,0.0,0.174,0,1
9997,2026-02-02,2026-02-03,NORMAL,STRONG,-3.19,5,0.85,0.11,0.21,-0.84,0.0,0,1
