scan_date,trade_date,code,score,ratio,scan_rise,prev_close,o,h,l,c
2025-04-03,2025-04-04,1663,2.26,1.98,1.33,2815.0,2731.0,2736.0,2591.0,2654.0
2025-04-07,2025-04-08,1663,1.9,1.86,0.21,2405.0,2505.0,2614.0,2500.0,2580.0
2026-07-01,2026-07-02,1663,2.65,1.81,-1.79,1866.0,1885.0,1905.0,1861.0,1871.0
2026-07-17,2026-07-21,1663,2.28,1.68,-1.38,1785.0,1820.0,1844.0,1805.0,1822.0
2026-04-07,2026-04-08,167A,1.67,1.48,-0.34,2675.0,2725.0,2754.0,2712.0,2753.0
2026-05-27,2026-05-28,1719,2.29,1.93,-2.01,1731.5,1741.5,1771.0,1735.0,1767.0
2026-05-18,2026-05-19,1786,2.6,1.49,-1.52,325.0,329.0,335.0,327.0,333.0
2025-04-07,2025-04-08,1802,2.74,1.65,2.35,1805.0,1852.0,1905.0,1852.0,1883.5
2025-04-09,2025-04-10,1811,2.35,1.58,-2.41,3235.0,3515.0,3515.0,3380.0,3485.0
2025-04-07,2025-04-08,1822,2.28,2.1,0.62,654.0,673.0,701.0,669.0,697.0
2026-03-31,2026-04-01,1826,1.5,1.46,-1.01,1080.0,1110.0,1111.0,1091.0,1094.0
2026-05-19,2026-05-20,1835,2.33,2.1,-2.07,4505.0,4460.0,4505.0,4305.0,4395.0
2026-06-02,2026-06-03,1835,1.75,1.4,-0.62,4025.0,4030.0,4030.0,3980.0,4030.0
2026-04-02,2026-04-03,1847,2.11,2.35,-0.04,2611.0,2711.0,2724.0,2675.0,2682.0
2026-01-30,2026-02-02,1850,1.81,2.18,-2.18,538.0,533.0,546.0,528.0,538.0
2026-06-01,2026-06-02,1852,1.54,1.42,-1.74,791.0,785.0,785.0,769.0,777.0
2025-10-03,2025-10-06,1861,2.19,2.18,-1.34,1255.0,1285.0,1315.0,1276.0,1304.0
2025-12-17,2025-12-18,186A,2.29,1.69,-2.31,592.0,582.0,587.0,575.0,584.0
2025-10-14,2025-10-15,1878,2.72,1.78,0.5,3045.0,3051.0,3058.0,3006.0,3018.0
2025-10-15,2025-10-16,1878,2.19,1.4,-1.08,3018.0,3010.0,3027.0,3000.0,3012.0
2025-10-17,2025-10-20,1878,1.5,1.55,-0.25,2989.0,3012.0,3037.0,2997.0,3037.0
2025-04-04,2025-04-07,1898,2.1,1.47,-1.59,1427.0,1322.0,1366.0,1298.0,1334.0
2026-04-02,2026-04-03,1909,1.66,1.9,-0.95,2605.0,2605.0,2689.0,2600.0,2617.0
2026-04-22,2026-04-23,1909,2.95,1.89,0.15,2595.0,2580.0,2623.0,2562.0,2614.0
2025-07-01,2025-07-02,1911,1.98,1.56,-1.07,1437.5,1465.0,1521.0,1448.0,1511.5
2026-03-12,2026-03-13,1911,2.76,1.4,-0.2,1460.5,1436.0,1477.5,1436.0,1462.5
2026-05-18,2026-05-19,1914,2.15,2.02,-1.62,669.0,666.0,683.0,666.0,671.0
2025-04-07,2025-04-08,1928,2.23,1.68,2.42,3003.0,3061.0,3140.0,3040.0,3122.0
2025-04-04,2025-04-07,1946,2.6,1.66,-1.67,885.0,825.0,846.0,796.0,833.0
2025-04-07,2025-04-08,1951,2.52,1.57,1.95,1540.5,1580.5,1599.0,1564.0,1577.5
2025-01-07,2025-01-08,1952,2.17,1.93,-0.69,2007.0,1995.0,2037.0,1994.0,2008.0
2025-01-15,2025-01-16,1952,2.94,1.52,-0.16,1853.0,1872.0,1879.0,1839.0,1840.0
2026-04-30,2026-05-01,195A,2.63,2.27,-1.85,689.0,700.0,700.0,673.0,700.0
2026-05-08,2026-05-11,1961,1.53,1.9,0.16,2517.0,2580.0,2625.0,2531.0,2608.0
2026-07-14,2026-07-15,1961,1.72,1.49,1.63,2550.0,2600.0,2651.0,2566.0,2628.0
2025-04-09,2025-04-10,1963,2.01,1.91,-0.94,996.0,1100.0,1100.0,1048.5,1061.5
2025-04-07,2025-04-08,1965,2.5,1.66,1.42,2078.0,2252.0,2379.0,2252.0,2376.0
2025-10-02,2025-10-03,1968,2.47,2.21,-1.74,2029.0,2013.0,2048.0,2007.0,2024.0
2025-10-08,2025-10-09,1968,2.15,2.51,0.48,2110.0,2126.0,2139.0,2110.0,2134.0
2025-10-02,2025-10-03,1972,1.99,1.85,1.25,1453.0,1462.0,1488.0,1459.0,1468.0
2025-04-07,2025-04-08,197A,2.89,1.92,4.78,438.0,465.0,477.0,465.0,475.0
2025-11-19,2025-11-20,197A,2.37,2.43,-0.61,491.0,492.0,496.0,489.0,490.0
2026-04-10,2026-04-13,1982,2.67,1.46,-1.91,3080.0,3095.0,3145.0,3020.0,3040.0
2025-10-31,2025-11-04,198A,2.81,2.67,-1.73,284.0,276.0,276.0,256.0,257.0
2025-11-26,2025-11-27,198A,2.78,1.41,-1.48,200.0,198.0,198.0,189.0,195.0
2026-01-05,2026-01-06,2009,1.73,2.07,-2.27,1035.0,1038.0,1053.0,1038.0,1048.0
2025-01-21,2025-01-22,205A,1.81,1.87,-2.35,1161.0,1178.0,1212.0,1166.0,1186.0
2026-02-24,2026-02-25,2124,2.11,2.55,-2.41,849.0,850.0,869.0,850.0,862.0
2025-04-09,2025-04-10,2146,1.56,1.52,-1.25,1659.0,1859.0,1870.0,1799.0,1845.0
2025-04-07,2025-04-08,2148,2.12,1.45,0.23,1303.0,1333.0,1416.0,1333.0,1396.0
2025-04-09,2025-04-10,2154,2.14,2.13,1.69,1626.0,1772.0,1772.0,1703.0,1743.0
2025-12-22,2025-12-23,215A,2.35,1.53,0.16,1283.0,1284.0,1297.0,1251.0,1255.0
2025-03-07,2025-03-10,2160,1.99,1.4,-0.65,2451.0,2263.0,2405.0,2217.0,2289.0
2025-03-25,2025-03-26,2160,2.14,1.49,-1.82,2209.0,2209.0,2216.0,2143.0,2157.0
2026-08-03,2026-08-04,2163,1.87,2.0,-0.84,949.0,950.0,951.0,944.0,945.0
2025-10-02,2025-10-03,2181,2.19,1.51,-0.46,260.6,262.0,264.1,261.5,263.4
2026-02-17,2026-02-18,2181,2.18,1.68,-0.7,240.4,240.1,241.1,238.0,239.4
2026-06-18,2026-06-19,218A,2.13,1.57,3.93,899.0,869.0,880.0,836.0,840.0
2026-06-22,2026-06-23,2198,2.97,2.11,-2.35,665.0,665.0,680.0,665.0,678.0
2025-06-25,2025-06-26,2206,2.28,2.2,0.09,4470.0,4452.0,4520.0,4452.0,4500.0
2025-07-02,2025-07-03,2216,2.66,2.72,0.27,1504.0,1500.0,1535.0,1479.0,1485.0
2025-07-11,2025-07-14,2216,2.96,1.96,-1.96,1553.0,1548.0,1608.0,1530.0,1594.0
2026-02-17,2026-02-18,2216,2.17,1.48,-1.86,1372.0,1372.0,1380.0,1349.0,1373.0
2026-05-22,2026-05-26,2220,2.19,1.71,-0.96,1243.0,1222.0,1228.0,1212.0,1228.0
2026-05-27,2026-05-28,2220,2.5,1.9,-1.23,1200.0,1216.0,1229.0,1209.0,1226.0
2026-06-02,2026-06-03,2220,1.7,1.45,1.1,1193.0,1190.0,1209.0,1183.0,1209.0
2025-06-16,2025-06-17,2222,2.08,1.61,-1.16,2124.0,2110.5,2120.0,2090.5,2095.0
2025-06-20,2025-06-23,2222,2.43,2.13,-0.31,2065.5,2055.0,2064.5,2022.0,2064.5
2026-05-12,2026-05-13,2229,2.26,1.62,-2.25,2844.5,2865.0,2903.5,2852.0,2864.5
2026-07-03,2026-07-06,2264,1.51,2.2,-2.29,1300.5,1300.5,1312.0,1278.5,1298.5
2026-08-05,2026-08-06,2266,1.94,2.27,-0.87,1024.0,1032.0,1038.0,1027.0,1034.0
2025-02-04,2025-02-05,2292,1.88,1.7,-1.32,2388.0,2388.0,2413.0,2356.0,2365.0
2025-10-16,2025-10-17,2292,2.68,1.81,-0.82,2529.0,2525.0,2550.0,2525.0,2533.0
2026-06-02,2026-06-03,2292,2.41,1.64,-1.83,2577.0,2587.0,2602.0,2562.0,2602.0
2026-06-04,2026-06-05,2292,2.65,2.01,-0.04,2575.0,2586.0,2622.0,2575.0,2586.0
2026-04-22,2026-04-23,2305,1.55,2.17,-2.23,1838.0,1833.0,1840.0,1792.0,1792.0
2026-04-23,2026-04-24,2305,1.7,1.83,-2.24,1792.0,1792.0,1804.0,1782.0,1782.0
2026-01-16,2026-01-19,2326,2.57,1.98,-2.2,5790.0,5800.0,5870.0,5770.0,5800.0
2026-02-04,2026-02-05,2326,2.01,1.86,-1.92,5120.0,5120.0,5230.0,5090.0,5150.0
2025-04-07,2025-04-08,2327,2.53,1.83,1.6,3428.0,3525.0,3629.0,3516.0,3580.0
2026-02-13,2026-02-16,2327,1.68,1.62,-1.55,3623.0,3720.0,3727.0,3642.0,3665.0
2026-05-12,2026-05-13,2331,2.59,1.94,-2.13,1126.0,1150.0,1151.5,1121.5,1133.0
2026-05-14,2026-05-15,2331,2.8,2.15,-2.16,1108.5,1102.0,1111.5,1085.0,1094.0
2025-02-28,2025-03-03,2371,2.08,1.48,-2.23,2150.0,2174.5,2214.0,2144.5,2204.0
2026-02-02,2026-02-03,2371,2.17,1.63,-1.5,2099.0,2127.0,2135.0,2096.5,2109.5
2026-01-29,2026-01-30,2379,2.66,1.59,-0.59,2038.0,2038.0,2059.0,2029.0,2051.0
2026-04-17,2026-04-20,2379,1.99,1.67,-0.11,1805.0,1815.0,1841.0,1799.0,1835.0
2026-05-11,2026-05-12,2413,1.79,1.77,-0.66,1350.5,1310.0,1353.0,1297.0,1335.0
2025-04-07,2025-04-08,241A,2.77,2.18,1.92,903.0,918.0,987.0,910.0,963.0
2025-04-09,2025-04-10,2433,2.59,2.09,-1.66,982.4,1035.0,1043.0,1008.0,1038.0
2025-04-03,2025-04-04,2445,1.54,1.68,0.0,375.0,373.0,374.0,356.0,362.0
2025-10-10,2025-10-14,2461,1.71,1.48,-0.41,488.0,483.0,486.0,482.0,483.0
2025-10-14,2025-10-15,247A,1.72,1.93,-1.19,1747.0,1770.0,1817.0,1745.0,1763.0
2025-09-02,2025-09-03,2492,2.42,1.56,-1.87,367.0,367.0,371.0,363.0,368.0
2026-02-06,2026-02-09,2492,2.57,2.34,-0.78,382.0,390.0,405.0,382.0,397.0
2025-03-31,2025-04-01,2497,2.07,1.84,-1.87,736.0,745.0,745.0,733.0,737.0
2025-10-14,2025-10-15,2497,2.76,1.76,-1.89,520.0,525.0,534.0,525.0,529.0
2025-01-17,2025-01-20,2501,1.73,1.45,-0.43,6774.0,6790.0,6917.0,6722.0,6860.0
2026-01-09,2026-01-13,2501,1.59,2.47,-1.06,1487.0,1485.5,1524.0,1467.0,1503.0
2025-01-14,2025-01-15,2503,2.28,1.78,-1.57,1940.0,1959.5,1960.0,1938.0,1942.0
2025-02-18,2025-02-19,2585,1.66,1.83,-2.15,1730.0,1714.0,1759.0,1660.0,1697.0
2025-09-17,2025-09-18,2585,2.24,2.86,-0.44,2254.0,2274.0,2331.0,2258.0,2265.0
2025-03-07,2025-03-10,2590,1.54,2.01,-2.3,2639.0,2647.0,2663.0,2632.0,2656.0
2026-04-22,2026-04-23,2602,2.48,1.42,-1.96,1804.0,1800.0,1817.0,1794.0,1810.0
2026-05-12,2026-05-13,2602,1.51,1.52,-1.95,1758.0,1778.0,1786.0,1742.0,1748.0
2026-05-13,2026-05-14,2602,2.95,1.99,-1.69,1748.0,1767.0,1799.0,1760.0,1788.0
2026-07-02,2026-07-03,261A,2.52,2.08,-1.53,1930.0,1949.0,1984.0,1934.0,1964.0
2026-07-24,2026-07-27,262A,2.78,1.49,0.73,1795.0,1820.0,1861.0,1807.0,1855.0
2025-04-07,2025-04-08,2652,2.91,2.77,-1.08,275.0,291.0,315.0,291.0,312.0
2025-04-07,2025-04-08,265A,2.97,1.83,-1.64,599.0,635.0,685.0,635.0,670.0
2026-04-24,2026-04-27,2664,1.96,1.53,-0.46,2815.0,2815.0,2851.0,2803.0,2833.0
2026-03-04,2026-03-05,2678,1.71,1.72,-0.17,1196.0,1226.0,1239.0,1213.0,1221.0
2025-02-25,2025-02-26,2685,1.53,1.49,-0.63,2991.0,2997.0,3030.0,2972.0,2989.0
2026-06-18,2026-06-19,2702,2.56,1.91,-1.08,7330.0,7290.0,7360.0,7220.0,7240.0
2025-10-06,2025-10-07,2726,2.37,1.69,-0.3,2338.0,2336.0,2384.0,2323.0,2364.0
2025-10-10,2025-10-14,2726,2.25,2.28,0.79,2035.0,2001.0,2021.0,1953.0,1969.0
2025-12-03,2025-12-04,2735,2.12,2.76,-1.6,615.0,615.0,617.0,612.0,617.0
2026-04-30,2026-05-01,2742,2.02,2.12,-0.38,3935.0,3935.0,4020.0,3885.0,4015.0
2025-04-23,2025-04-24,274A,2.98,2.06,-1.6,2330.0,2323.0,2325.0,2282.0,2301.0
2025-04-07,2025-04-08,2751,2.49,1.97,-1.76,3340.0,3410.0,3480.0,3400.0,3440.0
2025-06-30,2025-07-01,2752,2.53,1.87,-2.09,1127.0,1127.0,1130.0,1118.0,1120.0
2025-10-07,2025-10-08,2753,1.77,1.79,-1.26,1410.0,1406.0,1423.0,1403.0,1406.0
2025-04-04,2025-04-07,2760,2.97,2.15,-2.43,2766.0,2400.0,2516.0,2326.0,2439.0
2025-11-05,2025-11-06,2767,2.89,2.1,-2.22,2024.0,2024.0,2045.0,1998.0,2018.0
2025-02-18,2025-02-19,2780,2.46,2.2,-1.44,3075.0,3115.0,3165.0,3090.0,3125.0
2025-11-18,2025-11-19,2780,2.83,1.59,-1.11,2672.0,2682.0,2717.0,2674.0,2681.0
2025-10-02,2025-10-03,278A,2.72,1.45,-1.94,3035.0,3045.0,3135.0,3040.0,3045.0
2025-01-15,2025-01-16,2791,2.3,2.66,1.5,8100.0,8400.0,8770.0,8360.0,8680.0
2026-03-12,2026-03-13,2791,2.39,1.92,-1.89,4935.0,4890.0,4950.0,4865.0,4870.0
2025-04-07,2025-04-08,2792,2.51,2.35,0.4,1515.0,1558.0,1597.0,1547.0,1579.0
2025-04-03,2025-04-04,2802,1.8,2.24,1.12,2901.5,2893.0,2935.5,2855.5,2904.0
2025-12-11,2025-12-12,2804,2.41,2.06,-1.75,1800.0,1810.0,1819.0,1806.0,1806.0
2025-10-02,2025-10-03,2809,1.96,1.88,-1.09,3887.0,3987.0,4170.0,3970.0,4090.0
2025-04-03,2025-04-04,281A,1.79,1.49,-0.41,736.0,712.0,730.0,677.0,696.0
2025-04-04,2025-04-07,281A,2.94,1.66,-2.25,696.0,626.0,632.0,596.0,596.0
2025-02-18,2025-02-19,2871,1.75,1.84,-0.27,3378.0,3425.0,3508.0,3416.0,3457.0
2025-03-31,2025-04-01,2871,2.94,1.69,0.03,1777.5,1787.0,1789.5,1761.0,1771.5
2025-04-02,2025-04-03,2874,2.61,2.18,-1.56,823.0,808.0,826.0,795.0,826.0
2025-04-07,2025-04-08,2874,2.92,2.34,1.05,768.0,789.0,819.0,781.0,814.0
2025-02-12,2025-02-13,2875,2.17,1.61,-1.51,8913.0,8904.0,8957.0,8792.0,8854.0
2025-04-07,2025-04-08,2875,2.3,1.82,1.16,8008.0,8308.0,8589.0,8290.0,8534.0
2025-04-03,2025-04-04,287A,1.86,1.94,0.67,906.0,888.0,894.0,819.0,852.0
2026-04-30,2026-05-01,2897,2.23,1.7,-1.68,2803.5,2797.5,2821.5,2776.0,2815.5
2025-04-07,2025-04-08,2908,2.54,1.92,0.27,1504.0,1522.0,1578.0,1522.0,1578.0
2025-12-15,2025-12-16,2929,1.96,1.82,-1.35,660.0,658.0,697.0,657.0,690.0
2026-06-12,2026-06-15,2929,2.95,1.59,-2.02,533.0,542.0,542.0,524.0,530.0
2026-06-16,2026-06-17,2929,2.3,1.63,-2.43,521.0,525.0,554.0,518.0,542.0
2026-03-04,2026-03-05,2931,2.04,1.52,-1.92,358.0,365.0,372.0,361.0,365.0
2025-05-20,2025-05-21,2933,2.38,2.11,-1.6,1045.0,1056.0,1056.0,1044.0,1045.0
2025-04-07,2025-04-08,2935,2.45,1.55,-1.4,844.0,874.0,911.0,874.0,911.0
2025-07-08,2025-07-09,2938,1.68,1.62,-1.64,1081.0,1086.0,1112.0,1086.0,1104.0
2026-01-29,2026-01-30,2980,1.85,1.56,1.07,2931.0,2927.0,2977.0,2881.0,2950.0
2026-01-29,2026-01-30,2983,2.09,2.04,3.82,1629.0,1640.0,1655.0,1580.0,1647.0
2025-10-14,2025-10-15,2986,2.4,1.65,-1.18,7510.0,7560.0,7700.0,7520.0,7660.0
2026-07-01,2026-07-02,2986,2.34,1.69,-1.69,2728.0,2728.0,2815.0,2717.0,2767.0
2026-03-23,2026-03-24,2991,2.04,2.01,-0.18,565.0,566.0,600.0,566.0,588.0
2025-10-30,2025-10-31,2998,1.94,1.42,1.33,991.0,979.0,1029.0,960.0,998.0
2025-04-07,2025-04-08,3002,2.48,1.98,2.48,2357.0,2440.0,2466.0,2419.0,2448.0
2025-04-07,2025-04-08,3031,2.44,1.86,-0.52,772.0,817.0,839.0,817.0,832.0
2026-06-23,2026-06-24,3031,2.9,1.92,-1.07,556.0,558.0,567.0,556.0,565.0
2026-04-01,2026-04-02,3038,2.4,1.77,-0.41,3400.0,3392.0,3407.0,3350.0,3381.0
2026-04-14,2026-04-15,3038,1.8,1.43,-2.4,3089.0,3090.0,3164.0,3088.0,3149.0
2025-10-10,2025-10-14,3046,2.55,1.71,-0.12,8480.0,8030.0,8060.0,7720.0,7820.0
2025-04-07,2025-04-08,3048,1.63,1.65,0.29,1399.0,1447.5,1486.5,1435.0,1478.0
2025-04-07,2025-04-08,3050,2.49,1.65,0.86,1291.0,1315.0,1326.0,1298.0,1323.0
2025-10-02,2025-10-03,3064,1.85,1.55,-1.37,2093.5,2098.0,2117.5,2070.0,2109.5
2025-10-17,2025-10-20,3086,2.75,2.59,-2.32,2291.5,2337.5,2344.0,2286.5,2299.0
2026-01-07,2026-01-08,3088,2.95,1.57,-0.41,2645.0,2670.0,2698.5,2649.5,2682.0
2026-01-14,2026-01-15,3088,1.7,1.62,-2.27,2587.5,2601.0,2637.0,2595.5,2627.0
2025-04-02,2025-04-03,3092,2.71,2.09,-1.29,1449.5,1397.0,1459.5,1384.5,1450.0
2025-04-11,2025-04-14,3092,1.9,1.93,2.04,1378.5,1384.0,1406.5,1384.0,1394.0
2026-05-07,2026-05-08,3092,2.62,1.96,-1.22,1012.5,1034.0,1050.0,1003.5,1029.0
2025-04-07,2025-04-08,3097,2.95,1.99,-0.33,3045.0,3135.0,3245.0,3125.0,3235.0
2025-04-04,2025-04-07,3099,2.74,1.94,-1.68,1842.0,1650.0,1804.0,1602.0,1730.0
2025-04-07,2025-04-08,3099,2.98,2.08,4.85,1730.0,1803.0,1893.0,1799.0,1848.0
2026-04-02,2026-04-03,3104,2.06,2.69,-1.74,3680.0,3660.0,3725.0,3580.0,3645.0
2025-04-07,2025-04-08,3106,1.58,1.48,3.0,4985.0,5060.0,5500.0,5060.0,5380.0
2025-04-09,2025-04-10,3106,2.04,2.45,-0.76,5240.0,5740.0,5760.0,5520.0,5700.0
2025-02-28,2025-03-03,3107,2.09,1.78,-0.62,2584.0,2594.0,2613.0,2573.0,2613.0
2025-04-07,2025-04-08,3116,2.53,1.78,1.63,1718.0,1767.5,1837.0,1761.0,1812.5
2025-04-07,2025-04-08,3132,2.17,1.53,0.28,1603.5,1658.0,1740.0,1658.0,1704.5
2025-11-04,2025-11-05,3134,2.66,2.49,-2.11,511.0,512.0,521.0,498.0,515.0
2026-08-04,2026-08-05,3139,2.86,2.19,-1.67,3245.0,3245.0,3245.0,3210.0,3235.0
2025-07-30,2025-07-31,3159,2.67,2.87,0.63,318.0,316.0,323.0,315.0,322.0
2026-05-01,2026-05-07,3161,2.74,3.08,2.27,632.0,640.0,664.0,639.0,648.0
2025-08-29,2025-09-01,3167,2.97,1.92,-0.85,1049.0,1045.0,1054.0,1042.0,1048.0
2025-03-26,2025-03-27,3175,2.33,2.15,-0.32,942.0,949.0,949.0,936.0,938.0
2025-03-28,2025-03-31,3175,2.68,2.09,0.78,900.0,900.0,906.0,899.0,900.0
2026-07-07,2026-07-08,3176,2.58,1.79,-1.83,805.0,806.0,821.0,804.0,816.0
2026-06-01,2026-06-02,3178,2.54,2.41,-1.68,1052.0,1052.0,1067.0,1052.0,1058.0
2026-01-29,2026-01-30,3180,2.22,2.22,0.07,1413.0,1427.0,1463.0,1411.0,1462.0
2025-04-07,2025-04-08,3186,2.91,2.07,-2.32,1348.0,1568.0,1568.0,1334.0,1375.0
2025-04-04,2025-04-07,3196,1.7,1.93,-2.03,2030.0,1940.0,1974.0,1888.0,1923.0
2026-04-24,2026-04-27,3197,1.7,1.52,-1.47,2986.5,2977.0,2997.0,2956.0,2986.0
2026-05-07,2026-05-08,3197,2.38,1.83,-0.1,3010.0,3025.0,3028.0,2974.5,2974.5
2025-02-21,2025-02-25,3221,1.69,1.49,-0.39,2776.0,2774.0,2843.0,2759.0,2839.0
2025-10-10,2025-10-14,3222,1.82,1.95,-1.25,869.0,865.0,882.0,863.0,880.0
2025-04-07,2025-04-08,3231,2.37,2.6,-1.29,797.8,814.4,849.3,813.4,834.9
2025-09-29,2025-09-30,3245,1.97,2.19,-0.08,1236.0,1232.0,1232.0,1182.0,1186.0
2026-06-02,2026-06-03,3252,2.3,1.54,-0.07,2849.0,2841.0,2883.0,2788.0,2857.0
2026-07-03,2026-07-06,325A,1.57,1.72,-1.46,1350.0,1367.0,1475.0,1342.0,1423.0
2025-01-08,2025-01-09,3288,2.85,1.56,-0.52,5214.0,5200.0,5241.0,5159.0,5195.0
2026-04-27,2026-04-28,3288,2.89,1.57,1.28,9267.0,9251.0,9412.0,9183.0,9339.0
2025-11-18,2025-11-19,3299,2.18,1.9,-1.54,1850.0,1860.0,1890.0,1842.0,1855.0
2026-05-19,2026-05-20,3299,2.05,1.99,-1.83,1820.0,1820.0,1820.0,1765.0,1780.0
2025-04-07,2025-04-08,3302,1.74,1.61,3.42,2268.0,2314.0,2373.0,2307.0,2339.0
2026-04-23,2026-04-24,3302,2.23,1.65,-0.95,2714.0,2749.0,2749.0,2691.0,2745.0
2025-10-14,2025-10-15,330A,2.37,1.63,-1.22,889.0,889.0,910.0,855.0,869.0
2026-05-19,2026-05-20,330A,2.26,2.14,-0.82,484.0,484.0,484.0,443.0,450.0
2025-08-29,2025-09-01,3349,1.91,1.6,-1.09,8894.0,8894.0,8987.0,8781.0,8814.0
2025-04-07,2025-04-08,3350,2.38,2.94,1.0,303.0,327.0,361.0,327.0,342.0
2025-04-09,2025-04-10,3350,2.37,2.52,-1.56,315.0,384.0,384.0,337.0,348.0
2026-02-25,2026-02-26,3350,2.53,1.55,1.36,299.0,319.0,332.0,313.0,331.0
2025-05-19,2025-05-20,3360,1.62,2.13,0.19,1857.0,1817.0,1823.0,1758.5,1769.0
2025-11-21,2025-11-25,336A,2.09,1.47,-0.9,770.0,775.0,793.0,731.0,731.0
2025-03-07,2025-03-10,3382,2.4,1.97,1.06,2092.0,2120.0,2166.5,2097.0,2120.0
2025-09-04,2025-09-05,3391,2.68,2.6,-1.0,2512.0,2500.0,2550.5,2500.0,2538.5
2025-10-29,2025-10-30,3397,2.79,1.52,-2.14,4349.0,4398.0,4433.0,4365.0,4418.0
2025-09-09,2025-09-10,3399,2.34,1.42,-0.5,3970.0,4010.0,4010.0,3880.0,3940.0
2026-03-04,2026-03-05,339A,2.7,1.71,-1.44,1296.0,1356.0,1393.0,1356.0,1368.0
2025-04-07,2025-04-08,3402,2.4,1.65,2.26,870.1,900.1,944.1,899.0,942.6
2025-04-04,2025-04-07,3405,2.69,1.46,-2.28,1652.0,1500.0,1529.0,1466.0,1506.5
2025-04-07,2025-04-08,3405,2.9,1.44,0.43,1506.5,1555.0,1611.5,1555.0,1604.5
2025-10-01,2025-10-02,3431,2.95,1.91,-2.29,1967.0,1967.0,1974.0,1949.0,1962.0
2025-04-03,2025-04-04,3436,2.14,1.74,1.85,972.2,927.2,937.5,858.5,887.9
2025-04-07,2025-04-08,3443,2.94,1.42,0.94,2462.0,2626.0,2710.0,2626.0,2700.0
2026-04-02,2026-04-03,3443,1.72,1.97,-1.56,1576.0,1576.0,1603.0,1574.0,1585.0
2026-04-13,2026-04-14,3443,2.62,2.15,0.97,1661.0,1687.0,1712.0,1668.0,1706.0
2025-01-14,2025-01-15,3445,2.31,2.16,-2.1,3035.0,3000.0,3015.0,2975.0,2992.0
2025-04-03,2025-04-04,3445,1.76,1.77,0.0,2599.0,2565.0,2574.0,2396.0,2446.0
2026-07-27,2026-07-28,3449,2.45,1.59,1.61,4720.0,4405.0,4420.0,4235.0,4250.0
2026-07-01,2026-07-02,3457,2.32,1.92,-1.69,930.0,942.0,946.0,937.0,941.0
2025-04-07,2025-04-08,3465,2.22,1.74,2.0,4090.0,4225.0,4360.0,4205.0,4305.0
2026-03-19,2026-03-23,3465,2.65,1.5,-1.52,6480.0,6270.0,6280.0,6100.0,6170.0
2025-07-16,2025-07-17,3469,1.76,1.48,-2.36,787.0,787.0,787.0,759.0,765.0
2026-03-09,2026-03-10,3479,2.55,1.4,-0.38,1859.0,1899.0,1929.0,1878.0,1914.0
2026-06-03,2026-06-04,3479,2.99,1.83,-2.42,1490.0,1478.0,1500.0,1457.0,1473.0
2025-04-03,2025-04-04,3486,1.63,1.97,3.39,1861.0,1799.0,1829.0,1672.0,1747.0
2026-05-14,2026-05-15,3486,2.07,1.47,-2.06,1811.0,1851.0,1862.0,1773.0,1781.0
2026-01-28,2026-01-29,3496,2.51,2.27,-1.29,4580.0,4580.0,4595.0,4475.0,4535.0
2026-01-29,2026-01-30,3496,2.46,1.49,-0.98,4535.0,4530.0,4540.0,4475.0,4520.0
2026-01-30,2026-02-02,3496,2.08,2.02,-0.22,4520.0,4450.0,4590.0,4350.0,4375.0
2025-09-24,2025-09-25,3529,2.36,3.09,-1.36,1015.0,1075.0,1111.0,1056.0,1106.0
2026-01-19,2026-01-20,3543,1.93,2.06,-0.21,2868.0,2880.0,2894.0,2865.0,2894.0
2026-09-02,2026-09-03,3548,2.63,3.01,-1.54,702.0,702.0,704.0,701.0,701.0
2025-04-08,2025-04-09,3549,2.84,2.49,-0.1,3005.0,2986.0,2998.5,2914.0,2951.0
2026-05-18,2026-05-19,3556,2.2,1.96,-2.02,775.0,748.0,778.0,748.0,769.0
2025-02-20,2025-02-21,3562,2.51,1.53,-0.36,1923.0,1919.0,1958.0,1916.0,1953.0
2025-09-01,2025-09-02,3562,2.04,1.85,-1.98,2075.0,2085.0,2093.0,2064.0,2082.0
2026-03-02,2026-03-03,3562,2.65,2.39,-2.26,1683.0,1681.0,1683.0,1641.0,1642.0
2026-03-03,2026-03-04,3562,1.64,1.66,-2.32,1642.0,1602.0,1604.0,1564.0,1576.0
2026-03-04,2026-03-05,3562,1.65,2.41,-1.62,1576.0,1591.0,1637.0,1591.0,1628.0
2026-06-02,2026-06-03,3562,1.93,1.87,-0.34,1453.0,1457.0,1470.0,1431.0,1459.0
2026-07-01,2026-07-02,3563,1.85,1.8,-1.65,4778.0,4918.0,4928.0,4707.0,4728.0
2025-04-07,2025-04-08,3569,2.89,1.59,1.68,2059.0,2142.0,2192.0,2133.0,2151.0
2025-04-07,2025-04-08,3591,2.63,1.51,1.83,4773.0,4867.0,4972.0,4840.0,4879.0
2025-11-10,2025-11-11,3591,2.08,1.58,-2.44,5034.0,5064.0,5101.0,5013.0,5050.0
2025-10-01,2025-10-02,3612,2.81,1.64,-1.67,2763.0,2765.0,2775.0,2698.0,2698.0
2025-10-02,2025-10-03,3612,2.67,1.47,-2.42,2698.0,2710.0,2744.0,2702.0,2729.0
2025-11-19,2025-11-20,3625,1.61,1.94,-0.78,635.0,631.0,644.0,630.0,635.0
2025-01-16,2025-01-17,3626,1.82,1.59,-0.87,3420.0,3428.0,3459.0,3389.0,3410.0
2026-01-29,2026-01-30,3626,2.26,1.61,-1.62,4500.0,4524.0,4549.0,4465.0,4498.0
2026-01-30,2026-02-02,3626,2.85,1.64,-0.57,4498.0,4519.0,4519.0,4368.0,4368.0
2025-10-14,2025-10-15,3632,2.08,1.62,-0.97,410.0,413.0,414.0,409.0,410.0
2026-05-14,2026-05-15,3649,2.13,1.91,-2.44,760.0,790.0,793.0,767.0,774.0
2025-04-07,2025-04-08,3660,2.98,2.12,2.42,381.0,404.0,427.0,404.0,427.0
2026-05-13,2026-05-14,3660,2.0,1.95,-1.71,403.0,401.0,407.0,385.0,386.0
2026-01-15,2026-01-16,3661,2.56,1.66,-0.47,850.0,846.0,848.0,823.0,846.0
2026-02-25,2026-02-26,3661,2.5,2.15,0.0,657.0,670.0,694.0,670.0,683.0
2025-09-30,2025-10-01,3668,2.97,2.0,-1.44,480.0,480.0,481.0,461.0,466.0
2026-05-12,2026-05-13,3668,1.86,1.81,-1.33,370.0,376.0,379.0,370.0,377.0
2026-02-12,2026-02-13,366A,1.64,1.97,-1.6,985.0,986.0,1001.0,970.0,977.0
2026-02-13,2026-02-16,366A,1.91,1.83,-0.91,977.0,970.0,1011.0,970.0,1002.0
2026-02-06,2026-02-09,3673,2.21,2.14,-0.34,592.0,602.0,607.0,593.0,599.0
2026-06-29,2026-06-30,3673,2.65,1.97,2.63,390.0,409.0,413.0,385.0,392.0
2026-02-13,2026-02-16,3676,2.19,1.83,-1.72,856.0,844.0,850.0,819.0,824.0
2026-02-16,2026-02-17,3676,2.03,2.16,-2.37,824.0,828.0,861.0,823.0,860.0
2026-01-19,2026-01-20,3678,2.22,1.99,-1.2,1641.0,1646.0,1683.0,1642.0,1651.0
2025-04-09,2025-04-10,3683,1.77,1.76,-2.03,915.0,1000.0,1008.0,973.0,987.0
2026-03-19,2026-03-23,3683,1.64,1.68,-2.14,1004.0,987.0,987.0,940.0,951.0
2025-04-07,2025-04-08,3697,2.69,1.87,-0.26,983.0,1039.0,1084.5,1030.0,1056.5
2026-01-19,2026-01-20,3697,2.85,2.16,-0.6,816.3,816.3,841.4,815.0,830.4
2025-10-09,2025-10-10,3708,2.05,1.67,-2.29,1496.0,1480.0,1486.0,1471.0,1478.0
2025-04-07,2025-04-08,3741,1.95,2.21,-1.48,3655.0,3795.0,4025.0,3795.0,3975.0
2025-08-15,2025-08-18,3741,1.6,1.94,-0.54,4615.0,4650.0,4735.0,4645.0,4725.0
2025-09-29,2025-09-30,3741,2.71,1.44,1.88,2445.0,2454.0,2455.0,2360.0,2365.0
2025-09-16,2025-09-17,3753,2.18,1.84,-0.49,202.0,201.0,205.0,201.0,202.0
2025-03-10,2025-03-11,3762,2.95,1.81,-1.07,2028.0,1978.0,2010.0,1942.0,1989.0
2025-03-11,2025-03-12,3762,2.35,1.72,0.56,1989.0,1968.0,2085.0,1961.0,2037.0
2026-02-13,2026-02-16,3762,1.92,1.57,-1.94,1875.0,1861.0,1890.0,1853.0,1881.0
2025-10-17,2025-10-20,3763,2.62,1.68,1.63,1496.0,1502.0,1553.0,1500.0,1546.0
2026-02-16,2026-02-17,3763,1.67,1.72,-1.81,1355.0,1353.0,1430.0,1350.0,1404.0
2025-08-13,2025-08-14,3773,2.01,2.05,-1.21,983.0,991.0,1016.0,983.0,1014.0
2025-08-01,2025-08-04,3778,2.74,1.45,-1.49,2970.0,2904.0,3030.0,2904.0,2950.0
2025-12-26,2025-12-29,3778,2.59,2.21,-2.12,2814.0,2805.0,2821.0,2752.0,2810.0
2025-04-04,2025-04-07,3791,2.86,2.04,0.87,1860.0,1590.0,1715.0,1586.0,1668.0
2026-02-06,2026-02-09,3791,2.82,1.5,-0.86,1151.0,1151.0,1159.0,1125.0,1136.0
2025-11-10,2025-11-11,3798,2.69,2.08,4.29,656.0,660.0,671.0,640.0,658.0
2025-11-18,2025-11-19,3798,2.6,1.68,-1.8,599.0,595.0,604.0,581.0,585.0
2025-11-19,2025-11-20,3798,1.76,1.7,-1.68,585.0,590.0,591.0,577.0,581.0
2025-04-07,2025-04-08,3835,2.35,2.66,0.88,458.0,482.0,497.0,478.0,488.0
2025-10-17,2025-10-20,3835,2.02,1.82,-1.14,435.0,436.0,443.0,436.0,439.0
2025-03-11,2025-03-12,3836,2.3,1.98,0.73,1800.0,1760.0,1803.0,1760.0,1788.0
2025-12-12,2025-12-15,3853,2.32,1.69,-0.59,1004.0,990.0,1048.0,987.0,1021.0
2025-10-31,2025-11-04,3865,2.98,2.18,-1.33,819.0,819.0,848.0,819.0,845.0
2025-08-29,2025-09-01,3900,2.32,2.2,-0.88,1018.0,1021.0,1038.0,1015.0,1025.0
2025-09-29,2025-09-30,3900,1.74,1.67,-1.5,918.0,918.0,922.0,914.0,918.0
2025-10-02,2025-10-03,3900,2.03,1.7,-1.7,865.0,867.0,897.0,864.0,884.0
2025-11-18,2025-11-19,3901,2.7,1.71,-1.92,1690.0,1688.0,1702.0,1683.0,1685.0
2026-05-19,2026-05-20,3903,2.44,1.47,-0.66,301.0,300.0,300.0,286.0,291.0
2025-04-07,2025-04-08,3916,2.78,1.67,1.71,2086.0,2163.0,2272.0,2160.0,2228.0
2026-01-06,2026-01-07,3916,2.09,1.44,-0.38,1319.0,1304.0,1359.0,1301.0,1345.0
2026-03-04,2026-03-05,3916,2.84,1.73,-2.14,959.0,1002.0,1021.0,990.0,996.0
2025-04-16,2025-04-17,3922,2.28,2.63,-1.66,2019.0,2013.0,2055.0,2002.0,2029.0
2025-09-30,2025-10-01,3923,2.86,1.76,0.07,1358.0,1333.0,1334.0,1301.0,1312.5
2025-10-01,2025-10-02,3923,2.28,1.45,-1.54,1312.5,1293.5,1315.5,1208.5,1274.5
2025-10-09,2025-10-10,3923,1.59,1.5,0.2,1264.0,1255.0,1262.0,1242.0,1245.0
2026-01-23,2026-01-26,3923,2.53,2.43,-1.32,943.4,949.0,950.0,925.8,929.0
2025-04-07,2025-04-08,3926,2.78,1.97,6.24,460.0,529.0,540.0,525.0,530.0
2026-01-16,2026-01-19,3935,1.61,1.97,-0.37,814.0,801.0,801.0,771.0,780.0
2026-02-04,2026-02-05,3963,2.8,1.49,-0.52,573.0,576.0,594.0,567.0,585.0
2026-05-26,2026-05-27,3963,2.43,2.39,-2.06,333.0,333.0,345.0,327.0,337.0
2026-06-03,2026-06-04,3963,2.71,2.38,-1.91,308.0,310.0,318.0,304.0,311.0
2026-04-23,2026-04-24,3964,2.43,1.44,-2.11,1162.0,1161.0,1165.0,1136.0,1158.0
2025-02-28,2025-03-03,3967,2.29,1.41,-0.96,722.0,718.0,722.0,711.0,713.0
2025-12-02,2025-12-03,3983,1.52,1.68,-1.58,1997.0,2003.0,2039.0,2003.0,2028.0
2026-02-12,2026-02-13,3984,2.88,2.36,-0.51,1740.0,1715.0,1733.0,1620.0,1633.0
2026-02-17,2026-02-18,3984,1.8,1.92,-1.23,1600.0,1599.0,1607.0,1544.0,1573.0
2026-02-09,2026-02-10,3993,2.55,2.19,-1.78,2755.0,2820.0,2973.0,2816.0,2920.0
2025-10-30,2025-10-31,3994,2.78,1.89,-2.17,4420.0,4434.0,4586.0,4392.0,4500.0
2026-07-30,2026-07-31,4004,2.77,1.44,-0.33,12125.0,14525.0,14540.0,13525.0,13725.0
2025-04-04,2025-04-07,4005,2.48,1.68,-1.47,322.6,282.6,297.0,282.6,289.7
2026-04-09,2026-04-10,4008,2.02,1.61,-1.34,1252.0,1254.0,1265.0,1251.0,1253.0
2025-08-19,2025-08-20,4012,1.85,1.71,-0.59,1514.0,1519.0,1519.0,1502.0,1509.0
2025-08-20,2025-08-21,4012,2.14,1.67,-0.66,1509.0,1512.0,1517.0,1495.0,1498.0
2026-01-30,2026-02-02,4013,1.83,1.46,-1.55,1083.0,1058.0,1077.0,1047.0,1052.0
2026-03-30,2026-03-31,4023,2.82,1.89,0.0,3990.0,3935.0,3990.0,3895.0,3945.0
2025-03-14,2025-03-17,4026,2.23,2.57,-1.69,1515.0,1516.0,1526.0,1501.0,1517.0
2025-04-07,2025-04-08,4027,2.92,1.78,-0.1,1047.0,1107.0,1190.0,1107.0,1168.0
2026-07-31,2026-08-03,4043,2.16,2.07,-2.04,3792.0,3765.0,3928.0,3714.0,3878.0
2026-03-13,2026-03-16,4046,2.21,1.4,2.48,1983.0,1961.0,1990.0,1950.0,1964.0
2026-03-23,2026-03-24,4046,2.88,1.47,-0.58,1725.0,1765.0,1767.0,1740.0,1765.0
2026-03-30,2026-03-31,4046,1.54,1.46,2.18,1737.0,1711.0,1734.0,1684.0,1707.0
2026-03-31,2026-04-01,4046,2.46,1.59,-0.23,1707.0,1747.0,1784.0,1722.0,1784.0
2025-04-07,2025-04-08,4047,2.41,1.57,0.7,719.0,749.0,787.0,749.0,771.0
2025-04-03,2025-04-04,4055,2.84,2.07,2.69,1107.0,1088.0,1098.0,999.0,1027.0
2025-12-22,2025-12-23,4056,2.9,2.12,-2.3,382.0,381.0,397.0,381.0,385.0
2026-01-29,2026-01-30,4058,2.8,1.59,-1.9,2423.0,2393.0,2414.0,2374.0,2403.0
2026-01-30,2026-02-02,4058,1.77,1.49,0.42,2403.0,2398.0,2405.0,2350.0,2352.0
2026-02-02,2026-02-03,4058,2.93,1.67,-1.92,2352.0,2355.0,2372.0,2320.0,2320.0
2026-02-24,2026-02-25,4058,1.75,1.51,-0.39,1791.0,1799.0,1845.0,1799.0,1810.0
2025-04-09,2025-04-10,4062,2.0,1.65,-1.25,3160.0,3600.0,3645.0,3534.0,3645.0
2025-02-03,2025-02-04,4063,2.23,2.52,-1.11,4615.0,4651.0,4667.0,4570.0,4570.0
2025-04-04,2025-04-07,4063,2.94,1.69,-2.38,3894.0,3448.0,3618.0,3425.0,3549.0
2026-07-29,2026-07-30,4063,1.55,1.44,-2.49,5690.0,5712.0,5879.0,5696.0,5756.0
2026-02-13,2026-02-16,4071,2.42,2.1,-1.45,2039.0,2011.0,2023.0,1944.0,1988.0
2026-07-17,2026-07-21,4078,2.01,1.47,-2.05,3830.0,3880.0,4035.0,3795.0,4000.0
2025-10-16,2025-10-17,4088,2.33,1.89,-0.11,2252.5,2269.0,2273.5,2205.0,2219.5
2026-02-18,2026-02-19,4088,2.95,3.18,0.66,2062.0,2074.0,2137.5,2070.5,2134.5
2025-04-07,2025-04-08,4095,2.87,1.9,1.75,1047.0,1077.0,1096.0,1061.0,1091.0
2025-04-09,2025-04-10,4095,2.8,2.14,0.09,1071.0,1149.0,1155.0,1118.0,1130.0
2026-07-08,2026-07-09,4099,1.76,1.75,3.19,2849.0,2889.0,2971.0,2830.0,2872.0
2026-07-17,2026-07-21,4099,2.68,1.63,-1.94,2630.0,2660.0,2756.0,2591.0,2735.0
2025-12-02,2025-12-03,409A,2.7,1.59,-1.48,1400.0,1392.0,1396.0,1369.0,1370.0
2025-12-04,2025-12-05,409A,2.62,1.79,-2.48,1336.0,1335.0,1342.0,1318.0,1328.0
2025-04-01,2025-04-02,4112,2.38,1.43,-1.89,1555.0,1564.0,1578.0,1553.0,1561.0
2025-04-03,2025-04-04,4116,2.26,1.96,0.24,2912.0,2850.0,2850.0,2643.0,2743.0
2026-04-09,2026-04-10,4116,1.59,1.46,-1.07,1106.0,1108.0,1117.0,1106.0,1106.0
2026-05-27,2026-05-28,414A,2.93,1.88,-1.63,905.0,911.0,916.0,870.0,902.0
2025-09-12,2025-09-16,4151,2.45,2.45,-0.45,2449.0,2438.0,2444.0,2395.0,2400.0
2026-02-17,2026-02-18,4165,2.92,2.26,0.39,520.0,526.0,530.0,511.0,517.0
2025-08-28,2025-08-29,4167,1.94,2.2,-2.39,368.0,372.0,380.0,372.0,373.0
2026-04-08,2026-04-09,417A,1.51,1.77,-0.44,1916.5,1920.0,1953.0,1894.0,1898.5
2026-04-09,2026-04-10,417A,2.79,1.87,-1.12,1898.5,1900.0,1911.0,1873.0,1879.5
2026-05-11,2026-05-12,417A,2.05,1.71,-0.47,1707.0,1695.0,1754.0,1670.5,1716.5
2025-11-04,2025-11-05,4180,1.53,2.06,-1.88,1256.0,1230.0,1237.0,1181.0,1205.0
2025-11-06,2025-11-07,4180,2.69,2.09,-2.41,1172.0,1168.0,1223.0,1163.0,1186.0
2026-02-18,2026-02-19,4180,2.7,2.24,-0.13,786.0,786.0,788.0,743.0,748.0
2025-02-18,2025-02-19,4182,1.63,1.69,-0.21,2420.0,2420.5,2428.5,2392.0,2392.0
2025-04-04,2025-04-07,4183,2.6,1.52,-0.48,2985.5,2689.0,2796.0,2644.0,2745.5
2025-12-30,2026-01-05,4183,2.6,1.76,-0.94,2002.0,2041.0,2063.0,2011.0,2019.0
2026-03-12,2026-03-13,4183,2.13,1.5,-1.84,1952.0,1888.0,1944.0,1886.5,1931.5
2026-03-23,2026-03-24,4183,2.92,1.63,-1.12,1810.5,1890.5,1894.0,1862.5,1884.0
2025-04-07,2025-04-08,4186,2.97,1.51,-0.44,2575.0,2664.5,2827.0,2664.5,2819.5
2025-04-09,2025-04-10,4187,2.81,1.75,-2.19,2097.0,2274.0,2329.0,2225.0,2329.0
2026-03-27,2026-03-30,4187,2.12,1.59,-0.54,3660.0,3410.0,3465.0,3395.0,3445.0
2025-04-03,2025-04-04,4188,2.89,1.65,0.46,692.3,670.0,681.9,658.5,677.0
2025-04-04,2025-04-07,4188,2.39,1.53,1.04,677.0,618.8,633.6,603.3,620.0
2026-03-12,2026-03-13,4188,2.43,1.87,-2.19,941.4,916.8,944.7,916.8,924.5
2026-01-26,2026-01-27,4194,2.41,2.25,-2.33,8693.0,8725.0,8765.0,8618.0,8680.0
2025-04-17,2025-04-18,4198,1.63,2.19,-2.41,771.0,779.0,794.0,767.0,773.0
2025-04-07,2025-04-08,4203,2.47,1.8,1.62,2851.5,2930.5,3046.0,2930.5,3007.0
2025-04-04,2025-04-07,4208,1.94,1.99,-1.31,1995.0,1800.0,1872.0,1788.5,1832.5
2026-02-04,2026-02-05,4216,2.07,2.06,-2.42,4830.0,4810.0,4955.0,4810.0,4830.0
2025-04-07,2025-04-08,4251,2.92,1.89,0.13,780.0,850.0,889.0,850.0,862.0
2025-05-02,2025-05-07,4256,2.02,3.19,-2.17,856.0,886.0,930.0,861.0,884.0
2025-01-07,2025-01-08,4275,2.06,1.63,-1.63,1206.0,1211.0,1251.0,1209.0,1241.0
2025-01-15,2025-01-16,4290,2.05,1.57,-0.77,645.0,654.0,658.0,639.0,640.0
2025-04-07,2025-04-08,4290,2.38,1.44,-2.46,595.0,612.0,627.0,610.0,627.0
2025-04-09,2025-04-10,4290,1.7,1.61,0.0,607.0,647.0,650.0,630.0,639.0
2026-02-02,2026-02-03,4290,2.56,1.61,-2.32,674.0,684.0,693.0,680.0,682.0
2025-02-28,2025-03-03,4293,1.81,1.48,-1.47,336.0,337.0,340.0,333.0,338.0
2026-05-20,2026-05-21,4301,1.74,1.73,-1.18,1753.0,1753.0,1761.0,1734.0,1734.0
2026-02-04,2026-02-05,4307,2.35,3.07,-1.9,4287.0,4288.0,4430.0,4192.0,4339.0
2025-03-31,2025-04-01,4310,2.82,2.32,0.0,2740.0,2690.0,2709.0,2467.0,2496.0
2025-04-02,2025-04-03,4310,2.31,1.45,-1.94,2431.0,2381.0,2511.0,2355.0,2389.0
2026-08-07,2026-08-10,4310,2.33,2.25,-1.3,2350.0,2350.0,2430.0,2350.0,2420.0
2026-05-28,2026-06-01,4323,2.71,1.59,0.55,1654.0,1662.0,1698.0,1637.0,1637.0
2025-04-07,2025-04-08,4324,2.36,1.43,-2.44,2823.5,2939.0,2996.5,2861.5,2907.5
2025-04-09,2025-04-10,4324,2.05,1.91,-2.43,2690.5,2906.0,2962.5,2883.0,2927.5
2025-01-08,2025-01-09,4343,1.84,1.93,-2.38,2753.0,2754.0,2810.0,2740.0,2800.0
2025-04-07,2025-04-08,4343,2.27,1.41,-0.08,2391.0,2441.0,2585.0,2422.0,2578.0
2025-10-17,2025-10-20,4343,1.53,1.45,0.0,2950.0,2980.0,3015.0,2961.0,2969.0
2025-10-24,2025-10-27,4343,2.18,1.63,-2.04,2934.0,2928.0,2948.0,2906.0,2915.0
2026-03-03,2026-03-04,4345,2.98,1.62,-1.5,920.0,905.0,907.0,887.0,900.0
2026-02-02,2026-02-03,4362,2.75,2.6,-2.12,2545.0,2566.0,2586.0,2541.0,2559.0
2026-04-09,2026-04-10,4368,1.77,1.59,-1.74,2997.0,3050.0,3125.0,3050.0,3050.0
2026-04-13,2026-04-14,4368,1.78,1.47,-0.34,2970.0,3100.0,3170.0,3070.0,3095.0
2025-04-07,2025-04-08,4371,2.55,1.76,1.25,810.0,849.0,926.0,849.0,898.0
2025-03-17,2025-03-18,4377,1.6,1.62,0.4,1778.0,1787.0,1816.0,1761.0,1793.0
2025-03-31,2025-04-01,4377,1.51,1.96,-0.79,1749.0,1749.0,1749.0,1670.0,1682.0
2026-02-17,2026-02-18,4377,1.57,2.18,-2.33,2056.0,2017.0,2034.0,1970.0,2006.0
2026-05-13,2026-05-14,4377,2.18,1.49,-2.15,1732.0,1717.0,1717.0,1667.0,1696.0
2025-10-30,2025-10-31,4382,2.54,1.88,-1.62,973.0,958.0,977.0,952.0,973.0
2025-11-07,2025-11-10,4382,2.9,2.16,-0.54,925.0,930.0,944.0,930.0,935.0
2025-09-18,2025-09-19,4384,2.69,2.65,0.59,1202.0,1200.0,1204.0,1157.0,1170.0
2025-09-03,2025-09-04,4393,2.93,1.48,-0.41,9700.0,9750.0,9920.0,9630.0,9780.0
2026-01-13,2026-01-14,4396,1.58,2.16,-2.12,1527.0,1520.0,1553.0,1520.0,1527.0
2026-02-17,2026-02-18,4396,2.4,1.92,-0.73,1219.0,1215.0,1219.0,1182.0,1196.0
2025-04-03,2025-04-04,4401,2.51,1.88,-0.06,2528.5,2438.0,2450.0,2358.0,2409.5
2025-04-04,2025-04-07,4401,2.74,2.01,-1.17,2409.5,2180.5,2226.0,2125.5,2174.5
2025-04-07,2025-04-08,4401,2.65,1.84,-0.28,2174.5,2258.0,2324.5,2255.0,2318.5
2025-06-09,2025-06-10,4413,2.12,1.51,-0.16,3195.0,3180.0,3290.0,3175.0,3250.0
2025-06-20,2025-06-23,4413,2.92,1.63,0.32,3170.0,3110.0,3180.0,3060.0,3180.0
2026-03-23,2026-03-24,4414,2.4,2.39,1.43,996.0,1010.0,1024.0,1002.0,1022.0
2025-12-15,2025-12-16,4417,2.28,2.0,2.32,2998.0,3000.0,3000.0,2921.0,2926.0
2026-02-05,2026-02-06,4417,2.37,2.07,-2.43,2729.0,2690.0,2719.0,2596.0,2709.0
2026-02-06,2026-02-09,4417,2.1,1.82,0.71,2709.0,2771.0,2816.0,2731.0,2813.0
2026-02-06,2026-02-09,4419,2.35,2.06,-0.13,795.0,803.0,805.0,754.0,769.0
2026-08-17,2026-08-18,4419,2.54,2.23,-2.22,1275.0,1299.0,1347.0,1287.0,1314.0
2025-09-08,2025-09-09,4431,2.03,1.47,-0.16,3200.0,3220.0,3285.0,3200.0,3265.0
2026-02-05,2026-02-06,4431,2.61,1.69,-2.35,2491.0,2486.0,2486.0,2405.0,2430.0
2026-02-16,2026-02-17,4432,2.69,1.92,-1.46,2773.0,2767.0,2773.0,2723.0,2734.0
2026-02-18,2026-02-19,4432,2.63,2.37,-1.61,2694.0,2720.0,2752.0,2694.0,2737.0
2025-02-20,2025-02-21,4436,2.87,1.56,-2.04,624.0,625.0,632.0,605.0,617.0
2025-03-14,2025-03-17,4443,2.28,1.44,-0.26,1941.0,1961.0,1975.0,1943.0,1971.0
2026-07-01,2026-07-02,4452,2.59,1.64,-0.81,3183.0,3213.0,3297.0,3204.0,3267.0
2026-02-06,2026-02-09,446A,2.54,1.64,-1.68,1167.0,1221.0,1242.0,1188.0,1210.0
2026-05-14,2026-05-15,446A,2.05,1.44,0.0,1149.0,1160.0,1179.0,1125.0,1130.0
2024-12-30,2025-01-06,4476,2.38,1.46,-1.94,1667.0,1654.0,1655.0,1613.0,1632.0
2025-10-16,2025-10-17,4480,2.23,1.57,-1.96,2156.0,2155.0,2179.0,2148.0,2168.0
2025-04-07,2025-04-08,4481,2.74,1.81,1.13,2510.0,2658.0,2725.0,2638.0,2679.0
2026-05-14,2026-05-15,4483,2.09,2.26,1.11,2646.0,2655.0,2725.0,2630.0,2688.0
2025-10-02,2025-10-03,4498,1.73,1.53,-0.9,1326.0,1326.0,1381.0,1326.0,1378.0
2025-01-20,2025-01-21,4499,2.97,1.5,-0.69,3595.0,3640.0,4225.0,3630.0,3700.0
2026-04-30,2026-05-01,4502,2.37,1.51,1.07,5270.0,5260.0,5260.0,5191.0,5239.0
2025-04-07,2025-04-08,4503,2.13,1.58,0.12,1301.5,1329.5,1344.0,1315.0,1341.0
2026-05-20,2026-05-21,4512,2.39,2.18,-2.43,281.0,287.0,288.0,279.0,281.0
2026-07-31,2026-08-03,4516,2.66,3.55,-1.53,3400.0,3436.0,3465.0,3376.0,3423.0
2025-02-10,2025-02-12,4536,2.27,1.57,-1.64,1408.0,1402.0,1403.5,1348.5,1371.5
2025-02-12,2025-02-13,4536,2.48,2.01,-2.18,1371.5,1391.0,1397.5,1379.5,1394.0
2026-05-12,2026-05-13,4547,2.32,2.41,-0.57,4375.0,4340.0,4420.0,4315.0,4345.0
2025-04-07,2025-04-08,4549,2.54,1.83,0.45,2012.0,2062.0,2100.0,2034.0,2081.0
2025-02-05,2025-02-06,4552,1.89,1.85,-2.42,483.0,491.0,505.0,490.0,500.0
2026-05-01,2026-05-07,4554,1.99,1.85,-1.51,2154.0,2185.0,2243.0,2185.0,2232.0
2025-02-07,2025-02-10,4559,2.52,2.01,0.1,2096.0,2100.0,2102.0,2067.0,2074.0
2025-02-12,2025-02-13,4568,1.95,1.71,-1.62,3528.0,3550.0,3785.0,3550.0,3738.0
2025-11-05,2025-11-06,4568,2.98,1.57,-2.01,3369.0,3400.0,3453.0,3383.0,3411.0
2025-04-04,2025-04-07,4569,2.92,1.78,-0.42,1431.0,1350.0,1393.0,1332.0,1365.0
2026-05-18,2026-05-19,4569,2.06,2.58,-0.35,1414.0,1416.0,1434.0,1404.0,1420.0
2026-01-30,2026-02-02,456A,2.02,1.66,2.53,3850.0,3850.0,3855.0,3720.0,3765.0
2026-05-18,2026-05-19,4570,2.16,1.76,-2.31,1182.0,1164.0,1217.0,1164.0,1189.0
2026-05-26,2026-05-27,4570,2.91,1.54,-1.68,1113.0,1100.0,1135.0,1097.0,1127.0
2025-04-04,2025-04-07,4574,2.32,2.06,-2.29,256.0,237.0,240.0,228.0,230.0
2026-04-30,2026-05-01,4575,1.64,1.83,-0.89,665.0,668.0,689.0,665.0,679.0
2026-05-14,2026-05-15,4575,2.75,1.79,-2.4,651.0,691.0,695.0,652.0,665.0
2025-04-11,2025-04-14,4578,1.96,1.52,-1.1,6724.0,6800.0,6979.0,6768.0,6803.0
2025-04-03,2025-04-04,4579,2.66,2.09,1.72,355.0,349.0,354.0,310.0,343.0
2024-07-01,2024-07-02,4595,2.17,2.09,0.06,1621.0,1619.0,1624.0,1605.0,1618.0
2024-12-18,2024-12-19,4595,2.64,1.94,-0.8,1489.0,1482.0,1489.0,1475.0,1484.0
2025-06-23,2025-06-24,4595,2.83,2.1,-0.53,1492.0,1486.0,1498.0,1463.0,1466.0
2026-05-12,2026-05-13,4595,2.07,1.98,-1.64,1735.0,1744.0,1750.0,1738.0,1739.0
2024-10-08,2024-10-09,4599,2.83,2.06,-2.43,362.0,362.0,362.0,351.0,353.0
2024-10-09,2024-10-10,4599,1.67,1.44,-2.49,353.0,351.0,355.0,341.0,355.0
2024-11-05,2024-11-06,4611,1.76,1.76,-1.19,998.0,1009.0,1027.0,1008.0,1015.0
2024-08-05,2024-08-06,4612,2.61,2.61,1.23,825.0,870.0,898.4,862.4,883.0
2024-11-13,2024-11-14,4613,1.63,2.14,-1.87,2156.5,2142.5,2144.5,2093.5,2093.5
2025-11-10,2025-11-11,4613,2.24,2.01,-1.51,2344.0,2344.0,2372.0,2337.5,2372.0
2026-05-01,2026-05-07,4619,2.45,1.55,-0.49,2035.0,2070.0,2093.0,2051.0,2086.0
2026-07-29,2026-07-30,4620,2.41,1.61,-2.24,831.0,833.0,846.0,817.0,829.0
2025-04-03,2025-04-04,4631,2.28,1.52,0.02,2850.5,2760.0,2794.5,2695.0,2738.0
2024-08-07,2024-08-08,4633,2.92,2.31,1.38,1465.0,1435.0,1473.0,1401.0,1431.0
2025-04-07,2025-04-08,4634,2.11,1.46,2.77,2595.0,2688.0,2804.0,2688.0,2767.0
2025-03-31,2025-04-01,4661,2.67,1.49,-2.16,2945.0,2974.0,2976.0,2892.0,2924.0
2026-05-07,2026-05-08,4661,1.67,2.27,-0.22,2218.0,2245.0,2274.0,2223.0,2241.5
2026-03-12,2026-03-13,4666,2.81,1.84,-1.36,1851.5,1771.5,1819.0,1771.5,1802.5
2026-03-13,2026-03-16,4666,2.4,2.01,1.75,1802.5,1805.0,1849.0,1804.0,1822.5
2024-08-01,2024-08-02,4668,2.96,2.34,-1.67,706.0,696.0,700.0,689.0,689.0
2024-06-27,2024-06-28,4674,2.73,2.09,3.48,1368.0,1368.0,1382.0,1320.0,1333.0
2024-08-06,2024-08-07,4674,2.61,1.52,-2.18,1121.0,1091.0,1125.0,1021.0,1098.0
2025-07-07,2025-07-08,4674,2.58,1.47,-0.19,1597.0,1590.0,1607.0,1585.0,1590.0
2025-07-10,2025-07-11,4674,2.17,1.54,-1.88,1568.0,1568.0,1607.0,1562.0,1582.0
2025-01-15,2025-01-16,4676,2.59,2.46,-1.64,1623.0,1618.0,1641.5,1613.0,1616.0
2026-02-06,2026-02-09,4676,1.83,1.91,-1.17,3466.0,3520.0,3628.0,3499.0,3628.0
2025-03-31,2025-04-01,4681,2.38,1.64,-0.55,1451.5,1459.5,1459.5,1433.0,1443.0
2025-04-04,2025-04-07,4681,2.21,1.8,0.32,1408.0,1350.0,1385.0,1307.5,1345.0
2026-02-02,2026-02-03,4681,2.3,1.75,-2.33,1784.0,1780.0,1794.5,1762.5,1763.5
2024-10-02,2024-10-03,4684,2.44,2.44,-0.8,4935.0,5005.0,5035.0,4943.0,4969.0
2024-10-11,2024-10-15,4684,1.9,2.26,0.38,5002.0,4988.0,5017.0,4924.0,4991.0
2024-10-15,2024-10-16,4684,1.88,1.72,0.06,4991.0,4954.0,4996.0,4840.0,4882.0
2026-01-28,2026-01-29,4684,2.51,1.85,-0.09,4529.0,4471.0,4485.0,4402.0,4427.0
2026-02-03,2026-02-04,4684,1.99,1.82,0.72,4194.0,3916.0,4014.0,3775.0,3775.0
2025-09-05,2025-09-08,4685,2.9,1.57,-1.42,6950.0,7090.0,7120.0,6970.0,7080.0
2025-10-01,2025-10-02,4685,2.36,1.6,-0.75,3295.0,3295.0,3320.0,3275.0,3275.0
2026-02-12,2026-02-13,4686,2.27,2.18,-1.29,4195.0,4125.0,4185.0,3940.0,3955.0
2024-08-05,2024-08-06,4687,2.4,1.56,4.79,1116.0,1117.0,1122.0,1053.0,1114.0
2026-01-29,2026-01-30,4687,2.64,1.53,-0.57,1225.0,1233.0,1242.0,1212.0,1223.0
2025-08-15,2025-08-18,4689,1.7,1.85,-1.62,479.1,485.0,485.9,479.3,484.1
2025-12-10,2025-12-11,4704,2.98,1.68,-1.97,6715.0,6753.0,6789.0,6562.0,6658.0
2026-02-16,2026-02-17,4709,2.54,1.55,-2.31,1905.0,1906.0,1920.0,1895.0,1898.0
2024-06-28,2024-07-01,4712,1.57,1.76,-1.73,852.0,837.0,838.0,827.0,828.0
2025-02-27,2025-02-28,4714,1.83,1.51,0.38,261.0,261.0,262.0,256.0,256.0
2025-09-05,2025-09-08,4716,2.03,1.52,-0.27,14930.0,14905.0,15215.0,14835.0,15160.0
2026-01-21,2026-01-22,4716,1.5,1.71,-2.24,11135.0,11100.0,11240.0,11030.0,11080.0
2025-04-07,2025-04-08,4722,2.17,1.42,1.08,1585.0,1631.0,1656.0,1613.0,1637.0
2025-09-02,2025-09-03,4722,2.59,1.89,-1.75,2190.0,2214.0,2227.0,2197.0,2203.0
2026-02-02,2026-02-03,4733,2.65,2.23,-1.71,6684.0,6550.0,6599.0,6380.0,6418.0
2026-02-03,2026-02-04,4733,2.11,2.69,-2.02,6418.0,5918.0,6075.0,5656.0,5830.0
2026-02-06,2026-02-09,4751,2.17,1.86,-0.04,1248.5,1458.5,1480.0,1327.5,1358.5
2024-07-31,2024-08-01,4761,2.92,1.69,1.89,1295.0,1271.0,1288.0,1226.0,1266.0
2026-06-29,2026-06-30,4767,2.09,2.25,0.95,320.0,324.0,324.0,317.0,319.0
2025-01-08,2025-01-09,4768,2.77,1.5,-1.06,3465.0,3474.0,3490.0,3440.0,3472.0
2025-01-16,2025-01-17,4768,2.23,1.63,0.27,3380.0,3380.0,3386.0,3319.0,3338.0
2025-04-08,2025-04-09,4768,2.8,1.53,-2.45,2964.5,2957.0,2990.0,2929.0,2956.0
2025-06-27,2025-06-30,4784,1.99,1.41,-0.8,1865.0,1877.0,1879.0,1780.0,1864.0
2026-04-27,2026-04-28,4784,1.85,1.86,-1.48,665.0,581.0,620.0,579.0,602.0
2024-09-17,2024-09-18,4812,2.11,2.39,0.18,5470.0,5500.0,5550.0,5450.0,5540.0
2025-10-16,2025-10-17,4819,1.68,1.72,-2.15,3190.0,3150.0,3225.0,3140.0,3225.0
2025-04-04,2025-04-07,4820,2.31,2.0,-2.47,711.0,651.0,679.0,644.0,667.0
2025-04-07,2025-04-08,4820,2.95,1.45,2.46,667.0,697.0,714.0,696.0,710.0
2024-11-29,2024-12-02,4825,1.91,1.86,-1.42,2783.0,2810.0,2916.0,2810.0,2897.0
2026-03-02,2026-03-03,4825,2.5,1.91,-0.48,2090.0,2078.0,2123.0,2041.0,2044.0
2026-03-03,2026-03-04,4825,2.37,2.25,-1.64,2044.0,2016.0,2028.0,1982.0,2011.0
2026-03-04,2026-03-05,4825,2.28,2.5,-0.25,2011.0,2054.0,2070.0,2025.0,2051.0
2025-11-04,2025-11-05,4832,1.99,2.01,-1.53,1871.0,1859.0,1881.0,1826.0,1842.0
2025-11-17,2025-11-18,4838,2.1,2.25,-1.02,778.0,763.0,764.0,727.0,734.0
2025-11-21,2025-11-25,4838,2.65,2.64,-0.29,699.0,709.0,720.0,690.0,704.0
2024-08-19,2024-08-20,4845,2.35,1.72,-2.45,478.0,483.0,505.0,483.0,504.0
2024-12-16,2024-12-17,4845,2.86,1.96,-1.23,402.0,400.0,400.0,389.0,398.0
2024-12-25,2024-12-26,4845,1.73,1.84,-0.52,383.0,385.0,395.0,385.0,391.0
2025-04-09,2025-04-10,4845,2.22,2.08,-1.97,349.0,381.0,381.0,367.0,371.0
2026-05-11,2026-05-12,4848,2.68,2.41,-1.87,1571.0,1566.0,1569.0,1545.0,1557.0
2026-05-12,2026-05-13,4848,2.92,2.26,-0.57,1557.0,1560.0,1577.0,1560.0,1571.0
2025-10-01,2025-10-02,4849,2.26,1.63,-0.5,1602.0,1590.0,1600.0,1551.0,1574.0
2026-06-05,2026-06-08,485A,2.53,1.53,5.32,2889.0,2689.0,2934.0,2628.0,2726.0
2025-09-02,2025-09-03,4880,2.82,1.84,-1.15,600.0,599.0,612.0,595.0,605.0
2026-06-15,2026-06-16,4884,2.82,1.59,-0.67,296.0,291.0,306.0,288.0,301.0
2024-10-03,2024-10-04,4887,1.8,2.04,-2.18,2083.5,2083.5,2135.0,2082.0,2133.0
2024-10-11,2024-10-15,4887,1.61,1.85,-0.7,2115.0,2115.0,2129.0,2105.0,2118.0
2024-10-18,2024-10-21,4887,1.86,1.95,-0.24,2042.0,2051.0,2098.5,2047.0,2057.0
2025-04-04,2025-04-07,4888,2.96,1.79,-1.18,334.0,300.0,305.0,281.0,287.0
2024-11-11,2024-11-12,4894,2.15,1.44,-2.29,6400.0,6390.0,6680.0,6310.0,6370.0
2024-11-26,2024-11-27,4894,2.64,2.28,-2.14,4800.0,4600.0,4770.0,4450.0,4745.0
2026-03-09,2026-03-10,4902,2.13,1.4,1.91,505.6,515.6,521.6,506.0,514.4
2025-10-09,2025-10-10,4914,2.01,1.95,-0.58,1556.0,1534.0,1543.0,1497.0,1499.0
2026-03-04,2026-03-05,4914,1.92,1.62,-1.97,1246.0,1283.0,1294.0,1250.0,1262.0
2025-04-07,2025-04-08,4919,2.7,1.49,-1.82,2698.0,2759.0,2819.0,2759.0,2791.0
2026-05-07,2026-05-08,4919,1.73,1.92,-0.91,2509.0,2500.0,2525.0,2474.0,2516.0
2024-11-13,2024-11-14,4922,2.49,1.78,-0.93,6900.0,6870.0,6914.0,6752.0,6752.0
2025-10-27,2025-10-28,4923,2.94,1.54,-1.27,1241.0,1240.0,1240.0,1211.0,1215.0
2025-10-29,2025-10-30,4923,2.5,1.66,-1.16,1198.0,1190.0,1212.0,1190.0,1212.0
2025-03-31,2025-04-01,4932,1.69,2.4,-1.81,1030.0,1044.0,1044.0,1027.0,1032.0
2026-03-04,2026-03-05,4932,2.87,1.48,-0.11,884.0,909.0,917.0,902.0,904.0
2024-12-17,2024-12-18,4933,2.63,1.94,0.53,1897.0,1890.0,1988.0,1890.0,1942.0
2026-04-24,2026-04-27,4933,2.69,1.98,-0.47,1048.0,1100.0,1125.0,1077.0,1113.0
2026-03-23,2026-03-24,4934,2.6,1.61,-1.31,602.0,610.0,611.0,601.0,609.0
2024-12-13,2024-12-16,4936,2.58,1.74,-0.76,523.0,540.0,575.0,539.0,567.0
2024-11-13,2024-11-14,4967,2.23,2.05,-0.84,5295.0,5295.0,5309.0,5220.0,5220.0
2024-11-20,2024-11-21,4970,2.77,1.45,-1.97,5960.0,6000.0,6060.0,5900.0,6030.0
2025-04-03,2025-04-04,4972,2.91,2.28,2.36,1473.0,1400.0,1416.0,1315.0,1367.0
2025-02-28,2025-03-03,4974,1.74,1.4,-2.09,844.0,856.0,857.0,838.0,840.0
2025-04-07,2025-04-08,4974,2.1,1.55,-0.83,719.0,742.0,753.0,737.0,746.0
2025-11-14,2025-11-17,4974,2.79,1.67,-0.96,822.0,823.0,825.0,810.0,820.0
2025-04-07,2025-04-08,4975,2.12,1.45,0.39,2846.0,2896.0,3030.0,2896.0,2996.0
2024-09-27,2024-09-30,4980,2.33,2.44,-0.12,2165.0,2034.0,2063.5,2001.5,2025.5
2024-10-02,2024-10-03,4980,2.45,2.1,-0.85,2102.5,2210.0,2235.5,2172.0,2195.0
2025-04-07,2025-04-08,4980,1.77,1.69,-0.57,1405.0,1503.0,1580.0,1503.0,1545.0
2026-08-06,2026-08-07,4980,2.1,1.74,-1.75,3096.0,3100.0,3155.0,3017.0,3053.0
2026-05-20,2026-05-21,4994,2.31,2.15,-1.3,2210.0,2210.0,2230.0,2210.0,2210.0
2025-04-07,2025-04-08,4996,2.84,1.87,0.44,692.0,717.0,756.0,709.0,740.0
2024-08-08,2024-08-09,4997,2.06,2.23,0.16,626.0,636.0,639.0,610.0,620.0
2025-02-19,2025-02-20,5010,1.81,2.21,-1.43,207.0,209.0,209.0,202.0,202.0
2025-04-04,2025-04-07,5013,2.89,2.65,-1.08,1741.0,1595.0,1662.0,1565.0,1620.0
2025-11-21,2025-11-25,5016,2.05,1.51,-0.12,1601.5,1652.0,1698.0,1609.0,1611.0
2025-04-07,2025-04-08,5019,2.7,1.69,3.59,840.8,868.6,906.4,868.6,887.0
2024-08-02,2024-08-05,5020,2.83,1.73,-2.09,707.5,636.8,653.6,589.0,600.6
2025-04-07,2025-04-08,5020,2.56,1.64,2.17,613.0,662.0,676.4,650.5,659.7
2024-11-12,2024-11-13,5021,2.91,2.04,-0.83,7091.0,6841.0,7120.0,6801.0,6957.0
2025-04-07,2025-04-08,5021,1.99,1.42,0.95,5195.0,5495.0,5665.0,5483.0,5641.0
2025-10-01,2025-10-02,5021,1.54,1.74,-0.71,3486.0,3468.0,3513.0,3465.0,3498.0
2026-05-07,2026-05-08,5021,1.66,1.77,1.14,3909.0,3909.0,3975.0,3868.0,3951.0
2025-12-15,2025-12-16,5032,2.39,2.25,-0.65,4620.0,4625.0,4775.0,4625.0,4715.0
2024-12-23,2024-12-24,5036,1.99,1.93,-2.49,861.0,863.0,871.0,855.0,870.0
2024-08-19,2024-08-20,5074,2.14,2.04,-1.72,286.0,287.0,302.0,287.0,296.0
2024-08-07,2024-08-08,5105,2.48,2.3,-1.14,2076.0,2064.0,2125.0,2053.5,2078.0
2025-04-07,2025-04-08,5108,2.85,1.59,1.46,5271.0,5370.0,5534.0,5370.0,5469.0
2026-01-07,2026-01-08,5108,1.98,1.97,1.2,3549.0,3506.0,3513.0,3456.0,3459.0
2026-01-08,2026-01-09,5108,2.59,2.28,-1.34,3459.0,3455.0,3485.0,3445.0,3476.0
2025-04-07,2025-04-08,5121,2.77,1.93,1.31,1164.0,1215.0,1270.0,1215.0,1240.0
2026-02-16,2026-02-17,5132,2.79,1.45,-2.14,2290.0,2270.0,2273.0,2133.0,2168.0
2026-02-05,2026-02-06,5136,2.71,1.81,-1.34,1688.0,1681.0,1691.0,1634.0,1659.0
2025-04-07,2025-04-08,5185,2.96,1.9,0.52,1356.0,1404.0,1467.0,1404.0,1419.0
2024-11-27,2024-11-28,5202,2.64,1.62,-2.37,330.0,329.0,340.0,327.0,337.0
2025-04-07,2025-04-08,5202,2.84,1.57,-0.62,321.0,345.0,354.0,344.0,347.0
2025-09-19,2025-09-22,5202,2.22,1.66,-1.58,498.0,496.0,511.0,495.0,509.0
2025-04-03,2025-04-04,5208,1.88,2.06,0.23,1308.0,1278.0,1286.0,1237.0,1261.0
2024-07-25,2024-07-26,5210,2.55,1.6,-0.07,1454.0,1463.0,1464.0,1438.0,1438.0
2026-05-20,2026-05-21,5210,2.54,1.49,-1.97,2532.0,2558.0,2589.0,2548.0,2568.0
2026-07-30,2026-07-31,5214,1.98,1.66,-1.0,5130.0,5330.0,5397.0,5200.0,5323.0
2024-08-07,2024-08-08,5232,2.45,2.26,-2.04,3500.0,3450.0,3577.0,3409.0,3491.0
2025-12-23,2025-12-24,5248,2.64,1.89,-2.33,462.0,470.0,489.0,469.0,475.0
2024-10-28,2024-10-29,5253,2.56,1.88,2.13,1534.0,1548.0,1581.0,1538.0,1557.0
2025-12-02,2025-12-03,5254,2.78,1.52,-2.11,2917.0,2900.0,2946.0,2798.0,2898.0
2025-12-03,2025-12-04,5254,2.77,2.12,-0.07,2898.0,2851.0,2910.0,2833.0,2836.0
2024-12-26,2024-12-27,5258,2.67,1.68,-0.78,383.0,389.0,399.0,385.0,391.0
2025-03-31,2025-04-01,5258,2.06,2.45,-0.93,320.0,326.0,326.0,312.0,312.0
2025-04-03,2025-04-04,5258,2.87,2.76,0.71,284.0,273.0,278.0,243.0,253.0
2026-03-02,2026-03-03,5258,2.26,1.71,0.62,323.0,322.0,327.0,309.0,309.0
2025-04-07,2025-04-08,5269,2.63,1.42,2.41,298.0,311.0,324.0,311.0,317.0
2026-05-01,2026-05-07,5273,2.91,1.5,-1.69,1691.0,1709.0,1746.0,1709.0,1733.0
2025-03-31,2025-04-01,5284,2.65,1.85,-2.17,1715.0,1738.0,1784.0,1732.0,1755.0
2025-11-17,2025-11-18,5285,1.66,1.6,-1.34,1835.0,1825.0,1832.0,1795.0,1799.0
2026-03-04,2026-03-05,5285,2.79,1.47,-2.31,1607.0,1665.0,1708.0,1665.0,1691.0
2026-05-18,2026-05-19,5285,2.08,1.93,-2.2,1291.0,1321.0,1329.0,1299.0,1307.0
2024-09-11,2024-09-12,5301,1.97,1.51,-1.75,820.4,835.4,840.6,825.1,832.2
2024-08-02,2024-08-05,5302,2.52,2.12,-2.23,4610.0,4540.0,4565.0,4000.0,4050.0
2025-04-02,2025-04-03,5304,2.57,2.83,-0.87,2057.0,2000.0,2045.0,1984.0,2032.0
2024-07-26,2024-07-29,5310,2.0,1.52,-0.51,5900.0,6020.0,6140.0,5940.0,6040.0
2025-04-07,2025-04-08,5310,2.15,1.43,3.19,3235.0,3445.0,3570.0,3435.0,3510.0
2026-04-10,2026-04-13,5331,1.52,1.45,-0.46,3245.0,3220.0,3260.0,3220.0,3250.0
2024-10-31,2024-11-01,5332,1.96,1.66,-1.97,4290.0,4250.0,4269.0,4202.0,4250.0
2025-04-07,2025-04-08,5333,2.29,1.63,-0.86,1563.5,1611.0,1660.5,1597.5,1640.5
2025-04-07,2025-04-08,5334,2.54,1.71,4.19,3878.0,3994.0,4179.0,3989.0,4133.0
2024-09-09,2024-09-10,5337,2.01,2.01,-2.39,409.0,421.0,421.0,395.0,401.0
2024-07-25,2024-07-26,5351,2.18,1.49,-1.04,1805.0,1804.0,1832.0,1792.0,1815.0
2024-08-08,2024-08-09,5384,1.87,2.0,-1.35,2258.0,2316.0,2393.0,2259.0,2374.0
2025-04-09,2025-04-10,5401,2.19,2.11,-1.63,2834.0,3037.0,3037.0,2960.0,2997.5
2025-10-08,2025-10-09,5401,1.53,2.09,-1.7,614.0,610.0,623.6,607.6,623.6
2026-03-09,2026-03-10,5401,1.57,1.52,0.1,590.6,596.1,602.7,592.0,600.0
2024-07-25,2024-07-26,5406,2.8,1.45,-0.97,1832.0,1832.5,1848.5,1817.5,1817.5
2025-04-07,2025-04-08,5406,2.66,1.54,1.95,1488.0,1554.5,1597.5,1536.5,1549.5
2025-04-07,2025-04-08,5408,2.72,1.65,1.75,641.0,671.0,694.0,671.0,686.0
2025-05-13,2025-05-14,5408,2.65,1.56,-1.66,652.0,650.0,660.0,642.0,658.0
2025-04-03,2025-04-04,5410,2.28,1.89,2.16,3780.0,3650.0,3680.0,3460.0,3560.0
2025-11-05,2025-11-06,5410,2.18,1.93,-0.55,3590.0,3595.0,3630.0,3585.0,3615.0
2026-04-30,2026-05-01,5410,2.97,2.65,-2.47,2845.0,2855.0,2896.0,2802.0,2883.0
2026-03-04,2026-03-05,5411,2.23,1.47,-1.65,1968.0,2041.0,2041.0,1994.5,1996.5
2024-07-24,2024-07-25,5423,2.46,1.71,-1.2,1479.0,1454.0,1475.0,1448.0,1457.0
2024-07-25,2024-07-26,5423,1.8,1.59,0.21,1457.0,1466.0,1488.0,1461.0,1467.0
2025-09-19,2025-09-22,5423,2.46,2.41,-1.16,1534.0,1528.0,1537.0,1520.0,1525.0
2026-04-28,2026-04-30,5440,2.38,1.73,0.14,2185.0,2154.0,2267.0,1899.0,1899.0
2026-05-07,2026-05-08,5440,2.38,2.58,-0.22,1826.0,1820.0,1828.0,1781.0,1825.0
2024-10-29,2024-10-30,5445,2.44,2.26,-0.21,4725.0,4730.0,4775.0,4710.0,4715.0
2024-10-30,2024-10-31,5445,2.41,2.43,-0.32,4715.0,4680.0,5420.0,4585.0,5420.0
2025-02-04,2025-02-05,5445,2.05,2.04,0.0,5880.0,5880.0,5950.0,5860.0,5940.0
2025-10-01,2025-10-02,5445,2.22,1.66,-1.56,5670.0,5710.0,5740.0,5650.0,5690.0
2025-11-05,2025-11-06,5445,2.57,2.41,-1.81,5410.0,5420.0,5430.0,5360.0,5360.0
2025-04-09,2025-04-10,5449,1.6,1.47,-2.04,2403.0,2580.0,2597.0,2520.0,2581.0
2025-04-04,2025-04-07,5451,2.55,1.45,-1.34,5150.0,4880.0,5150.0,4795.0,5100.0
2025-07-01,2025-07-02,5451,2.31,1.75,0.18,1134.0,1120.0,1126.0,1112.0,1121.0
2026-06-15,2026-06-16,545A,2.88,1.96,-0.61,817.0,815.0,817.0,808.0,814.0
2025-04-07,2025-04-08,5463,2.44,1.72,-0.35,3095.0,3165.0,3240.0,3153.0,3174.0
2024-11-01,2024-11-05,5471,1.7,1.62,-0.3,1176.5,1173.5,1196.0,1161.0,1188.0
2024-08-02,2024-08-05,5480,2.25,1.56,-2.23,4390.0,4050.0,4080.0,3690.0,3695.0
2024-11-05,2024-11-06,5480,2.93,1.89,-1.36,3980.0,4035.0,4105.0,4015.0,4105.0
2025-08-05,2025-08-06,5527,2.98,2.36,0.0,553.0,551.0,561.0,546.0,557.0
2025-12-10,2025-12-11,5532,2.0,1.93,-2.48,2198.0,2168.0,2198.0,2135.0,2175.0
2025-12-11,2025-12-12,5532,2.17,1.44,0.32,2175.0,2191.0,2395.0,2190.0,2320.0
2026-03-30,2026-03-31,5535,2.47,2.01,0.95,320.0,319.0,321.0,312.0,315.0
2025-04-07,2025-04-08,5563,2.85,1.92,0.43,233.0,245.0,255.0,245.0,251.0
2024-12-25,2024-12-26,5574,2.72,1.69,-0.96,1540.0,1548.0,1609.0,1540.0,1577.0
2025-12-18,2025-12-19,5588,2.05,1.62,-1.73,966.0,960.0,1010.0,960.0,1003.0
2024-11-19,2024-11-20,5590,2.28,2.19,1.57,841.0,877.0,923.0,861.0,863.0
2024-12-23,2024-12-24,5590,2.73,2.54,-0.9,771.0,765.0,778.0,760.0,778.0
2024-12-25,2024-12-26,5590,1.73,2.33,-0.77,770.0,770.0,780.0,756.0,768.0
2025-11-18,2025-11-19,5590,1.58,2.18,-2.33,1008.0,1017.0,1017.0,936.0,944.0
2026-02-02,2026-02-03,5590,2.11,1.88,1.78,856.0,852.0,857.0,841.0,852.0
2026-06-01,2026-06-02,5590,2.0,1.85,-1.51,717.0,710.0,710.0,669.0,699.0
2026-06-04,2026-06-05,5590,2.97,2.47,-0.43,695.0,694.0,744.0,681.0,730.0
2026-03-04,2026-03-05,5591,1.59,1.7,-1.85,904.0,940.0,966.0,935.0,940.0
2026-04-27,2026-04-28,5599,2.71,3.06,-1.8,1310.0,1295.0,1399.0,1295.0,1324.0
2024-08-07,2024-08-08,5603,1.9,2.77,1.89,968.0,968.0,1007.0,962.0,1000.0
2025-12-18,2025-12-19,5631,2.66,2.1,-0.08,7395.0,7245.0,7669.0,7245.0,7578.0
2024-08-07,2024-08-08,5713,1.62,1.54,3.52,3942.0,3662.0,3744.0,3544.0,3585.0
2024-08-07,2024-08-08,5714,2.71,2.43,2.99,4656.0,4530.0,4714.0,4522.0,4594.0
2024-10-31,2024-11-01,5726,2.74,1.59,0.23,2172.0,2151.0,2167.0,2108.0,2111.0
2024-11-06,2024-11-07,5726,2.3,2.67,-1.03,2217.0,1935.0,2057.0,1933.0,2028.0
2026-04-27,2026-04-28,5729,2.36,1.75,-2.33,2175.0,2181.0,2235.0,2181.0,2220.0
2025-04-04,2025-04-07,5741,1.74,2.28,1.68,4530.0,4320.0,4415.0,4110.0,4125.0
2025-10-02,2025-10-03,5741,2.56,2.61,0.57,1576.0,1593.0,1617.0,1592.0,1610.0
2026-06-24,2026-06-29,5741,2.84,1.66,0.77,2607.0,2519.0,2529.0,2389.0,2438.0
2026-06-29,2026-06-30,5802,2.93,2.39,-2.21,2894.5,2948.0,3019.0,2882.0,2927.0
2026-07-03,2026-07-06,5802,2.22,2.5,3.76,2664.0,2668.0,2696.0,2557.0,2592.5
2026-07-08,2026-07-09,5802,2.13,2.26,0.15,2361.5,2448.0,2487.0,2371.0,2401.0
2026-08-03,2026-08-04,5802,2.86,1.55,2.79,2062.5,2058.0,2165.5,2045.5,2161.5
2026-05-20,2026-05-21,5803,2.06,1.85,0.47,4295.0,4550.0,4662.0,4315.0,4501.0
2025-04-07,2025-04-08,5831,2.51,1.62,0.99,1278.5,1350.0,1405.0,1350.0,1393.5
2025-04-07,2025-04-08,5832,2.15,1.6,-2.35,1269.5,1330.0,1425.5,1330.0,1412.5
2026-04-14,2026-04-15,5834,1.86,1.48,-0.5,2765.0,2796.0,2805.0,2712.0,2739.0
2024-09-27,2024-09-30,5838,2.77,2.32,0.92,2842.0,2900.0,3265.0,2835.0,3225.0
2025-10-14,2025-10-15,5842,1.83,1.49,-2.4,3255.0,3295.0,3340.0,3265.0,3285.0
2024-08-08,2024-08-09,5851,1.84,2.06,-0.28,1752.0,1817.0,1832.0,1783.0,1822.0
2024-12-23,2024-12-24,5869,2.44,3.91,-0.51,972.0,974.0,976.0,970.0,972.0
2024-12-16,2024-12-17,5889,2.13,1.85,1.08,2426.0,2395.0,2405.0,2321.0,2340.0
2025-10-31,2025-11-04,5891,2.81,2.29,-1.22,1614.0,1651.0,1651.0,1616.0,1635.0
2025-04-04,2025-04-07,5911,2.54,1.76,-1.08,2378.0,2238.0,2319.0,2198.0,2277.0
2025-04-07,2025-04-08,5929,1.81,1.52,5.37,4198.0,4288.0,4446.0,4264.0,4391.0
2026-01-28,2026-01-29,5938,2.16,1.88,-1.25,1778.0,1775.0,1792.0,1755.0,1787.0
2026-01-30,2026-02-02,5938,2.76,2.36,-1.47,1772.5,1828.0,1828.0,1772.0,1772.0
2025-04-07,2025-04-08,5942,2.65,2.87,-1.88,470.0,482.0,493.0,474.0,479.0
2026-05-27,2026-05-28,5942,2.5,2.31,-1.01,589.0,574.0,586.0,569.0,585.0
2026-06-02,2026-06-03,5942,2.22,2.08,-1.96,549.0,550.0,570.0,550.0,562.0
2025-04-04,2025-04-07,5946,2.88,1.93,-0.68,1744.0,1674.0,1708.0,1640.0,1674.0
2025-04-07,2025-04-08,5946,2.78,1.75,0.0,1674.0,1714.0,1746.0,1713.0,1732.0
2024-09-11,2024-09-12,5949,2.96,2.46,-1.55,1078.0,1100.0,1100.0,1079.0,1092.0
2024-12-03,2024-12-04,5985,1.67,1.88,0.0,302.0,302.0,303.0,285.0,286.0
2024-12-11,2024-12-12,5985,1.6,1.68,-1.05,282.0,286.0,289.0,283.0,287.0
2025-06-05,2025-06-06,5988,1.81,1.9,-1.92,1835.0,1833.0,1855.0,1828.0,1848.0
2025-06-13,2025-06-16,5988,2.41,1.6,-1.21,1803.0,1804.0,1812.0,1791.0,1801.0
2025-02-28,2025-03-03,5991,2.9,1.56,-0.57,1670.5,1694.0,1701.0,1675.0,1693.5
2026-03-09,2026-03-10,5998,1.78,1.97,0.86,1757.0,1800.0,1850.0,1780.0,1839.0
2025-02-18,2025-02-19,6005,2.82,2.14,0.13,3141.0,3184.0,3275.0,3183.0,3270.0
2024-11-19,2024-11-20,6027,1.57,2.04,-0.93,2545.0,2550.0,2605.0,2536.0,2543.0
2025-07-23,2025-07-24,6027,2.88,1.76,0.1,2881.0,2949.0,3020.0,2920.0,3010.0
2025-10-14,2025-10-15,6027,2.55,1.49,1.17,2934.0,2907.0,2984.0,2907.0,2950.0
2025-12-05,2025-12-08,6030,1.64,1.62,-1.2,1642.0,1611.0,1645.0,1604.0,1632.0
2025-12-12,2025-12-15,6030,2.22,1.57,-1.53,1605.0,1614.0,1640.0,1597.0,1640.0
2024-09-09,2024-09-10,6031,1.65,1.97,1.54,527.0,547.0,575.0,544.0,571.0
2025-12-29,2025-12-30,6039,1.52,1.49,-2.5,1170.0,1200.0,1216.0,1167.0,1175.0
2025-08-12,2025-08-13,6050,1.94,3.0,-0.93,2033.0,2038.0,2055.0,2036.0,2038.0
2025-08-15,2025-08-18,6050,2.95,1.86,-1.53,1991.0,2012.0,2019.0,2003.0,2013.0
2025-02-25,2025-02-26,6055,2.4,1.54,0.0,1450.0,1425.0,1440.0,1416.0,1420.0
2025-04-04,2025-04-07,6055,2.32,1.7,-0.75,1063.0,982.0,1020.0,963.0,1002.0
2025-04-07,2025-04-08,6055,2.07,1.85,2.04,1002.0,1032.0,1069.0,1029.0,1050.0
2025-02-26,2025-02-27,6058,2.87,2.39,-1.05,943.0,913.0,936.0,913.0,936.0
2025-08-26,2025-08-27,6062,2.61,1.75,-1.35,1096.0,1092.0,1094.0,1068.0,1072.0
2025-08-27,2025-08-28,6062,2.72,1.46,-1.83,1072.0,1068.0,1068.0,1053.0,1061.0
2025-04-04,2025-04-07,6070,1.51,1.56,-0.92,2042.0,1927.0,1940.0,1860.0,1892.0
2025-03-04,2025-03-05,6073,2.61,2.86,0.06,1626.0,1626.0,1632.0,1624.0,1632.0
2026-05-14,2026-05-15,6073,1.54,1.54,-1.65,1372.0,1373.0,1385.0,1361.0,1380.0
2026-05-22,2026-05-26,6073,1.57,1.48,-1.12,1330.0,1316.0,1339.0,1316.0,1322.0
2025-08-29,2025-09-01,6078,1.5,1.48,-1.23,1531.0,1540.0,1570.0,1537.0,1546.0
2026-01-08,2026-01-09,6078,2.88,1.47,-1.51,1436.0,1438.0,1457.0,1428.0,1437.0
2024-12-12,2024-12-13,6088,2.54,1.79,-2.23,878.0,867.0,883.0,864.0,877.0
2025-09-04,2025-09-05,6088,2.4,1.51,-0.43,928.0,922.0,940.0,913.0,940.0
2026-06-12,2026-06-15,6094,2.76,2.68,-1.67,530.0,540.0,540.0,518.0,532.0
2026-06-16,2026-06-17,6094,2.79,3.84,1.16,522.0,522.0,531.0,521.0,525.0
2024-08-02,2024-08-05,6098,2.66,1.66,-1.24,7882.0,7094.0,7341.0,6807.0,7085.0
2025-04-07,2025-04-08,6098,1.92,1.54,7.41,6638.0,6938.0,7516.0,6934.0,7499.0
2025-09-24,2025-09-25,6098,2.11,1.62,-1.45,7768.0,7869.0,8040.0,7843.0,8022.0
2026-02-06,2026-02-09,6098,2.48,2.01,0.89,7062.0,7087.0,7218.0,7032.0,7153.0
2024-08-02,2024-08-05,6103,2.85,1.56,-2.47,6587.0,6014.0,6087.0,5587.0,5587.0
2024-10-15,2024-10-16,6103,2.86,1.41,-0.81,3168.0,3100.0,3162.0,3080.0,3158.0
2025-04-07,2025-04-08,6103,2.4,1.49,-0.6,2669.0,2838.0,2935.0,2780.0,2807.0
2025-04-09,2025-04-10,6103,1.65,1.76,-1.45,2643.0,2993.0,2993.0,2900.0,2955.0
2024-08-09,2024-08-13,6113,2.11,2.6,2.5,1432.5,1435.0,1514.0,1422.0,1514.0
2025-04-04,2025-04-07,6113,1.98,1.61,-1.85,1326.5,1236.5,1246.0,1196.5,1199.5
2024-08-02,2024-08-05,6118,2.51,1.74,-1.89,778.0,748.0,749.0,676.0,682.0
2024-08-07,2024-08-08,6118,1.89,2.4,-0.14,735.0,726.0,753.0,725.0,744.0
2025-02-07,2025-02-10,6134,2.4,2.3,-0.8,2167.5,2168.0,2209.5,2168.0,2196.0
2025-04-07,2025-04-08,6136,2.94,2.08,-1.07,1485.0,1515.0,1550.5,1515.0,1526.0
2025-04-07,2025-04-08,6140,2.54,1.68,-0.29,692.0,722.0,747.0,722.0,737.0
2025-04-03,2025-04-04,6143,2.94,1.68,-1.61,794.0,765.0,767.0,714.0,729.0
2025-07-30,2025-07-31,6143,2.31,1.66,0.57,877.0,881.0,897.0,881.0,891.0
2024-08-02,2024-08-05,6146,1.97,1.62,1.36,44600.0,39000.0,41170.0,37600.0,37600.0
2025-03-07,2025-03-10,6146,1.6,1.44,1.81,32580.0,32900.0,34450.0,32790.0,33020.0
2025-04-03,2025-04-04,6146,1.69,1.5,3.44,28995.0,28885.0,29280.0,26910.0,27635.0
2025-04-07,2025-04-08,6146,1.75,1.52,2.61,23600.0,25530.0,26900.0,25500.0,26590.0
2025-06-30,2025-07-01,6156,2.07,1.63,-1.32,1724.0,1722.0,1726.0,1706.0,1711.0
2024-08-05,2024-08-06,6157,2.65,2.08,-1.94,760.0,760.0,785.0,750.0,763.0
2025-10-14,2025-10-15,6157,2.82,1.59,-1.7,751.0,752.0,766.0,752.0,765.0
2025-04-09,2025-04-10,6176,1.55,3.01,3.09,500.0,540.0,546.0,524.0,531.0
2025-12-23,2025-12-24,6176,1.83,1.69,-1.01,685.0,689.0,700.0,675.0,691.0
2025-04-07,2025-04-08,6178,2.69,1.44,1.42,1217.0,1272.5,1314.0,1267.0,1302.5
2025-04-15,2025-04-16,6182,2.26,1.9,0.4,498.0,494.0,506.0,483.0,486.0
2025-11-11,2025-11-12,6191,2.35,1.54,-1.55,828.0,827.0,843.0,825.0,842.0
2025-01-08,2025-01-09,6194,2.26,1.64,-1.44,754.0,751.0,753.0,737.0,740.0
2025-04-03,2025-04-04,6196,2.93,2.44,-0.74,2816.0,2766.0,2780.0,2640.0,2698.0
2025-04-07,2025-04-08,6196,2.79,2.62,-0.53,2435.0,2583.0,2697.0,2576.0,2691.0
2025-03-07,2025-03-10,6200,1.86,1.43,-0.25,814.0,820.0,828.0,814.0,819.0
2025-04-07,2025-04-08,6200,2.77,1.46,-0.73,679.0,718.0,752.0,718.0,749.0
2026-01-29,2026-01-30,6200,2.72,2.85,-1.25,713.0,717.0,728.0,709.0,724.0
2025-04-07,2025-04-08,6226,2.96,1.73,0.86,2333.0,2482.0,2550.0,2440.0,2495.0
2026-03-13,2026-03-16,6226,2.7,1.7,-1.16,4675.0,4600.0,4640.0,4370.0,4410.0
2025-04-04,2025-04-07,6227,2.13,1.54,-2.02,2479.0,2080.0,2262.0,2025.0,2127.0
2024-11-28,2024-11-29,6228,2.13,1.92,0.54,1111.0,1098.0,1105.0,1083.0,1084.0
2025-03-04,2025-03-05,6235,2.16,1.56,0.82,1604.0,1617.0,1644.0,1603.0,1611.0
2025-04-07,2025-04-08,6235,2.67,1.69,-1.88,1202.0,1271.0,1317.0,1271.0,1297.0
2024-08-13,2024-08-14,6245,1.66,1.6,-1.05,1603.0,1628.0,1651.0,1610.0,1636.0
2024-09-09,2024-09-10,6245,2.6,3.13,0.4,1505.0,1518.0,1562.0,1491.0,1503.0
2024-09-10,2024-09-11,6245,1.71,2.59,-0.99,1503.0,1505.0,1505.0,1472.0,1476.0
2025-04-03,2025-04-04,6245,2.09,2.17,2.0,1579.0,1539.0,1542.0,1476.0,1500.0
2026-05-07,2026-05-08,6257,2.21,2.26,-0.93,962.0,965.0,966.0,957.0,958.0
2024-08-09,2024-08-13,6258,2.98,2.97,-1.52,4545.0,4550.0,4720.0,4550.0,4675.0
2025-04-01,2025-04-02,6258,1.98,1.86,-1.69,1510.0,1506.0,1528.0,1500.0,1512.0
2025-08-26,2025-08-27,6258,1.53,1.76,-1.93,1877.0,1865.0,1871.0,1838.0,1842.0
2025-08-27,2025-08-28,6258,2.06,1.46,-1.23,1842.0,1835.0,1856.0,1820.0,1827.0
2025-04-03,2025-04-04,6266,2.58,1.8,-0.41,1691.0,1620.0,1646.0,1518.0,1557.0
2025-04-04,2025-04-07,6273,2.29,1.85,-1.34,49330.0,44410.0,46830.0,44110.0,45570.0
2025-04-07,2025-04-08,6273,2.83,1.8,2.61,45570.0,46880.0,48420.0,46380.0,46790.0
2026-01-30,2026-02-02,6276,2.98,2.27,-1.41,279.0,280.0,283.0,276.0,279.0
2025-04-04,2025-04-07,6278,2.92,1.41,-2.48,3545.0,3125.0,3255.0,3120.0,3125.0
2026-03-09,2026-03-10,6279,2.07,2.34,-1.25,869.0,880.0,891.0,875.0,890.0
2025-02-21,2025-02-25,6282,2.66,1.71,-0.75,2243.0,2233.0,2264.0,2220.0,2251.0
2026-03-23,2026-03-24,6282,2.32,2.45,0.38,2384.0,2442.0,2442.0,2406.0,2436.0
2025-04-09,2025-04-10,6284,2.21,2.36,-0.47,4225.0,4715.0,4715.0,4465.0,4480.0
2025-04-09,2025-04-10,6287,2.36,1.69,0.32,1862.0,1990.0,2010.0,1950.0,1995.0
2024-08-02,2024-08-05,6289,2.87,1.79,-0.6,1647.0,1567.0,1572.0,1401.0,1409.0
2025-04-03,2025-04-04,6289,1.96,1.49,-0.3,1332.0,1318.0,1323.0,1264.0,1276.0
2024-12-26,2024-12-27,6291,1.71,2.06,-0.34,1178.0,1125.0,1156.0,1122.0,1137.0
2024-12-27,2024-12-30,6291,2.85,2.47,1.07,1137.0,1124.0,1125.0,1116.0,1118.0
2025-01-07,2025-01-08,6291,2.48,1.95,-0.81,1101.0,1102.0,1110.0,1100.0,1100.0
2024-08-05,2024-08-06,6294,1.98,2.73,-2.34,1921.0,2081.0,2120.0,2012.0,2056.0
2025-04-04,2025-04-07,6294,1.8,1.88,-1.93,1829.0,1651.0,1729.0,1645.0,1676.0
2025-04-07,2025-04-08,6294,2.87,1.68,1.51,1676.0,1716.0,1795.0,1716.0,1768.0
2024-07-30,2024-07-31,6298,2.58,1.6,-1.93,2188.0,2168.0,2222.0,2131.0,2217.0
2024-08-02,2024-08-05,6301,2.31,2.15,-1.62,3888.0,3603.0,3640.0,3324.0,3476.0
2024-09-09,2024-09-10,6301,1.67,1.52,3.36,3664.0,3696.0,3699.0,3640.0,3658.0
2025-04-07,2025-04-08,6301,2.91,1.71,0.83,3630.0,3822.0,3947.0,3822.0,3897.0
2024-08-09,2024-08-13,6302,2.52,2.22,-2.31,3126.0,3137.0,3228.0,3135.0,3212.0
2024-11-01,2024-11-05,6302,2.95,2.37,3.97,3275.0,3300.0,3346.0,3278.0,3278.0
2025-04-07,2025-04-08,6305,2.77,1.71,0.67,3294.0,3533.0,3641.0,3506.0,3595.0
2024-09-11,2024-09-12,6306,2.71,1.92,-1.47,670.0,680.0,683.0,675.0,682.0
2024-10-24,2024-10-25,6309,2.93,1.6,0.13,3810.0,3800.0,3800.0,3735.0,3755.0
2025-10-14,2025-10-15,6309,2.45,2.28,-0.69,1589.0,1592.0,1617.0,1592.0,1616.0
2024-07-18,2024-07-19,6315,2.98,1.6,-0.83,9570.0,9700.0,9780.0,9500.0,9500.0
2024-10-17,2024-10-18,6315,2.62,1.66,-1.39,1989.0,1979.0,2022.0,1927.0,1985.0
2024-10-18,2024-10-21,6315,1.8,1.59,0.3,1985.0,1964.0,2027.0,1961.0,2021.0
2024-07-18,2024-07-19,6323,1.61,1.96,1.38,26410.0,26300.0,26750.0,25760.0,26410.0
2024-09-09,2024-09-10,6323,2.15,2.41,3.84,1786.0,1795.0,1818.0,1750.0,1797.0
2025-04-03,2025-04-04,6323,2.53,1.74,2.42,1334.5,1280.0,1288.0,1179.0,1203.0
2025-09-03,2025-09-04,6323,2.88,1.61,-2.17,1642.0,1650.0,1654.0,1628.0,1638.5
2024-08-02,2024-08-05,6326,2.94,1.48,-1.58,1935.5,1825.0,1846.0,1678.0,1730.5
2025-04-07,2025-04-08,6326,2.82,1.76,-0.93,1493.0,1548.5,1604.5,1543.0,1583.0
2024-08-07,2024-08-08,6330,2.08,2.11,3.85,675.0,655.0,694.0,650.0,657.0
2025-04-09,2025-04-10,6330,2.68,1.95,-1.6,554.0,594.0,604.0,589.0,600.0
2025-04-01,2025-04-02,6331,2.75,2.03,-2.06,1334.0,1334.0,1336.0,1309.0,1331.0
2025-04-07,2025-04-08,6331,1.99,2.18,0.29,1055.0,1103.0,1158.0,1103.0,1139.0
2024-07-18,2024-07-19,6338,2.14,2.25,-1.99,3450.0,3455.0,3510.0,3450.0,3470.0
2024-12-12,2024-12-13,6338,2.22,2.01,-1.96,1700.0,1680.0,1685.0,1653.0,1653.0
2024-12-17,2024-12-18,6338,2.0,1.86,-0.49,1619.0,1603.0,1632.0,1595.0,1595.0
2024-12-19,2024-12-20,6338,1.8,1.97,-1.28,1537.0,1528.0,1605.0,1528.0,1542.0
2025-04-07,2025-04-08,6349,2.18,1.52,0.31,986.0,1030.0,1078.0,1024.0,1070.0
2024-12-19,2024-12-20,6351,2.41,1.89,0.49,3065.0,3095.0,3215.0,3090.0,3125.0
2026-03-30,2026-03-31,6361,2.94,1.58,1.26,4253.0,4163.0,4344.0,4074.0,4254.0
2025-04-04,2025-04-07,6363,2.2,1.62,-2.41,1783.0,1680.0,1730.0,1650.0,1700.0
2026-05-19,2026-05-20,6363,2.44,2.16,-2.5,2730.0,2724.0,2742.0,2654.0,2701.0
2026-05-13,2026-05-14,6364,2.46,2.25,-1.36,1667.0,1675.0,1684.0,1640.0,1647.0
2026-03-27,2026-03-30,6366,2.13,1.66,-0.43,917.0,826.0,919.0,816.0,906.0
2025-09-12,2025-09-16,6367,2.85,2.06,-2.21,17720.0,17550.0,17880.0,17460.0,17645.0
2025-04-07,2025-04-08,6368,2.77,1.62,5.66,5040.0,5750.0,5870.0,5590.0,5610.0
2025-01-28,2025-01-29,6369,2.41,1.75,-0.38,3885.0,3900.0,3910.0,3875.0,3900.0
2025-04-07,2025-04-08,6370,2.51,1.49,3.08,3815.0,3955.0,4180.0,3955.0,4123.0
2024-10-04,2024-10-07,6371,1.66,2.33,0.21,1911.0,1923.0,1930.0,1900.0,1928.0
2024-08-05,2024-08-06,6381,2.62,1.68,2.54,1291.0,1300.0,1310.0,1230.0,1274.0
2024-08-06,2024-08-07,6381,2.73,1.82,-2.0,1274.0,1247.0,1310.0,1237.0,1280.0
2025-04-03,2025-04-04,6387,2.53,1.93,-0.25,2379.0,2290.0,2290.0,2131.0,2197.0
2026-05-20,2026-05-21,6390,1.83,2.39,-1.78,1212.0,1225.0,1233.0,1220.0,1223.0
2024-09-13,2024-09-17,6395,2.49,2.13,-1.07,905.2,916.0,928.0,895.7,909.6
2026-05-15,2026-05-18,6402,1.75,1.79,-1.68,1463.0,1471.0,1475.0,1408.0,1417.0
2024-11-07,2024-11-08,6405,2.39,1.95,-1.15,1455.0,1475.0,1520.0,1459.0,1514.0
2025-08-14,2025-08-15,6405,1.86,2.35,-2.07,1559.0,1559.0,1590.0,1559.0,1578.0
2025-11-06,2025-11-07,6405,1.53,1.51,-0.57,1229.0,1228.0,1245.0,1225.0,1238.0
2025-04-04,2025-04-07,6407,2.19,1.83,-2.09,1878.0,1678.0,1716.0,1661.0,1677.0
2025-04-07,2025-04-08,6407,2.67,1.4,-0.06,1677.0,1759.0,1840.0,1754.0,1765.0
2025-01-17,2025-01-20,6413,2.74,1.43,-1.85,1382.0,1391.0,1405.0,1381.0,1402.0
2025-04-07,2025-04-08,6413,2.91,1.5,0.19,1042.0,1072.0,1119.0,1072.0,1101.0
2026-04-24,2026-04-27,6413,2.65,1.95,-2.05,1053.0,1055.0,1067.0,1047.0,1060.0
2026-05-13,2026-05-14,6413,2.58,1.96,-1.74,960.0,968.0,999.0,966.0,985.0
2025-09-25,2025-09-26,6417,2.75,2.8,-2.21,2566.5,2550.0,2605.5,2530.0,2583.0
2024-08-08,2024-08-09,6418,1.85,2.4,1.1,827.0,837.0,860.0,819.0,856.0
2025-03-31,2025-04-01,6418,2.58,2.29,-1.37,1008.0,1006.0,1011.0,1000.0,1005.0
2024-11-19,2024-11-20,6425,2.54,2.51,-0.9,991.0,1000.0,1030.0,999.0,1000.0
2024-12-17,2024-12-18,6430,2.54,1.44,-1.31,2872.0,2858.0,2870.0,2837.0,2865.0
2025-04-03,2025-04-04,6430,2.69,2.13,-0.37,2427.0,2351.0,2360.0,2251.0,2322.0
2025-04-07,2025-04-08,6430,1.56,1.75,0.0,2122.0,2222.0,2362.0,2222.0,2326.0
2026-03-04,2026-03-05,6430,2.21,1.52,-0.72,2468.0,2510.0,2546.0,2505.0,2507.0
2026-01-30,2026-02-02,6436,2.15,1.8,-2.35,3914.0,3960.0,3963.0,3900.0,3920.0
2024-08-05,2024-08-06,6457,2.76,2.09,-2.47,2266.0,2400.0,2451.0,2271.0,2407.5
2024-08-08,2024-08-09,6457,1.66,1.59,0.42,2274.5,2323.0,2362.0,2288.0,2352.5
2024-10-30,2024-10-31,6458,2.89,1.67,-1.59,4345.0,4355.0,4455.0,4325.0,4420.0
2024-12-13,2024-12-16,6458,1.88,1.59,-0.5,1189.0,1183.0,1191.0,1176.0,1180.0
2025-04-07,2025-04-08,6459,2.01,1.68,0.07,1358.0,1415.0,1546.0,1415.0,1546.0
2026-05-14,2026-05-15,6460,1.58,1.49,-0.51,2136.0,2138.5,2232.5,2127.0,2227.0
2025-10-02,2025-10-03,6463,1.61,1.53,-0.34,1174.0,1177.0,1203.0,1175.0,1202.0
2024-12-20,2024-12-23,6464,2.11,1.47,-1.06,466.0,464.0,464.0,453.0,463.0
2024-12-23,2024-12-24,6464,2.69,1.75,-0.22,463.0,464.0,467.0,460.0,465.0
2025-04-07,2025-04-08,6464,2.86,1.95,1.54,329.0,341.0,367.0,341.0,362.0
2025-01-27,2025-01-28,6465,2.48,1.6,-1.61,5756.0,5717.0,5875.0,5714.0,5809.0
2025-04-09,2025-04-10,6469,2.72,1.9,-1.62,1151.0,1361.0,1380.0,1199.0,1254.0
2024-08-02,2024-08-05,6471,2.03,1.95,0.3,735.3,720.3,730.0,651.1,680.1
2024-09-11,2024-09-12,6471,2.26,1.61,-2.07,695.3,712.0,713.5,702.4,707.6
2024-09-13,2024-09-17,6479,2.13,1.49,-2.17,2614.5,2599.0,2617.0,2541.0,2576.5
2025-04-04,2025-04-07,6479,2.56,1.55,-1.21,2007.0,1877.0,1892.0,1802.5,1807.0
2026-03-23,2026-03-24,6479,2.65,1.58,-0.74,2541.0,2650.0,2660.5,2588.0,2639.5
2024-08-07,2024-08-08,6480,2.54,2.17,2.79,516.0,506.0,523.0,505.0,511.0
2024-08-07,2024-08-08,6481,2.85,2.16,1.95,2457.0,2362.5,2556.0,2362.5,2456.0
2025-11-14,2025-11-17,6481,2.22,1.69,-0.94,3903.0,3859.0,3880.0,3822.0,3880.0
2025-04-07,2025-04-08,6486,2.59,1.79,1.75,1627.0,1698.0,1763.0,1698.0,1722.0
2026-06-02,2026-06-03,6493,2.4,1.58,-0.64,467.0,472.0,487.0,468.0,483.0
2024-07-10,2024-07-11,6501,1.88,1.78,1.43,3818.0,3881.0,3892.0,3746.0,3779.0
2025-04-03,2025-04-04,6501,2.28,1.63,-0.22,3243.0,2963.0,3063.0,2956.0,3054.0
2024-08-01,2024-08-02,6503,2.81,1.78,5.13,2367.0,2260.0,2260.5,2162.0,2200.0
2025-01-15,2025-01-16,6504,2.05,1.49,-2.48,7665.0,7740.0,7742.0,7629.0,7676.0
2026-02-05,2026-02-06,6504,1.59,1.66,5.09,10405.0,10230.0,10825.0,10225.0,10775.0
2025-08-20,2025-08-21,6507,2.3,1.62,2.6,8290.0,8260.0,8430.0,8150.0,8180.0
2025-04-07,2025-04-08,6516,2.39,1.46,-0.67,7430.0,7730.0,8280.0,7730.0,7900.0
2025-04-09,2025-04-10,6516,1.69,1.83,-1.03,7670.0,8520.0,8540.0,8170.0,8430.0
2025-10-02,2025-10-03,6516,2.73,2.57,-0.46,3225.0,3225.0,3280.0,3225.0,3250.0
2024-12-27,2024-12-30,6524,1.97,1.72,0.21,2914.0,2900.0,2952.0,2845.0,2952.0
2025-04-09,2025-04-10,6525,2.38,1.77,-0.74,1738.0,2018.0,2042.5,1955.0,2008.0
2025-02-28,2025-03-03,6539,2.36,1.63,-1.47,1005.0,1013.0,1020.0,1012.0,1020.0
2025-11-18,2025-11-19,6540,2.84,2.29,-2.11,1671.0,1662.0,1694.0,1631.0,1681.0
2025-03-07,2025-03-10,6544,2.03,1.67,-0.08,2592.0,2613.0,2625.0,2580.0,2590.0
2025-10-02,2025-10-03,6544,1.82,2.02,-1.36,1814.0,1785.0,1820.0,1780.0,1800.0
2025-10-14,2025-10-15,6544,2.35,1.51,-0.54,1830.0,1846.0,1850.0,1802.0,1805.0
2026-02-16,2026-02-17,6554,2.3,2.66,1.81,1069.0,1065.0,1084.0,1050.0,1065.0
2024-10-25,2024-10-28,6561,2.74,1.94,-1.27,1166.0,1164.0,1193.0,1152.0,1193.0
2025-10-14,2025-10-15,6562,2.31,1.48,-1.85,1221.0,1236.0,1280.0,1224.0,1266.0
2024-08-07,2024-08-08,6584,2.01,2.4,2.56,800.0,770.0,793.0,766.0,771.0
2025-11-19,2025-11-20,6584,1.97,1.58,-1.38,789.0,804.0,811.0,794.0,796.0
2026-03-09,2026-03-10,6584,1.66,2.19,2.57,718.0,732.0,742.0,724.0,741.0
2024-10-29,2024-10-30,6586,2.53,1.59,0.39,4580.0,4590.0,4634.0,4564.0,4603.0
2025-04-07,2025-04-08,6586,2.89,1.5,-0.37,3755.0,3895.0,4079.0,3895.0,3919.0
2025-11-18,2025-11-19,6586,2.22,1.53,-1.35,4250.0,4256.0,4269.0,4175.0,4203.0
2025-04-03,2025-04-04,6588,1.97,1.86,0.95,2538.0,2454.0,2482.0,2368.0,2392.0
2025-04-07,2025-04-08,6590,2.79,1.44,0.38,5220.0,5800.0,6080.0,5800.0,5950.0
2024-09-27,2024-09-30,6594,2.66,1.79,1.3,3108.0,3000.0,3057.0,2971.0,3006.0
2025-04-03,2025-04-04,6594,2.45,1.61,0.09,2309.5,2219.0,2245.5,2140.5,2181.0
2025-04-07,2025-04-08,6597,1.67,1.98,-0.73,950.0,1010.0,1059.0,1000.0,1037.0
2024-12-13,2024-12-16,6616,2.8,1.68,-1.38,1144.0,1153.0,1197.0,1143.0,1190.0
2025-01-08,2025-01-09,6620,2.98,1.94,-1.14,1476.0,1460.0,1524.0,1456.0,1498.0
2025-04-03,2025-04-04,6622,2.73,1.78,1.36,5970.0,5730.0,5750.0,5390.0,5550.0
2025-04-03,2025-04-04,6625,1.92,1.92,1.43,284.0,276.0,278.0,256.0,265.0
2025-04-07,2025-04-08,6626,1.54,2.16,8.24,1314.0,1388.0,1462.0,1388.0,1462.0
2024-11-12,2024-11-13,6630,2.53,2.29,-1.75,787.0,788.0,797.0,783.0,790.0
2025-03-11,2025-03-12,6632,2.78,1.56,0.08,1251.0,1281.0,1347.5,1266.0,1321.0
2026-03-04,2026-03-05,6637,2.7,1.48,-2.41,3855.0,3995.0,4170.0,3980.0,4100.0
2025-04-07,2025-04-08,6645,2.48,1.83,-0.98,3746.0,4000.0,4038.0,3890.0,3925.0
2025-04-07,2025-04-08,6652,2.81,1.41,-0.19,2084.0,2178.0,2239.0,2157.0,2176.0
2025-04-11,2025-04-14,6652,2.94,2.25,2.2,2089.0,2119.0,2190.0,2100.0,2184.0
2025-01-31,2025-02-03,6654,2.54,2.07,0.38,1056.0,1056.0,1056.0,1048.0,1049.0
2026-05-15,2026-05-18,6658,1.63,2.38,-1.0,497.0,497.0,497.0,480.0,485.0
2025-04-09,2025-04-10,6668,2.51,2.28,-1.73,1022.0,1185.0,1185.0,1104.0,1149.0
2025-04-22,2025-04-23,6668,2.41,1.53,-0.96,1033.0,1059.0,1064.0,1035.0,1038.0
2024-07-23,2024-07-24,6674,2.56,1.51,0.22,2746.0,2753.0,2763.0,2696.0,2702.5
2025-04-07,2025-04-08,6674,1.58,1.53,2.11,2005.0,2135.0,2193.5,2135.0,2170.5
2025-03-28,2025-03-31,6675,2.01,2.13,2.82,3095.0,3050.0,3090.0,3040.0,3080.0
2025-04-09,2025-04-10,6676,1.65,2.02,-1.07,1842.0,1948.0,1960.0,1850.0,1928.0
2025-04-03,2025-04-04,6701,2.02,2.84,2.04,3097.0,3005.0,3056.0,2928.5,2980.5
2026-02-24,2026-02-25,6701,2.12,1.45,0.52,3673.0,3704.0,3865.0,3703.0,3760.0
2024-11-01,2024-11-05,6702,2.99,2.32,-0.59,2695.0,2709.5,2716.0,2673.0,2677.0
2025-11-14,2025-11-17,6707,2.72,2.24,-1.63,5441.0,5360.0,5423.0,5176.0,5289.0
2024-07-30,2024-07-31,6723,1.72,2.52,-0.99,2496.5,2466.0,2587.5,2455.0,2578.0
2025-04-03,2025-04-04,6723,1.88,1.96,2.1,1895.0,1788.0,1791.0,1606.5,1656.0
2025-04-03,2025-04-04,6724,1.61,1.57,0.57,2214.5,2135.5,2184.5,2093.0,2127.5
2025-04-07,2025-04-08,6724,1.98,1.63,-0.03,1914.5,2001.0,2079.0,1975.5,2017.5
2025-04-11,2025-04-14,6724,1.56,1.82,0.71,1922.5,1948.5,1973.0,1900.5,1909.5
2025-04-07,2025-04-08,6727,2.79,1.43,-0.86,463.0,487.0,505.0,485.0,492.0
2025-04-03,2025-04-04,6728,2.83,1.99,1.38,4853.0,4729.0,4745.0,4361.0,4463.0
2025-04-03,2025-04-04,6730,1.85,2.07,2.16,1039.0,1010.0,1018.0,985.0,999.0
2025-04-04,2025-04-07,6730,2.36,2.0,-1.09,999.0,924.0,960.0,899.0,929.0
2025-02-21,2025-02-25,6736,2.14,1.81,-2.03,7720.0,7270.0,7520.0,7200.0,7410.0
2025-02-28,2025-03-03,6736,1.74,1.8,-1.49,7290.0,7140.0,7420.0,7140.0,7220.0
2026-03-03,2026-03-04,6736,1.78,2.06,-2.17,6300.0,6120.0,6480.0,6070.0,6480.0
2024-10-15,2024-10-16,6737,1.94,1.55,-0.97,2238.0,2227.0,2252.0,2220.0,2220.0
2025-04-04,2025-04-07,6737,2.89,1.66,-1.94,1918.0,1838.0,1872.0,1773.0,1834.0
2024-08-07,2024-08-08,6741,2.86,2.9,1.58,902.0,900.0,916.0,897.0,906.0
2024-08-08,2024-08-09,6744,1.86,2.56,-0.34,2064.0,2364.0,2364.0,2040.0,2082.0
2024-08-13,2024-08-14,6744,1.69,1.44,-0.67,2076.0,2078.0,2107.0,2044.0,2103.0
2025-04-07,2025-04-08,6744,2.03,1.58,3.94,2874.0,2924.0,3025.0,2910.0,2977.0
2024-08-08,2024-08-09,6745,2.02,2.21,1.88,2009.0,2097.0,2174.0,2083.0,2121.0
2024-09-11,2024-09-12,6745,2.59,1.87,-2.05,1865.0,1902.0,1908.0,1865.0,1906.0
2026-04-02,2026-04-03,6745,1.56,1.63,-1.95,2114.0,2100.0,2130.0,2061.0,2079.0
2025-04-09,2025-04-10,6750,2.91,1.94,-0.4,1505.0,1603.0,1612.0,1569.0,1586.0
2024-08-02,2024-08-05,6752,2.23,1.61,1.07,1137.5,1058.5,1066.5,986.9,991.6
2025-04-03,2025-04-04,6752,2.17,1.66,-1.11,1608.0,1540.5,1559.5,1509.0,1542.5
2024-08-02,2024-08-05,6753,2.63,1.45,-2.06,835.8,820.8,828.8,752.1,764.2
2026-01-30,2026-02-02,6757,1.6,1.55,-1.08,821.0,821.0,835.0,806.0,816.0
2024-10-02,2024-10-03,6762,2.83,2.73,-1.2,1847.5,1960.0,1968.5,1910.0,1915.5
2025-04-04,2025-04-07,6762,2.07,1.74,-2.42,1331.0,1181.0,1222.0,1165.0,1182.0
2025-04-07,2025-04-08,6762,1.9,1.55,0.08,1182.0,1264.5,1317.5,1264.5,1317.5
2025-04-07,2025-04-08,6768,1.88,1.62,5.35,394.0,410.0,430.0,408.0,422.0
2024-12-12,2024-12-13,6769,2.04,1.49,-2.05,906.0,908.0,926.0,899.0,901.0
2024-12-16,2024-12-17,6769,2.43,1.62,-1.0,891.0,891.0,904.0,886.0,899.0
2025-04-04,2025-04-07,6770,1.77,1.9,-2.2,1310.0,1235.0,1259.0,1195.0,1224.0
2025-04-07,2025-04-08,6770,1.9,2.27,-0.89,1224.0,1291.5,1323.0,1280.0,1292.5
2025-03-17,2025-03-18,6777,2.24,1.48,-2.31,5080.0,5210.0,5240.0,5100.0,5100.0
2025-04-03,2025-04-04,6779,2.46,1.98,0.65,773.0,728.0,736.0,692.0,705.0
2024-08-08,2024-08-09,6787,1.54,1.46,0.11,4625.0,4835.0,5000.0,4805.0,4935.0
2026-01-20,2026-01-21,6787,2.92,1.97,-1.79,9330.0,9180.0,9570.0,9140.0,9430.0
2024-08-08,2024-08-09,6794,1.92,2.01,0.51,1374.0,1470.0,1480.0,1313.0,1344.0
2025-04-03,2025-04-04,6794,2.54,1.76,-0.65,1227.0,1170.0,1182.0,1082.0,1117.0
2025-02-14,2025-02-17,6800,2.34,2.1,-0.54,1482.0,1480.0,1483.0,1463.0,1478.0
2025-04-03,2025-04-04,6800,2.49,2.09,-0.46,1298.0,1243.0,1243.0,1151.0,1177.0
2025-04-07,2025-04-08,6804,2.85,1.68,0.6,1681.0,1750.0,1781.0,1733.0,1771.0
2025-04-07,2025-04-08,6806,2.31,1.49,0.44,14840.0,15055.0,15515.0,14925.0,15315.0
2025-11-05,2025-11-06,6807,2.32,2.0,2.35,2268.0,2271.0,2304.0,2260.0,2288.0
2024-11-01,2024-11-05,6810,2.48,2.04,-0.81,1704.0,1710.0,1852.0,1699.0,1802.0
2025-04-07,2025-04-08,6814,2.94,1.4,2.65,1898.0,2118.0,2163.0,2086.0,2163.0
2025-04-03,2025-04-04,6834,2.63,2.75,-0.46,3265.0,3150.0,3190.0,2884.0,2968.0
2024-10-31,2024-11-01,6841,2.65,1.51,0.15,3436.0,3332.0,3410.0,3332.0,3379.0
2025-03-28,2025-03-31,6844,1.96,2.11,-1.46,2163.0,2096.0,2111.0,2026.0,2027.0
2024-07-12,2024-07-16,6849,1.86,1.42,-0.55,2271.5,2274.0,2298.0,2263.0,2295.5
2025-04-04,2025-04-07,6849,2.55,1.59,-1.37,1877.0,1690.0,1755.5,1680.0,1703.5
2025-11-20,2025-11-21,6849,1.93,1.68,-1.56,1511.5,1522.0,1556.0,1515.0,1550.0
2025-02-26,2025-02-27,6850,2.11,3.04,-2.48,2041.0,2037.0,2037.0,2008.0,2011.0
2024-09-09,2024-09-10,6856,2.22,1.43,3.66,8558.0,8615.0,8786.0,8536.0,8654.0
2025-04-07,2025-04-08,6856,2.17,1.61,0.05,7973.0,8466.0,8713.0,8446.0,8609.0
2025-04-07,2025-04-08,6857,2.07,1.51,6.11,5034.0,5634.0,5736.0,5452.0,5629.0
2025-04-04,2025-04-07,6861,2.99,1.91,1.28,54690.0,49910.0,51750.0,49780.0,50590.0
2024-08-13,2024-08-14,6862,2.39,2.71,0.0,575.0,585.0,592.0,575.0,584.0
2026-08-03,2026-08-04,6863,2.32,1.8,3.04,882.0,890.0,916.0,890.0,901.0
2025-11-06,2025-11-07,6869,2.24,2.01,-1.04,1610.0,1650.0,1654.5,1616.5,1637.5
2024-08-13,2024-08-14,6871,1.77,1.48,-1.3,4930.0,4900.0,5050.0,4475.0,4500.0
2025-04-04,2025-04-07,6875,2.3,1.7,-2.31,4025.0,3850.0,3860.0,3695.0,3750.0
2025-02-12,2025-02-13,6877,2.21,1.57,-0.97,3565.0,3580.0,3625.0,3580.0,3625.0
2025-02-14,2025-02-17,6877,2.77,1.96,-1.95,3520.0,3500.0,3545.0,3485.0,3525.0
2024-07-25,2024-07-26,6882,2.56,2.26,0.0,995.0,1002.0,1010.0,996.0,996.0
2026-07-17,2026-07-21,6882,1.95,1.8,-1.6,1105.0,1115.0,1132.0,1090.0,1123.0
2024-06-28,2024-07-01,6888,1.95,1.9,-2.0,539.0,549.0,565.0,545.0,550.0
2024-09-11,2024-09-12,6902,2.2,2.04,-1.65,1966.0,2032.0,2050.5,2007.5,2037.5
2026-03-13,2026-03-16,6902,2.01,1.73,-0.77,1937.5,1935.0,1947.5,1922.0,1933.5
2024-12-24,2024-12-25,6905,2.03,1.88,-2.08,1038.0,1050.0,1058.0,1035.0,1050.0
2025-12-24,2025-12-25,6905,2.05,2.63,-0.46,1080.0,1071.0,1078.0,1067.0,1070.0
2025-04-03,2025-04-04,6918,2.7,2.75,-0.83,2145.0,2095.0,2154.0,1948.0,1977.0
2024-08-07,2024-08-08,6920,1.76,1.69,1.6,22170.0,27170.0,27170.0,25615.0,27170.0
2024-11-28,2024-11-29,6920,1.98,1.49,0.97,16585.0,16460.0,16690.0,16200.0,16440.0
2026-05-12,2026-05-13,6927,2.87,2.26,-1.53,1096.0,1080.0,1147.0,1074.0,1105.0
2026-07-08,2026-07-09,6928,1.56,1.54,-1.98,2725.0,2760.0,2864.0,2760.0,2858.0
2025-04-07,2025-04-08,6929,2.68,1.7,-0.08,2448.0,2547.0,2576.0,2506.0,2528.0
2024-08-08,2024-08-09,6941,2.74,1.83,-0.6,2636.0,2781.0,2875.0,2662.0,2710.0
2025-01-28,2025-01-29,6946,2.76,1.87,1.58,2123.0,2132.0,2154.0,2115.0,2123.0
2025-03-11,2025-03-12,6951,2.56,1.62,0.47,4722.0,4658.0,4745.0,4653.0,4725.0
2025-05-20,2025-05-21,6951,2.64,2.26,-0.61,4055.0,4055.0,4118.0,4038.0,4038.0
2025-05-30,2025-06-02,6951,1.64,1.59,0.65,4048.0,4011.0,4027.0,3981.0,3984.0
2025-04-07,2025-04-08,6952,1.9,1.81,-0.71,1047.0,1082.0,1101.5,1068.5,1074.5
2024-09-09,2024-09-10,6958,2.51,1.9,1.3,390.0,398.0,401.0,395.0,396.0
2025-04-03,2025-04-04,6958,1.94,1.77,0.0,381.0,365.0,367.0,342.0,352.0
2024-09-09,2024-09-10,6961,1.92,1.51,1.18,6010.0,6090.0,6160.0,5900.0,6010.0
2025-02-05,2025-02-06,6961,1.94,1.51,-2.0,4170.0,4185.0,4510.0,4180.0,4435.0
2025-04-03,2025-04-04,6961,2.22,1.57,2.57,4195.0,3915.0,4015.0,3640.0,3805.0
2025-04-03,2025-04-04,6962,2.44,2.26,0.0,530.0,516.0,520.0,492.0,500.0
2025-04-07,2025-04-08,6963,2.43,1.84,-1.08,1099.0,1150.0,1187.5,1127.0,1148.0
2025-03-11,2025-03-12,6965,2.87,1.73,1.3,1558.5,1538.0,1547.5,1519.0,1531.0
2025-03-27,2025-03-28,6966,1.54,1.44,-1.53,710.0,708.0,717.0,707.0,709.0
2025-04-04,2025-04-07,6981,2.58,1.78,-2.21,2102.0,1892.0,1928.0,1848.0,1863.5
2024-10-02,2024-10-03,6988,1.94,2.44,-0.58,2384.0,2457.5,2457.5,2368.5,2368.5
2025-04-04,2025-04-07,6988,2.49,1.68,-1.16,2520.5,2346.0,2394.5,2290.5,2325.0
2025-03-31,2025-04-01,6989,2.95,2.42,-1.66,1477.0,1499.0,1507.0,1490.0,1501.0
2025-04-03,2025-04-04,6989,1.89,2.19,-0.61,1460.0,1430.0,1439.0,1370.0,1418.0
2024-08-02,2024-08-05,6995,1.77,2.16,-0.37,1907.0,1827.0,1882.0,1689.0,1730.0
2024-07-30,2024-07-31,6996,2.38,1.94,-0.45,1105.0,1098.0,1111.0,1093.0,1108.0
2024-08-02,2024-08-05,6996,1.66,2.01,1.56,1039.0,1000.0,1002.0,877.0,899.0
2024-08-07,2024-08-08,6996,2.34,2.49,3.92,928.0,920.0,935.0,905.0,913.0
2025-04-07,2025-04-08,6996,1.88,1.48,-0.1,999.0,1051.0,1089.0,1047.0,1063.0
2024-08-08,2024-08-09,7003,2.04,1.64,2.42,1100.0,1160.0,1229.0,1088.0,1128.0
2025-04-04,2025-04-07,7004,1.52,1.54,-0.24,838.0,755.0,786.0,749.0,773.0
2025-04-07,2025-04-08,7004,2.36,1.55,2.38,773.0,803.0,832.0,803.0,811.0
2026-04-16,2026-04-17,7012,2.23,1.92,-2.12,3187.0,3190.0,3200.0,3061.0,3070.0
2025-04-09,2025-04-10,7013,1.77,1.75,-1.92,9429.0,10500.0,10500.0,9995.0,10315.0
2025-10-02,2025-10-03,7013,1.98,2.54,-1.11,2536.0,2538.0,2590.0,2532.0,2543.5
2026-02-04,2026-02-05,7033,2.37,1.59,-1.86,1265.0,1281.0,1309.0,1270.0,1295.0
2024-11-19,2024-11-20,7038,1.92,1.82,-2.1,745.0,758.0,764.0,728.0,740.0
2025-02-18,2025-02-19,7038,2.68,3.06,-0.89,666.0,665.0,678.0,655.0,665.0
2026-01-09,2026-01-13,7038,2.24,1.73,-0.35,567.0,569.0,574.0,561.0,571.0
2026-08-18,2026-08-19,7039,2.53,2.17,-0.86,1380.0,1380.0,1380.0,1347.0,1362.0
2024-12-19,2024-12-20,7048,1.96,1.49,0.0,272.0,271.0,276.0,266.0,266.0
2025-10-01,2025-10-02,7059,1.61,1.9,-2.07,1088.0,1085.0,1109.0,1072.0,1077.0
2026-05-26,2026-05-27,7059,2.86,2.31,-0.4,750.0,745.0,766.0,732.0,766.0
2025-07-03,2025-07-04,7061,2.87,1.81,-1.03,1059.0,1067.0,1074.0,1037.0,1037.0
2025-12-19,2025-12-22,7061,1.84,1.44,-2.16,1085.0,1080.0,1089.0,1045.0,1062.0
2025-12-24,2025-12-25,7061,1.72,1.73,-0.28,1064.0,1078.0,1103.0,1070.0,1100.0
2026-03-13,2026-03-16,7061,2.77,1.94,0.39,780.0,770.0,782.0,760.0,768.0
2026-05-26,2026-05-27,7061,1.96,2.29,0.47,636.0,630.0,646.0,630.0,645.0
2025-04-09,2025-04-10,7066,1.89,2.18,2.72,528.0,588.0,603.0,567.0,587.0
2026-03-30,2026-03-31,7068,1.93,1.58,-1.0,493.0,492.0,517.0,484.0,508.0
2025-01-14,2025-01-15,7071,1.53,1.56,0.32,626.0,635.0,654.0,634.0,643.0
2025-04-03,2025-04-04,7071,2.25,1.98,1.43,426.0,421.0,429.0,407.0,415.0
2025-07-02,2025-07-03,7082,1.57,2.04,1.92,1061.0,1061.0,1088.0,1051.0,1065.0
2025-11-05,2025-11-06,7082,2.31,1.49,0.0,1222.0,1230.0,1237.0,1209.0,1225.0
2026-02-17,2026-02-18,7082,2.87,1.41,-1.06,746.0,757.0,784.0,737.0,773.0
2024-12-02,2024-12-03,7095,2.19,2.07,-0.79,2512.0,2562.0,2638.0,2540.0,2638.0
2025-12-03,2025-12-04,7095,2.28,1.55,-2.25,1696.0,1700.0,1764.0,1700.0,1763.0
2025-06-05,2025-06-06,7096,2.71,2.01,-1.61,1036.0,1036.0,1036.0,1006.0,1020.0
2025-06-06,2025-06-09,7096,1.99,1.91,-1.54,1020.0,1016.0,1023.0,998.0,1005.0
2025-04-07,2025-04-08,7128,2.87,1.67,-1.02,2029.0,2104.0,2184.0,2104.0,2138.0
2025-12-25,2025-12-26,7148,1.98,1.88,-2.22,1854.0,1864.0,1905.0,1851.0,1880.0
2025-02-27,2025-02-28,7157,2.83,1.73,-1.23,1680.0,1680.0,1687.0,1653.0,1662.0
2026-05-07,2026-05-08,7157,1.5,2.18,-1.14,1822.0,1816.0,1825.0,1784.0,1800.0
2024-07-19,2024-07-22,7177,2.39,2.59,-1.58,684.0,680.0,681.0,668.0,676.0
2024-07-25,2024-07-26,7177,1.73,1.93,-1.22,646.0,647.0,649.0,636.0,636.0
2026-04-02,2026-04-03,7181,1.62,1.73,-2.05,1623.0,1627.0,1637.0,1606.0,1619.5
2024-08-05,2024-08-06,7186,2.56,2.2,-2.08,704.9,743.9,846.1,690.8,715.6
2025-04-07,2025-04-08,7186,2.38,1.45,3.38,723.9,766.2,799.9,760.6,787.7
2025-03-11,2025-03-12,7189,2.66,1.74,1.24,1873.0,1876.0,1946.0,1873.0,1931.0
2025-04-07,2025-04-08,7189,2.58,1.41,-0.19,1595.0,1675.0,1768.0,1668.0,1736.0
2025-10-09,2025-10-10,7196,2.39,1.53,-0.94,735.0,734.0,746.0,734.0,746.0
2025-02-25,2025-02-26,7199,1.72,1.5,1.3,2179.0,2168.0,2190.0,2122.0,2156.0
2024-08-02,2024-08-05,7201,1.9,1.5,-1.76,442.1,405.0,412.7,377.3,378.1
2025-04-07,2025-04-08,7201,2.86,1.58,-0.77,309.6,321.1,343.5,321.1,334.9
2026-03-19,2026-03-23,7202,2.75,1.72,-2.36,2342.5,2296.0,2305.5,2247.5,2280.5
2024-07-31,2024-08-01,7203,1.71,1.86,0.68,2949.0,2901.0,2912.0,2698.0,2699.0
2026-05-11,2026-05-12,7203,2.5,1.72,2.5,2870.0,2831.0,2886.5,2820.0,2843.0
2025-04-07,2025-04-08,7211,1.96,1.43,4.23,347.2,362.4,381.9,361.1,368.5
2024-12-23,2024-12-24,7213,1.96,2.04,-1.49,462.0,461.0,471.0,458.0,464.0
2025-02-10,2025-02-12,7220,2.76,1.52,3.31,2873.0,2967.0,3375.0,2899.0,3375.0
2024-08-05,2024-08-06,7222,2.01,1.7,-1.3,833.0,848.0,939.0,848.0,925.0
2025-04-07,2025-04-08,7224,2.55,1.54,0.88,1146.0,1200.0,1293.0,1196.0,1293.0
2025-04-09,2025-04-10,7224,2.06,2.08,-1.16,1189.0,1320.0,1320.0,1263.0,1282.0
2026-04-27,2026-04-28,7226,2.54,1.79,-1.51,2681.0,2667.0,2720.0,2663.0,2720.0
2026-05-27,2026-05-28,7226,2.05,1.66,-1.27,2177.0,2185.0,2217.0,2167.0,2191.0
2026-03-30,2026-03-31,7235,2.99,2.14,-0.45,1315.0,1301.0,1327.0,1294.0,1296.0
2025-04-07,2025-04-08,7240,2.36,1.45,-0.05,1828.5,1887.0,1945.0,1871.0,1901.0
2024-08-02,2024-08-05,7241,2.06,1.69,-0.56,704.0,669.0,669.0,569.0,589.0
2024-12-06,2024-12-09,7242,1.65,1.82,-0.31,2542.0,2550.0,2629.0,2550.0,2601.0
2025-04-07,2025-04-08,7242,2.19,1.58,3.32,2583.0,2633.0,2754.0,2633.0,2698.0
2024-08-07,2024-08-08,7245,2.16,2.42,1.86,492.0,494.0,514.0,492.0,501.0
2024-08-02,2024-08-05,7246,1.98,1.47,-1.7,577.0,520.0,532.0,486.0,486.0
2024-08-07,2024-08-08,7246,1.6,1.54,2.66,540.0,520.0,533.0,518.0,526.0
2024-08-08,2024-08-09,7246,2.03,2.16,1.15,526.0,546.0,575.0,546.0,568.0
2024-09-27,2024-09-30,7259,1.96,2.16,1.09,1673.0,1588.5,1602.5,1576.0,1577.0
2024-10-02,2024-10-03,7259,1.5,1.55,1.04,1596.5,1628.0,1641.5,1607.5,1613.5
2024-10-08,2024-10-09,7259,2.19,1.64,-1.83,1584.5,1599.0,1607.0,1574.5,1579.5
2025-04-07,2025-04-08,7259,2.22,1.5,4.88,1365.5,1400.0,1504.0,1400.0,1469.0
2024-08-01,2024-08-02,7261,2.69,1.88,-2.47,1302.0,1250.0,1293.5,1229.0,1260.0
2024-08-02,2024-08-05,7261,1.81,1.49,0.8,1260.0,1185.0,1186.0,1025.0,1048.5
2024-09-17,2024-09-18,7261,2.17,1.45,-0.29,1037.0,1059.5,1078.5,1050.5,1074.5
2025-04-03,2025-04-04,7261,2.63,2.44,0.88,873.0,843.0,848.0,793.9,820.8
2025-04-07,2025-04-08,7261,2.16,1.91,2.71,766.2,804.6,842.0,804.6,834.2
2026-03-09,2026-03-10,7261,1.67,1.46,1.57,1134.0,1154.0,1170.0,1145.0,1159.0
2024-08-02,2024-08-05,7266,2.94,3.04,-1.87,576.0,556.0,556.0,491.0,506.0
2024-08-02,2024-08-05,7269,2.94,1.57,-1.13,1616.0,1480.5,1528.5,1300.0,1346.5
2025-04-07,2025-04-08,7269,2.94,1.99,3.94,1570.5,1571.0,1619.0,1542.5,1563.0
2026-03-13,2026-03-16,7269,2.44,1.63,0.18,1963.5,1935.0,1945.0,1891.0,1900.0
2024-08-01,2024-08-02,7270,2.4,1.72,-0.04,2815.5,2715.5,2734.0,2634.5,2666.5
2026-06-08,2026-06-09,7279,2.15,1.7,-0.78,2159.0,2188.0,2205.0,2153.0,2189.0
2025-04-07,2025-04-08,7280,2.51,1.4,1.95,678.0,717.0,759.0,717.0,740.0
2026-03-19,2026-03-23,7283,1.52,1.61,-1.96,1901.0,1832.0,1853.0,1797.0,1853.0
2026-04-30,2026-05-01,7283,2.79,2.16,-0.97,1739.0,1741.0,1760.0,1712.0,1750.0
2024-11-13,2024-11-14,7287,2.32,2.07,-1.51,1044.0,1047.0,1061.0,1031.0,1031.0
2025-05-28,2025-05-29,7294,2.49,1.98,-1.64,898.0,898.0,901.0,893.0,901.0
2024-12-13,2024-12-16,7299,2.29,2.67,0.0,1075.0,1075.0,1079.0,1070.0,1073.0
2025-09-30,2025-10-01,7305,2.69,2.57,-1.39,4980.0,4980.0,4980.0,4875.0,4885.0
2024-09-11,2024-09-12,7313,2.54,1.99,-1.76,1735.0,1768.0,1775.0,1750.5,1766.5
2025-04-07,2025-04-08,7313,2.84,1.44,3.92,1457.0,1487.0,1543.5,1485.0,1511.5
2025-02-17,2025-02-18,7317,2.92,4.8,-1.59,683.0,683.0,698.0,683.0,692.0
2024-09-09,2024-09-10,7322,1.72,2.02,1.49,1708.0,1700.0,1717.0,1695.0,1697.0
2024-09-11,2024-09-12,7322,2.24,2.12,-1.07,1658.0,1679.0,1694.0,1658.0,1672.0
2025-04-07,2025-04-08,7322,2.82,1.52,0.0,1820.0,1986.0,2091.0,1986.0,2028.0
2024-09-27,2024-09-30,7327,2.35,1.85,0.13,2383.0,2383.0,2422.0,2336.0,2351.0
2024-10-08,2024-10-09,7327,1.61,1.49,-2.07,2409.0,2420.0,2442.0,2382.0,2382.0
2024-12-24,2024-12-25,7347,2.73,1.49,-0.86,807.0,811.0,815.0,801.0,806.0
2024-12-25,2024-12-26,7347,2.46,1.6,-0.62,806.0,811.0,811.0,803.0,808.0
2026-02-17,2026-02-18,7347,2.28,1.58,-2.01,730.0,733.0,737.0,723.0,726.0
2025-04-04,2025-04-07,7352,1.99,2.23,0.36,829.0,724.0,771.0,695.0,740.0
2025-04-07,2025-04-08,7352,1.69,1.73,2.21,740.0,800.0,836.0,779.0,804.0
2025-07-16,2025-07-17,7352,1.56,1.52,-0.89,887.0,882.0,916.0,877.0,889.0
2024-10-02,2024-10-03,7359,2.02,1.66,-2.46,317.0,322.0,343.0,320.0,337.0
2025-04-09,2025-04-10,7361,2.5,2.09,2.15,1043.0,1127.0,1130.0,1056.0,1096.0
2024-12-16,2024-12-17,7366,2.12,1.65,1.28,873.0,880.0,892.0,865.0,881.0
2025-01-16,2025-01-17,7373,2.9,1.79,-1.44,1775.0,1756.0,1835.0,1740.0,1831.0
2026-03-04,2026-03-05,7373,2.77,1.6,-0.11,1748.0,1775.0,1830.0,1774.0,1811.0
2026-04-22,2026-04-23,7373,2.14,2.22,0.76,1320.0,1307.0,1320.0,1250.0,1252.0
2026-04-24,2026-04-27,7373,2.26,1.66,-0.16,1250.0,1242.0,1259.0,1217.0,1221.0
2026-07-15,2026-07-16,7373,1.84,1.99,0.1,1001.0,1003.0,1044.0,1001.0,1018.0
2026-08-26,2026-08-27,7376,2.97,1.65,-1.14,780.0,765.0,863.0,746.0,819.0
2025-09-19,2025-09-22,7378,1.87,2.11,-1.6,1536.0,1576.0,1587.0,1526.0,1526.0
2025-04-07,2025-04-08,7381,2.38,1.54,0.0,4380.0,4520.0,4915.0,4520.0,4820.0
2026-02-02,2026-02-03,7383,2.31,1.94,-1.27,466.0,474.0,474.0,454.0,457.0
2026-03-23,2026-03-24,7383,2.37,1.43,-0.6,333.0,341.0,359.0,330.0,358.0
2024-12-20,2024-12-23,7384,2.7,2.14,-1.36,1666.0,1674.0,1735.0,1669.0,1724.0
2025-04-07,2025-04-08,7384,1.9,1.53,1.05,1351.0,1411.0,1479.0,1411.0,1452.0
2025-04-04,2025-04-07,7389,2.57,1.66,-1.79,2472.0,2188.0,2341.0,2172.0,2262.0
2025-04-07,2025-04-08,7389,2.1,1.72,3.38,2262.0,2375.0,2496.0,2370.0,2452.0
2025-11-04,2025-11-05,7419,1.51,1.74,0.72,1126.0,1127.0,1144.0,1113.0,1130.0
2026-02-02,2026-02-03,7419,1.67,1.52,0.0,1072.0,1064.0,1075.0,1060.0,1064.0
2025-01-15,2025-01-16,7421,1.59,1.73,-0.42,1435.0,1438.0,1455.0,1417.0,1418.0
2025-01-17,2025-01-20,7421,1.56,2.55,-1.84,1387.0,1386.0,1398.0,1370.0,1387.0
2024-12-20,2024-12-23,7433,2.27,1.97,-1.08,4135.0,4130.0,4135.0,4065.0,4120.0
2025-04-07,2025-04-08,7433,2.3,1.88,1.63,3435.0,3610.0,3770.0,3610.0,3710.0
2025-02-20,2025-02-21,7447,1.5,1.68,-0.11,1794.0,1787.0,1795.0,1761.0,1778.0
2025-02-25,2025-02-26,7447,2.89,2.27,1.61,1769.0,1755.0,1793.0,1748.0,1790.0
2025-04-07,2025-04-08,7456,2.45,1.49,6.68,2891.0,2989.0,3145.0,2989.0,3095.0
2025-02-28,2025-03-03,7458,1.75,1.55,-1.18,1595.5,1603.0,1624.0,1603.0,1619.5
2024-07-25,2024-07-26,7463,2.83,1.64,0.56,905.0,906.0,908.0,901.0,902.0
2025-01-09,2025-01-10,7476,2.12,2.06,-1.61,2346.5,2342.0,2366.0,2332.5,2340.5
2024-08-07,2024-08-08,7494,2.33,2.2,0.42,238.0,236.0,239.0,234.0,234.0
2025-02-13,2025-02-14,7504,2.04,2.09,-0.43,2092.0,2094.0,2112.0,2087.0,2087.0
2025-01-16,2025-01-17,7512,2.21,2.29,-2.21,841.0,840.0,844.0,834.0,840.0
2025-01-17,2025-01-20,7512,2.08,1.99,0.0,840.0,840.0,855.0,835.0,852.0
2025-02-20,2025-02-21,7512,2.86,2.19,-1.51,847.0,847.0,853.0,844.0,851.0
2024-08-08,2024-08-09,7520,2.31,2.45,-0.6,1990.0,2030.0,2030.0,1970.0,2003.0
2025-10-15,2025-10-16,7532,1.74,1.45,-0.38,956.3,950.0,954.2,931.9,931.9
2025-04-03,2025-04-04,7537,2.69,2.42,0.43,943.0,913.0,919.0,848.0,862.0
2026-01-08,2026-01-09,7552,2.37,2.34,-1.65,2929.0,2941.0,2950.0,2892.0,2904.0
2026-01-09,2026-01-13,7552,1.73,1.75,-1.26,2904.0,2924.0,2940.0,2880.0,2936.0
2024-08-01,2024-08-02,7561,2.05,2.14,-2.36,744.0,707.0,714.0,700.0,714.0
2026-04-13,2026-04-14,7581,1.85,1.63,0.0,5500.0,5500.0,5510.0,5270.0,5340.0
2024-11-05,2024-11-06,7595,2.09,2.06,-1.35,4755.0,4800.0,4840.0,4665.0,4685.0
2026-04-30,2026-05-01,7595,1.69,1.64,-0.66,1346.0,1340.0,1346.0,1335.0,1338.0
2025-04-07,2025-04-08,7599,2.58,1.71,3.77,1046.0,1076.0,1125.0,1076.0,1124.0
2026-03-02,2026-03-03,7608,2.4,1.88,1.89,917.0,912.0,912.0,867.0,868.0
2024-07-04,2024-07-05,7611,2.85,1.92,-0.91,2925.0,2908.0,2958.0,2908.0,2950.0
2024-08-05,2024-08-06,7611,2.58,1.8,-1.46,2489.0,2639.0,2706.0,2573.0,2674.0
2026-01-29,2026-01-30,7628,2.84,1.77,-1.3,1136.0,1136.0,1152.0,1134.0,1145.0
2026-09-02,2026-09-03,7649,2.7,1.97,-1.78,1298.0,1316.5,1333.5,1295.0,1332.0
2025-01-14,2025-01-15,7685,2.86,1.92,-0.92,2596.0,2546.0,2627.0,2525.0,2627.0
2025-04-07,2025-04-08,7701,2.51,1.51,0.44,3436.0,3497.0,3500.0,3420.0,3446.0
2024-08-09,2024-08-13,7711,1.87,2.12,1.78,1318.0,1367.0,1390.0,1318.0,1351.0
2025-01-15,2025-01-16,7715,2.47,1.67,-1.32,2169.0,2174.0,2198.0,2141.0,2166.0
2025-01-16,2025-01-17,7715,1.74,1.67,-0.37,2166.0,2137.0,2162.0,2114.0,2152.0
2025-01-17,2025-01-20,7715,1.6,1.69,0.7,2152.0,2188.0,2322.0,2186.0,2304.0
2024-11-19,2024-11-20,7716,1.87,2.28,-0.58,2232.0,2244.0,2273.0,2216.0,2222.0
2025-04-17,2025-04-18,7716,2.03,2.04,-1.11,1778.0,1786.0,1813.0,1784.0,1812.0
2024-10-22,2024-10-23,7725,2.3,2.07,-2.33,1088.0,1077.0,1087.0,1069.0,1073.0
2024-09-09,2024-09-10,7729,2.85,1.67,3.45,6807.0,6873.0,7040.0,6734.0,6906.0
2025-04-07,2025-04-08,7729,2.77,1.44,0.97,6372.0,6853.0,7124.0,6821.0,6925.0
2025-01-14,2025-01-15,7730,1.51,2.07,-1.44,1508.0,1502.0,1503.0,1466.0,1466.0
2025-02-28,2025-03-03,7733,2.97,2.03,-0.87,2047.0,2055.0,2066.5,2032.0,2066.5
2026-02-18,2026-02-19,7733,1.9,1.66,-1.45,1525.5,1539.0,1556.5,1532.5,1548.0
2024-08-08,2024-08-09,7734,1.53,1.93,4.62,3620.0,3755.0,3820.0,3670.0,3820.0
2025-11-21,2025-11-25,7734,2.79,1.68,-0.81,3075.0,3125.0,3130.0,3070.0,3090.0
2025-04-07,2025-04-08,7735,2.45,1.66,-2.09,7908.0,8508.0,8927.0,8476.0,8770.0
2024-07-02,2024-07-03,7740,1.82,1.72,-1.07,4170.0,4150.0,4190.0,4090.0,4190.0
2024-11-01,2024-11-05,7740,2.89,1.9,-2.02,4125.0,4210.0,4295.0,4160.0,4275.0
2025-07-01,2025-07-02,7740,2.63,2.1,-0.12,864.0,853.0,868.0,847.0,862.0
2025-02-19,2025-02-20,7741,2.34,1.53,-0.3,18565.0,18165.0,18320.0,18115.0,18200.0
2025-04-07,2025-04-08,7741,2.2,1.66,-1.78,14615.0,14915.0,15345.0,14850.0,15065.0
2024-09-17,2024-09-18,7745,2.62,1.71,-2.29,2089.0,2104.0,2122.0,2069.0,2102.0
2025-11-21,2025-11-25,7745,2.32,1.49,0.82,1712.0,1750.0,1751.0,1711.0,1717.0
2026-01-29,2026-01-30,7747,2.64,1.44,-0.14,2578.0,2604.5,2606.5,2545.0,2570.0
2026-02-06,2026-02-09,7747,2.33,1.75,-0.75,2531.0,2581.0,2589.0,2536.0,2551.5
2026-09-04,2026-09-07,7747,2.75,1.49,1.53,3521.0,3488.0,3520.0,3422.0,3422.0
2025-04-04,2025-04-07,7762,2.7,1.54,-1.23,801.0,740.0,759.0,726.0,745.0
2025-04-07,2025-04-08,7762,2.5,1.62,0.68,745.0,775.0,800.0,775.0,787.0
2024-08-07,2024-08-08,7774,2.62,2.22,6.21,513.0,495.0,510.0,484.0,500.0
2025-10-01,2025-10-02,7780,1.64,1.53,-2.22,1102.0,1098.0,1118.0,1090.0,1117.0
2025-09-05,2025-09-08,7794,2.77,1.46,-2.08,470.0,477.0,487.0,475.0,487.0
2024-07-05,2024-07-08,7818,2.09,1.97,-1.85,1806.0,1811.0,1820.0,1795.0,1796.0
2024-07-10,2024-07-11,7818,2.47,1.44,-0.06,1792.0,1778.0,1790.0,1755.0,1787.0
2024-07-11,2024-07-12,7818,2.43,2.23,0.51,1787.0,1627.0,1715.0,1607.0,1695.0
2025-01-07,2025-01-08,7818,2.28,1.6,-1.4,2045.0,2015.0,2057.0,2015.0,2030.0
2025-09-05,2025-09-08,7818,1.7,1.48,0.85,1183.0,1189.0,1200.0,1180.0,1191.0
2024-06-27,2024-06-28,7821,2.61,2.89,-0.66,1655.0,1640.0,1703.0,1637.0,1691.0
2024-07-01,2024-07-02,7821,2.84,2.03,0.24,1678.0,1673.0,1690.0,1664.0,1670.0
2025-07-01,2025-07-02,7821,2.27,1.66,-2.13,1840.0,1826.0,1858.0,1817.0,1838.0
2025-08-14,2025-08-15,7821,1.51,1.92,-2.09,1783.0,1760.0,1790.0,1753.0,1785.0
2025-04-07,2025-04-08,7826,2.86,1.97,-0.24,2045.0,2169.0,2250.0,2159.0,2210.0
2025-04-07,2025-04-08,7832,2.63,1.54,-1.57,4402.0,4553.0,4715.0,4546.0,4612.0
2025-03-11,2025-03-12,7839,2.63,2.02,-0.44,1810.0,1820.0,1826.0,1804.0,1814.0
2025-04-03,2025-04-04,7839,2.61,1.87,1.06,1628.0,1588.0,1591.0,1540.0,1563.0
2025-04-04,2025-04-07,7839,1.81,1.45,-1.57,1563.0,1461.0,1497.0,1428.0,1458.0
2025-04-04,2025-04-07,7844,1.96,1.93,-1.33,445.0,410.0,412.0,399.0,399.0
2024-08-08,2024-08-09,7846,2.99,2.29,-1.45,4024.0,4099.0,4203.0,4039.0,4196.0
2025-04-07,2025-04-08,7846,2.54,1.47,-1.43,3733.0,3845.0,3885.0,3820.0,3873.0
2024-08-09,2024-08-13,7860,2.44,2.1,-2.23,1271.0,1275.0,1288.0,1255.0,1273.0
2026-02-25,2026-02-26,7864,1.53,1.55,-0.18,2764.0,2807.0,2899.0,2804.0,2823.0
2026-04-30,2026-05-01,7864,2.88,2.08,-2.33,2476.0,2490.0,2521.0,2460.0,2511.0
2025-09-19,2025-09-22,7867,2.69,1.56,-1.11,3126.0,3140.0,3189.0,3139.0,3155.0
2026-04-30,2026-05-01,7874,2.7,1.74,0.88,1034.0,1036.0,1047.0,1034.0,1043.0
2026-05-26,2026-05-27,7874,1.53,1.65,-1.76,895.0,891.0,903.0,887.0,899.0
2024-09-09,2024-09-10,7888,1.91,1.56,1.11,548.0,550.0,550.0,538.0,539.0
2024-09-27,2024-09-30,7912,2.09,1.42,0.91,2650.0,2550.0,2589.5,2501.0,2552.0
2024-10-11,2024-10-15,7912,2.14,1.71,-1.47,2639.5,2654.0,2693.0,2641.0,2661.5
2025-04-03,2025-04-04,7914,2.17,3.52,-0.8,986.0,957.0,962.0,900.0,922.0
2025-04-07,2025-04-08,7914,2.97,2.75,1.18,860.0,885.0,944.0,885.0,939.0
2025-04-03,2025-04-04,7915,1.8,1.56,-0.54,1287.0,1259.0,1271.0,1195.0,1222.0
2025-10-08,2025-10-09,7917,2.02,2.73,-1.42,1113.0,1104.0,1110.0,1094.0,1101.0
2026-05-08,2026-05-11,7925,2.91,1.51,-1.21,1880.0,1851.0,1888.0,1851.0,1869.0
2026-05-11,2026-05-12,7925,1.56,1.69,0.97,1869.0,1870.0,1909.0,1870.0,1875.0
2026-05-14,2026-05-15,7925,2.26,1.77,-1.14,1815.0,1815.0,1839.0,1815.0,1832.0
2025-04-07,2025-04-08,7936,2.26,1.43,2.0,2675.0,3025.0,3034.0,2831.5,2910.0
2025-02-03,2025-02-04,7940,2.45,2.77,-0.78,636.0,642.0,649.0,631.0,645.0
2024-08-05,2024-08-06,7943,2.21,2.44,-2.15,3185.0,3190.0,3410.0,3190.0,3335.0
2025-04-07,2025-04-08,7944,2.48,2.04,-1.18,2846.0,2946.0,3070.0,2942.0,3015.0
2025-04-09,2025-04-10,7944,1.67,2.27,-1.83,2849.0,3120.0,3130.0,3045.0,3050.0
2026-03-25,2026-03-26,7946,2.58,3.38,3.25,635.0,625.0,626.0,575.0,576.0
2025-06-20,2025-06-23,7947,2.11,1.89,-0.57,2629.0,2610.0,2636.0,2601.0,2603.0
2025-04-07,2025-04-08,7951,2.4,1.44,-0.08,959.2,996.8,1028.5,985.6,1007.0
2025-02-21,2025-02-25,7965,2.8,1.66,-0.78,1518.0,1492.0,1509.0,1480.0,1498.0
2025-04-07,2025-04-08,7966,2.18,1.85,0.81,2379.0,2479.0,2556.0,2460.0,2555.0
2025-04-09,2025-04-10,7966,1.56,1.87,-0.08,2466.0,2648.0,2667.0,2593.0,2610.0
2025-04-04,2025-04-07,7970,2.94,1.82,-1.42,1389.0,1269.0,1315.0,1246.0,1283.0
2024-08-01,2024-08-02,7974,2.72,1.48,0.21,8105.0,7980.0,8079.0,7900.0,7915.0
2024-08-02,2024-08-05,7974,2.64,1.45,-0.81,7915.0,7165.0,7196.0,6520.0,6607.0
2025-12-19,2025-12-22,7974,1.97,1.6,-2.47,10650.0,10650.0,10675.0,10245.0,10245.0
2026-02-06,2026-02-09,7974,2.0,2.05,-1.27,8441.0,8650.0,8715.0,8537.0,8662.0
2026-05-07,2026-05-08,7974,2.43,1.77,-0.58,7404.0,7664.0,7837.0,7568.0,7667.0
2024-08-02,2024-08-05,7976,1.64,1.45,0.53,2092.0,1999.0,1999.0,1809.0,1921.0
2024-08-05,2024-08-06,7979,2.89,2.19,0.79,3820.0,4100.0,4265.0,4065.0,4175.0
2026-05-07,2026-05-08,7984,2.11,2.35,0.25,802.0,802.6,814.5,792.0,812.1
2026-05-20,2026-05-21,7988,1.65,2.47,-1.87,4048.0,4115.0,4154.0,4034.0,4118.0
2025-04-07,2025-04-08,7991,2.15,1.92,4.58,1187.0,1231.0,1340.0,1223.0,1296.0
2024-09-11,2024-09-12,8002,2.38,1.83,-1.39,2192.0,2251.0,2272.5,2237.0,2252.5
2024-07-25,2024-07-26,8005,2.12,1.56,0.1,1001.0,1001.0,1013.0,994.0,999.0
2025-04-07,2025-04-08,8005,1.86,1.48,1.78,913.0,956.0,980.0,956.0,971.0
2024-07-09,2024-07-10,8007,2.43,1.88,-0.3,999.0,1000.0,1004.0,995.0,1004.0
2025-09-30,2025-10-01,8007,2.39,1.48,-1.8,818.0,815.0,816.0,789.0,791.0
2025-02-25,2025-02-26,8011,1.69,1.65,-0.36,2784.0,2775.0,2800.0,2764.0,2781.0
2024-06-27,2024-06-28,8015,2.83,1.83,-1.33,3119.0,3128.0,3143.0,3108.0,3132.0
2024-07-12,2024-07-16,8015,1.78,1.67,-1.92,3165.0,3171.0,3212.0,3166.0,3188.0
2025-04-04,2025-04-07,8015,1.61,1.53,-0.67,2301.5,2101.5,2201.5,2072.0,2121.5
2025-04-07,2025-04-08,8015,2.05,1.52,0.95,2121.5,2221.5,2308.5,2215.5,2267.0
2025-02-19,2025-02-20,8016,2.01,1.69,-1.93,560.0,558.0,560.0,552.0,554.0
2024-07-24,2024-07-25,8018,1.98,2.15,-1.41,697.0,698.0,698.0,664.0,666.0
2024-07-09,2024-07-10,8022,1.86,1.72,-0.13,7490.0,7500.0,7510.0,7380.0,7450.0
2025-04-03,2025-04-04,8022,1.77,2.7,-1.19,2482.0,2388.0,2423.0,2283.0,2342.0
2025-04-04,2025-04-07,8022,1.75,2.25,-1.93,2342.0,2092.0,2256.0,2077.0,2170.0
2024-07-03,2024-07-04,8031,1.57,1.76,-0.53,3746.0,3767.0,3863.0,3756.0,3851.0
2025-02-19,2025-02-20,8031,2.53,1.53,-1.5,2722.0,2739.0,2763.5,2717.0,2720.5
2026-06-12,2026-06-15,8031,2.74,1.48,0.85,4886.0,4844.0,4988.0,4831.0,4838.0
2026-06-19,2026-06-22,8031,2.92,2.0,0.34,4716.0,4651.0,4755.0,4641.0,4739.0
2024-07-25,2024-07-26,8035,1.85,1.61,0.17,29010.0,28510.0,28635.0,27550.0,27625.0
2024-08-02,2024-08-05,8035,2.11,1.53,-1.04,27055.0,24830.0,25500.0,22055.0,22055.0
2025-02-26,2025-02-27,8035,2.91,1.6,-0.67,22945.0,23350.0,23395.0,22970.0,23155.0
2025-04-07,2025-04-08,8035,2.68,1.78,3.02,17060.0,17720.0,18865.0,17680.0,18550.0
2025-03-05,2025-03-06,8043,2.09,1.97,-0.76,2725.0,2749.0,2769.0,2744.0,2768.0
2026-04-13,2026-04-14,8046,2.87,1.66,-1.71,1032.0,1060.0,1060.0,1016.0,1021.0
2026-04-24,2026-04-27,8046,2.79,1.47,-2.1,932.0,945.0,945.0,908.0,940.0
2026-05-11,2026-05-12,8046,1.75,1.57,-0.33,906.0,920.0,940.0,905.0,905.0
2024-08-07,2024-08-08,8050,2.16,2.55,-0.54,3650.0,3510.0,3725.0,3500.0,3670.0
2025-04-07,2025-04-08,8050,2.51,1.45,3.9,3330.0,3540.0,3760.0,3540.0,3625.0
2026-03-23,2026-03-24,8052,2.89,2.18,-0.51,2758.0,2817.0,2830.0,2792.0,2818.0
2025-10-02,2025-10-03,8056,2.95,1.64,-1.58,5872.0,5913.0,5951.0,5827.0,5843.0
2025-10-03,2025-10-06,8056,2.79,1.71,-1.18,5843.0,5929.0,6051.0,5876.0,5959.0
2026-01-22,2026-01-23,8057,2.23,2.09,0.19,2129.0,2134.0,2167.0,2120.0,2147.0
2025-04-04,2025-04-07,8059,2.91,1.72,-1.48,2060.0,1920.0,1958.0,1861.0,1930.0
2025-04-07,2025-04-08,8078,2.32,1.42,-0.73,4075.0,4285.0,4465.0,4285.0,4415.0
2026-04-02,2026-04-03,8078,1.94,2.57,-1.23,1601.0,1616.0,1627.0,1607.0,1626.0
2024-08-02,2024-08-05,8084,2.83,2.12,-1.84,2508.0,2458.0,2458.0,2165.0,2216.0
2025-02-03,2025-02-04,8088,2.44,1.58,-2.49,1648.0,1652.0,1663.5,1630.0,1630.0
2024-09-18,2024-09-19,8111,1.88,1.68,-2.02,7814.0,7848.0,7912.0,7777.0,7888.0
2025-10-02,2025-10-03,8111,2.58,2.03,-1.05,2447.0,2449.5,2502.5,2449.5,2492.5
2025-10-09,2025-10-10,8111,1.59,1.49,0.78,2600.0,2570.5,2600.0,2566.0,2569.5
2025-12-24,2025-12-25,8111,1.82,1.67,-2.39,2577.0,2585.0,2586.0,2535.0,2562.0
2025-12-30,2026-01-05,8111,1.84,1.54,-1.34,2509.5,2520.0,2585.0,2515.0,2563.0
2024-11-13,2024-11-14,8113,1.77,1.68,-0.83,3963.0,4017.0,4032.0,3957.0,3957.0
2025-11-19,2025-11-20,8117,2.32,2.88,-1.21,1710.0,1730.0,1752.0,1718.0,1744.0
2025-02-25,2025-02-26,8125,2.93,1.9,-0.12,1694.0,1700.0,1728.0,1700.0,1715.0
2026-06-01,2026-06-02,8125,2.03,1.73,-2.49,1648.0,1640.0,1640.0,1609.0,1626.0
2025-11-04,2025-11-05,8129,2.73,2.3,3.02,4735.0,4768.0,4803.0,4650.0,4697.0
2025-04-04,2025-04-07,8130,2.96,1.91,-1.77,2776.0,2639.0,2724.0,2608.0,2690.0
2026-04-30,2026-05-01,8131,2.83,2.01,-0.65,1995.0,2008.0,2020.0,1987.0,2012.0
2024-07-25,2024-07-26,8137,2.21,1.96,0.0,2126.0,2130.0,2132.0,2096.0,2112.0
2025-04-11,2025-04-14,8141,2.32,2.54,3.15,754.0,760.0,779.0,760.0,762.0
2024-07-30,2024-07-31,8142,2.62,1.44,-0.48,3095.0,3095.0,3210.0,3080.0,3200.0
2025-01-14,2025-01-15,8153,1.81,1.54,-1.69,3500.0,3500.0,3530.0,3500.0,3505.0
2025-04-04,2025-04-07,8154,2.74,2.12,-2.45,2427.0,2227.0,2287.0,2183.0,2231.0
2025-04-07,2025-04-08,8159,2.67,1.51,0.1,2043.0,2116.0,2170.0,2102.0,2151.0
2024-08-07,2024-08-08,8167,1.93,2.12,-1.27,1399.0,1352.0,1407.0,1350.0,1360.0
2024-08-08,2024-08-09,8167,2.58,2.59,0.59,1360.0,1386.0,1387.0,1350.0,1380.0
2025-11-04,2025-11-05,8179,1.82,2.06,-0.7,2543.0,2546.0,2568.0,2539.0,2550.0
2025-10-28,2025-10-29,8185,2.41,1.55,-2.19,983.0,985.0,988.0,967.0,967.0
2025-03-03,2025-03-04,8194,1.86,1.59,-0.39,1807.0,1820.0,1825.0,1802.0,1812.0
2026-05-26,2026-05-27,8194,2.63,1.61,-1.0,2376.0,2360.0,2387.0,2322.0,2379.0
2026-05-08,2026-05-11,8203,2.28,1.43,-0.71,695.0,695.0,701.0,695.0,699.0
2025-01-08,2025-01-09,8217,1.89,2.08,-1.63,843.0,836.0,843.0,832.0,836.0
2025-01-09,2025-01-10,8217,2.55,2.82,0.0,836.0,826.0,829.0,815.0,816.0
2025-01-15,2025-01-16,8217,2.9,2.5,0.99,815.0,801.0,809.0,792.0,795.0
2025-04-04,2025-04-07,8219,2.87,1.62,-1.13,1931.0,1771.0,1886.0,1764.0,1833.0
2026-02-24,2026-02-25,8227,2.39,2.07,1.12,3531.0,3536.0,3600.0,3505.0,3581.0
2026-03-09,2026-03-10,8227,1.51,1.7,2.26,3394.0,3352.0,3418.0,3341.0,3349.0
2025-04-04,2025-04-07,8233,2.98,2.09,-1.58,1089.0,1003.0,1057.0,999.3,1023.5
2025-04-07,2025-04-08,8237,1.97,2.15,2.3,935.0,965.0,1017.0,965.0,1008.0
2026-03-09,2026-03-10,8237,2.4,1.82,1.59,1922.0,1962.0,2016.0,1867.0,1877.0
2025-04-04,2025-04-07,8242,2.77,1.57,-1.96,1953.0,1758.0,1820.5,1752.0,1790.0
2025-04-07,2025-04-08,8242,2.7,1.87,1.82,1790.0,1865.0,1938.5,1864.0,1935.5
2025-06-02,2025-06-03,8244,2.96,1.56,-1.65,1790.0,1788.0,1794.0,1757.0,1782.0
2026-01-29,2026-01-30,8252,2.13,1.5,0.67,2994.0,2994.0,3033.0,2993.5,3026.0
2025-04-07,2025-04-08,8253,2.25,1.53,0.14,2853.5,2990.5,3131.0,2984.0,3092.0
2026-06-02,2026-06-03,8260,1.8,4.98,1.41,360.0,361.0,387.0,361.0,379.0
2025-10-16,2025-10-17,8273,2.94,1.8,-1.49,2935.5,2957.0,2974.0,2920.5,2958.5
2024-11-08,2024-11-11,8282,1.84,1.63,-0.75,1396.5,1391.0,1402.5,1381.5,1402.5
2025-04-03,2025-04-04,8304,2.32,1.61,-1.75,1963.0,1909.0,1923.0,1812.0,1843.0
2025-04-07,2025-04-08,8331,2.42,1.63,1.53,1029.5,1087.0,1138.5,1085.0,1125.5
2024-08-05,2024-08-06,8334,2.59,2.16,0.0,788.9,823.7,867.1,771.5,793.9
2025-04-07,2025-04-08,8334,2.83,1.62,-0.31,977.0,1027.0,1088.5,1021.0,1086.5
2025-04-07,2025-04-08,8343,2.53,1.59,-0.3,1981.0,2127.0,2210.0,2122.0,2187.0
2026-04-09,2026-04-10,8345,1.59,1.67,-1.57,1752.0,1789.0,1817.0,1785.0,1802.0
2024-09-09,2024-09-10,8359,1.86,1.51,-0.16,835.0,847.6,863.3,847.6,853.0
2025-04-07,2025-04-08,8367,2.44,1.44,0.53,3015.0,3225.0,3410.0,3220.0,3305.0
2025-04-07,2025-04-08,8368,1.85,1.44,1.79,568.0,612.0,629.0,607.0,614.0
2024-09-11,2024-09-12,8399,1.79,2.17,-1.19,996.0,1000.0,1025.0,1000.0,1016.0
2025-04-07,2025-04-08,8418,2.33,1.48,1.22,1326.0,1386.0,1447.5,1373.0,1437.5
2026-03-04,2026-03-05,8473,2.99,1.94,-1.17,2866.0,3001.0,3038.0,2970.5,2995.0
2025-04-07,2025-04-08,8522,2.65,1.53,-0.88,5610.0,6060.0,6320.0,6030.0,6200.0
2025-10-10,2025-10-14,8522,2.83,2.58,-2.41,3445.0,3380.0,3395.0,3295.0,3320.0
2025-10-14,2025-10-15,8522,2.33,1.4,-1.78,3320.0,3385.0,3435.0,3345.0,3425.0
2024-08-05,2024-08-06,8524,2.3,1.9,0.0,381.0,382.0,405.0,355.0,367.0
2025-04-07,2025-04-08,8550,2.6,1.63,1.69,240.0,253.0,268.0,253.0,260.0
2026-07-10,2026-07-13,8558,2.53,2.7,-2.38,1272.0,1279.0,1326.0,1279.0,1311.0
2025-04-07,2025-04-08,8570,2.5,1.46,0.41,1103.5,1151.0,1172.0,1150.0,1167.5
2025-04-11,2025-04-14,8570,2.28,1.56,2.05,1119.5,1133.0,1146.0,1125.5,1128.0
2025-04-04,2025-04-07,8585,2.54,1.46,-0.14,719.0,669.0,687.0,654.0,667.0
2025-04-07,2025-04-08,8585,2.45,1.52,-0.3,667.0,693.0,719.0,690.0,719.0
2026-06-08,2026-06-09,8585,2.1,1.47,1.47,828.0,835.0,867.0,835.0,848.0
2025-04-11,2025-04-14,8591,2.09,2.09,0.47,2672.5,2684.0,2724.5,2684.0,2705.0
2025-04-03,2025-04-04,8601,2.21,2.08,-0.72,928.1,900.0,908.5,845.1,872.2
2025-04-07,2025-04-08,8601,2.59,2.09,3.44,812.0,855.3,890.9,853.7,866.4
2024-08-05,2024-08-06,8604,2.79,2.1,-1.5,656.8,721.8,734.7,693.3,730.1
2025-04-07,2025-04-08,8604,2.54,1.87,4.38,705.6,750.6,790.3,750.0,759.0
2026-03-04,2026-03-05,8604,2.12,1.56,-1.77,1218.5,1271.0,1274.5,1228.5,1233.5
2024-07-30,2024-07-31,8622,2.42,2.22,0.2,508.0,501.0,514.0,494.0,514.0
2025-02-25,2025-02-26,8624,1.9,1.5,0.0,748.0,755.0,755.0,745.0,755.0
2025-04-04,2025-04-07,8628,2.37,1.79,-1.1,717.0,667.0,693.0,660.0,680.0
2025-04-07,2025-04-08,8630,2.05,1.42,1.56,3835.0,4100.0,4368.0,4100.0,4261.0
2024-07-31,2024-08-01,8697,2.97,2.02,2.42,3549.0,3548.0,3552.0,3401.0,3455.0
2025-06-30,2025-07-01,8697,2.21,2.08,-1.52,1460.5,1470.0,1564.0,1470.0,1540.5
2025-04-07,2025-04-08,8698,2.59,1.87,0.52,584.0,634.0,650.0,631.0,640.0
2025-10-31,2025-11-04,8698,1.91,1.68,-2.07,710.0,713.0,723.0,709.0,712.0
2025-04-07,2025-04-08,8706,2.96,1.47,5.61,1186.0,1261.0,1324.0,1261.0,1297.0
2025-04-07,2025-04-08,8707,2.7,1.63,2.94,1853.0,2001.0,2122.0,1999.0,2057.0
2025-04-04,2025-04-07,8708,1.51,1.54,-1.34,1327.0,1123.0,1196.0,1120.0,1160.0
2025-04-07,2025-04-08,8714,2.28,1.58,2.66,347.0,362.0,390.0,359.0,382.0
2025-09-24,2025-09-25,8715,1.77,1.53,-0.86,811.0,811.0,819.0,800.0,801.0
2025-04-04,2025-04-07,8725,1.51,1.64,-2.32,2844.0,2560.0,2661.0,2501.0,2576.5
2025-04-07,2025-04-08,8725,1.97,1.62,0.64,2576.5,2855.0,2892.0,2802.0,2858.5
2025-04-02,2025-04-03,8750,2.82,2.69,-0.58,1123.5,1043.0,1071.5,1036.0,1049.5
2025-10-01,2025-10-02,8750,1.7,1.46,-2.31,1122.5,1110.0,1119.0,1103.0,1107.5
2025-04-07,2025-04-08,8766,2.7,1.61,1.58,4502.0,4922.0,5145.0,4913.0,5076.0
2025-05-20,2025-05-21,8769,1.73,1.61,-1.0,595.0,601.0,602.0,589.0,589.0
2024-08-07,2024-08-08,8795,2.31,2.23,4.25,2195.5,2162.5,2216.0,2130.5,2162.5
2024-11-25,2024-11-26,8798,1.78,1.86,-1.74,678.0,678.0,679.0,652.0,661.0
2024-09-20,2024-09-24,8801,2.5,2.01,-2.38,1371.5,1393.5,1411.0,1381.0,1381.0
2024-08-05,2024-08-06,8802,2.69,2.0,-1.73,2072.5,2222.5,2350.0,2213.0,2277.0
2026-05-18,2026-05-19,8802,1.69,1.53,-2.2,3993.0,4028.0,4087.0,3970.0,4013.0
2025-06-27,2025-06-30,8803,1.98,1.56,-0.81,2211.0,2211.0,2220.0,2190.0,2190.0
2026-05-19,2026-05-20,8830,1.86,1.82,2.67,3955.0,3855.0,3913.0,3744.0,3748.0
2026-08-19,2026-08-20,8830,2.03,1.54,0.43,3274.0,3338.0,3384.0,3312.0,3384.0
2024-09-11,2024-09-12,8860,1.81,2.04,-2.2,668.0,681.0,686.0,674.0,684.0
2026-03-04,2026-03-05,8869,2.95,1.65,-2.02,1065.0,1107.0,1111.0,1085.0,1091.0
2025-04-04,2025-04-07,8897,2.51,2.07,-1.45,476.0,429.0,453.0,427.0,440.0
2025-04-07,2025-04-08,8897,2.76,1.71,2.56,440.0,470.0,484.0,467.0,474.0
2024-07-05,2024-07-08,8914,2.35,1.49,0.12,1728.0,1730.0,1758.0,1728.0,1747.0
2024-10-31,2024-11-01,8917,2.89,2.29,0.19,1036.0,1023.0,1036.0,1004.0,1009.0
2025-10-20,2025-10-21,8919,2.58,2.02,-1.88,2505.0,2520.0,2550.0,2511.0,2529.0
2025-04-04,2025-04-07,8920,2.7,1.67,-1.96,549.0,499.0,503.0,475.0,475.0
2025-12-09,2025-12-10,8929,2.33,1.76,-1.81,1684.0,1680.0,1705.0,1666.0,1698.0
2025-12-18,2025-12-19,8929,2.54,1.77,-0.58,1534.0,1531.0,1555.0,1520.0,1555.0
2026-04-15,2026-04-16,8931,2.92,3.11,-1.52,1424.0,1430.0,1450.0,1417.0,1433.0
2025-03-31,2025-04-01,8999,1.66,1.57,-1.83,537.0,543.0,543.0,535.0,538.0
2025-04-07,2025-04-08,9001,2.79,1.47,-0.83,2395.5,2444.0,2499.0,2409.5,2488.0
2025-02-26,2025-02-27,9003,2.93,2.51,-1.62,2242.0,2239.5,2263.0,2239.0,2253.5
2025-03-05,2025-03-06,9003,2.95,2.47,-0.19,2117.5,2129.5,2140.0,2120.5,2136.5
2026-04-23,2026-04-24,9005,1.71,1.64,-0.7,1705.0,1710.0,1717.0,1692.0,1692.0
2026-04-30,2026-05-01,9005,1.59,1.91,-0.09,1664.5,1667.0,1670.0,1643.0,1664.0
2025-05-21,2025-05-22,9008,2.07,1.56,0.03,3479.0,3469.0,3474.0,3445.0,3457.0
2026-04-09,2026-04-10,9008,2.06,1.55,-0.98,811.8,810.0,816.0,801.8,804.0
2026-04-30,2026-05-01,9008,2.04,1.56,-0.36,737.3,745.0,752.2,739.6,748.1
2025-01-15,2025-01-16,9009,2.03,1.89,-1.09,1409.5,1405.5,1440.5,1403.0,1416.5
2025-07-11,2025-07-14,9009,2.5,1.51,-0.16,1258.0,1255.0,1258.0,1242.0,1246.5
2026-06-02,2026-06-03,9021,2.88,1.47,-0.8,2485.0,2488.0,2511.0,2473.0,2496.0
2026-06-03,2026-06-04,9023,1.75,1.56,0.36,1387.0,1382.0,1386.5,1363.0,1370.0
2025-04-07,2025-04-08,9041,2.34,1.5,-0.5,2857.5,2920.0,2958.0,2904.5,2934.0
2025-05-19,2025-05-20,9041,2.81,1.86,-1.69,2910.0,2943.0,2943.0,2860.0,2868.5
2025-06-04,2025-06-05,9041,2.64,1.78,-1.12,2737.0,2730.0,2738.0,2707.0,2714.5
2025-11-18,2025-11-19,9041,2.97,1.89,-1.45,2794.0,2801.0,2835.5,2795.5,2835.0
2024-08-05,2024-08-06,9042,2.87,1.79,-1.33,3791.0,3980.0,4105.0,3947.0,4049.0
2026-03-19,2026-03-23,9042,2.71,1.51,-1.59,4150.0,4138.0,4199.0,4104.0,4174.0
2025-05-20,2025-05-21,9048,2.74,1.65,-1.83,1633.0,1637.0,1649.5,1636.0,1636.5
2025-11-14,2025-11-17,9048,2.17,2.39,-0.56,1595.5,1595.0,1600.5,1580.0,1588.5
2025-11-17,2025-11-18,9048,2.21,1.55,-0.41,1588.5,1586.0,1592.5,1575.0,1582.5
2025-11-18,2025-11-19,9048,1.54,1.59,-0.22,1582.5,1590.0,1602.0,1584.0,1597.0
2026-03-19,2026-03-23,9064,2.45,1.43,-2.18,1725.5,1718.5,1728.0,1697.0,1701.0
2026-01-14,2026-01-15,9067,2.79,2.14,-0.32,943.0,944.0,946.0,944.0,945.0
2024-09-27,2024-09-30,9072,1.72,1.67,2.91,1909.5,1869.5,1916.0,1854.0,1893.5
2025-04-03,2025-04-04,9101,2.23,1.69,-2.38,4637.0,4500.0,4573.0,4394.0,4545.0
2025-09-30,2025-10-01,9104,2.92,1.77,-0.9,4494.0,4504.0,4525.0,4401.0,4401.0
2025-10-01,2025-10-02,9104,1.55,1.45,-2.29,4401.0,4405.0,4436.0,4392.0,4406.0
2024-08-07,2024-08-08,9107,1.7,1.62,3.31,1953.5,1910.0,1985.0,1906.0,1932.0
2025-04-03,2025-04-04,9110,2.99,1.95,-1.05,3760.0,3590.0,3600.0,3460.0,3570.0
2024-09-11,2024-09-12,9119,2.18,1.55,-1.29,1148.0,1178.0,1188.0,1168.0,1182.0
2025-02-04,2025-02-05,9119,2.84,2.51,-0.93,1070.0,1076.0,1080.0,1056.0,1059.0
2025-04-03,2025-04-04,9119,2.74,1.83,-1.79,933.0,901.0,928.0,885.0,922.0
2025-01-17,2025-01-20,9142,1.5,1.5,-0.65,3651.0,3650.0,3665.0,3613.0,3639.0
2025-04-08,2025-04-09,9143,2.93,1.71,-0.68,1470.0,1444.0,1452.0,1408.5,1420.5
2025-10-09,2025-10-10,9143,1.82,1.62,0.61,1477.5,1466.0,1475.0,1448.5,1456.5
2026-02-17,2026-02-18,9145,1.66,1.47,0.79,762.0,760.0,760.0,745.0,755.0
2025-10-30,2025-10-31,9163,2.47,2.25,1.16,2266.0,2275.0,2281.0,2249.0,2259.0
2024-10-18,2024-10-21,9168,2.53,2.78,0.15,655.0,650.0,668.0,646.0,661.0
2024-12-25,2024-12-26,9168,2.54,1.94,-1.26,628.0,629.0,644.0,626.0,640.0
2025-08-26,2025-08-27,9168,2.78,1.96,-1.24,1033.0,1029.0,1047.0,1021.0,1036.0
2024-08-02,2024-08-05,9201,2.97,1.68,-1.51,2320.5,2230.0,2261.5,2088.0,2126.0
2025-10-06,2025-10-07,9201,1.63,1.47,-2.1,2888.0,2900.0,2956.0,2884.5,2952.0
2024-08-02,2024-08-05,9202,2.07,2.13,-0.86,2776.0,2701.0,2764.0,2596.5,2625.0
2026-04-28,2026-04-30,9202,1.91,1.74,-0.66,2629.0,2629.0,2651.0,2582.0,2601.5
2026-04-30,2026-05-01,9202,2.05,1.74,-1.05,2601.5,2639.5,2720.0,2623.0,2709.5
2025-02-14,2025-02-17,9204,1.99,2.2,-1.58,560.0,560.0,576.0,557.0,575.0
2025-11-19,2025-11-20,9211,1.86,2.14,-0.64,1558.0,1592.0,1612.0,1528.0,1544.0
2024-10-17,2024-10-18,9216,2.54,2.3,-1.3,1665.0,1678.0,1723.0,1667.0,1701.0
2024-11-27,2024-11-28,9216,1.75,2.09,-1.28,1468.0,1459.0,1500.0,1459.0,1481.0
2024-12-16,2024-12-17,9227,1.93,2.03,-2.33,586.0,580.0,591.0,580.0,586.0
2025-04-09,2025-04-10,9227,1.59,2.37,-1.5,395.0,434.0,443.0,418.0,418.0
2026-02-20,2026-02-24,9229,2.95,2.05,-2.49,274.0,271.0,271.0,253.0,253.0
2025-03-19,2025-03-21,9235,2.0,2.38,-1.99,492.0,492.0,502.0,490.0,496.0
2025-12-12,2025-12-15,9235,1.74,1.77,-1.54,769.0,703.0,735.0,689.0,735.0
2025-10-20,2025-10-21,9238,1.53,2.39,-2.4,1464.0,1464.0,1499.0,1445.0,1464.0
2025-04-07,2025-04-08,9264,2.9,2.56,0.96,1151.0,1241.0,1287.0,1202.0,1256.0
2025-04-03,2025-04-04,9267,2.81,2.07,-0.47,2750.0,2700.0,2712.0,2645.0,2689.0
2025-04-04,2025-04-07,9267,2.1,1.86,-0.41,2689.0,2489.0,2613.0,2455.0,2550.0
2026-01-13,2026-01-14,9267,2.65,1.94,-1.23,4415.0,4380.0,4400.0,4360.0,4385.0
2026-03-09,2026-03-10,9267,2.45,1.56,1.43,3900.0,3960.0,4050.0,3915.0,3980.0
2024-08-13,2024-08-14,9273,2.66,2.72,6.61,597.0,597.0,600.0,583.0,600.0
2026-06-02,2026-06-03,9273,1.9,1.46,-0.78,762.0,767.0,768.0,748.0,749.0
2024-06-28,2024-07-01,9278,2.6,2.15,-2.08,1412.0,1395.0,1442.0,1392.0,1436.0
2024-08-05,2024-08-06,9279,2.16,1.6,-0.98,2111.0,2411.0,2429.0,2263.0,2340.0
2025-10-06,2025-10-07,9301,2.92,2.01,-0.99,1156.0,1160.0,1172.0,1158.0,1169.0
2025-05-02,2025-05-07,9302,2.13,2.23,-0.48,2892.0,2920.0,3015.0,2904.0,2977.0
2025-05-13,2025-05-14,9302,1.65,1.89,-2.0,3425.0,3425.0,3490.0,3405.0,3425.0
2025-10-08,2025-10-09,9304,1.62,2.04,-1.55,1147.0,1149.0,1160.0,1120.0,1127.0
2025-05-29,2025-05-30,9305,2.2,1.78,2.78,2369.0,2360.0,2395.0,2275.0,2275.0
2025-06-10,2025-06-11,9305,1.58,1.49,-0.83,2261.0,2275.0,2295.0,2249.0,2280.0
2025-04-04,2025-04-07,9308,2.63,2.23,3.0,1272.0,1199.0,1256.0,1189.0,1220.0
2025-11-13,2025-11-14,9308,2.83,1.7,-2.22,1412.0,1413.0,1424.0,1398.0,1422.0
2025-03-10,2025-03-11,9310,1.73,3.3,-1.98,890.0,870.0,882.0,867.0,875.0
2026-04-30,2026-05-01,9310,2.36,1.53,0.78,1164.0,1164.0,1235.0,1153.0,1193.0
2024-12-20,2024-12-23,9336,2.34,1.91,-1.9,2845.0,2877.0,2905.0,2869.0,2884.0
2025-12-24,2025-12-25,9338,2.6,2.21,-1.49,1990.0,2006.0,2022.0,1984.0,2002.0
2026-02-18,2026-02-19,9343,1.55,3.11,-1.29,614.0,618.0,649.0,617.0,637.0
2025-04-04,2025-04-07,9368,2.65,2.39,-1.58,749.0,699.0,719.0,685.0,700.0
2025-10-03,2025-10-06,9369,2.1,2.06,-0.32,2831.0,2910.0,2914.0,2805.0,2812.0
2024-12-23,2024-12-24,9381,2.79,2.62,-1.08,1650.0,1652.0,1667.0,1637.0,1667.0
2025-02-27,2025-02-28,9381,2.9,1.97,0.38,1606.0,1609.0,1612.0,1568.0,1580.0
2025-02-28,2025-03-03,9381,1.9,2.04,-1.8,1580.0,1593.0,1598.0,1581.0,1594.0
2025-05-26,2025-05-27,9399,2.56,3.69,-2.31,549.0,579.0,581.0,522.0,544.0
2026-06-18,2026-06-19,9412,1.67,1.55,-2.24,3275.0,3215.0,3265.0,3135.0,3200.0
2026-09-01,2026-09-02,9414,2.95,3.41,-0.33,905.0,906.0,907.0,902.0,902.0
2024-12-26,2024-12-27,9416,2.49,1.96,-1.36,1229.0,1245.0,1298.0,1245.0,1261.0
2025-04-01,2025-04-02,9433,2.55,1.56,-2.2,2351.5,2340.0,2348.0,2308.0,2327.0
2025-04-03,2025-04-04,9433,1.81,2.28,1.97,2275.5,2277.5,2415.5,2272.5,2382.5
2025-09-29,2025-09-30,9436,2.8,2.51,-1.03,2606.0,2615.0,2616.0,2580.0,2612.0
2025-10-01,2025-10-02,9436,2.09,1.76,-2.26,2557.0,2574.0,2575.0,2546.0,2559.0
2025-10-14,2025-10-15,9436,1.73,1.44,0.42,2604.0,2625.0,2625.0,2601.0,2614.0
2025-10-28,2025-10-29,9436,2.9,1.91,-1.46,2572.0,2583.0,2596.0,2527.0,2531.0
2025-05-20,2025-05-21,9450,1.72,2.45,-2.22,793.0,802.0,817.0,791.0,792.0
2025-07-14,2025-07-15,9450,1.84,1.56,-1.31,678.0,680.0,683.0,678.0,681.0
2026-02-13,2026-02-16,9467,2.56,2.1,-2.06,1424.0,1364.0,1364.0,1295.0,1325.0
2024-07-02,2024-07-03,9468,2.0,2.31,-1.75,2613.5,2639.0,2684.5,2621.5,2666.0
2024-08-02,2024-08-05,9501,2.75,1.63,-0.88,675.2,630.0,644.0,575.2,575.2
2024-12-17,2024-12-18,9501,1.8,1.78,-2.06,460.4,461.0,479.0,460.8,462.3
2024-11-18,2024-11-19,9503,2.08,1.6,0.25,1972.0,1957.5,1965.5,1912.5,1924.5
2025-04-07,2025-04-08,9503,1.97,1.61,0.52,1551.0,1584.5,1629.0,1558.5,1597.5
2026-04-27,2026-04-28,9505,1.96,1.67,0.25,988.6,985.0,1005.0,984.0,1005.0
2025-04-07,2025-04-08,9507,1.84,1.58,2.21,1017.5,1033.5,1071.5,1031.0,1063.0
2025-04-07,2025-04-08,9508,2.18,1.64,2.27,1149.5,1180.5,1214.5,1180.5,1196.0
2025-04-07,2025-04-08,9513,2.23,2.0,1.66,2354.5,2410.0,2465.0,2410.0,2433.5
2024-12-20,2024-12-23,9519,1.8,1.66,-0.86,694.0,696.0,708.0,693.0,706.0
2024-09-20,2024-09-24,9532,2.12,1.91,-1.36,3255.0,3280.0,3310.0,3261.0,3286.0
2026-04-02,2026-04-03,9533,2.21,2.37,-1.83,1289.0,1293.0,1305.0,1286.0,1303.0
2024-12-09,2024-12-10,9536,2.46,2.31,-0.64,1704.0,1713.0,1713.0,1699.0,1703.0
2026-06-01,2026-06-02,9543,2.77,1.79,-1.64,1198.0,1182.0,1210.0,1172.0,1200.0
2024-07-25,2024-07-26,9551,2.63,2.34,-2.2,1776.0,1851.0,1920.0,1789.0,1794.0
2026-02-19,2026-02-20,9552,1.93,2.71,-0.79,750.0,760.0,783.0,736.0,783.0
2024-07-02,2024-07-03,9553,1.58,1.49,-1.3,381.0,385.0,389.0,382.0,382.0
2025-09-03,2025-09-04,9556,2.68,2.0,0.55,3665.0,3565.0,3620.0,3475.0,3530.0
2026-03-11,2026-03-12,9556,2.22,1.77,0.4,2731.0,2650.0,2656.0,2585.0,2610.0
2026-02-09,2026-02-10,9560,2.24,1.59,-2.49,824.0,820.0,848.0,820.0,834.0
2026-03-03,2026-03-04,9602,2.1,2.82,-1.19,1490.0,1491.0,1540.5,1490.0,1521.5
2024-12-23,2024-12-24,9603,2.47,1.41,-0.26,1514.0,1505.0,1512.0,1474.0,1479.0
2024-12-24,2024-12-25,9603,2.25,1.56,-1.73,1479.0,1486.0,1490.0,1431.0,1445.0
2026-03-12,2026-03-13,9603,1.85,1.54,-2.15,1091.0,1080.0,1098.0,1078.0,1086.0
2025-06-06,2025-06-09,9612,1.53,1.46,-2.37,1073.0,1067.0,1090.0,1057.0,1083.0
2026-02-04,2026-02-05,9616,1.93,1.64,-1.73,2727.0,2752.0,2843.5,2747.5,2785.0
2026-05-01,2026-05-07,9621,2.2,1.69,-1.02,2813.0,2836.0,2883.0,2827.0,2827.0
2024-11-19,2024-11-20,9622,2.22,2.85,-0.82,1088.0,1088.0,1097.0,1082.0,1097.0
2025-04-07,2025-04-08,9628,2.15,1.69,0.39,1032.0,1062.0,1141.0,1060.0,1118.0
2026-03-19,2026-03-23,9629,2.48,1.72,-1.59,1735.0,1711.0,1711.0,1693.0,1697.0
2026-03-26,2026-03-27,9629,1.71,1.89,0.23,1735.0,1730.0,1758.0,1730.0,1741.0
2025-08-18,2025-08-19,9644,2.09,2.82,0.0,710.0,719.0,724.0,715.0,720.0
2024-08-02,2024-08-05,9672,1.89,1.89,-2.25,3910.0,3770.0,3820.0,3500.0,3530.0
2026-05-21,2026-05-22,9672,1.55,2.27,-2.44,4800.0,4840.0,4895.0,4755.0,4805.0
2026-06-01,2026-06-02,9672,1.8,1.49,-1.99,4685.0,4650.0,4715.0,4580.0,4715.0
2025-04-04,2025-04-07,9682,1.91,1.5,-0.53,3720.0,3500.0,3590.0,3405.0,3535.0
2025-04-07,2025-04-08,9682,2.69,1.53,1.0,3535.0,3605.0,3720.0,3605.0,3650.0
2025-10-02,2025-10-03,9682,2.56,3.02,-1.91,1286.0,1286.0,1292.0,1264.0,1282.0
2025-11-06,2025-11-07,9682,1.55,3.07,-0.26,1148.0,1133.0,1176.0,1128.0,1176.0
2026-02-09,2026-02-10,9682,1.8,1.99,-2.05,1149.0,1149.0,1183.0,1142.0,1173.0
2025-10-02,2025-10-03,9684,2.39,2.1,-0.06,3225.0,3252.0,3328.0,3252.0,3286.0
2025-10-10,2025-10-14,9684,1.73,1.59,-1.91,3127.0,3073.0,3125.0,3041.0,3073.0
2025-12-12,2025-12-15,9684,1.64,1.92,-0.46,2789.0,2914.5,2925.0,2842.5,2861.5
2026-02-05,2026-02-06,9692,2.78,1.8,-0.72,2064.0,2040.0,2042.0,1986.0,2000.0
2026-02-06,2026-02-09,9692,1.91,1.77,-1.96,2000.0,2049.0,2050.0,1995.0,2001.0
2025-11-11,2025-11-12,9702,2.6,2.88,-1.81,1684.0,1670.0,1715.0,1670.0,1696.0
2025-02-25,2025-02-26,9706,2.38,1.55,-1.03,4513.0,4502.0,4543.0,4470.0,4540.0
2025-02-28,2025-03-03,9706,2.51,1.55,-0.36,4470.0,4489.0,4521.0,4451.0,4518.0
2026-04-27,2026-04-28,9708,1.87,1.71,-1.81,1193.0,1185.0,1217.0,1185.0,1217.0
2026-05-15,2026-05-18,9708,2.84,1.65,-2.38,1108.0,1100.0,1100.0,1006.0,1019.0
2025-04-07,2025-04-08,9713,2.59,1.4,1.27,795.0,825.0,900.0,825.0,886.0
2026-05-08,2026-05-11,9716,2.49,1.71,-1.75,1124.0,1121.0,1140.0,1120.0,1130.0
2025-04-07,2025-04-08,9722,2.78,1.47,1.0,8120.0,8480.0,9220.0,8480.0,9150.0
2024-08-07,2024-08-08,9726,2.7,2.32,-1.02,1161.0,1147.0,1199.0,1127.0,1176.0
2024-09-27,2024-09-30,9735,2.17,1.95,1.16,5502.0,5202.0,5380.0,5202.0,5294.0
2024-08-01,2024-08-02,9742,2.23,2.36,-2.23,1580.0,1561.0,1565.0,1425.0,1425.0
2025-04-04,2025-04-07,9742,2.29,2.33,0.72,1548.0,1510.0,1510.0,1374.0,1374.0
2024-09-13,2024-09-17,9743,2.93,2.93,0.83,847.0,817.0,849.0,811.0,842.0
2025-04-07,2025-04-08,9755,2.33,1.41,-0.95,2295.0,2386.0,2482.0,2386.0,2479.0
2025-12-03,2025-12-04,9757,2.74,2.08,-2.2,2270.0,2288.0,2329.0,2285.0,2323.0
2025-04-07,2025-04-08,9793,2.11,1.41,-1.47,3340.0,3410.0,3555.0,3385.0,3530.0
2026-02-16,2026-02-17,9799,2.9,2.64,-1.73,1082.0,1082.0,1089.0,1070.0,1089.0
2026-03-23,2026-03-24,9823,2.92,1.66,-1.11,1335.0,1362.0,1383.0,1354.0,1358.0
2026-04-30,2026-05-01,9823,1.89,1.51,-2.19,1116.0,1127.0,1136.0,1117.0,1127.0
2026-05-18,2026-05-19,9823,2.63,1.62,-0.76,1050.0,1064.0,1073.0,1052.0,1059.0
2025-02-28,2025-03-03,9824,2.15,1.91,-1.04,4760.0,4820.0,4830.0,4740.0,4780.0
2025-04-07,2025-04-08,9837,2.46,1.87,2.98,1280.0,1330.0,1375.0,1327.0,1347.0
2026-05-27,2026-05-28,9837,2.92,2.17,-0.22,1800.0,1762.0,1789.0,1755.0,1779.0
2026-05-28,2026-06-01,9837,2.85,1.63,0.96,1779.0,1756.0,1773.0,1743.0,1754.0
2025-02-20,2025-02-21,9843,1.62,1.48,-1.54,15660.0,15745.0,16030.0,15720.0,15930.0
2025-10-03,2025-10-06,9843,2.86,3.52,-0.81,2563.0,2524.5,2542.0,2440.0,2531.0
2026-03-30,2026-03-31,9843,2.11,1.5,-1.22,2543.0,2562.5,2566.0,2476.0,2517.5
2025-01-06,2025-01-07,9861,2.88,2.49,-2.24,3051.0,3052.0,3083.0,3044.0,3056.0
2025-01-08,2025-01-09,9861,1.76,2.26,-1.18,3004.0,2985.0,3008.0,2967.0,2975.0
2025-01-10,2025-01-14,9861,1.69,2.13,-1.31,2936.0,2850.0,2902.5,2830.0,2872.0
2025-11-20,2025-11-21,9872,1.72,1.98,-0.35,857.0,856.0,874.0,855.0,863.0
2024-07-25,2024-07-26,9880,2.78,1.73,0.12,1608.0,1606.0,1623.0,1602.0,1606.0
2025-04-07,2025-04-08,9880,1.95,1.88,-0.63,1105.0,1144.0,1189.0,1142.0,1149.0
2025-04-04,2025-04-07,9882,1.98,1.55,-0.53,1323.0,1203.0,1265.0,1192.0,1240.0
2026-05-11,2026-05-12,9887,1.6,1.53,-0.78,5070.0,5070.0,5070.0,4900.0,4920.0
2025-03-31,2025-04-01,9888,2.9,1.8,-2.23,790.0,795.0,799.0,787.0,795.0
2025-12-18,2025-12-19,9888,2.82,2.74,-0.28,723.0,724.0,727.0,722.0,726.0
2025-04-03,2025-04-04,9889,1.51,2.91,4.06,1103.0,1073.0,1095.0,1051.0,1061.0
2025-04-04,2025-04-07,9889,2.33,2.91,-1.12,1061.0,1004.0,1052.0,990.0,1002.0
2025-11-04,2025-11-05,9900,2.78,2.74,-0.06,1669.0,1683.0,1716.0,1676.0,1714.0
2025-12-01,2025-12-02,9934,2.68,1.65,0.0,2500.0,2500.5,2540.5,2488.0,2527.5
2024-09-30,2024-10-01,9936,2.49,2.46,1.42,2849.0,2863.0,2938.0,2860.0,2935.0
2025-04-07,2025-04-08,9960,2.36,1.63,2.98,2039.0,2166.0,2257.0,2166.0,2240.0
2025-04-07,2025-04-08,9962,2.85,1.66,-1.34,1987.0,2066.0,2176.5,2066.0,2118.5
2026-06-01,2026-06-02,9974,2.41,2.1,0.16,6130.0,6080.0,6180.0,6020.0,6130.0
2024-08-02,2024-08-05,9979,2.39,1.92,-1.89,1139.0,1109.0,1136.0,1058.0,1073.0
2024-08-02,2024-08-05,9984,2.37,1.69,-1.61,7868.0,7245.0,7400.0,6368.0,6400.0
2025-02-28,2025-03-03,9984,2.26,1.54,-2.21,8273.0,8380.0,8390.0,8206.0,8330.0
